"Combination ID";"Combination Reference";"Product ID";"Product Reference";"Product Name";"Attribute Type (x,y,z...)";"Attribute Name (x,y,z...)";"Attribute Public Name (x,y,z...)";"Value:Color / Value (x,y,z...)";"Supplier Reference";"Location";"EAN13";"UPC";"ISBN";"MPN";"Cost (Wholesale) Price";"Impact on Price";"Impact on Unit Price";"Ecotax";"Quantity";"Minimal Quantity";"Low Stock Level";"Low Stock Alert (0 = No, 1 = Yes)";"Impact on Weight";"Is Default (0 = No, 1 = Yes)";"Availability Date";"Image URLs (x,y,z...)";"Image Alt Texts (x,y,z...)";"Action When out of Stock";"Warehouses (Reference:Name:Location) (x,y,z...)"
"";"";"3";"";"";"color,radio,color,radio";"frame,Shape,size,Type";"frame,shape,size,Type";"none:#62ff43,vertical,10x15,canvas";"";"";"";"";"";"";"0";"0";"0";"0";"5";"1";"";"0";"0";"1";"0000-00-00";"";"";"2";""
"";"";"3";"";"";"color,radio,color,radio";"frame,Shape,size,Type";"frame,shape,size,Type";"natural-wood:#ffd083,vertical,10x15,canvas";"";"";"";"";"";"";"0";"0";"0";"0";"5";"1";"";"0";"0";"";"0000-00-00";"";"";"2";""
"";"";"3";"";"";"color,radio,color,radio";"frame,Shape,size,Type";"frame,shape,size,Type";"dark-wood:#ce6600,vertical,10x15,canvas";"";"";"";"";"";"";"0";"0";"0";"0";"5";"1";"";"0";"0";"";"0000-00-00";"";"";"2";""
"";"";"3";"";"";"color,radio,color,radio";"frame,Shape,size,Type";"frame,shape,size,Type";"charcol-black:#3b1200,vertical,10x15,canvas";"";"";"";"";"";"";"0";"0";"0";"0";"5";"1";"";"0";"0";"";"0000-00-00";"";"";"2";""
"";"";"3";"";"";"color,radio,color,radio";"frame,Shape,size,Type";"frame,shape,size,Type";"charcol-white:#e3fffe,vertical,10x15,canvas";"";"";"";"";"";"";"0";"0";"0";"0";"5";"1";"";"0";"0";"";"0000-00-00";"";"";"2";""
"";"";"3";"";"";"color,radio,color,radio";"frame,Shape,size,Type";"frame,shape,size,Type";"pine-wood:#a3afff,vertical,10x15,canvas";"";"";"";"";"";"";"0";"0";"0";"0";"5";"1";"";"0";"0";"";"0000-00-00";"";"";"2";""
"";"";"3";"";"";"color,radio,color,radio";"frame,Shape,size,Type";"frame,shape,size,Type";"none:#62ff43,vertical,12x18,canvas";"";"";"";"";"";"";"0";"0";"0";"0";"5";"1";"";"0";"0";"";"0000-00-00";"";"";"2";""
"";"";"3";"";"";"color,radio,color,radio";"frame,Shape,size,Type";"frame,shape,size,Type";"natural-wood:#ffd083,vertical,12x18,canvas";"";"";"";"";"";"";"0";"0";"0";"0";"5";"1";"";"0";"0";"";"0000-00-00";"";"";"2";""
"";"";"3";"";"";"color,radio,color,radio";"frame,Shape,size,Type";"frame,shape,size,Type";"dark-wood:#ce6600,vertical,12x18,canvas";"";"";"";"";"";"";"0";"0";"0";"0";"5";"1";"";"0";"0";"";"0000-00-00";"";"";"2";""
"";"";"3";"";"";"color,radio,color,radio";"frame,Shape,size,Type";"frame,shape,size,Type";"charcol-black:#3b1200,vertical,12x18,canvas";"";"";"";"";"";"";"0";"0";"0";"0";"5";"1";"";"0";"0";"";"0000-00-00";"";"";"2";""
"";"";"3";"";"";"color,radio,color,radio";"frame,Shape,size,Type";"frame,shape,size,Type";"charcol-white:#e3fffe,vertical,12x18,canvas";"";"";"";"";"";"";"0";"0";"0";"0";"5";"1";"";"0";"0";"";"0000-00-00";"";"";"2";""
"";"";"3";"";"";"color,radio,color,radio";"frame,Shape,size,Type";"frame,shape,size,Type";"pine-wood:#a3afff,vertical,12x18,canvas";"";"";"";"";"";"";"0";"0";"0";"0";"5";"1";"";"0";"0";"";"0000-00-00";"";"";"2";""
"";"";"3";"";"";"color,radio,color,radio";"frame,Shape,size,Type";"frame,shape,size,Type";"none:#62ff43,vertical,16x24,canvas";"";"";"";"";"";"";"0";"0";"0";"0";"5";"1";"";"0";"0";"";"0000-00-00";"";"";"2";""
"";"";"3";"";"";"color,radio,color,radio";"frame,Shape,size,Type";"frame,shape,size,Type";"natural-wood:#ffd083,vertical,16x24,canvas";"";"";"";"";"";"";"0";"0";"0";"0";"5";"1";"";"0";"0";"";"0000-00-00";"";"";"2";""
"";"";"3";"";"";"color,radio,color,radio";"frame,Shape,size,Type";"frame,shape,size,Type";"dark-wood:#ce6600,vertical,16x24,canvas";"";"";"";"";"";"";"0";"0";"0";"0";"5";"1";"";"0";"0";"";"0000-00-00";"";"";"2";""
"";"";"3";"";"";"color,radio,color,radio";"frame,Shape,size,Type";"frame,shape,size,Type";"charcol-black:#3b1200,vertical,16x24,canvas";"";"";"";"";"";"";"0";"0";"0";"0";"5";"1";"";"0";"0";"";"0000-00-00";"";"";"2";""
"";"";"3";"";"";"color,radio,color,radio";"frame,Shape,size,Type";"frame,shape,size,Type";"charcol-white:#e3fffe,vertical,16x24,canvas";"";"";"";"";"";"";"0";"0";"0";"0";"5";"1";"";"0";"0";"";"0000-00-00";"";"";"2";""
"";"";"3";"";"";"color,radio,color,radio";"frame,Shape,size,Type";"frame,shape,size,Type";"pine-wood:#a3afff,vertical,16x24,canvas";"";"";"";"";"";"";"0";"0";"0";"0";"5";"1";"";"0";"0";"";"0000-00-00";"";"";"2";""
"";"";"3";"";"";"color,radio,color,radio";"frame,Shape,size,Type";"frame,shape,size,Type";"none:#62ff43,vertical,20x30,canvas";"";"";"";"";"";"";"0";"0";"0";"0";"5";"1";"";"0";"0";"";"0000-00-00";"";"";"2";""
"";"";"3";"";"";"color,radio,color,radio";"frame,Shape,size,Type";"frame,shape,size,Type";"natural-wood:#ffd083,vertical,20x30,canvas";"";"";"";"";"";"";"0";"0";"0";"0";"5";"1";"";"0";"0";"";"0000-00-00";"";"";"2";""
"";"";"3";"";"";"color,radio,color,radio";"frame,Shape,size,Type";"frame,shape,size,Type";"dark-wood:#ce6600,vertical,20x30,canvas";"";"";"";"";"";"";"0";"0";"0";"0";"5";"1";"";"0";"0";"";"0000-00-00";"";"";"2";""
"";"";"3";"";"";"color,radio,color,radio";"frame,Shape,size,Type";"frame,shape,size,Type";"charcol-black:#3b1200,vertical,20x30,canvas";"";"";"";"";"";"";"0";"0";"0";"0";"5";"1";"";"0";"0";"";"0000-00-00";"";"";"2";""
"";"";"3";"";"";"color,radio,color,radio";"frame,Shape,size,Type";"frame,shape,size,Type";"charcol-white:#e3fffe,vertical,20x30,canvas";"";"";"";"";"";"";"0";"0";"0";"0";"5";"1";"";"0";"0";"";"0000-00-00";"";"";"2";""
"";"";"3";"";"";"color,radio,color,radio";"frame,Shape,size,Type";"frame,shape,size,Type";"pine-wood:#a3afff,vertical,20x30,canvas";"";"";"";"";"";"";"0";"0";"0";"0";"5";"1";"";"0";"0";"";"0000-00-00";"";"";"2";""
"";"";"3";"";"";"color,radio,color,radio";"frame,Shape,size,Type";"frame,shape,size,Type";"none:#62ff43,vertical,24x36,canvas";"";"";"";"";"";"";"0";"0";"0";"0";"5";"1";"";"0";"0";"";"0000-00-00";"";"";"2";""
"";"";"3";"";"";"color,radio,color,radio";"frame,Shape,size,Type";"frame,shape,size,Type";"natural-wood:#ffd083,vertical,24x36,canvas";"";"";"";"";"";"";"0";"0";"0";"0";"5";"1";"";"0";"0";"";"0000-00-00";"";"";"2";""
"";"";"3";"";"";"color,radio,color,radio";"frame,Shape,size,Type";"frame,shape,size,Type";"dark-wood:#ce6600,vertical,24x36,canvas";"";"";"";"";"";"";"0";"0";"0";"0";"5";"1";"";"0";"0";"";"0000-00-00";"";"";"2";""
"";"";"3";"";"";"color,radio,color,radio";"frame,Shape,size,Type";"frame,shape,size,Type";"charcol-black:#3b1200,vertical,24x36,canvas";"";"";"";"";"";"";"0";"0";"0";"0";"5";"1";"";"0";"0";"";"0000-00-00";"";"";"2";""
"";"";"3";"";"";"color,radio,color,radio";"frame,Shape,size,Type";"frame,shape,size,Type";"charcol-white:#e3fffe,vertical,24x36,canvas";"";"";"";"";"";"";"0";"0";"0";"0";"5";"1";"";"0";"0";"";"0000-00-00";"";"";"2";""
"";"";"3";"";"";"color,radio,color,radio";"frame,Shape,size,Type";"frame,shape,size,Type";"pine-wood:#a3afff,vertical,24x36,canvas";"";"";"";"";"";"";"0";"0";"0";"0";"5";"1";"";"0";"0";"";"0000-00-00";"";"";"2";""
"";"";"3";"";"";"color,radio,color,radio";"frame,Shape,size,Type";"frame,shape,size,Type";"none:#62ff43,vertical,30x45,canvas";"";"";"";"";"";"";"0";"0";"0";"0";"5";"1";"";"0";"0";"";"0000-00-00";"";"";"2";""
"";"";"3";"";"";"color,radio,color,radio";"frame,Shape,size,Type";"frame,shape,size,Type";"natural-wood:#ffd083,vertical,30x45,canvas";"";"";"";"";"";"";"0";"0";"0";"0";"5";"1";"";"0";"0";"";"0000-00-00";"";"";"2";""
"";"";"3";"";"";"color,radio,color,radio";"frame,Shape,size,Type";"frame,shape,size,Type";"dark-wood:#ce6600,vertical,30x45,canvas";"";"";"";"";"";"";"0";"0";"0";"0";"5";"1";"";"0";"0";"";"0000-00-00";"";"";"2";""
"";"";"3";"";"";"color,radio,color,radio";"frame,Shape,size,Type";"frame,shape,size,Type";"charcol-black:#3b1200,vertical,30x45,canvas";"";"";"";"";"";"";"0";"0";"0";"0";"5";"1";"";"0";"0";"";"0000-00-00";"";"";"2";""
"";"";"3";"";"";"color,radio,color,radio";"frame,Shape,size,Type";"frame,shape,size,Type";"charcol-white:#e3fffe,vertical,30x45,canvas";"";"";"";"";"";"";"0";"0";"0";"0";"5";"1";"";"0";"0";"";"0000-00-00";"";"";"2";""
"";"";"3";"";"";"color,radio,color,radio";"frame,Shape,size,Type";"frame,shape,size,Type";"pine-wood:#a3afff,vertical,30x45,canvas";"";"";"";"";"";"";"0";"0";"0";"0";"5";"1";"";"0";"0";"";"0000-00-00";"";"";"2";""
"";"";"3";"";"";"color,radio,color,radio";"frame,Shape,size,Type";"frame,shape,size,Type";"none:#62ff43,vertical,10x15,fine-art-paper";"";"";"";"";"";"";"0";"0";"0";"0";"5";"1";"";"0";"0";"";"0000-00-00";"";"";"2";""
"";"";"3";"";"";"color,radio,color,radio";"frame,Shape,size,Type";"frame,shape,size,Type";"natural-wood:#ffd083,vertical,10x15,fine-art-paper";"";"";"";"";"";"";"0";"0";"0";"0";"5";"1";"";"0";"0";"";"0000-00-00";"";"";"2";""
"";"";"3";"";"";"color,radio,color,radio";"frame,Shape,size,Type";"frame,shape,size,Type";"dark-wood:#ce6600,vertical,10x15,fine-art-paper";"";"";"";"";"";"";"0";"0";"0";"0";"5";"1";"";"0";"0";"";"0000-00-00";"";"";"2";""
"";"";"3";"";"";"color,radio,color,radio";"frame,Shape,size,Type";"frame,shape,size,Type";"charcol-black:#3b1200,vertical,10x15,fine-art-paper";"";"";"";"";"";"";"0";"0";"0";"0";"5";"1";"";"0";"0";"";"0000-00-00";"";"";"2";""
"";"";"3";"";"";"color,radio,color,radio";"frame,Shape,size,Type";"frame,shape,size,Type";"charcol-white:#e3fffe,vertical,10x15,fine-art-paper";"";"";"";"";"";"";"0";"0";"0";"0";"5";"1";"";"0";"0";"";"0000-00-00";"";"";"2";""
"";"";"3";"";"";"color,radio,color,radio";"frame,Shape,size,Type";"frame,shape,size,Type";"pine-wood:#a3afff,vertical,10x15,fine-art-paper";"";"";"";"";"";"";"0";"0";"0";"0";"5";"1";"";"0";"0";"";"0000-00-00";"";"";"2";""
"";"";"3";"";"";"color,radio,color,radio";"frame,Shape,size,Type";"frame,shape,size,Type";"none:#62ff43,vertical,12x18,fine-art-paper";"";"";"";"";"";"";"0";"0";"0";"0";"5";"1";"";"0";"0";"";"0000-00-00";"";"";"2";""
"";"";"3";"";"";"color,radio,color,radio";"frame,Shape,size,Type";"frame,shape,size,Type";"natural-wood:#ffd083,vertical,12x18,fine-art-paper";"";"";"";"";"";"";"0";"0";"0";"0";"5";"1";"";"0";"0";"";"0000-00-00";"";"";"2";""
"";"";"3";"";"";"color,radio,color,radio";"frame,Shape,size,Type";"frame,shape,size,Type";"dark-wood:#ce6600,vertical,12x18,fine-art-paper";"";"";"";"";"";"";"0";"0";"0";"0";"5";"1";"";"0";"0";"";"0000-00-00";"";"";"2";""
"";"";"3";"";"";"color,radio,color,radio";"frame,Shape,size,Type";"frame,shape,size,Type";"charcol-black:#3b1200,vertical,12x18,fine-art-paper";"";"";"";"";"";"";"0";"0";"0";"0";"5";"1";"";"0";"0";"";"0000-00-00";"";"";"2";""
"";"";"3";"";"";"color,radio,color,radio";"frame,Shape,size,Type";"frame,shape,size,Type";"charcol-white:#e3fffe,vertical,12x18,fine-art-paper";"";"";"";"";"";"";"0";"0";"0";"0";"5";"1";"";"0";"0";"";"0000-00-00";"";"";"2";""
"";"";"3";"";"";"color,radio,color,radio";"frame,Shape,size,Type";"frame,shape,size,Type";"pine-wood:#a3afff,vertical,12x18,fine-art-paper";"";"";"";"";"";"";"0";"0";"0";"0";"5";"1";"";"0";"0";"";"0000-00-00";"";"";"2";""
"";"";"3";"";"";"color,radio,color,radio";"frame,Shape,size,Type";"frame,shape,size,Type";"none:#62ff43,vertical,16x24,fine-art-paper";"";"";"";"";"";"";"0";"0";"0";"0";"5";"1";"";"0";"0";"";"0000-00-00";"";"";"2";""
"";"";"3";"";"";"color,radio,color,radio";"frame,Shape,size,Type";"frame,shape,size,Type";"natural-wood:#ffd083,vertical,16x24,fine-art-paper";"";"";"";"";"";"";"0";"0";"0";"0";"5";"1";"";"0";"0";"";"0000-00-00";"";"";"2";""
"";"";"3";"";"";"color,radio,color,radio";"frame,Shape,size,Type";"frame,shape,size,Type";"dark-wood:#ce6600,vertical,16x24,fine-art-paper";"";"";"";"";"";"";"0";"0";"0";"0";"5";"1";"";"0";"0";"";"0000-00-00";"";"";"2";""
"";"";"3";"";"";"color,radio,color,radio";"frame,Shape,size,Type";"frame,shape,size,Type";"charcol-black:#3b1200,vertical,16x24,fine-art-paper";"";"";"";"";"";"";"0";"0";"0";"0";"5";"1";"";"0";"0";"";"0000-00-00";"";"";"2";""
"";"";"3";"";"";"color,radio,color,radio";"frame,Shape,size,Type";"frame,shape,size,Type";"charcol-white:#e3fffe,vertical,16x24,fine-art-paper";"";"";"";"";"";"";"0";"0";"0";"0";"5";"1";"";"0";"0";"";"0000-00-00";"";"";"2";""
"";"";"3";"";"";"color,radio,color,radio";"frame,Shape,size,Type";"frame,shape,size,Type";"pine-wood:#a3afff,vertical,16x24,fine-art-paper";"";"";"";"";"";"";"0";"0";"0";"0";"5";"1";"";"0";"0";"";"0000-00-00";"";"";"2";""
"";"";"3";"";"";"color,radio,color,radio";"frame,Shape,size,Type";"frame,shape,size,Type";"none:#62ff43,vertical,20x30,fine-art-paper";"";"";"";"";"";"";"0";"0";"0";"0";"5";"1";"";"0";"0";"";"0000-00-00";"";"";"2";""
"";"";"3";"";"";"color,radio,color,radio";"frame,Shape,size,Type";"frame,shape,size,Type";"natural-wood:#ffd083,vertical,20x30,fine-art-paper";"";"";"";"";"";"";"0";"0";"0";"0";"5";"1";"";"0";"0";"";"0000-00-00";"";"";"2";""
"";"";"3";"";"";"color,radio,color,radio";"frame,Shape,size,Type";"frame,shape,size,Type";"dark-wood:#ce6600,vertical,20x30,fine-art-paper";"";"";"";"";"";"";"0";"0";"0";"0";"5";"1";"";"0";"0";"";"0000-00-00";"";"";"2";""
"";"";"3";"";"";"color,radio,color,radio";"frame,Shape,size,Type";"frame,shape,size,Type";"charcol-black:#3b1200,vertical,20x30,fine-art-paper";"";"";"";"";"";"";"0";"0";"0";"0";"5";"1";"";"0";"0";"";"0000-00-00";"";"";"2";""
"";"";"3";"";"";"color,radio,color,radio";"frame,Shape,size,Type";"frame,shape,size,Type";"charcol-white:#e3fffe,vertical,20x30,fine-art-paper";"";"";"";"";"";"";"0";"0";"0";"0";"5";"1";"";"0";"0";"";"0000-00-00";"";"";"2";""
"";"";"3";"";"";"color,radio,color,radio";"frame,Shape,size,Type";"frame,shape,size,Type";"pine-wood:#a3afff,vertical,20x30,fine-art-paper";"";"";"";"";"";"";"0";"0";"0";"0";"5";"1";"";"0";"0";"";"0000-00-00";"";"";"2";""
"";"";"3";"";"";"color,radio,color,radio";"frame,Shape,size,Type";"frame,shape,size,Type";"none:#62ff43,vertical,24x36,fine-art-paper";"";"";"";"";"";"";"0";"0";"0";"0";"5";"1";"";"0";"0";"";"0000-00-00";"";"";"2";""
"";"";"3";"";"";"color,radio,color,radio";"frame,Shape,size,Type";"frame,shape,size,Type";"natural-wood:#ffd083,vertical,24x36,fine-art-paper";"";"";"";"";"";"";"0";"0";"0";"0";"5";"1";"";"0";"0";"";"0000-00-00";"";"";"2";""
"";"";"3";"";"";"color,radio,color,radio";"frame,Shape,size,Type";"frame,shape,size,Type";"dark-wood:#ce6600,vertical,24x36,fine-art-paper";"";"";"";"";"";"";"0";"0";"0";"0";"5";"1";"";"0";"0";"";"0000-00-00";"";"";"2";""
"";"";"3";"";"";"color,radio,color,radio";"frame,Shape,size,Type";"frame,shape,size,Type";"charcol-black:#3b1200,vertical,24x36,fine-art-paper";"";"";"";"";"";"";"0";"0";"0";"0";"5";"1";"";"0";"0";"";"0000-00-00";"";"";"2";""
"";"";"3";"";"";"color,radio,color,radio";"frame,Shape,size,Type";"frame,shape,size,Type";"charcol-white:#e3fffe,vertical,24x36,fine-art-paper";"";"";"";"";"";"";"0";"0";"0";"0";"5";"1";"";"0";"0";"";"0000-00-00";"";"";"2";""
"";"";"3";"";"";"color,radio,color,radio";"frame,Shape,size,Type";"frame,shape,size,Type";"pine-wood:#a3afff,vertical,24x36,fine-art-paper";"";"";"";"";"";"";"0";"0";"0";"0";"5";"1";"";"0";"0";"";"0000-00-00";"";"";"2";""
"";"";"3";"";"";"color,radio,color,radio";"frame,Shape,size,Type";"frame,shape,size,Type";"none:#62ff43,vertical,30x45,fine-art-paper";"";"";"";"";"";"";"0";"0";"0";"0";"5";"1";"";"0";"0";"";"0000-00-00";"";"";"2";""
"";"";"3";"";"";"color,radio,color,radio";"frame,Shape,size,Type";"frame,shape,size,Type";"natural-wood:#ffd083,vertical,30x45,fine-art-paper";"";"";"";"";"";"";"0";"0";"0";"0";"5";"1";"";"0";"0";"";"0000-00-00";"";"";"2";""
"";"";"3";"";"";"color,radio,color,radio";"frame,Shape,size,Type";"frame,shape,size,Type";"dark-wood:#ce6600,vertical,30x45,fine-art-paper";"";"";"";"";"";"";"0";"0";"0";"0";"5";"1";"";"0";"0";"";"0000-00-00";"";"";"2";""
"";"";"3";"";"";"color,radio,color,radio";"frame,Shape,size,Type";"frame,shape,size,Type";"charcol-black:#3b1200,vertical,30x45,fine-art-paper";"";"";"";"";"";"";"0";"0";"0";"0";"5";"1";"";"0";"0";"";"0000-00-00";"";"";"2";""
"";"";"3";"";"";"color,radio,color,radio";"frame,Shape,size,Type";"frame,shape,size,Type";"charcol-white:#e3fffe,vertical,30x45,fine-art-paper";"";"";"";"";"";"";"0";"0";"0";"0";"5";"1";"";"0";"0";"";"0000-00-00";"";"";"2";""
"";"";"3";"";"";"color,radio,color,radio";"frame,Shape,size,Type";"frame,shape,size,Type";"pine-wood:#a3afff,vertical,30x45,fine-art-paper";"";"";"";"";"";"";"0";"0";"0";"0";"5";"1";"";"0";"0";"";"0000-00-00";"";"";"2";""
"";"";"6";"";"";"color,radio,color,radio";"frame,Shape,size,Type";"frame,shape,size,Type";"none:#62ff43,vertical,10x15,canvas";"";"";"";"";"";"";"0";"0";"0";"0";"5";"1";"";"0";"0";"1";"0000-00-00";"";"";"2";""
"";"";"6";"";"";"color,radio,color,radio";"frame,Shape,size,Type";"frame,shape,size,Type";"natural-wood:#ffd083,vertical,10x15,canvas";"";"";"";"";"";"";"0";"0";"0";"0";"5";"1";"";"0";"0";"";"0000-00-00";"";"";"2";""
"";"";"6";"";"";"color,radio,color,radio";"frame,Shape,size,Type";"frame,shape,size,Type";"dark-wood:#ce6600,vertical,10x15,canvas";"";"";"";"";"";"";"0";"0";"0";"0";"5";"1";"";"0";"0";"";"0000-00-00";"";"";"2";""
"";"";"6";"";"";"color,radio,color,radio";"frame,Shape,size,Type";"frame,shape,size,Type";"charcol-black:#3b1200,vertical,10x15,canvas";"";"";"";"";"";"";"0";"0";"0";"0";"5";"1";"";"0";"0";"";"0000-00-00";"";"";"2";""
"";"";"6";"";"";"color,radio,color,radio";"frame,Shape,size,Type";"frame,shape,size,Type";"charcol-white:#e3fffe,vertical,10x15,canvas";"";"";"";"";"";"";"0";"0";"0";"0";"5";"1";"";"0";"0";"";"0000-00-00";"";"";"2";""
"";"";"6";"";"";"color,radio,color,radio";"frame,Shape,size,Type";"frame,shape,size,Type";"pine-wood:#a3afff,vertical,10x15,canvas";"";"";"";"";"";"";"0";"0";"0";"0";"5";"1";"";"0";"0";"";"0000-00-00";"";"";"2";""
"";"";"6";"";"";"color,radio,color,radio";"frame,Shape,size,Type";"frame,shape,size,Type";"none:#62ff43,vertical,12x18,canvas";"";"";"";"";"";"";"0";"0";"0";"0";"5";"1";"";"0";"0";"";"0000-00-00";"";"";"2";""
"";"";"6";"";"";"color,radio,color,radio";"frame,Shape,size,Type";"frame,shape,size,Type";"natural-wood:#ffd083,vertical,12x18,canvas";"";"";"";"";"";"";"0";"0";"0";"0";"5";"1";"";"0";"0";"";"0000-00-00";"";"";"2";""
"";"";"6";"";"";"color,radio,color,radio";"frame,Shape,size,Type";"frame,shape,size,Type";"dark-wood:#ce6600,vertical,12x18,canvas";"";"";"";"";"";"";"0";"0";"0";"0";"5";"1";"";"0";"0";"";"0000-00-00";"";"";"2";""
"";"";"6";"";"";"color,radio,color,radio";"frame,Shape,size,Type";"frame,shape,size,Type";"charcol-black:#3b1200,vertical,12x18,canvas";"";"";"";"";"";"";"0";"0";"0";"0";"5";"1";"";"0";"0";"";"0000-00-00";"";"";"2";""
"";"";"6";"";"";"color,radio,color,radio";"frame,Shape,size,Type";"frame,shape,size,Type";"charcol-white:#e3fffe,vertical,12x18,canvas";"";"";"";"";"";"";"0";"0";"0";"0";"5";"1";"";"0";"0";"";"0000-00-00";"";"";"2";""
"";"";"6";"";"";"color,radio,color,radio";"frame,Shape,size,Type";"frame,shape,size,Type";"pine-wood:#a3afff,vertical,12x18,canvas";"";"";"";"";"";"";"0";"0";"0";"0";"5";"1";"";"0";"0";"";"0000-00-00";"";"";"2";""
"";"";"6";"";"";"color,radio,color,radio";"frame,Shape,size,Type";"frame,shape,size,Type";"none:#62ff43,vertical,16x24,canvas";"";"";"";"";"";"";"0";"0";"0";"0";"5";"1";"";"0";"0";"";"0000-00-00";"";"";"2";""
"";"";"6";"";"";"color,radio,color,radio";"frame,Shape,size,Type";"frame,shape,size,Type";"natural-wood:#ffd083,vertical,16x24,canvas";"";"";"";"";"";"";"0";"0";"0";"0";"5";"1";"";"0";"0";"";"0000-00-00";"";"";"2";""
"";"";"6";"";"";"color,radio,color,radio";"frame,Shape,size,Type";"frame,shape,size,Type";"dark-wood:#ce6600,vertical,16x24,canvas";"";"";"";"";"";"";"0";"0";"0";"0";"5";"1";"";"0";"0";"";"0000-00-00";"";"";"2";""
"";"";"6";"";"";"color,radio,color,radio";"frame,Shape,size,Type";"frame,shape,size,Type";"charcol-black:#3b1200,vertical,16x24,canvas";"";"";"";"";"";"";"0";"0";"0";"0";"5";"1";"";"0";"0";"";"0000-00-00";"";"";"2";""
"";"";"6";"";"";"color,radio,color,radio";"frame,Shape,size,Type";"frame,shape,size,Type";"charcol-white:#e3fffe,vertical,16x24,canvas";"";"";"";"";"";"";"0";"0";"0";"0";"5";"1";"";"0";"0";"";"0000-00-00";"";"";"2";""
"";"";"6";"";"";"color,radio,color,radio";"frame,Shape,size,Type";"frame,shape,size,Type";"pine-wood:#a3afff,vertical,16x24,canvas";"";"";"";"";"";"";"0";"0";"0";"0";"5";"1";"";"0";"0";"";"0000-00-00";"";"";"2";""
"";"";"6";"";"";"color,radio,color,radio";"frame,Shape,size,Type";"frame,shape,size,Type";"none:#62ff43,vertical,20x30,canvas";"";"";"";"";"";"";"0";"0";"0";"0";"5";"1";"";"0";"0";"";"0000-00-00";"";"";"2";""
"";"";"6";"";"";"color,radio,color,radio";"frame,Shape,size,Type";"frame,shape,size,Type";"natural-wood:#ffd083,vertical,20x30,canvas";"";"";"";"";"";"";"0";"0";"0";"0";"5";"1";"";"0";"0";"";"0000-00-00";"";"";"2";""
"";"";"6";"";"";"color,radio,color,radio";"frame,Shape,size,Type";"frame,shape,size,Type";"dark-wood:#ce6600,vertical,20x30,canvas";"";"";"";"";"";"";"0";"0";"0";"0";"5";"1";"";"0";"0";"";"0000-00-00";"";"";"2";""
"";"";"6";"";"";"color,radio,color,radio";"frame,Shape,size,Type";"frame,shape,size,Type";"charcol-black:#3b1200,vertical,20x30,canvas";"";"";"";"";"";"";"0";"0";"0";"0";"5";"1";"";"0";"0";"";"0000-00-00";"";"";"2";""
"";"";"6";"";"";"color,radio,color,radio";"frame,Shape,size,Type";"frame,shape,size,Type";"charcol-white:#e3fffe,vertical,20x30,canvas";"";"";"";"";"";"";"0";"0";"0";"0";"5";"1";"";"0";"0";"";"0000-00-00";"";"";"2";""
"";"";"6";"";"";"color,radio,color,radio";"frame,Shape,size,Type";"frame,shape,size,Type";"pine-wood:#a3afff,vertical,20x30,canvas";"";"";"";"";"";"";"0";"0";"0";"0";"5";"1";"";"0";"0";"";"0000-00-00";"";"";"2";""
"";"";"6";"";"";"color,radio,color,radio";"frame,Shape,size,Type";"frame,shape,size,Type";"none:#62ff43,vertical,24x36,canvas";"";"";"";"";"";"";"0";"0";"0";"0";"5";"1";"";"0";"0";"";"0000-00-00";"";"";"2";""
"";"";"6";"";"";"color,radio,color,radio";"frame,Shape,size,Type";"frame,shape,size,Type";"natural-wood:#ffd083,vertical,24x36,canvas";"";"";"";"";"";"";"0";"0";"0";"0";"5";"1";"";"0";"0";"";"0000-00-00";"";"";"2";""
"";"";"6";"";"";"color,radio,color,radio";"frame,Shape,size,Type";"frame,shape,size,Type";"dark-wood:#ce6600,vertical,24x36,canvas";"";"";"";"";"";"";"0";"0";"0";"0";"5";"1";"";"0";"0";"";"0000-00-00";"";"";"2";""
"";"";"6";"";"";"color,radio,color,radio";"frame,Shape,size,Type";"frame,shape,size,Type";"charcol-black:#3b1200,vertical,24x36,canvas";"";"";"";"";"";"";"0";"0";"0";"0";"5";"1";"";"0";"0";"";"0000-00-00";"";"";"2";""
"";"";"6";"";"";"color,radio,color,radio";"frame,Shape,size,Type";"frame,shape,size,Type";"charcol-white:#e3fffe,vertical,24x36,canvas";"";"";"";"";"";"";"0";"0";"0";"0";"5";"1";"";"0";"0";"";"0000-00-00";"";"";"2";""
"";"";"6";"";"";"color,radio,color,radio";"frame,Shape,size,Type";"frame,shape,size,Type";"pine-wood:#a3afff,vertical,24x36,canvas";"";"";"";"";"";"";"0";"0";"0";"0";"5";"1";"";"0";"0";"";"0000-00-00";"";"";"2";""
"";"";"6";"";"";"color,radio,color,radio";"frame,Shape,size,Type";"frame,shape,size,Type";"none:#62ff43,vertical,30x45,canvas";"";"";"";"";"";"";"0";"0";"0";"0";"5";"1";"";"0";"0";"";"0000-00-00";"";"";"2";""
"";"";"6";"";"";"color,radio,color,radio";"frame,Shape,size,Type";"frame,shape,size,Type";"natural-wood:#ffd083,vertical,30x45,canvas";"";"";"";"";"";"";"0";"0";"0";"0";"5";"1";"";"0";"0";"";"0000-00-00";"";"";"2";""
"";"";"6";"";"";"color,radio,color,radio";"frame,Shape,size,Type";"frame,shape,size,Type";"dark-wood:#ce6600,vertical,30x45,canvas";"";"";"";"";"";"";"0";"0";"0";"0";"5";"1";"";"0";"0";"";"0000-00-00";"";"";"2";""
"";"";"6";"";"";"color,radio,color,radio";"frame,Shape,size,Type";"frame,shape,size,Type";"charcol-black:#3b1200,vertical,30x45,canvas";"";"";"";"";"";"";"0";"0";"0";"0";"5";"1";"";"0";"0";"";"0000-00-00";"";"";"2";""
"";"";"6";"";"";"color,radio,color,radio";"frame,Shape,size,Type";"frame,shape,size,Type";"charcol-white:#e3fffe,vertical,30x45,canvas";"";"";"";"";"";"";"0";"0";"0";"0";"5";"1";"";"0";"0";"";"0000-00-00";"";"";"2";""
"";"";"6";"";"";"color,radio,color,radio";"frame,Shape,size,Type";"frame,shape,size,Type";"pine-wood:#a3afff,vertical,30x45,canvas";"";"";"";"";"";"";"0";"0";"0";"0";"5";"1";"";"0";"0";"";"0000-00-00";"";"";"2";""
"";"";"6";"";"";"color,radio,color,radio";"frame,Shape,size,Type";"frame,shape,size,Type";"none:#62ff43,vertical,10x15,fine-art-paper";"";"";"";"";"";"";"0";"0";"0";"0";"5";"1";"";"0";"0";"";"0000-00-00";"";"";"2";""
"";"";"6";"";"";"color,radio,color,radio";"frame,Shape,size,Type";"frame,shape,size,Type";"natural-wood:#ffd083,vertical,10x15,fine-art-paper";"";"";"";"";"";"";"0";"0";"0";"0";"5";"1";"";"0";"0";"";"0000-00-00";"";"";"2";""
"";"";"6";"";"";"color,radio,color,radio";"frame,Shape,size,Type";"frame,shape,size,Type";"dark-wood:#ce6600,vertical,10x15,fine-art-paper";"";"";"";"";"";"";"0";"0";"0";"0";"5";"1";"";"0";"0";"";"0000-00-00";"";"";"2";""
"";"";"6";"";"";"color,radio,color,radio";"frame,Shape,size,Type";"frame,shape,size,Type";"charcol-black:#3b1200,vertical,10x15,fine-art-paper";"";"";"";"";"";"";"0";"0";"0";"0";"5";"1";"";"0";"0";"";"0000-00-00";"";"";"2";""
"";"";"6";"";"";"color,radio,color,radio";"frame,Shape,size,Type";"frame,shape,size,Type";"charcol-white:#e3fffe,vertical,10x15,fine-art-paper";"";"";"";"";"";"";"0";"0";"0";"0";"5";"1";"";"0";"0";"";"0000-00-00";"";"";"2";""
"";"";"6";"";"";"color,radio,color,radio";"frame,Shape,size,Type";"frame,shape,size,Type";"pine-wood:#a3afff,vertical,10x15,fine-art-paper";"";"";"";"";"";"";"0";"0";"0";"0";"5";"1";"";"0";"0";"";"0000-00-00";"";"";"2";""
"";"";"6";"";"";"color,radio,color,radio";"frame,Shape,size,Type";"frame,shape,size,Type";"none:#62ff43,vertical,12x18,fine-art-paper";"";"";"";"";"";"";"0";"0";"0";"0";"5";"1";"";"0";"0";"";"0000-00-00";"";"";"2";""
"";"";"6";"";"";"color,radio,color,radio";"frame,Shape,size,Type";"frame,shape,size,Type";"natural-wood:#ffd083,vertical,12x18,fine-art-paper";"";"";"";"";"";"";"0";"0";"0";"0";"5";"1";"";"0";"0";"";"0000-00-00";"";"";"2";""
"";"";"6";"";"";"color,radio,color,radio";"frame,Shape,size,Type";"frame,shape,size,Type";"dark-wood:#ce6600,vertical,12x18,fine-art-paper";"";"";"";"";"";"";"0";"0";"0";"0";"5";"1";"";"0";"0";"";"0000-00-00";"";"";"2";""
"";"";"6";"";"";"color,radio,color,radio";"frame,Shape,size,Type";"frame,shape,size,Type";"charcol-black:#3b1200,vertical,12x18,fine-art-paper";"";"";"";"";"";"";"0";"0";"0";"0";"5";"1";"";"0";"0";"";"0000-00-00";"";"";"2";""
"";"";"6";"";"";"color,radio,color,radio";"frame,Shape,size,Type";"frame,shape,size,Type";"charcol-white:#e3fffe,vertical,12x18,fine-art-paper";"";"";"";"";"";"";"0";"0";"0";"0";"5";"1";"";"0";"0";"";"0000-00-00";"";"";"2";""
"";"";"6";"";"";"color,radio,color,radio";"frame,Shape,size,Type";"frame,shape,size,Type";"pine-wood:#a3afff,vertical,12x18,fine-art-paper";"";"";"";"";"";"";"0";"0";"0";"0";"5";"1";"";"0";"0";"";"0000-00-00";"";"";"2";""
"";"";"6";"";"";"color,radio,color,radio";"frame,Shape,size,Type";"frame,shape,size,Type";"none:#62ff43,vertical,16x24,fine-art-paper";"";"";"";"";"";"";"0";"0";"0";"0";"5";"1";"";"0";"0";"";"0000-00-00";"";"";"2";""
"";"";"6";"";"";"color,radio,color,radio";"frame,Shape,size,Type";"frame,shape,size,Type";"natural-wood:#ffd083,vertical,16x24,fine-art-paper";"";"";"";"";"";"";"0";"0";"0";"0";"5";"1";"";"0";"0";"";"0000-00-00";"";"";"2";""
"";"";"6";"";"";"color,radio,color,radio";"frame,Shape,size,Type";"frame,shape,size,Type";"dark-wood:#ce6600,vertical,16x24,fine-art-paper";"";"";"";"";"";"";"0";"0";"0";"0";"5";"1";"";"0";"0";"";"0000-00-00";"";"";"2";""
"";"";"6";"";"";"color,radio,color,radio";"frame,Shape,size,Type";"frame,shape,size,Type";"charcol-black:#3b1200,vertical,16x24,fine-art-paper";"";"";"";"";"";"";"0";"0";"0";"0";"5";"1";"";"0";"0";"";"0000-00-00";"";"";"2";""
"";"";"6";"";"";"color,radio,color,radio";"frame,Shape,size,Type";"frame,shape,size,Type";"charcol-white:#e3fffe,vertical,16x24,fine-art-paper";"";"";"";"";"";"";"0";"0";"0";"0";"5";"1";"";"0";"0";"";"0000-00-00";"";"";"2";""
"";"";"6";"";"";"color,radio,color,radio";"frame,Shape,size,Type";"frame,shape,size,Type";"pine-wood:#a3afff,vertical,16x24,fine-art-paper";"";"";"";"";"";"";"0";"0";"0";"0";"5";"1";"";"0";"0";"";"0000-00-00";"";"";"2";""
"";"";"6";"";"";"color,radio,color,radio";"frame,Shape,size,Type";"frame,shape,size,Type";"none:#62ff43,vertical,20x30,fine-art-paper";"";"";"";"";"";"";"0";"0";"0";"0";"5";"1";"";"0";"0";"";"0000-00-00";"";"";"2";""
"";"";"6";"";"";"color,radio,color,radio";"frame,Shape,size,Type";"frame,shape,size,Type";"natural-wood:#ffd083,vertical,20x30,fine-art-paper";"";"";"";"";"";"";"0";"0";"0";"0";"5";"1";"";"0";"0";"";"0000-00-00";"";"";"2";""
"";"";"6";"";"";"color,radio,color,radio";"frame,Shape,size,Type";"frame,shape,size,Type";"dark-wood:#ce6600,vertical,20x30,fine-art-paper";"";"";"";"";"";"";"0";"0";"0";"0";"5";"1";"";"0";"0";"";"0000-00-00";"";"";"2";""
"";"";"6";"";"";"color,radio,color,radio";"frame,Shape,size,Type";"frame,shape,size,Type";"charcol-black:#3b1200,vertical,20x30,fine-art-paper";"";"";"";"";"";"";"0";"0";"0";"0";"5";"1";"";"0";"0";"";"0000-00-00";"";"";"2";""
"";"";"6";"";"";"color,radio,color,radio";"frame,Shape,size,Type";"frame,shape,size,Type";"charcol-white:#e3fffe,vertical,20x30,fine-art-paper";"";"";"";"";"";"";"0";"0";"0";"0";"5";"1";"";"0";"0";"";"0000-00-00";"";"";"2";""
"";"";"6";"";"";"color,radio,color,radio";"frame,Shape,size,Type";"frame,shape,size,Type";"pine-wood:#a3afff,vertical,20x30,fine-art-paper";"";"";"";"";"";"";"0";"0";"0";"0";"5";"1";"";"0";"0";"";"0000-00-00";"";"";"2";""
"";"";"6";"";"";"color,radio,color,radio";"frame,Shape,size,Type";"frame,shape,size,Type";"none:#62ff43,vertical,24x36,fine-art-paper";"";"";"";"";"";"";"0";"0";"0";"0";"5";"1";"";"0";"0";"";"0000-00-00";"";"";"2";""
"";"";"6";"";"";"color,radio,color,radio";"frame,Shape,size,Type";"frame,shape,size,Type";"natural-wood:#ffd083,vertical,24x36,fine-art-paper";"";"";"";"";"";"";"0";"0";"0";"0";"5";"1";"";"0";"0";"";"0000-00-00";"";"";"2";""
"";"";"6";"";"";"color,radio,color,radio";"frame,Shape,size,Type";"frame,shape,size,Type";"dark-wood:#ce6600,vertical,24x36,fine-art-paper";"";"";"";"";"";"";"0";"0";"0";"0";"5";"1";"";"0";"0";"";"0000-00-00";"";"";"2";""
"";"";"6";"";"";"color,radio,color,radio";"frame,Shape,size,Type";"frame,shape,size,Type";"charcol-black:#3b1200,vertical,24x36,fine-art-paper";"";"";"";"";"";"";"0";"0";"0";"0";"5";"1";"";"0";"0";"";"0000-00-00";"";"";"2";""
"";"";"6";"";"";"color,radio,color,radio";"frame,Shape,size,Type";"frame,shape,size,Type";"charcol-white:#e3fffe,vertical,24x36,fine-art-paper";"";"";"";"";"";"";"0";"0";"0";"0";"5";"1";"";"0";"0";"";"0000-00-00";"";"";"2";""
"";"";"6";"";"";"color,radio,color,radio";"frame,Shape,size,Type";"frame,shape,size,Type";"pine-wood:#a3afff,vertical,24x36,fine-art-paper";"";"";"";"";"";"";"0";"0";"0";"0";"5";"1";"";"0";"0";"";"0000-00-00";"";"";"2";""
"";"";"6";"";"";"color,radio,color,radio";"frame,Shape,size,Type";"frame,shape,size,Type";"none:#62ff43,vertical,30x45,fine-art-paper";"";"";"";"";"";"";"0";"0";"0";"0";"5";"1";"";"0";"0";"";"0000-00-00";"";"";"2";""
"";"";"6";"";"";"color,radio,color,radio";"frame,Shape,size,Type";"frame,shape,size,Type";"natural-wood:#ffd083,vertical,30x45,fine-art-paper";"";"";"";"";"";"";"0";"0";"0";"0";"5";"1";"";"0";"0";"";"0000-00-00";"";"";"2";""
"";"";"6";"";"";"color,radio,color,radio";"frame,Shape,size,Type";"frame,shape,size,Type";"dark-wood:#ce6600,vertical,30x45,fine-art-paper";"";"";"";"";"";"";"0";"0";"0";"0";"5";"1";"";"0";"0";"";"0000-00-00";"";"";"2";""
"";"";"6";"";"";"color,radio,color,radio";"frame,Shape,size,Type";"frame,shape,size,Type";"charcol-black:#3b1200,vertical,30x45,fine-art-paper";"";"";"";"";"";"";"0";"0";"0";"0";"5";"1";"";"0";"0";"";"0000-00-00";"";"";"2";""
"";"";"6";"";"";"color,radio,color,radio";"frame,Shape,size,Type";"frame,shape,size,Type";"charcol-white:#e3fffe,vertical,30x45,fine-art-paper";"";"";"";"";"";"";"0";"0";"0";"0";"5";"1";"";"0";"0";"";"0000-00-00";"";"";"2";""
"";"";"6";"";"";"color,radio,color,radio";"frame,Shape,size,Type";"frame,shape,size,Type";"pine-wood:#a3afff,vertical,30x45,fine-art-paper";"";"";"";"";"";"";"0";"0";"0";"0";"5";"1";"";"0";"0";"";"0000-00-00";"";"";"2";""
"";"";"9";"";"";"color,radio,color,radio";"frame,Shape,size,Type";"frame,shape,size,Type";"none:#62ff43,vertical,10x15,canvas";"";"";"";"";"";"";"0";"0";"0";"0";"5";"1";"";"0";"0";"1";"0000-00-00";"";"";"2";""
"";"";"9";"";"";"color,radio,color,radio";"frame,Shape,size,Type";"frame,shape,size,Type";"natural-wood:#ffd083,vertical,10x15,canvas";"";"";"";"";"";"";"0";"0";"0";"0";"5";"1";"";"0";"0";"";"0000-00-00";"";"";"2";""
"";"";"9";"";"";"color,radio,color,radio";"frame,Shape,size,Type";"frame,shape,size,Type";"dark-wood:#ce6600,vertical,10x15,canvas";"";"";"";"";"";"";"0";"0";"0";"0";"5";"1";"";"0";"0";"";"0000-00-00";"";"";"2";""
"";"";"9";"";"";"color,radio,color,radio";"frame,Shape,size,Type";"frame,shape,size,Type";"charcol-black:#3b1200,vertical,10x15,canvas";"";"";"";"";"";"";"0";"0";"0";"0";"5";"1";"";"0";"0";"";"0000-00-00";"";"";"2";""
"";"";"9";"";"";"color,radio,color,radio";"frame,Shape,size,Type";"frame,shape,size,Type";"charcol-white:#e3fffe,vertical,10x15,canvas";"";"";"";"";"";"";"0";"0";"0";"0";"5";"1";"";"0";"0";"";"0000-00-00";"";"";"2";""
"";"";"9";"";"";"color,radio,color,radio";"frame,Shape,size,Type";"frame,shape,size,Type";"pine-wood:#a3afff,vertical,10x15,canvas";"";"";"";"";"";"";"0";"0";"0";"0";"5";"1";"";"0";"0";"";"0000-00-00";"";"";"2";""
"";"";"9";"";"";"color,radio,color,radio";"frame,Shape,size,Type";"frame,shape,size,Type";"none:#62ff43,vertical,12x18,canvas";"";"";"";"";"";"";"0";"0";"0";"0";"5";"1";"";"0";"0";"";"0000-00-00";"";"";"2";""
"";"";"9";"";"";"color,radio,color,radio";"frame,Shape,size,Type";"frame,shape,size,Type";"natural-wood:#ffd083,vertical,12x18,canvas";"";"";"";"";"";"";"0";"0";"0";"0";"5";"1";"";"0";"0";"";"0000-00-00";"";"";"2";""
"";"";"9";"";"";"color,radio,color,radio";"frame,Shape,size,Type";"frame,shape,size,Type";"dark-wood:#ce6600,vertical,12x18,canvas";"";"";"";"";"";"";"0";"0";"0";"0";"5";"1";"";"0";"0";"";"0000-00-00";"";"";"2";""
"";"";"9";"";"";"color,radio,color,radio";"frame,Shape,size,Type";"frame,shape,size,Type";"charcol-black:#3b1200,vertical,12x18,canvas";"";"";"";"";"";"";"0";"0";"0";"0";"5";"1";"";"0";"0";"";"0000-00-00";"";"";"2";""
"";"";"9";"";"";"color,radio,color,radio";"frame,Shape,size,Type";"frame,shape,size,Type";"charcol-white:#e3fffe,vertical,12x18,canvas";"";"";"";"";"";"";"0";"0";"0";"0";"5";"1";"";"0";"0";"";"0000-00-00";"";"";"2";""
"";"";"9";"";"";"color,radio,color,radio";"frame,Shape,size,Type";"frame,shape,size,Type";"pine-wood:#a3afff,vertical,12x18,canvas";"";"";"";"";"";"";"0";"0";"0";"0";"5";"1";"";"0";"0";"";"0000-00-00";"";"";"2";""
"";"";"9";"";"";"color,radio,color,radio";"frame,Shape,size,Type";"frame,shape,size,Type";"none:#62ff43,vertical,16x24,canvas";"";"";"";"";"";"";"0";"0";"0";"0";"5";"1";"";"0";"0";"";"0000-00-00";"";"";"2";""
"";"";"9";"";"";"color,radio,color,radio";"frame,Shape,size,Type";"frame,shape,size,Type";"natural-wood:#ffd083,vertical,16x24,canvas";"";"";"";"";"";"";"0";"0";"0";"0";"5";"1";"";"0";"0";"";"0000-00-00";"";"";"2";""
"";"";"9";"";"";"color,radio,color,radio";"frame,Shape,size,Type";"frame,shape,size,Type";"dark-wood:#ce6600,vertical,16x24,canvas";"";"";"";"";"";"";"0";"0";"0";"0";"5";"1";"";"0";"0";"";"0000-00-00";"";"";"2";""
"";"";"9";"";"";"color,radio,color,radio";"frame,Shape,size,Type";"frame,shape,size,Type";"charcol-black:#3b1200,vertical,16x24,canvas";"";"";"";"";"";"";"0";"0";"0";"0";"5";"1";"";"0";"0";"";"0000-00-00";"";"";"2";""
"";"";"9";"";"";"color,radio,color,radio";"frame,Shape,size,Type";"frame,shape,size,Type";"charcol-white:#e3fffe,vertical,16x24,canvas";"";"";"";"";"";"";"0";"0";"0";"0";"5";"1";"";"0";"0";"";"0000-00-00";"";"";"2";""
"";"";"9";"";"";"color,radio,color,radio";"frame,Shape,size,Type";"frame,shape,size,Type";"pine-wood:#a3afff,vertical,16x24,canvas";"";"";"";"";"";"";"0";"0";"0";"0";"5";"1";"";"0";"0";"";"0000-00-00";"";"";"2";""
"";"";"9";"";"";"color,radio,color,radio";"frame,Shape,size,Type";"frame,shape,size,Type";"none:#62ff43,vertical,20x30,canvas";"";"";"";"";"";"";"0";"0";"0";"0";"5";"1";"";"0";"0";"";"0000-00-00";"";"";"2";""
"";"";"9";"";"";"color,radio,color,radio";"frame,Shape,size,Type";"frame,shape,size,Type";"natural-wood:#ffd083,vertical,20x30,canvas";"";"";"";"";"";"";"0";"0";"0";"0";"5";"1";"";"0";"0";"";"0000-00-00";"";"";"2";""
"";"";"9";"";"";"color,radio,color,radio";"frame,Shape,size,Type";"frame,shape,size,Type";"dark-wood:#ce6600,vertical,20x30,canvas";"";"";"";"";"";"";"0";"0";"0";"0";"5";"1";"";"0";"0";"";"0000-00-00";"";"";"2";""
"";"";"9";"";"";"color,radio,color,radio";"frame,Shape,size,Type";"frame,shape,size,Type";"charcol-black:#3b1200,vertical,20x30,canvas";"";"";"";"";"";"";"0";"0";"0";"0";"5";"1";"";"0";"0";"";"0000-00-00";"";"";"2";""
"";"";"9";"";"";"color,radio,color,radio";"frame,Shape,size,Type";"frame,shape,size,Type";"charcol-white:#e3fffe,vertical,20x30,canvas";"";"";"";"";"";"";"0";"0";"0";"0";"5";"1";"";"0";"0";"";"0000-00-00";"";"";"2";""
"";"";"9";"";"";"color,radio,color,radio";"frame,Shape,size,Type";"frame,shape,size,Type";"pine-wood:#a3afff,vertical,20x30,canvas";"";"";"";"";"";"";"0";"0";"0";"0";"5";"1";"";"0";"0";"";"0000-00-00";"";"";"2";""
"";"";"9";"";"";"color,radio,color,radio";"frame,Shape,size,Type";"frame,shape,size,Type";"none:#62ff43,vertical,24x36,canvas";"";"";"";"";"";"";"0";"0";"0";"0";"5";"1";"";"0";"0";"";"0000-00-00";"";"";"2";""
"";"";"9";"";"";"color,radio,color,radio";"frame,Shape,size,Type";"frame,shape,size,Type";"natural-wood:#ffd083,vertical,24x36,canvas";"";"";"";"";"";"";"0";"0";"0";"0";"5";"1";"";"0";"0";"";"0000-00-00";"";"";"2";""
"";"";"9";"";"";"color,radio,color,radio";"frame,Shape,size,Type";"frame,shape,size,Type";"dark-wood:#ce6600,vertical,24x36,canvas";"";"";"";"";"";"";"0";"0";"0";"0";"5";"1";"";"0";"0";"";"0000-00-00";"";"";"2";""
"";"";"9";"";"";"color,radio,color,radio";"frame,Shape,size,Type";"frame,shape,size,Type";"charcol-black:#3b1200,vertical,24x36,canvas";"";"";"";"";"";"";"0";"0";"0";"0";"5";"1";"";"0";"0";"";"0000-00-00";"";"";"2";""
"";"";"9";"";"";"color,radio,color,radio";"frame,Shape,size,Type";"frame,shape,size,Type";"charcol-white:#e3fffe,vertical,24x36,canvas";"";"";"";"";"";"";"0";"0";"0";"0";"5";"1";"";"0";"0";"";"0000-00-00";"";"";"2";""
"";"";"9";"";"";"color,radio,color,radio";"frame,Shape,size,Type";"frame,shape,size,Type";"pine-wood:#a3afff,vertical,24x36,canvas";"";"";"";"";"";"";"0";"0";"0";"0";"5";"1";"";"0";"0";"";"0000-00-00";"";"";"2";""
"";"";"9";"";"";"color,radio,color,radio";"frame,Shape,size,Type";"frame,shape,size,Type";"none:#62ff43,vertical,30x45,canvas";"";"";"";"";"";"";"0";"0";"0";"0";"5";"1";"";"0";"0";"";"0000-00-00";"";"";"2";""
"";"";"9";"";"";"color,radio,color,radio";"frame,Shape,size,Type";"frame,shape,size,Type";"natural-wood:#ffd083,vertical,30x45,canvas";"";"";"";"";"";"";"0";"0";"0";"0";"5";"1";"";"0";"0";"";"0000-00-00";"";"";"2";""
"";"";"9";"";"";"color,radio,color,radio";"frame,Shape,size,Type";"frame,shape,size,Type";"dark-wood:#ce6600,vertical,30x45,canvas";"";"";"";"";"";"";"0";"0";"0";"0";"5";"1";"";"0";"0";"";"0000-00-00";"";"";"2";""
"";"";"9";"";"";"color,radio,color,radio";"frame,Shape,size,Type";"frame,shape,size,Type";"charcol-black:#3b1200,vertical,30x45,canvas";"";"";"";"";"";"";"0";"0";"0";"0";"5";"1";"";"0";"0";"";"0000-00-00";"";"";"2";""
"";"";"9";"";"";"color,radio,color,radio";"frame,Shape,size,Type";"frame,shape,size,Type";"charcol-white:#e3fffe,vertical,30x45,canvas";"";"";"";"";"";"";"0";"0";"0";"0";"5";"1";"";"0";"0";"";"0000-00-00";"";"";"2";""
"";"";"9";"";"";"color,radio,color,radio";"frame,Shape,size,Type";"frame,shape,size,Type";"pine-wood:#a3afff,vertical,30x45,canvas";"";"";"";"";"";"";"0";"0";"0";"0";"5";"1";"";"0";"0";"";"0000-00-00";"";"";"2";""
"";"";"9";"";"";"color,radio,color,radio";"frame,Shape,size,Type";"frame,shape,size,Type";"none:#62ff43,vertical,10x15,fine-art-paper";"";"";"";"";"";"";"0";"0";"0";"0";"5";"1";"";"0";"0";"";"0000-00-00";"";"";"2";""
"";"";"9";"";"";"color,radio,color,radio";"frame,Shape,size,Type";"frame,shape,size,Type";"natural-wood:#ffd083,vertical,10x15,fine-art-paper";"";"";"";"";"";"";"0";"0";"0";"0";"5";"1";"";"0";"0";"";"0000-00-00";"";"";"2";""
"";"";"9";"";"";"color,radio,color,radio";"frame,Shape,size,Type";"frame,shape,size,Type";"dark-wood:#ce6600,vertical,10x15,fine-art-paper";"";"";"";"";"";"";"0";"0";"0";"0";"5";"1";"";"0";"0";"";"0000-00-00";"";"";"2";""
"";"";"9";"";"";"color,radio,color,radio";"frame,Shape,size,Type";"frame,shape,size,Type";"charcol-black:#3b1200,vertical,10x15,fine-art-paper";"";"";"";"";"";"";"0";"0";"0";"0";"5";"1";"";"0";"0";"";"0000-00-00";"";"";"2";""
"";"";"9";"";"";"color,radio,color,radio";"frame,Shape,size,Type";"frame,shape,size,Type";"charcol-white:#e3fffe,vertical,10x15,fine-art-paper";"";"";"";"";"";"";"0";"0";"0";"0";"5";"1";"";"0";"0";"";"0000-00-00";"";"";"2";""
"";"";"9";"";"";"color,radio,color,radio";"frame,Shape,size,Type";"frame,shape,size,Type";"pine-wood:#a3afff,vertical,10x15,fine-art-paper";"";"";"";"";"";"";"0";"0";"0";"0";"5";"1";"";"0";"0";"";"0000-00-00";"";"";"2";""
"";"";"9";"";"";"color,radio,color,radio";"frame,Shape,size,Type";"frame,shape,size,Type";"none:#62ff43,vertical,12x18,fine-art-paper";"";"";"";"";"";"";"0";"0";"0";"0";"5";"1";"";"0";"0";"";"0000-00-00";"";"";"2";""
"";"";"9";"";"";"color,radio,color,radio";"frame,Shape,size,Type";"frame,shape,size,Type";"natural-wood:#ffd083,vertical,12x18,fine-art-paper";"";"";"";"";"";"";"0";"0";"0";"0";"5";"1";"";"0";"0";"";"0000-00-00";"";"";"2";""
"";"";"9";"";"";"color,radio,color,radio";"frame,Shape,size,Type";"frame,shape,size,Type";"dark-wood:#ce6600,vertical,12x18,fine-art-paper";"";"";"";"";"";"";"0";"0";"0";"0";"5";"1";"";"0";"0";"";"0000-00-00";"";"";"2";""
"";"";"9";"";"";"color,radio,color,radio";"frame,Shape,size,Type";"frame,shape,size,Type";"charcol-black:#3b1200,vertical,12x18,fine-art-paper";"";"";"";"";"";"";"0";"0";"0";"0";"5";"1";"";"0";"0";"";"0000-00-00";"";"";"2";""
"";"";"9";"";"";"color,radio,color,radio";"frame,Shape,size,Type";"frame,shape,size,Type";"charcol-white:#e3fffe,vertical,12x18,fine-art-paper";"";"";"";"";"";"";"0";"0";"0";"0";"5";"1";"";"0";"0";"";"0000-00-00";"";"";"2";""
"";"";"9";"";"";"color,radio,color,radio";"frame,Shape,size,Type";"frame,shape,size,Type";"pine-wood:#a3afff,vertical,12x18,fine-art-paper";"";"";"";"";"";"";"0";"0";"0";"0";"5";"1";"";"0";"0";"";"0000-00-00";"";"";"2";""
"";"";"9";"";"";"color,radio,color,radio";"frame,Shape,size,Type";"frame,shape,size,Type";"none:#62ff43,vertical,16x24,fine-art-paper";"";"";"";"";"";"";"0";"0";"0";"0";"5";"1";"";"0";"0";"";"0000-00-00";"";"";"2";""
"";"";"9";"";"";"color,radio,color,radio";"frame,Shape,size,Type";"frame,shape,size,Type";"natural-wood:#ffd083,vertical,16x24,fine-art-paper";"";"";"";"";"";"";"0";"0";"0";"0";"5";"1";"";"0";"0";"";"0000-00-00";"";"";"2";""
"";"";"9";"";"";"color,radio,color,radio";"frame,Shape,size,Type";"frame,shape,size,Type";"dark-wood:#ce6600,vertical,16x24,fine-art-paper";"";"";"";"";"";"";"0";"0";"0";"0";"5";"1";"";"0";"0";"";"0000-00-00";"";"";"2";""
"";"";"9";"";"";"color,radio,color,radio";"frame,Shape,size,Type";"frame,shape,size,Type";"charcol-black:#3b1200,vertical,16x24,fine-art-paper";"";"";"";"";"";"";"0";"0";"0";"0";"5";"1";"";"0";"0";"";"0000-00-00";"";"";"2";""
"";"";"9";"";"";"color,radio,color,radio";"frame,Shape,size,Type";"frame,shape,size,Type";"charcol-white:#e3fffe,vertical,16x24,fine-art-paper";"";"";"";"";"";"";"0";"0";"0";"0";"5";"1";"";"0";"0";"";"0000-00-00";"";"";"2";""
"";"";"9";"";"";"color,radio,color,radio";"frame,Shape,size,Type";"frame,shape,size,Type";"pine-wood:#a3afff,vertical,16x24,fine-art-paper";"";"";"";"";"";"";"0";"0";"0";"0";"5";"1";"";"0";"0";"";"0000-00-00";"";"";"2";""
"";"";"9";"";"";"color,radio,color,radio";"frame,Shape,size,Type";"frame,shape,size,Type";"none:#62ff43,vertical,20x30,fine-art-paper";"";"";"";"";"";"";"0";"0";"0";"0";"5";"1";"";"0";"0";"";"0000-00-00";"";"";"2";""
"";"";"9";"";"";"color,radio,color,radio";"frame,Shape,size,Type";"frame,shape,size,Type";"natural-wood:#ffd083,vertical,20x30,fine-art-paper";"";"";"";"";"";"";"0";"0";"0";"0";"5";"1";"";"0";"0";"";"0000-00-00";"";"";"2";""
"";"";"9";"";"";"color,radio,color,radio";"frame,Shape,size,Type";"frame,shape,size,Type";"dark-wood:#ce6600,vertical,20x30,fine-art-paper";"";"";"";"";"";"";"0";"0";"0";"0";"5";"1";"";"0";"0";"";"0000-00-00";"";"";"2";""
"";"";"9";"";"";"color,radio,color,radio";"frame,Shape,size,Type";"frame,shape,size,Type";"charcol-black:#3b1200,vertical,20x30,fine-art-paper";"";"";"";"";"";"";"0";"0";"0";"0";"5";"1";"";"0";"0";"";"0000-00-00";"";"";"2";""
"";"";"9";"";"";"color,radio,color,radio";"frame,Shape,size,Type";"frame,shape,size,Type";"charcol-white:#e3fffe,vertical,20x30,fine-art-paper";"";"";"";"";"";"";"0";"0";"0";"0";"5";"1";"";"0";"0";"";"0000-00-00";"";"";"2";""
"";"";"9";"";"";"color,radio,color,radio";"frame,Shape,size,Type";"frame,shape,size,Type";"pine-wood:#a3afff,vertical,20x30,fine-art-paper";"";"";"";"";"";"";"0";"0";"0";"0";"5";"1";"";"0";"0";"";"0000-00-00";"";"";"2";""
"";"";"9";"";"";"color,radio,color,radio";"frame,Shape,size,Type";"frame,shape,size,Type";"none:#62ff43,vertical,24x36,fine-art-paper";"";"";"";"";"";"";"0";"0";"0";"0";"5";"1";"";"0";"0";"";"0000-00-00";"";"";"2";""
"";"";"9";"";"";"color,radio,color,radio";"frame,Shape,size,Type";"frame,shape,size,Type";"natural-wood:#ffd083,vertical,24x36,fine-art-paper";"";"";"";"";"";"";"0";"0";"0";"0";"5";"1";"";"0";"0";"";"0000-00-00";"";"";"2";""
"";"";"9";"";"";"color,radio,color,radio";"frame,Shape,size,Type";"frame,shape,size,Type";"dark-wood:#ce6600,vertical,24x36,fine-art-paper";"";"";"";"";"";"";"0";"0";"0";"0";"5";"1";"";"0";"0";"";"0000-00-00";"";"";"2";""
"";"";"9";"";"";"color,radio,color,radio";"frame,Shape,size,Type";"frame,shape,size,Type";"charcol-black:#3b1200,vertical,24x36,fine-art-paper";"";"";"";"";"";"";"0";"0";"0";"0";"5";"1";"";"0";"0";"";"0000-00-00";"";"";"2";""
"";"";"9";"";"";"color,radio,color,radio";"frame,Shape,size,Type";"frame,shape,size,Type";"charcol-white:#e3fffe,vertical,24x36,fine-art-paper";"";"";"";"";"";"";"0";"0";"0";"0";"5";"1";"";"0";"0";"";"0000-00-00";"";"";"2";""
"";"";"9";"";"";"color,radio,color,radio";"frame,Shape,size,Type";"frame,shape,size,Type";"pine-wood:#a3afff,vertical,24x36,fine-art-paper";"";"";"";"";"";"";"0";"0";"0";"0";"5";"1";"";"0";"0";"";"0000-00-00";"";"";"2";""
"";"";"9";"";"";"color,radio,color,radio";"frame,Shape,size,Type";"frame,shape,size,Type";"none:#62ff43,vertical,30x45,fine-art-paper";"";"";"";"";"";"";"0";"0";"0";"0";"5";"1";"";"0";"0";"";"0000-00-00";"";"";"2";""
"";"";"9";"";"";"color,radio,color,radio";"frame,Shape,size,Type";"frame,shape,size,Type";"natural-wood:#ffd083,vertical,30x45,fine-art-paper";"";"";"";"";"";"";"0";"0";"0";"0";"5";"1";"";"0";"0";"";"0000-00-00";"";"";"2";""
"";"";"9";"";"";"color,radio,color,radio";"frame,Shape,size,Type";"frame,shape,size,Type";"dark-wood:#ce6600,vertical,30x45,fine-art-paper";"";"";"";"";"";"";"0";"0";"0";"0";"5";"1";"";"0";"0";"";"0000-00-00";"";"";"2";""
"";"";"9";"";"";"color,radio,color,radio";"frame,Shape,size,Type";"frame,shape,size,Type";"charcol-black:#3b1200,vertical,30x45,fine-art-paper";"";"";"";"";"";"";"0";"0";"0";"0";"5";"1";"";"0";"0";"";"0000-00-00";"";"";"2";""
"";"";"9";"";"";"color,radio,color,radio";"frame,Shape,size,Type";"frame,shape,size,Type";"charcol-white:#e3fffe,vertical,30x45,fine-art-paper";"";"";"";"";"";"";"0";"0";"0";"0";"5";"1";"";"0";"0";"";"0000-00-00";"";"";"2";""
"";"";"9";"";"";"color,radio,color,radio";"frame,Shape,size,Type";"frame,shape,size,Type";"pine-wood:#a3afff,vertical,30x45,fine-art-paper";"";"";"";"";"";"";"0";"0";"0";"0";"5";"1";"";"0";"0";"";"0000-00-00";"";"";"2";""
"";"";"12";"";"";"color,radio,color,radio";"frame,Shape,size,Type";"frame,shape,size,Type";"none:#62ff43,vertical,10x15,canvas";"";"";"";"";"";"";"0";"0";"0";"0";"5";"1";"";"0";"0";"1";"0000-00-00";"";"";"2";""
"";"";"12";"";"";"color,radio,color,radio";"frame,Shape,size,Type";"frame,shape,size,Type";"natural-wood:#ffd083,vertical,10x15,canvas";"";"";"";"";"";"";"0";"0";"0";"0";"5";"1";"";"0";"0";"";"0000-00-00";"";"";"2";""
"";"";"12";"";"";"color,radio,color,radio";"frame,Shape,size,Type";"frame,shape,size,Type";"dark-wood:#ce6600,vertical,10x15,canvas";"";"";"";"";"";"";"0";"0";"0";"0";"5";"1";"";"0";"0";"";"0000-00-00";"";"";"2";""
"";"";"12";"";"";"color,radio,color,radio";"frame,Shape,size,Type";"frame,shape,size,Type";"charcol-black:#3b1200,vertical,10x15,canvas";"";"";"";"";"";"";"0";"0";"0";"0";"5";"1";"";"0";"0";"";"0000-00-00";"";"";"2";""
"";"";"12";"";"";"color,radio,color,radio";"frame,Shape,size,Type";"frame,shape,size,Type";"charcol-white:#e3fffe,vertical,10x15,canvas";"";"";"";"";"";"";"0";"0";"0";"0";"5";"1";"";"0";"0";"";"0000-00-00";"";"";"2";""
"";"";"12";"";"";"color,radio,color,radio";"frame,Shape,size,Type";"frame,shape,size,Type";"pine-wood:#a3afff,vertical,10x15,canvas";"";"";"";"";"";"";"0";"0";"0";"0";"5";"1";"";"0";"0";"";"0000-00-00";"";"";"2";""
"";"";"12";"";"";"color,radio,color,radio";"frame,Shape,size,Type";"frame,shape,size,Type";"none:#62ff43,vertical,12x18,canvas";"";"";"";"";"";"";"0";"0";"0";"0";"5";"1";"";"0";"0";"";"0000-00-00";"";"";"2";""
"";"";"12";"";"";"color,radio,color,radio";"frame,Shape,size,Type";"frame,shape,size,Type";"natural-wood:#ffd083,vertical,12x18,canvas";"";"";"";"";"";"";"0";"0";"0";"0";"5";"1";"";"0";"0";"";"0000-00-00";"";"";"2";""
"";"";"12";"";"";"color,radio,color,radio";"frame,Shape,size,Type";"frame,shape,size,Type";"dark-wood:#ce6600,vertical,12x18,canvas";"";"";"";"";"";"";"0";"0";"0";"0";"5";"1";"";"0";"0";"";"0000-00-00";"";"";"2";""
"";"";"12";"";"";"color,radio,color,radio";"frame,Shape,size,Type";"frame,shape,size,Type";"charcol-black:#3b1200,vertical,12x18,canvas";"";"";"";"";"";"";"0";"0";"0";"0";"5";"1";"";"0";"0";"";"0000-00-00";"";"";"2";""
"";"";"12";"";"";"color,radio,color,radio";"frame,Shape,size,Type";"frame,shape,size,Type";"charcol-white:#e3fffe,vertical,12x18,canvas";"";"";"";"";"";"";"0";"0";"0";"0";"5";"1";"";"0";"0";"";"0000-00-00";"";"";"2";""
"";"";"12";"";"";"color,radio,color,radio";"frame,Shape,size,Type";"frame,shape,size,Type";"pine-wood:#a3afff,vertical,12x18,canvas";"";"";"";"";"";"";"0";"0";"0";"0";"5";"1";"";"0";"0";"";"0000-00-00";"";"";"2";""
"";"";"12";"";"";"color,radio,color,radio";"frame,Shape,size,Type";"frame,shape,size,Type";"none:#62ff43,vertical,16x24,canvas";"";"";"";"";"";"";"0";"0";"0";"0";"5";"1";"";"0";"0";"";"0000-00-00";"";"";"2";""
"";"";"12";"";"";"color,radio,color,radio";"frame,Shape,size,Type";"frame,shape,size,Type";"natural-wood:#ffd083,vertical,16x24,canvas";"";"";"";"";"";"";"0";"0";"0";"0";"5";"1";"";"0";"0";"";"0000-00-00";"";"";"2";""
"";"";"12";"";"";"color,radio,color,radio";"frame,Shape,size,Type";"frame,shape,size,Type";"dark-wood:#ce6600,vertical,16x24,canvas";"";"";"";"";"";"";"0";"0";"0";"0";"5";"1";"";"0";"0";"";"0000-00-00";"";"";"2";""
"";"";"12";"";"";"color,radio,color,radio";"frame,Shape,size,Type";"frame,shape,size,Type";"charcol-black:#3b1200,vertical,16x24,canvas";"";"";"";"";"";"";"0";"0";"0";"0";"5";"1";"";"0";"0";"";"0000-00-00";"";"";"2";""
"";"";"12";"";"";"color,radio,color,radio";"frame,Shape,size,Type";"frame,shape,size,Type";"charcol-white:#e3fffe,vertical,16x24,canvas";"";"";"";"";"";"";"0";"0";"0";"0";"5";"1";"";"0";"0";"";"0000-00-00";"";"";"2";""
"";"";"12";"";"";"color,radio,color,radio";"frame,Shape,size,Type";"frame,shape,size,Type";"pine-wood:#a3afff,vertical,16x24,canvas";"";"";"";"";"";"";"0";"0";"0";"0";"5";"1";"";"0";"0";"";"0000-00-00";"";"";"2";""
"";"";"12";"";"";"color,radio,color,radio";"frame,Shape,size,Type";"frame,shape,size,Type";"none:#62ff43,vertical,20x30,canvas";"";"";"";"";"";"";"0";"0";"0";"0";"5";"1";"";"0";"0";"";"0000-00-00";"";"";"2";""
"";"";"12";"";"";"color,radio,color,radio";"frame,Shape,size,Type";"frame,shape,size,Type";"natural-wood:#ffd083,vertical,20x30,canvas";"";"";"";"";"";"";"0";"0";"0";"0";"5";"1";"";"0";"0";"";"0000-00-00";"";"";"2";""
"";"";"12";"";"";"color,radio,color,radio";"frame,Shape,size,Type";"frame,shape,size,Type";"dark-wood:#ce6600,vertical,20x30,canvas";"";"";"";"";"";"";"0";"0";"0";"0";"5";"1";"";"0";"0";"";"0000-00-00";"";"";"2";""
"";"";"12";"";"";"color,radio,color,radio";"frame,Shape,size,Type";"frame,shape,size,Type";"charcol-black:#3b1200,vertical,20x30,canvas";"";"";"";"";"";"";"0";"0";"0";"0";"5";"1";"";"0";"0";"";"0000-00-00";"";"";"2";""
"";"";"12";"";"";"color,radio,color,radio";"frame,Shape,size,Type";"frame,shape,size,Type";"charcol-white:#e3fffe,vertical,20x30,canvas";"";"";"";"";"";"";"0";"0";"0";"0";"5";"1";"";"0";"0";"";"0000-00-00";"";"";"2";""
"";"";"12";"";"";"color,radio,color,radio";"frame,Shape,size,Type";"frame,shape,size,Type";"pine-wood:#a3afff,vertical,20x30,canvas";"";"";"";"";"";"";"0";"0";"0";"0";"5";"1";"";"0";"0";"";"0000-00-00";"";"";"2";""
"";"";"12";"";"";"color,radio,color,radio";"frame,Shape,size,Type";"frame,shape,size,Type";"none:#62ff43,vertical,24x36,canvas";"";"";"";"";"";"";"0";"0";"0";"0";"5";"1";"";"0";"0";"";"0000-00-00";"";"";"2";""
"";"";"12";"";"";"color,radio,color,radio";"frame,Shape,size,Type";"frame,shape,size,Type";"natural-wood:#ffd083,vertical,24x36,canvas";"";"";"";"";"";"";"0";"0";"0";"0";"5";"1";"";"0";"0";"";"0000-00-00";"";"";"2";""
"";"";"12";"";"";"color,radio,color,radio";"frame,Shape,size,Type";"frame,shape,size,Type";"dark-wood:#ce6600,vertical,24x36,canvas";"";"";"";"";"";"";"0";"0";"0";"0";"5";"1";"";"0";"0";"";"0000-00-00";"";"";"2";""
"";"";"12";"";"";"color,radio,color,radio";"frame,Shape,size,Type";"frame,shape,size,Type";"charcol-black:#3b1200,vertical,24x36,canvas";"";"";"";"";"";"";"0";"0";"0";"0";"5";"1";"";"0";"0";"";"0000-00-00";"";"";"2";""
"";"";"12";"";"";"color,radio,color,radio";"frame,Shape,size,Type";"frame,shape,size,Type";"charcol-white:#e3fffe,vertical,24x36,canvas";"";"";"";"";"";"";"0";"0";"0";"0";"5";"1";"";"0";"0";"";"0000-00-00";"";"";"2";""
"";"";"12";"";"";"color,radio,color,radio";"frame,Shape,size,Type";"frame,shape,size,Type";"pine-wood:#a3afff,vertical,24x36,canvas";"";"";"";"";"";"";"0";"0";"0";"0";"5";"1";"";"0";"0";"";"0000-00-00";"";"";"2";""
"";"";"12";"";"";"color,radio,color,radio";"frame,Shape,size,Type";"frame,shape,size,Type";"none:#62ff43,vertical,30x45,canvas";"";"";"";"";"";"";"0";"0";"0";"0";"5";"1";"";"0";"0";"";"0000-00-00";"";"";"2";""
"";"";"12";"";"";"color,radio,color,radio";"frame,Shape,size,Type";"frame,shape,size,Type";"natural-wood:#ffd083,vertical,30x45,canvas";"";"";"";"";"";"";"0";"0";"0";"0";"5";"1";"";"0";"0";"";"0000-00-00";"";"";"2";""
"";"";"12";"";"";"color,radio,color,radio";"frame,Shape,size,Type";"frame,shape,size,Type";"dark-wood:#ce6600,vertical,30x45,canvas";"";"";"";"";"";"";"0";"0";"0";"0";"5";"1";"";"0";"0";"";"0000-00-00";"";"";"2";""
"";"";"12";"";"";"color,radio,color,radio";"frame,Shape,size,Type";"frame,shape,size,Type";"charcol-black:#3b1200,vertical,30x45,canvas";"";"";"";"";"";"";"0";"0";"0";"0";"5";"1";"";"0";"0";"";"0000-00-00";"";"";"2";""
"";"";"12";"";"";"color,radio,color,radio";"frame,Shape,size,Type";"frame,shape,size,Type";"charcol-white:#e3fffe,vertical,30x45,canvas";"";"";"";"";"";"";"0";"0";"0";"0";"5";"1";"";"0";"0";"";"0000-00-00";"";"";"2";""
"";"";"12";"";"";"color,radio,color,radio";"frame,Shape,size,Type";"frame,shape,size,Type";"pine-wood:#a3afff,vertical,30x45,canvas";"";"";"";"";"";"";"0";"0";"0";"0";"5";"1";"";"0";"0";"";"0000-00-00";"";"";"2";""
"";"";"12";"";"";"color,radio,color,radio";"frame,Shape,size,Type";"frame,shape,size,Type";"none:#62ff43,vertical,10x15,fine-art-paper";"";"";"";"";"";"";"0";"0";"0";"0";"5";"1";"";"0";"0";"";"0000-00-00";"";"";"2";""
"";"";"12";"";"";"color,radio,color,radio";"frame,Shape,size,Type";"frame,shape,size,Type";"natural-wood:#ffd083,vertical,10x15,fine-art-paper";"";"";"";"";"";"";"0";"0";"0";"0";"5";"1";"";"0";"0";"";"0000-00-00";"";"";"2";""
"";"";"12";"";"";"color,radio,color,radio";"frame,Shape,size,Type";"frame,shape,size,Type";"dark-wood:#ce6600,vertical,10x15,fine-art-paper";"";"";"";"";"";"";"0";"0";"0";"0";"5";"1";"";"0";"0";"";"0000-00-00";"";"";"2";""
"";"";"12";"";"";"color,radio,color,radio";"frame,Shape,size,Type";"frame,shape,size,Type";"charcol-black:#3b1200,vertical,10x15,fine-art-paper";"";"";"";"";"";"";"0";"0";"0";"0";"5";"1";"";"0";"0";"";"0000-00-00";"";"";"2";""
"";"";"12";"";"";"color,radio,color,radio";"frame,Shape,size,Type";"frame,shape,size,Type";"charcol-white:#e3fffe,vertical,10x15,fine-art-paper";"";"";"";"";"";"";"0";"0";"0";"0";"5";"1";"";"0";"0";"";"0000-00-00";"";"";"2";""
"";"";"12";"";"";"color,radio,color,radio";"frame,Shape,size,Type";"frame,shape,size,Type";"pine-wood:#a3afff,vertical,10x15,fine-art-paper";"";"";"";"";"";"";"0";"0";"0";"0";"5";"1";"";"0";"0";"";"0000-00-00";"";"";"2";""
"";"";"12";"";"";"color,radio,color,radio";"frame,Shape,size,Type";"frame,shape,size,Type";"none:#62ff43,vertical,12x18,fine-art-paper";"";"";"";"";"";"";"0";"0";"0";"0";"5";"1";"";"0";"0";"";"0000-00-00";"";"";"2";""
"";"";"12";"";"";"color,radio,color,radio";"frame,Shape,size,Type";"frame,shape,size,Type";"natural-wood:#ffd083,vertical,12x18,fine-art-paper";"";"";"";"";"";"";"0";"0";"0";"0";"5";"1";"";"0";"0";"";"0000-00-00";"";"";"2";""
"";"";"12";"";"";"color,radio,color,radio";"frame,Shape,size,Type";"frame,shape,size,Type";"dark-wood:#ce6600,vertical,12x18,fine-art-paper";"";"";"";"";"";"";"0";"0";"0";"0";"5";"1";"";"0";"0";"";"0000-00-00";"";"";"2";""
"";"";"12";"";"";"color,radio,color,radio";"frame,Shape,size,Type";"frame,shape,size,Type";"charcol-black:#3b1200,vertical,12x18,fine-art-paper";"";"";"";"";"";"";"0";"0";"0";"0";"5";"1";"";"0";"0";"";"0000-00-00";"";"";"2";""
"";"";"12";"";"";"color,radio,color,radio";"frame,Shape,size,Type";"frame,shape,size,Type";"charcol-white:#e3fffe,vertical,12x18,fine-art-paper";"";"";"";"";"";"";"0";"0";"0";"0";"5";"1";"";"0";"0";"";"0000-00-00";"";"";"2";""
"";"";"12";"";"";"color,radio,color,radio";"frame,Shape,size,Type";"frame,shape,size,Type";"pine-wood:#a3afff,vertical,12x18,fine-art-paper";"";"";"";"";"";"";"0";"0";"0";"0";"5";"1";"";"0";"0";"";"0000-00-00";"";"";"2";""
"";"";"12";"";"";"color,radio,color,radio";"frame,Shape,size,Type";"frame,shape,size,Type";"none:#62ff43,vertical,16x24,fine-art-paper";"";"";"";"";"";"";"0";"0";"0";"0";"5";"1";"";"0";"0";"";"0000-00-00";"";"";"2";""
"";"";"12";"";"";"color,radio,color,radio";"frame,Shape,size,Type";"frame,shape,size,Type";"natural-wood:#ffd083,vertical,16x24,fine-art-paper";"";"";"";"";"";"";"0";"0";"0";"0";"5";"1";"";"0";"0";"";"0000-00-00";"";"";"2";""
"";"";"12";"";"";"color,radio,color,radio";"frame,Shape,size,Type";"frame,shape,size,Type";"dark-wood:#ce6600,vertical,16x24,fine-art-paper";"";"";"";"";"";"";"0";"0";"0";"0";"5";"1";"";"0";"0";"";"0000-00-00";"";"";"2";""
"";"";"12";"";"";"color,radio,color,radio";"frame,Shape,size,Type";"frame,shape,size,Type";"charcol-black:#3b1200,vertical,16x24,fine-art-paper";"";"";"";"";"";"";"0";"0";"0";"0";"5";"1";"";"0";"0";"";"0000-00-00";"";"";"2";""
"";"";"12";"";"";"color,radio,color,radio";"frame,Shape,size,Type";"frame,shape,size,Type";"charcol-white:#e3fffe,vertical,16x24,fine-art-paper";"";"";"";"";"";"";"0";"0";"0";"0";"5";"1";"";"0";"0";"";"0000-00-00";"";"";"2";""
"";"";"12";"";"";"color,radio,color,radio";"frame,Shape,size,Type";"frame,shape,size,Type";"pine-wood:#a3afff,vertical,16x24,fine-art-paper";"";"";"";"";"";"";"0";"0";"0";"0";"5";"1";"";"0";"0";"";"0000-00-00";"";"";"2";""
"";"";"12";"";"";"color,radio,color,radio";"frame,Shape,size,Type";"frame,shape,size,Type";"none:#62ff43,vertical,20x30,fine-art-paper";"";"";"";"";"";"";"0";"0";"0";"0";"5";"1";"";"0";"0";"";"0000-00-00";"";"";"2";""
"";"";"12";"";"";"color,radio,color,radio";"frame,Shape,size,Type";"frame,shape,size,Type";"natural-wood:#ffd083,vertical,20x30,fine-art-paper";"";"";"";"";"";"";"0";"0";"0";"0";"5";"1";"";"0";"0";"";"0000-00-00";"";"";"2";""
"";"";"12";"";"";"color,radio,color,radio";"frame,Shape,size,Type";"frame,shape,size,Type";"dark-wood:#ce6600,vertical,20x30,fine-art-paper";"";"";"";"";"";"";"0";"0";"0";"0";"5";"1";"";"0";"0";"";"0000-00-00";"";"";"2";""
"";"";"12";"";"";"color,radio,color,radio";"frame,Shape,size,Type";"frame,shape,size,Type";"charcol-black:#3b1200,vertical,20x30,fine-art-paper";"";"";"";"";"";"";"0";"0";"0";"0";"5";"1";"";"0";"0";"";"0000-00-00";"";"";"2";""
"";"";"12";"";"";"color,radio,color,radio";"frame,Shape,size,Type";"frame,shape,size,Type";"charcol-white:#e3fffe,vertical,20x30,fine-art-paper";"";"";"";"";"";"";"0";"0";"0";"0";"5";"1";"";"0";"0";"";"0000-00-00";"";"";"2";""
"";"";"12";"";"";"color,radio,color,radio";"frame,Shape,size,Type";"frame,shape,size,Type";"pine-wood:#a3afff,vertical,20x30,fine-art-paper";"";"";"";"";"";"";"0";"0";"0";"0";"5";"1";"";"0";"0";"";"0000-00-00";"";"";"2";""
"";"";"12";"";"";"color,radio,color,radio";"frame,Shape,size,Type";"frame,shape,size,Type";"none:#62ff43,vertical,24x36,fine-art-paper";"";"";"";"";"";"";"0";"0";"0";"0";"5";"1";"";"0";"0";"";"0000-00-00";"";"";"2";""
"";"";"12";"";"";"color,radio,color,radio";"frame,Shape,size,Type";"frame,shape,size,Type";"natural-wood:#ffd083,vertical,24x36,fine-art-paper";"";"";"";"";"";"";"0";"0";"0";"0";"5";"1";"";"0";"0";"";"0000-00-00";"";"";"2";""
"";"";"12";"";"";"color,radio,color,radio";"frame,Shape,size,Type";"frame,shape,size,Type";"dark-wood:#ce6600,vertical,24x36,fine-art-paper";"";"";"";"";"";"";"0";"0";"0";"0";"5";"1";"";"0";"0";"";"0000-00-00";"";"";"2";""
"";"";"12";"";"";"color,radio,color,radio";"frame,Shape,size,Type";"frame,shape,size,Type";"charcol-black:#3b1200,vertical,24x36,fine-art-paper";"";"";"";"";"";"";"0";"0";"0";"0";"5";"1";"";"0";"0";"";"0000-00-00";"";"";"2";""
"";"";"12";"";"";"color,radio,color,radio";"frame,Shape,size,Type";"frame,shape,size,Type";"charcol-white:#e3fffe,vertical,24x36,fine-art-paper";"";"";"";"";"";"";"0";"0";"0";"0";"5";"1";"";"0";"0";"";"0000-00-00";"";"";"2";""
"";"";"12";"";"";"color,radio,color,radio";"frame,Shape,size,Type";"frame,shape,size,Type";"pine-wood:#a3afff,vertical,24x36,fine-art-paper";"";"";"";"";"";"";"0";"0";"0";"0";"5";"1";"";"0";"0";"";"0000-00-00";"";"";"2";""
"";"";"12";"";"";"color,radio,color,radio";"frame,Shape,size,Type";"frame,shape,size,Type";"none:#62ff43,vertical,30x45,fine-art-paper";"";"";"";"";"";"";"0";"0";"0";"0";"5";"1";"";"0";"0";"";"0000-00-00";"";"";"2";""
"";"";"12";"";"";"color,radio,color,radio";"frame,Shape,size,Type";"frame,shape,size,Type";"natural-wood:#ffd083,vertical,30x45,fine-art-paper";"";"";"";"";"";"";"0";"0";"0";"0";"5";"1";"";"0";"0";"";"0000-00-00";"";"";"2";""
"";"";"12";"";"";"color,radio,color,radio";"frame,Shape,size,Type";"frame,shape,size,Type";"dark-wood:#ce6600,vertical,30x45,fine-art-paper";"";"";"";"";"";"";"0";"0";"0";"0";"5";"1";"";"0";"0";"";"0000-00-00";"";"";"2";""
"";"";"12";"";"";"color,radio,color,radio";"frame,Shape,size,Type";"frame,shape,size,Type";"charcol-black:#3b1200,vertical,30x45,fine-art-paper";"";"";"";"";"";"";"0";"0";"0";"0";"5";"1";"";"0";"0";"";"0000-00-00";"";"";"2";""
"";"";"12";"";"";"color,radio,color,radio";"frame,Shape,size,Type";"frame,shape,size,Type";"charcol-white:#e3fffe,vertical,30x45,fine-art-paper";"";"";"";"";"";"";"0";"0";"0";"0";"5";"1";"";"0";"0";"";"0000-00-00";"";"";"2";""
"";"";"12";"";"";"color,radio,color,radio";"frame,Shape,size,Type";"frame,shape,size,Type";"pine-wood:#a3afff,vertical,30x45,fine-art-paper";"";"";"";"";"";"";"0";"0";"0";"0";"5";"1";"";"0";"0";"";"0000-00-00";"";"";"2";""
"";"";"15";"";"";"color,radio,color,radio";"frame,Shape,size,Type";"frame,shape,size,Type";"none:#62ff43,vertical,10x15,canvas";"";"";"";"";"";"";"0";"0";"0";"0";"5";"1";"";"0";"0";"1";"0000-00-00";"";"";"2";""
"";"";"15";"";"";"color,radio,color,radio";"frame,Shape,size,Type";"frame,shape,size,Type";"natural-wood:#ffd083,vertical,10x15,canvas";"";"";"";"";"";"";"0";"0";"0";"0";"5";"1";"";"0";"0";"";"0000-00-00";"";"";"2";""
"";"";"15";"";"";"color,radio,color,radio";"frame,Shape,size,Type";"frame,shape,size,Type";"dark-wood:#ce6600,vertical,10x15,canvas";"";"";"";"";"";"";"0";"0";"0";"0";"5";"1";"";"0";"0";"";"0000-00-00";"";"";"2";""
"";"";"15";"";"";"color,radio,color,radio";"frame,Shape,size,Type";"frame,shape,size,Type";"charcol-black:#3b1200,vertical,10x15,canvas";"";"";"";"";"";"";"0";"0";"0";"0";"5";"1";"";"0";"0";"";"0000-00-00";"";"";"2";""
"";"";"15";"";"";"color,radio,color,radio";"frame,Shape,size,Type";"frame,shape,size,Type";"charcol-white:#e3fffe,vertical,10x15,canvas";"";"";"";"";"";"";"0";"0";"0";"0";"5";"1";"";"0";"0";"";"0000-00-00";"";"";"2";""
"";"";"15";"";"";"color,radio,color,radio";"frame,Shape,size,Type";"frame,shape,size,Type";"pine-wood:#a3afff,vertical,10x15,canvas";"";"";"";"";"";"";"0";"0";"0";"0";"5";"1";"";"0";"0";"";"0000-00-00";"";"";"2";""
"";"";"15";"";"";"color,radio,color,radio";"frame,Shape,size,Type";"frame,shape,size,Type";"none:#62ff43,vertical,12x18,canvas";"";"";"";"";"";"";"0";"0";"0";"0";"5";"1";"";"0";"0";"";"0000-00-00";"";"";"2";""
"";"";"15";"";"";"color,radio,color,radio";"frame,Shape,size,Type";"frame,shape,size,Type";"natural-wood:#ffd083,vertical,12x18,canvas";"";"";"";"";"";"";"0";"0";"0";"0";"5";"1";"";"0";"0";"";"0000-00-00";"";"";"2";""
"";"";"15";"";"";"color,radio,color,radio";"frame,Shape,size,Type";"frame,shape,size,Type";"dark-wood:#ce6600,vertical,12x18,canvas";"";"";"";"";"";"";"0";"0";"0";"0";"5";"1";"";"0";"0";"";"0000-00-00";"";"";"2";""
"";"";"15";"";"";"color,radio,color,radio";"frame,Shape,size,Type";"frame,shape,size,Type";"charcol-black:#3b1200,vertical,12x18,canvas";"";"";"";"";"";"";"0";"0";"0";"0";"5";"1";"";"0";"0";"";"0000-00-00";"";"";"2";""
"";"";"15";"";"";"color,radio,color,radio";"frame,Shape,size,Type";"frame,shape,size,Type";"charcol-white:#e3fffe,vertical,12x18,canvas";"";"";"";"";"";"";"0";"0";"0";"0";"5";"1";"";"0";"0";"";"0000-00-00";"";"";"2";""
"";"";"15";"";"";"color,radio,color,radio";"frame,Shape,size,Type";"frame,shape,size,Type";"pine-wood:#a3afff,vertical,12x18,canvas";"";"";"";"";"";"";"0";"0";"0";"0";"5";"1";"";"0";"0";"";"0000-00-00";"";"";"2";""
"";"";"15";"";"";"color,radio,color,radio";"frame,Shape,size,Type";"frame,shape,size,Type";"none:#62ff43,vertical,16x24,canvas";"";"";"";"";"";"";"0";"0";"0";"0";"5";"1";"";"0";"0";"";"0000-00-00";"";"";"2";""
"";"";"15";"";"";"color,radio,color,radio";"frame,Shape,size,Type";"frame,shape,size,Type";"natural-wood:#ffd083,vertical,16x24,canvas";"";"";"";"";"";"";"0";"0";"0";"0";"5";"1";"";"0";"0";"";"0000-00-00";"";"";"2";""
"";"";"15";"";"";"color,radio,color,radio";"frame,Shape,size,Type";"frame,shape,size,Type";"dark-wood:#ce6600,vertical,16x24,canvas";"";"";"";"";"";"";"0";"0";"0";"0";"5";"1";"";"0";"0";"";"0000-00-00";"";"";"2";""
"";"";"15";"";"";"color,radio,color,radio";"frame,Shape,size,Type";"frame,shape,size,Type";"charcol-black:#3b1200,vertical,16x24,canvas";"";"";"";"";"";"";"0";"0";"0";"0";"5";"1";"";"0";"0";"";"0000-00-00";"";"";"2";""
"";"";"15";"";"";"color,radio,color,radio";"frame,Shape,size,Type";"frame,shape,size,Type";"charcol-white:#e3fffe,vertical,16x24,canvas";"";"";"";"";"";"";"0";"0";"0";"0";"5";"1";"";"0";"0";"";"0000-00-00";"";"";"2";""
"";"";"15";"";"";"color,radio,color,radio";"frame,Shape,size,Type";"frame,shape,size,Type";"pine-wood:#a3afff,vertical,16x24,canvas";"";"";"";"";"";"";"0";"0";"0";"0";"5";"1";"";"0";"0";"";"0000-00-00";"";"";"2";""
"";"";"15";"";"";"color,radio,color,radio";"frame,Shape,size,Type";"frame,shape,size,Type";"none:#62ff43,vertical,20x30,canvas";"";"";"";"";"";"";"0";"0";"0";"0";"5";"1";"";"0";"0";"";"0000-00-00";"";"";"2";""
"";"";"15";"";"";"color,radio,color,radio";"frame,Shape,size,Type";"frame,shape,size,Type";"natural-wood:#ffd083,vertical,20x30,canvas";"";"";"";"";"";"";"0";"0";"0";"0";"5";"1";"";"0";"0";"";"0000-00-00";"";"";"2";""
"";"";"15";"";"";"color,radio,color,radio";"frame,Shape,size,Type";"frame,shape,size,Type";"dark-wood:#ce6600,vertical,20x30,canvas";"";"";"";"";"";"";"0";"0";"0";"0";"5";"1";"";"0";"0";"";"0000-00-00";"";"";"2";""
"";"";"15";"";"";"color,radio,color,radio";"frame,Shape,size,Type";"frame,shape,size,Type";"charcol-black:#3b1200,vertical,20x30,canvas";"";"";"";"";"";"";"0";"0";"0";"0";"5";"1";"";"0";"0";"";"0000-00-00";"";"";"2";""
"";"";"15";"";"";"color,radio,color,radio";"frame,Shape,size,Type";"frame,shape,size,Type";"charcol-white:#e3fffe,vertical,20x30,canvas";"";"";"";"";"";"";"0";"0";"0";"0";"5";"1";"";"0";"0";"";"0000-00-00";"";"";"2";""
"";"";"15";"";"";"color,radio,color,radio";"frame,Shape,size,Type";"frame,shape,size,Type";"pine-wood:#a3afff,vertical,20x30,canvas";"";"";"";"";"";"";"0";"0";"0";"0";"5";"1";"";"0";"0";"";"0000-00-00";"";"";"2";""
"";"";"15";"";"";"color,radio,color,radio";"frame,Shape,size,Type";"frame,shape,size,Type";"none:#62ff43,vertical,24x36,canvas";"";"";"";"";"";"";"0";"0";"0";"0";"5";"1";"";"0";"0";"";"0000-00-00";"";"";"2";""
"";"";"15";"";"";"color,radio,color,radio";"frame,Shape,size,Type";"frame,shape,size,Type";"natural-wood:#ffd083,vertical,24x36,canvas";"";"";"";"";"";"";"0";"0";"0";"0";"5";"1";"";"0";"0";"";"0000-00-00";"";"";"2";""
"";"";"15";"";"";"color,radio,color,radio";"frame,Shape,size,Type";"frame,shape,size,Type";"dark-wood:#ce6600,vertical,24x36,canvas";"";"";"";"";"";"";"0";"0";"0";"0";"5";"1";"";"0";"0";"";"0000-00-00";"";"";"2";""
"";"";"15";"";"";"color,radio,color,radio";"frame,Shape,size,Type";"frame,shape,size,Type";"charcol-black:#3b1200,vertical,24x36,canvas";"";"";"";"";"";"";"0";"0";"0";"0";"5";"1";"";"0";"0";"";"0000-00-00";"";"";"2";""
"";"";"15";"";"";"color,radio,color,radio";"frame,Shape,size,Type";"frame,shape,size,Type";"charcol-white:#e3fffe,vertical,24x36,canvas";"";"";"";"";"";"";"0";"0";"0";"0";"5";"1";"";"0";"0";"";"0000-00-00";"";"";"2";""
"";"";"15";"";"";"color,radio,color,radio";"frame,Shape,size,Type";"frame,shape,size,Type";"pine-wood:#a3afff,vertical,24x36,canvas";"";"";"";"";"";"";"0";"0";"0";"0";"5";"1";"";"0";"0";"";"0000-00-00";"";"";"2";""
"";"";"15";"";"";"color,radio,color,radio";"frame,Shape,size,Type";"frame,shape,size,Type";"none:#62ff43,vertical,30x45,canvas";"";"";"";"";"";"";"0";"0";"0";"0";"5";"1";"";"0";"0";"";"0000-00-00";"";"";"2";""
"";"";"15";"";"";"color,radio,color,radio";"frame,Shape,size,Type";"frame,shape,size,Type";"natural-wood:#ffd083,vertical,30x45,canvas";"";"";"";"";"";"";"0";"0";"0";"0";"5";"1";"";"0";"0";"";"0000-00-00";"";"";"2";""
"";"";"15";"";"";"color,radio,color,radio";"frame,Shape,size,Type";"frame,shape,size,Type";"dark-wood:#ce6600,vertical,30x45,canvas";"";"";"";"";"";"";"0";"0";"0";"0";"5";"1";"";"0";"0";"";"0000-00-00";"";"";"2";""
"";"";"15";"";"";"color,radio,color,radio";"frame,Shape,size,Type";"frame,shape,size,Type";"charcol-black:#3b1200,vertical,30x45,canvas";"";"";"";"";"";"";"0";"0";"0";"0";"5";"1";"";"0";"0";"";"0000-00-00";"";"";"2";""
"";"";"15";"";"";"color,radio,color,radio";"frame,Shape,size,Type";"frame,shape,size,Type";"charcol-white:#e3fffe,vertical,30x45,canvas";"";"";"";"";"";"";"0";"0";"0";"0";"5";"1";"";"0";"0";"";"0000-00-00";"";"";"2";""
"";"";"15";"";"";"color,radio,color,radio";"frame,Shape,size,Type";"frame,shape,size,Type";"pine-wood:#a3afff,vertical,30x45,canvas";"";"";"";"";"";"";"0";"0";"0";"0";"5";"1";"";"0";"0";"";"0000-00-00";"";"";"2";""
"";"";"15";"";"";"color,radio,color,radio";"frame,Shape,size,Type";"frame,shape,size,Type";"none:#62ff43,vertical,10x15,fine-art-paper";"";"";"";"";"";"";"0";"0";"0";"0";"5";"1";"";"0";"0";"";"0000-00-00";"";"";"2";""
"";"";"15";"";"";"color,radio,color,radio";"frame,Shape,size,Type";"frame,shape,size,Type";"natural-wood:#ffd083,vertical,10x15,fine-art-paper";"";"";"";"";"";"";"0";"0";"0";"0";"5";"1";"";"0";"0";"";"0000-00-00";"";"";"2";""
"";"";"15";"";"";"color,radio,color,radio";"frame,Shape,size,Type";"frame,shape,size,Type";"dark-wood:#ce6600,vertical,10x15,fine-art-paper";"";"";"";"";"";"";"0";"0";"0";"0";"5";"1";"";"0";"0";"";"0000-00-00";"";"";"2";""
"";"";"15";"";"";"color,radio,color,radio";"frame,Shape,size,Type";"frame,shape,size,Type";"charcol-black:#3b1200,vertical,10x15,fine-art-paper";"";"";"";"";"";"";"0";"0";"0";"0";"5";"1";"";"0";"0";"";"0000-00-00";"";"";"2";""
"";"";"15";"";"";"color,radio,color,radio";"frame,Shape,size,Type";"frame,shape,size,Type";"charcol-white:#e3fffe,vertical,10x15,fine-art-paper";"";"";"";"";"";"";"0";"0";"0";"0";"5";"1";"";"0";"0";"";"0000-00-00";"";"";"2";""
"";"";"15";"";"";"color,radio,color,radio";"frame,Shape,size,Type";"frame,shape,size,Type";"pine-wood:#a3afff,vertical,10x15,fine-art-paper";"";"";"";"";"";"";"0";"0";"0";"0";"5";"1";"";"0";"0";"";"0000-00-00";"";"";"2";""
"";"";"15";"";"";"color,radio,color,radio";"frame,Shape,size,Type";"frame,shape,size,Type";"none:#62ff43,vertical,12x18,fine-art-paper";"";"";"";"";"";"";"0";"0";"0";"0";"5";"1";"";"0";"0";"";"0000-00-00";"";"";"2";""
"";"";"15";"";"";"color,radio,color,radio";"frame,Shape,size,Type";"frame,shape,size,Type";"natural-wood:#ffd083,vertical,12x18,fine-art-paper";"";"";"";"";"";"";"0";"0";"0";"0";"5";"1";"";"0";"0";"";"0000-00-00";"";"";"2";""
"";"";"15";"";"";"color,radio,color,radio";"frame,Shape,size,Type";"frame,shape,size,Type";"dark-wood:#ce6600,vertical,12x18,fine-art-paper";"";"";"";"";"";"";"0";"0";"0";"0";"5";"1";"";"0";"0";"";"0000-00-00";"";"";"2";""
"";"";"15";"";"";"color,radio,color,radio";"frame,Shape,size,Type";"frame,shape,size,Type";"charcol-black:#3b1200,vertical,12x18,fine-art-paper";"";"";"";"";"";"";"0";"0";"0";"0";"5";"1";"";"0";"0";"";"0000-00-00";"";"";"2";""
"";"";"15";"";"";"color,radio,color,radio";"frame,Shape,size,Type";"frame,shape,size,Type";"charcol-white:#e3fffe,vertical,12x18,fine-art-paper";"";"";"";"";"";"";"0";"0";"0";"0";"5";"1";"";"0";"0";"";"0000-00-00";"";"";"2";""
"";"";"15";"";"";"color,radio,color,radio";"frame,Shape,size,Type";"frame,shape,size,Type";"pine-wood:#a3afff,vertical,12x18,fine-art-paper";"";"";"";"";"";"";"0";"0";"0";"0";"5";"1";"";"0";"0";"";"0000-00-00";"";"";"2";""
"";"";"15";"";"";"color,radio,color,radio";"frame,Shape,size,Type";"frame,shape,size,Type";"none:#62ff43,vertical,16x24,fine-art-paper";"";"";"";"";"";"";"0";"0";"0";"0";"5";"1";"";"0";"0";"";"0000-00-00";"";"";"2";""
"";"";"15";"";"";"color,radio,color,radio";"frame,Shape,size,Type";"frame,shape,size,Type";"natural-wood:#ffd083,vertical,16x24,fine-art-paper";"";"";"";"";"";"";"0";"0";"0";"0";"5";"1";"";"0";"0";"";"0000-00-00";"";"";"2";""
"";"";"15";"";"";"color,radio,color,radio";"frame,Shape,size,Type";"frame,shape,size,Type";"dark-wood:#ce6600,vertical,16x24,fine-art-paper";"";"";"";"";"";"";"0";"0";"0";"0";"5";"1";"";"0";"0";"";"0000-00-00";"";"";"2";""
"";"";"15";"";"";"color,radio,color,radio";"frame,Shape,size,Type";"frame,shape,size,Type";"charcol-black:#3b1200,vertical,16x24,fine-art-paper";"";"";"";"";"";"";"0";"0";"0";"0";"5";"1";"";"0";"0";"";"0000-00-00";"";"";"2";""
"";"";"15";"";"";"color,radio,color,radio";"frame,Shape,size,Type";"frame,shape,size,Type";"charcol-white:#e3fffe,vertical,16x24,fine-art-paper";"";"";"";"";"";"";"0";"0";"0";"0";"5";"1";"";"0";"0";"";"0000-00-00";"";"";"2";""
"";"";"15";"";"";"color,radio,color,radio";"frame,Shape,size,Type";"frame,shape,size,Type";"pine-wood:#a3afff,vertical,16x24,fine-art-paper";"";"";"";"";"";"";"0";"0";"0";"0";"5";"1";"";"0";"0";"";"0000-00-00";"";"";"2";""
"";"";"15";"";"";"color,radio,color,radio";"frame,Shape,size,Type";"frame,shape,size,Type";"none:#62ff43,vertical,20x30,fine-art-paper";"";"";"";"";"";"";"0";"0";"0";"0";"5";"1";"";"0";"0";"";"0000-00-00";"";"";"2";""
"";"";"15";"";"";"color,radio,color,radio";"frame,Shape,size,Type";"frame,shape,size,Type";"natural-wood:#ffd083,vertical,20x30,fine-art-paper";"";"";"";"";"";"";"0";"0";"0";"0";"5";"1";"";"0";"0";"";"0000-00-00";"";"";"2";""
"";"";"15";"";"";"color,radio,color,radio";"frame,Shape,size,Type";"frame,shape,size,Type";"dark-wood:#ce6600,vertical,20x30,fine-art-paper";"";"";"";"";"";"";"0";"0";"0";"0";"5";"1";"";"0";"0";"";"0000-00-00";"";"";"2";""
"";"";"15";"";"";"color,radio,color,radio";"frame,Shape,size,Type";"frame,shape,size,Type";"charcol-black:#3b1200,vertical,20x30,fine-art-paper";"";"";"";"";"";"";"0";"0";"0";"0";"5";"1";"";"0";"0";"";"0000-00-00";"";"";"2";""
"";"";"15";"";"";"color,radio,color,radio";"frame,Shape,size,Type";"frame,shape,size,Type";"charcol-white:#e3fffe,vertical,20x30,fine-art-paper";"";"";"";"";"";"";"0";"0";"0";"0";"5";"1";"";"0";"0";"";"0000-00-00";"";"";"2";""
"";"";"15";"";"";"color,radio,color,radio";"frame,Shape,size,Type";"frame,shape,size,Type";"pine-wood:#a3afff,vertical,20x30,fine-art-paper";"";"";"";"";"";"";"0";"0";"0";"0";"5";"1";"";"0";"0";"";"0000-00-00";"";"";"2";""
"";"";"15";"";"";"color,radio,color,radio";"frame,Shape,size,Type";"frame,shape,size,Type";"none:#62ff43,vertical,24x36,fine-art-paper";"";"";"";"";"";"";"0";"0";"0";"0";"5";"1";"";"0";"0";"";"0000-00-00";"";"";"2";""
"";"";"15";"";"";"color,radio,color,radio";"frame,Shape,size,Type";"frame,shape,size,Type";"natural-wood:#ffd083,vertical,24x36,fine-art-paper";"";"";"";"";"";"";"0";"0";"0";"0";"5";"1";"";"0";"0";"";"0000-00-00";"";"";"2";""
"";"";"15";"";"";"color,radio,color,radio";"frame,Shape,size,Type";"frame,shape,size,Type";"dark-wood:#ce6600,vertical,24x36,fine-art-paper";"";"";"";"";"";"";"0";"0";"0";"0";"5";"1";"";"0";"0";"";"0000-00-00";"";"";"2";""
"";"";"15";"";"";"color,radio,color,radio";"frame,Shape,size,Type";"frame,shape,size,Type";"charcol-black:#3b1200,vertical,24x36,fine-art-paper";"";"";"";"";"";"";"0";"0";"0";"0";"5";"1";"";"0";"0";"";"0000-00-00";"";"";"2";""
"";"";"15";"";"";"color,radio,color,radio";"frame,Shape,size,Type";"frame,shape,size,Type";"charcol-white:#e3fffe,vertical,24x36,fine-art-paper";"";"";"";"";"";"";"0";"0";"0";"0";"5";"1";"";"0";"0";"";"0000-00-00";"";"";"2";""
"";"";"15";"";"";"color,radio,color,radio";"frame,Shape,size,Type";"frame,shape,size,Type";"pine-wood:#a3afff,vertical,24x36,fine-art-paper";"";"";"";"";"";"";"0";"0";"0";"0";"5";"1";"";"0";"0";"";"0000-00-00";"";"";"2";""
"";"";"15";"";"";"color,radio,color,radio";"frame,Shape,size,Type";"frame,shape,size,Type";"none:#62ff43,vertical,30x45,fine-art-paper";"";"";"";"";"";"";"0";"0";"0";"0";"5";"1";"";"0";"0";"";"0000-00-00";"";"";"2";""
"";"";"15";"";"";"color,radio,color,radio";"frame,Shape,size,Type";"frame,shape,size,Type";"natural-wood:#ffd083,vertical,30x45,fine-art-paper";"";"";"";"";"";"";"0";"0";"0";"0";"5";"1";"";"0";"0";"";"0000-00-00";"";"";"2";""
"";"";"15";"";"";"color,radio,color,radio";"frame,Shape,size,Type";"frame,shape,size,Type";"dark-wood:#ce6600,vertical,30x45,fine-art-paper";"";"";"";"";"";"";"0";"0";"0";"0";"5";"1";"";"0";"0";"";"0000-00-00";"";"";"2";""
"";"";"15";"";"";"color,radio,color,radio";"frame,Shape,size,Type";"frame,shape,size,Type";"charcol-black:#3b1200,vertical,30x45,fine-art-paper";"";"";"";"";"";"";"0";"0";"0";"0";"5";"1";"";"0";"0";"";"0000-00-00";"";"";"2";""
"";"";"15";"";"";"color,radio,color,radio";"frame,Shape,size,Type";"frame,shape,size,Type";"charcol-white:#e3fffe,vertical,30x45,fine-art-paper";"";"";"";"";"";"";"0";"0";"0";"0";"5";"1";"";"0";"0";"";"0000-00-00";"";"";"2";""
"";"";"15";"";"";"color,radio,color,radio";"frame,Shape,size,Type";"frame,shape,size,Type";"pine-wood:#a3afff,vertical,30x45,fine-art-paper";"";"";"";"";"";"";"0";"0";"0";"0";"5";"1";"";"0";"0";"";"0000-00-00";"";"";"2";""
"";"";"18";"";"";"color,radio,color,radio";"frame,Shape,size,Type";"frame,shape,size,Type";"none:#62ff43,vertical,10x15,canvas";"";"";"";"";"";"";"0";"0";"0";"0";"5";"1";"";"0";"0";"1";"0000-00-00";"";"";"2";""
"";"";"18";"";"";"color,radio,color,radio";"frame,Shape,size,Type";"frame,shape,size,Type";"natural-wood:#ffd083,vertical,10x15,canvas";"";"";"";"";"";"";"0";"0";"0";"0";"5";"1";"";"0";"0";"";"0000-00-00";"";"";"2";""
"";"";"18";"";"";"color,radio,color,radio";"frame,Shape,size,Type";"frame,shape,size,Type";"dark-wood:#ce6600,vertical,10x15,canvas";"";"";"";"";"";"";"0";"0";"0";"0";"5";"1";"";"0";"0";"";"0000-00-00";"";"";"2";""
"";"";"18";"";"";"color,radio,color,radio";"frame,Shape,size,Type";"frame,shape,size,Type";"charcol-black:#3b1200,vertical,10x15,canvas";"";"";"";"";"";"";"0";"0";"0";"0";"5";"1";"";"0";"0";"";"0000-00-00";"";"";"2";""
"";"";"18";"";"";"color,radio,color,radio";"frame,Shape,size,Type";"frame,shape,size,Type";"charcol-white:#e3fffe,vertical,10x15,canvas";"";"";"";"";"";"";"0";"0";"0";"0";"5";"1";"";"0";"0";"";"0000-00-00";"";"";"2";""
"";"";"18";"";"";"color,radio,color,radio";"frame,Shape,size,Type";"frame,shape,size,Type";"pine-wood:#a3afff,vertical,10x15,canvas";"";"";"";"";"";"";"0";"0";"0";"0";"5";"1";"";"0";"0";"";"0000-00-00";"";"";"2";""
"";"";"18";"";"";"color,radio,color,radio";"frame,Shape,size,Type";"frame,shape,size,Type";"none:#62ff43,vertical,12x18,canvas";"";"";"";"";"";"";"0";"0";"0";"0";"5";"1";"";"0";"0";"";"0000-00-00";"";"";"2";""
"";"";"18";"";"";"color,radio,color,radio";"frame,Shape,size,Type";"frame,shape,size,Type";"natural-wood:#ffd083,vertical,12x18,canvas";"";"";"";"";"";"";"0";"0";"0";"0";"5";"1";"";"0";"0";"";"0000-00-00";"";"";"2";""
"";"";"18";"";"";"color,radio,color,radio";"frame,Shape,size,Type";"frame,shape,size,Type";"dark-wood:#ce6600,vertical,12x18,canvas";"";"";"";"";"";"";"0";"0";"0";"0";"5";"1";"";"0";"0";"";"0000-00-00";"";"";"2";""
"";"";"18";"";"";"color,radio,color,radio";"frame,Shape,size,Type";"frame,shape,size,Type";"charcol-black:#3b1200,vertical,12x18,canvas";"";"";"";"";"";"";"0";"0";"0";"0";"5";"1";"";"0";"0";"";"0000-00-00";"";"";"2";""
"";"";"18";"";"";"color,radio,color,radio";"frame,Shape,size,Type";"frame,shape,size,Type";"charcol-white:#e3fffe,vertical,12x18,canvas";"";"";"";"";"";"";"0";"0";"0";"0";"5";"1";"";"0";"0";"";"0000-00-00";"";"";"2";""
"";"";"18";"";"";"color,radio,color,radio";"frame,Shape,size,Type";"frame,shape,size,Type";"pine-wood:#a3afff,vertical,12x18,canvas";"";"";"";"";"";"";"0";"0";"0";"0";"5";"1";"";"0";"0";"";"0000-00-00";"";"";"2";""
"";"";"18";"";"";"color,radio,color,radio";"frame,Shape,size,Type";"frame,shape,size,Type";"none:#62ff43,vertical,16x24,canvas";"";"";"";"";"";"";"0";"0";"0";"0";"5";"1";"";"0";"0";"";"0000-00-00";"";"";"2";""
"";"";"18";"";"";"color,radio,color,radio";"frame,Shape,size,Type";"frame,shape,size,Type";"natural-wood:#ffd083,vertical,16x24,canvas";"";"";"";"";"";"";"0";"0";"0";"0";"5";"1";"";"0";"0";"";"0000-00-00";"";"";"2";""
"";"";"18";"";"";"color,radio,color,radio";"frame,Shape,size,Type";"frame,shape,size,Type";"dark-wood:#ce6600,vertical,16x24,canvas";"";"";"";"";"";"";"0";"0";"0";"0";"5";"1";"";"0";"0";"";"0000-00-00";"";"";"2";""
"";"";"18";"";"";"color,radio,color,radio";"frame,Shape,size,Type";"frame,shape,size,Type";"charcol-black:#3b1200,vertical,16x24,canvas";"";"";"";"";"";"";"0";"0";"0";"0";"5";"1";"";"0";"0";"";"0000-00-00";"";"";"2";""
"";"";"18";"";"";"color,radio,color,radio";"frame,Shape,size,Type";"frame,shape,size,Type";"charcol-white:#e3fffe,vertical,16x24,canvas";"";"";"";"";"";"";"0";"0";"0";"0";"5";"1";"";"0";"0";"";"0000-00-00";"";"";"2";""
"";"";"18";"";"";"color,radio,color,radio";"frame,Shape,size,Type";"frame,shape,size,Type";"pine-wood:#a3afff,vertical,16x24,canvas";"";"";"";"";"";"";"0";"0";"0";"0";"5";"1";"";"0";"0";"";"0000-00-00";"";"";"2";""
"";"";"18";"";"";"color,radio,color,radio";"frame,Shape,size,Type";"frame,shape,size,Type";"none:#62ff43,vertical,20x30,canvas";"";"";"";"";"";"";"0";"0";"0";"0";"5";"1";"";"0";"0";"";"0000-00-00";"";"";"2";""
"";"";"18";"";"";"color,radio,color,radio";"frame,Shape,size,Type";"frame,shape,size,Type";"natural-wood:#ffd083,vertical,20x30,canvas";"";"";"";"";"";"";"0";"0";"0";"0";"5";"1";"";"0";"0";"";"0000-00-00";"";"";"2";""
"";"";"18";"";"";"color,radio,color,radio";"frame,Shape,size,Type";"frame,shape,size,Type";"dark-wood:#ce6600,vertical,20x30,canvas";"";"";"";"";"";"";"0";"0";"0";"0";"5";"1";"";"0";"0";"";"0000-00-00";"";"";"2";""
"";"";"18";"";"";"color,radio,color,radio";"frame,Shape,size,Type";"frame,shape,size,Type";"charcol-black:#3b1200,vertical,20x30,canvas";"";"";"";"";"";"";"0";"0";"0";"0";"5";"1";"";"0";"0";"";"0000-00-00";"";"";"2";""
"";"";"18";"";"";"color,radio,color,radio";"frame,Shape,size,Type";"frame,shape,size,Type";"charcol-white:#e3fffe,vertical,20x30,canvas";"";"";"";"";"";"";"0";"0";"0";"0";"5";"1";"";"0";"0";"";"0000-00-00";"";"";"2";""
"";"";"18";"";"";"color,radio,color,radio";"frame,Shape,size,Type";"frame,shape,size,Type";"pine-wood:#a3afff,vertical,20x30,canvas";"";"";"";"";"";"";"0";"0";"0";"0";"5";"1";"";"0";"0";"";"0000-00-00";"";"";"2";""
"";"";"18";"";"";"color,radio,color,radio";"frame,Shape,size,Type";"frame,shape,size,Type";"none:#62ff43,vertical,24x36,canvas";"";"";"";"";"";"";"0";"0";"0";"0";"5";"1";"";"0";"0";"";"0000-00-00";"";"";"2";""
"";"";"18";"";"";"color,radio,color,radio";"frame,Shape,size,Type";"frame,shape,size,Type";"natural-wood:#ffd083,vertical,24x36,canvas";"";"";"";"";"";"";"0";"0";"0";"0";"5";"1";"";"0";"0";"";"0000-00-00";"";"";"2";""
"";"";"18";"";"";"color,radio,color,radio";"frame,Shape,size,Type";"frame,shape,size,Type";"dark-wood:#ce6600,vertical,24x36,canvas";"";"";"";"";"";"";"0";"0";"0";"0";"5";"1";"";"0";"0";"";"0000-00-00";"";"";"2";""
"";"";"18";"";"";"color,radio,color,radio";"frame,Shape,size,Type";"frame,shape,size,Type";"charcol-black:#3b1200,vertical,24x36,canvas";"";"";"";"";"";"";"0";"0";"0";"0";"5";"1";"";"0";"0";"";"0000-00-00";"";"";"2";""
"";"";"18";"";"";"color,radio,color,radio";"frame,Shape,size,Type";"frame,shape,size,Type";"charcol-white:#e3fffe,vertical,24x36,canvas";"";"";"";"";"";"";"0";"0";"0";"0";"5";"1";"";"0";"0";"";"0000-00-00";"";"";"2";""
"";"";"18";"";"";"color,radio,color,radio";"frame,Shape,size,Type";"frame,shape,size,Type";"pine-wood:#a3afff,vertical,24x36,canvas";"";"";"";"";"";"";"0";"0";"0";"0";"5";"1";"";"0";"0";"";"0000-00-00";"";"";"2";""
"";"";"18";"";"";"color,radio,color,radio";"frame,Shape,size,Type";"frame,shape,size,Type";"none:#62ff43,vertical,30x45,canvas";"";"";"";"";"";"";"0";"0";"0";"0";"5";"1";"";"0";"0";"";"0000-00-00";"";"";"2";""
"";"";"18";"";"";"color,radio,color,radio";"frame,Shape,size,Type";"frame,shape,size,Type";"natural-wood:#ffd083,vertical,30x45,canvas";"";"";"";"";"";"";"0";"0";"0";"0";"5";"1";"";"0";"0";"";"0000-00-00";"";"";"2";""
"";"";"18";"";"";"color,radio,color,radio";"frame,Shape,size,Type";"frame,shape,size,Type";"dark-wood:#ce6600,vertical,30x45,canvas";"";"";"";"";"";"";"0";"0";"0";"0";"5";"1";"";"0";"0";"";"0000-00-00";"";"";"2";""
"";"";"18";"";"";"color,radio,color,radio";"frame,Shape,size,Type";"frame,shape,size,Type";"charcol-black:#3b1200,vertical,30x45,canvas";"";"";"";"";"";"";"0";"0";"0";"0";"5";"1";"";"0";"0";"";"0000-00-00";"";"";"2";""
"";"";"18";"";"";"color,radio,color,radio";"frame,Shape,size,Type";"frame,shape,size,Type";"charcol-white:#e3fffe,vertical,30x45,canvas";"";"";"";"";"";"";"0";"0";"0";"0";"5";"1";"";"0";"0";"";"0000-00-00";"";"";"2";""
"";"";"18";"";"";"color,radio,color,radio";"frame,Shape,size,Type";"frame,shape,size,Type";"pine-wood:#a3afff,vertical,30x45,canvas";"";"";"";"";"";"";"0";"0";"0";"0";"5";"1";"";"0";"0";"";"0000-00-00";"";"";"2";""
"";"";"18";"";"";"color,radio,color,radio";"frame,Shape,size,Type";"frame,shape,size,Type";"none:#62ff43,vertical,10x15,fine-art-paper";"";"";"";"";"";"";"0";"0";"0";"0";"5";"1";"";"0";"0";"";"0000-00-00";"";"";"2";""
"";"";"18";"";"";"color,radio,color,radio";"frame,Shape,size,Type";"frame,shape,size,Type";"natural-wood:#ffd083,vertical,10x15,fine-art-paper";"";"";"";"";"";"";"0";"0";"0";"0";"5";"1";"";"0";"0";"";"0000-00-00";"";"";"2";""
"";"";"18";"";"";"color,radio,color,radio";"frame,Shape,size,Type";"frame,shape,size,Type";"dark-wood:#ce6600,vertical,10x15,fine-art-paper";"";"";"";"";"";"";"0";"0";"0";"0";"5";"1";"";"0";"0";"";"0000-00-00";"";"";"2";""
"";"";"18";"";"";"color,radio,color,radio";"frame,Shape,size,Type";"frame,shape,size,Type";"charcol-black:#3b1200,vertical,10x15,fine-art-paper";"";"";"";"";"";"";"0";"0";"0";"0";"5";"1";"";"0";"0";"";"0000-00-00";"";"";"2";""
"";"";"18";"";"";"color,radio,color,radio";"frame,Shape,size,Type";"frame,shape,size,Type";"charcol-white:#e3fffe,vertical,10x15,fine-art-paper";"";"";"";"";"";"";"0";"0";"0";"0";"5";"1";"";"0";"0";"";"0000-00-00";"";"";"2";""
"";"";"18";"";"";"color,radio,color,radio";"frame,Shape,size,Type";"frame,shape,size,Type";"pine-wood:#a3afff,vertical,10x15,fine-art-paper";"";"";"";"";"";"";"0";"0";"0";"0";"5";"1";"";"0";"0";"";"0000-00-00";"";"";"2";""
"";"";"18";"";"";"color,radio,color,radio";"frame,Shape,size,Type";"frame,shape,size,Type";"none:#62ff43,vertical,12x18,fine-art-paper";"";"";"";"";"";"";"0";"0";"0";"0";"5";"1";"";"0";"0";"";"0000-00-00";"";"";"2";""
"";"";"18";"";"";"color,radio,color,radio";"frame,Shape,size,Type";"frame,shape,size,Type";"natural-wood:#ffd083,vertical,12x18,fine-art-paper";"";"";"";"";"";"";"0";"0";"0";"0";"5";"1";"";"0";"0";"";"0000-00-00";"";"";"2";""
"";"";"18";"";"";"color,radio,color,radio";"frame,Shape,size,Type";"frame,shape,size,Type";"dark-wood:#ce6600,vertical,12x18,fine-art-paper";"";"";"";"";"";"";"0";"0";"0";"0";"5";"1";"";"0";"0";"";"0000-00-00";"";"";"2";""
"";"";"18";"";"";"color,radio,color,radio";"frame,Shape,size,Type";"frame,shape,size,Type";"charcol-black:#3b1200,vertical,12x18,fine-art-paper";"";"";"";"";"";"";"0";"0";"0";"0";"5";"1";"";"0";"0";"";"0000-00-00";"";"";"2";""
"";"";"18";"";"";"color,radio,color,radio";"frame,Shape,size,Type";"frame,shape,size,Type";"charcol-white:#e3fffe,vertical,12x18,fine-art-paper";"";"";"";"";"";"";"0";"0";"0";"0";"5";"1";"";"0";"0";"";"0000-00-00";"";"";"2";""
"";"";"18";"";"";"color,radio,color,radio";"frame,Shape,size,Type";"frame,shape,size,Type";"pine-wood:#a3afff,vertical,12x18,fine-art-paper";"";"";"";"";"";"";"0";"0";"0";"0";"5";"1";"";"0";"0";"";"0000-00-00";"";"";"2";""
"";"";"18";"";"";"color,radio,color,radio";"frame,Shape,size,Type";"frame,shape,size,Type";"none:#62ff43,vertical,16x24,fine-art-paper";"";"";"";"";"";"";"0";"0";"0";"0";"5";"1";"";"0";"0";"";"0000-00-00";"";"";"2";""
"";"";"18";"";"";"color,radio,color,radio";"frame,Shape,size,Type";"frame,shape,size,Type";"natural-wood:#ffd083,vertical,16x24,fine-art-paper";"";"";"";"";"";"";"0";"0";"0";"0";"5";"1";"";"0";"0";"";"0000-00-00";"";"";"2";""
"";"";"18";"";"";"color,radio,color,radio";"frame,Shape,size,Type";"frame,shape,size,Type";"dark-wood:#ce6600,vertical,16x24,fine-art-paper";"";"";"";"";"";"";"0";"0";"0";"0";"5";"1";"";"0";"0";"";"0000-00-00";"";"";"2";""
"";"";"18";"";"";"color,radio,color,radio";"frame,Shape,size,Type";"frame,shape,size,Type";"charcol-black:#3b1200,vertical,16x24,fine-art-paper";"";"";"";"";"";"";"0";"0";"0";"0";"5";"1";"";"0";"0";"";"0000-00-00";"";"";"2";""
"";"";"18";"";"";"color,radio,color,radio";"frame,Shape,size,Type";"frame,shape,size,Type";"charcol-white:#e3fffe,vertical,16x24,fine-art-paper";"";"";"";"";"";"";"0";"0";"0";"0";"5";"1";"";"0";"0";"";"0000-00-00";"";"";"2";""
"";"";"18";"";"";"color,radio,color,radio";"frame,Shape,size,Type";"frame,shape,size,Type";"pine-wood:#a3afff,vertical,16x24,fine-art-paper";"";"";"";"";"";"";"0";"0";"0";"0";"5";"1";"";"0";"0";"";"0000-00-00";"";"";"2";""
"";"";"18";"";"";"color,radio,color,radio";"frame,Shape,size,Type";"frame,shape,size,Type";"none:#62ff43,vertical,20x30,fine-art-paper";"";"";"";"";"";"";"0";"0";"0";"0";"5";"1";"";"0";"0";"";"0000-00-00";"";"";"2";""
"";"";"18";"";"";"color,radio,color,radio";"frame,Shape,size,Type";"frame,shape,size,Type";"natural-wood:#ffd083,vertical,20x30,fine-art-paper";"";"";"";"";"";"";"0";"0";"0";"0";"5";"1";"";"0";"0";"";"0000-00-00";"";"";"2";""
"";"";"18";"";"";"color,radio,color,radio";"frame,Shape,size,Type";"frame,shape,size,Type";"dark-wood:#ce6600,vertical,20x30,fine-art-paper";"";"";"";"";"";"";"0";"0";"0";"0";"5";"1";"";"0";"0";"";"0000-00-00";"";"";"2";""
"";"";"18";"";"";"color,radio,color,radio";"frame,Shape,size,Type";"frame,shape,size,Type";"charcol-black:#3b1200,vertical,20x30,fine-art-paper";"";"";"";"";"";"";"0";"0";"0";"0";"5";"1";"";"0";"0";"";"0000-00-00";"";"";"2";""
"";"";"18";"";"";"color,radio,color,radio";"frame,Shape,size,Type";"frame,shape,size,Type";"charcol-white:#e3fffe,vertical,20x30,fine-art-paper";"";"";"";"";"";"";"0";"0";"0";"0";"5";"1";"";"0";"0";"";"0000-00-00";"";"";"2";""
"";"";"18";"";"";"color,radio,color,radio";"frame,Shape,size,Type";"frame,shape,size,Type";"pine-wood:#a3afff,vertical,20x30,fine-art-paper";"";"";"";"";"";"";"0";"0";"0";"0";"5";"1";"";"0";"0";"";"0000-00-00";"";"";"2";""
"";"";"18";"";"";"color,radio,color,radio";"frame,Shape,size,Type";"frame,shape,size,Type";"none:#62ff43,vertical,24x36,fine-art-paper";"";"";"";"";"";"";"0";"0";"0";"0";"5";"1";"";"0";"0";"";"0000-00-00";"";"";"2";""
"";"";"18";"";"";"color,radio,color,radio";"frame,Shape,size,Type";"frame,shape,size,Type";"natural-wood:#ffd083,vertical,24x36,fine-art-paper";"";"";"";"";"";"";"0";"0";"0";"0";"5";"1";"";"0";"0";"";"0000-00-00";"";"";"2";""
"";"";"18";"";"";"color,radio,color,radio";"frame,Shape,size,Type";"frame,shape,size,Type";"dark-wood:#ce6600,vertical,24x36,fine-art-paper";"";"";"";"";"";"";"0";"0";"0";"0";"5";"1";"";"0";"0";"";"0000-00-00";"";"";"2";""
"";"";"18";"";"";"color,radio,color,radio";"frame,Shape,size,Type";"frame,shape,size,Type";"charcol-black:#3b1200,vertical,24x36,fine-art-paper";"";"";"";"";"";"";"0";"0";"0";"0";"5";"1";"";"0";"0";"";"0000-00-00";"";"";"2";""
"";"";"18";"";"";"color,radio,color,radio";"frame,Shape,size,Type";"frame,shape,size,Type";"charcol-white:#e3fffe,vertical,24x36,fine-art-paper";"";"";"";"";"";"";"0";"0";"0";"0";"5";"1";"";"0";"0";"";"0000-00-00";"";"";"2";""
"";"";"18";"";"";"color,radio,color,radio";"frame,Shape,size,Type";"frame,shape,size,Type";"pine-wood:#a3afff,vertical,24x36,fine-art-paper";"";"";"";"";"";"";"0";"0";"0";"0";"5";"1";"";"0";"0";"";"0000-00-00";"";"";"2";""
"";"";"18";"";"";"color,radio,color,radio";"frame,Shape,size,Type";"frame,shape,size,Type";"none:#62ff43,vertical,30x45,fine-art-paper";"";"";"";"";"";"";"0";"0";"0";"0";"5";"1";"";"0";"0";"";"0000-00-00";"";"";"2";""
"";"";"18";"";"";"color,radio,color,radio";"frame,Shape,size,Type";"frame,shape,size,Type";"natural-wood:#ffd083,vertical,30x45,fine-art-paper";"";"";"";"";"";"";"0";"0";"0";"0";"5";"1";"";"0";"0";"";"0000-00-00";"";"";"2";""
"";"";"18";"";"";"color,radio,color,radio";"frame,Shape,size,Type";"frame,shape,size,Type";"dark-wood:#ce6600,vertical,30x45,fine-art-paper";"";"";"";"";"";"";"0";"0";"0";"0";"5";"1";"";"0";"0";"";"0000-00-00";"";"";"2";""
"";"";"18";"";"";"color,radio,color,radio";"frame,Shape,size,Type";"frame,shape,size,Type";"charcol-black:#3b1200,vertical,30x45,fine-art-paper";"";"";"";"";"";"";"0";"0";"0";"0";"5";"1";"";"0";"0";"";"0000-00-00";"";"";"2";""
"";"";"18";"";"";"color,radio,color,radio";"frame,Shape,size,Type";"frame,shape,size,Type";"charcol-white:#e3fffe,vertical,30x45,fine-art-paper";"";"";"";"";"";"";"0";"0";"0";"0";"5";"1";"";"0";"0";"";"0000-00-00";"";"";"2";""
"";"";"18";"";"";"color,radio,color,radio";"frame,Shape,size,Type";"frame,shape,size,Type";"pine-wood:#a3afff,vertical,30x45,fine-art-paper";"";"";"";"";"";"";"0";"0";"0";"0";"5";"1";"";"0";"0";"";"0000-00-00";"";"";"2";""
"";"";"21";"";"";"color,radio,color,radio";"frame,Shape,size,Type";"frame,shape,size,Type";"none:#62ff43,vertical,10x15,canvas";"";"";"";"";"";"";"0";"0";"0";"0";"5";"1";"";"0";"0";"1";"0000-00-00";"";"";"2";""
"";"";"21";"";"";"color,radio,color,radio";"frame,Shape,size,Type";"frame,shape,size,Type";"natural-wood:#ffd083,vertical,10x15,canvas";"";"";"";"";"";"";"0";"0";"0";"0";"5";"1";"";"0";"0";"";"0000-00-00";"";"";"2";""
"";"";"21";"";"";"color,radio,color,radio";"frame,Shape,size,Type";"frame,shape,size,Type";"dark-wood:#ce6600,vertical,10x15,canvas";"";"";"";"";"";"";"0";"0";"0";"0";"5";"1";"";"0";"0";"";"0000-00-00";"";"";"2";""
"";"";"21";"";"";"color,radio,color,radio";"frame,Shape,size,Type";"frame,shape,size,Type";"charcol-black:#3b1200,vertical,10x15,canvas";"";"";"";"";"";"";"0";"0";"0";"0";"5";"1";"";"0";"0";"";"0000-00-00";"";"";"2";""
"";"";"21";"";"";"color,radio,color,radio";"frame,Shape,size,Type";"frame,shape,size,Type";"charcol-white:#e3fffe,vertical,10x15,canvas";"";"";"";"";"";"";"0";"0";"0";"0";"5";"1";"";"0";"0";"";"0000-00-00";"";"";"2";""
"";"";"21";"";"";"color,radio,color,radio";"frame,Shape,size,Type";"frame,shape,size,Type";"pine-wood:#a3afff,vertical,10x15,canvas";"";"";"";"";"";"";"0";"0";"0";"0";"5";"1";"";"0";"0";"";"0000-00-00";"";"";"2";""
"";"";"21";"";"";"color,radio,color,radio";"frame,Shape,size,Type";"frame,shape,size,Type";"none:#62ff43,vertical,12x18,canvas";"";"";"";"";"";"";"0";"0";"0";"0";"5";"1";"";"0";"0";"";"0000-00-00";"";"";"2";""
"";"";"21";"";"";"color,radio,color,radio";"frame,Shape,size,Type";"frame,shape,size,Type";"natural-wood:#ffd083,vertical,12x18,canvas";"";"";"";"";"";"";"0";"0";"0";"0";"5";"1";"";"0";"0";"";"0000-00-00";"";"";"2";""
"";"";"21";"";"";"color,radio,color,radio";"frame,Shape,size,Type";"frame,shape,size,Type";"dark-wood:#ce6600,vertical,12x18,canvas";"";"";"";"";"";"";"0";"0";"0";"0";"5";"1";"";"0";"0";"";"0000-00-00";"";"";"2";""
"";"";"21";"";"";"color,radio,color,radio";"frame,Shape,size,Type";"frame,shape,size,Type";"charcol-black:#3b1200,vertical,12x18,canvas";"";"";"";"";"";"";"0";"0";"0";"0";"5";"1";"";"0";"0";"";"0000-00-00";"";"";"2";""
"";"";"21";"";"";"color,radio,color,radio";"frame,Shape,size,Type";"frame,shape,size,Type";"charcol-white:#e3fffe,vertical,12x18,canvas";"";"";"";"";"";"";"0";"0";"0";"0";"5";"1";"";"0";"0";"";"0000-00-00";"";"";"2";""
"";"";"21";"";"";"color,radio,color,radio";"frame,Shape,size,Type";"frame,shape,size,Type";"pine-wood:#a3afff,vertical,12x18,canvas";"";"";"";"";"";"";"0";"0";"0";"0";"5";"1";"";"0";"0";"";"0000-00-00";"";"";"2";""
"";"";"21";"";"";"color,radio,color,radio";"frame,Shape,size,Type";"frame,shape,size,Type";"none:#62ff43,vertical,16x24,canvas";"";"";"";"";"";"";"0";"0";"0";"0";"5";"1";"";"0";"0";"";"0000-00-00";"";"";"2";""
"";"";"21";"";"";"color,radio,color,radio";"frame,Shape,size,Type";"frame,shape,size,Type";"natural-wood:#ffd083,vertical,16x24,canvas";"";"";"";"";"";"";"0";"0";"0";"0";"5";"1";"";"0";"0";"";"0000-00-00";"";"";"2";""
"";"";"21";"";"";"color,radio,color,radio";"frame,Shape,size,Type";"frame,shape,size,Type";"dark-wood:#ce6600,vertical,16x24,canvas";"";"";"";"";"";"";"0";"0";"0";"0";"5";"1";"";"0";"0";"";"0000-00-00";"";"";"2";""
"";"";"21";"";"";"color,radio,color,radio";"frame,Shape,size,Type";"frame,shape,size,Type";"charcol-black:#3b1200,vertical,16x24,canvas";"";"";"";"";"";"";"0";"0";"0";"0";"5";"1";"";"0";"0";"";"0000-00-00";"";"";"2";""
"";"";"21";"";"";"color,radio,color,radio";"frame,Shape,size,Type";"frame,shape,size,Type";"charcol-white:#e3fffe,vertical,16x24,canvas";"";"";"";"";"";"";"0";"0";"0";"0";"5";"1";"";"0";"0";"";"0000-00-00";"";"";"2";""
"";"";"21";"";"";"color,radio,color,radio";"frame,Shape,size,Type";"frame,shape,size,Type";"pine-wood:#a3afff,vertical,16x24,canvas";"";"";"";"";"";"";"0";"0";"0";"0";"5";"1";"";"0";"0";"";"0000-00-00";"";"";"2";""
"";"";"21";"";"";"color,radio,color,radio";"frame,Shape,size,Type";"frame,shape,size,Type";"none:#62ff43,vertical,20x30,canvas";"";"";"";"";"";"";"0";"0";"0";"0";"5";"1";"";"0";"0";"";"0000-00-00";"";"";"2";""
"";"";"21";"";"";"color,radio,color,radio";"frame,Shape,size,Type";"frame,shape,size,Type";"natural-wood:#ffd083,vertical,20x30,canvas";"";"";"";"";"";"";"0";"0";"0";"0";"5";"1";"";"0";"0";"";"0000-00-00";"";"";"2";""
"";"";"21";"";"";"color,radio,color,radio";"frame,Shape,size,Type";"frame,shape,size,Type";"dark-wood:#ce6600,vertical,20x30,canvas";"";"";"";"";"";"";"0";"0";"0";"0";"5";"1";"";"0";"0";"";"0000-00-00";"";"";"2";""
"";"";"21";"";"";"color,radio,color,radio";"frame,Shape,size,Type";"frame,shape,size,Type";"charcol-black:#3b1200,vertical,20x30,canvas";"";"";"";"";"";"";"0";"0";"0";"0";"5";"1";"";"0";"0";"";"0000-00-00";"";"";"2";""
"";"";"21";"";"";"color,radio,color,radio";"frame,Shape,size,Type";"frame,shape,size,Type";"charcol-white:#e3fffe,vertical,20x30,canvas";"";"";"";"";"";"";"0";"0";"0";"0";"5";"1";"";"0";"0";"";"0000-00-00";"";"";"2";""
"";"";"21";"";"";"color,radio,color,radio";"frame,Shape,size,Type";"frame,shape,size,Type";"pine-wood:#a3afff,vertical,20x30,canvas";"";"";"";"";"";"";"0";"0";"0";"0";"5";"1";"";"0";"0";"";"0000-00-00";"";"";"2";""
"";"";"21";"";"";"color,radio,color,radio";"frame,Shape,size,Type";"frame,shape,size,Type";"none:#62ff43,vertical,24x36,canvas";"";"";"";"";"";"";"0";"0";"0";"0";"5";"1";"";"0";"0";"";"0000-00-00";"";"";"2";""
"";"";"21";"";"";"color,radio,color,radio";"frame,Shape,size,Type";"frame,shape,size,Type";"natural-wood:#ffd083,vertical,24x36,canvas";"";"";"";"";"";"";"0";"0";"0";"0";"5";"1";"";"0";"0";"";"0000-00-00";"";"";"2";""
"";"";"21";"";"";"color,radio,color,radio";"frame,Shape,size,Type";"frame,shape,size,Type";"dark-wood:#ce6600,vertical,24x36,canvas";"";"";"";"";"";"";"0";"0";"0";"0";"5";"1";"";"0";"0";"";"0000-00-00";"";"";"2";""
"";"";"21";"";"";"color,radio,color,radio";"frame,Shape,size,Type";"frame,shape,size,Type";"charcol-black:#3b1200,vertical,24x36,canvas";"";"";"";"";"";"";"0";"0";"0";"0";"5";"1";"";"0";"0";"";"0000-00-00";"";"";"2";""
"";"";"21";"";"";"color,radio,color,radio";"frame,Shape,size,Type";"frame,shape,size,Type";"charcol-white:#e3fffe,vertical,24x36,canvas";"";"";"";"";"";"";"0";"0";"0";"0";"5";"1";"";"0";"0";"";"0000-00-00";"";"";"2";""
"";"";"21";"";"";"color,radio,color,radio";"frame,Shape,size,Type";"frame,shape,size,Type";"pine-wood:#a3afff,vertical,24x36,canvas";"";"";"";"";"";"";"0";"0";"0";"0";"5";"1";"";"0";"0";"";"0000-00-00";"";"";"2";""
"";"";"21";"";"";"color,radio,color,radio";"frame,Shape,size,Type";"frame,shape,size,Type";"none:#62ff43,vertical,30x45,canvas";"";"";"";"";"";"";"0";"0";"0";"0";"5";"1";"";"0";"0";"";"0000-00-00";"";"";"2";""
"";"";"21";"";"";"color,radio,color,radio";"frame,Shape,size,Type";"frame,shape,size,Type";"natural-wood:#ffd083,vertical,30x45,canvas";"";"";"";"";"";"";"0";"0";"0";"0";"5";"1";"";"0";"0";"";"0000-00-00";"";"";"2";""
"";"";"21";"";"";"color,radio,color,radio";"frame,Shape,size,Type";"frame,shape,size,Type";"dark-wood:#ce6600,vertical,30x45,canvas";"";"";"";"";"";"";"0";"0";"0";"0";"5";"1";"";"0";"0";"";"0000-00-00";"";"";"2";""
"";"";"21";"";"";"color,radio,color,radio";"frame,Shape,size,Type";"frame,shape,size,Type";"charcol-black:#3b1200,vertical,30x45,canvas";"";"";"";"";"";"";"0";"0";"0";"0";"5";"1";"";"0";"0";"";"0000-00-00";"";"";"2";""
"";"";"21";"";"";"color,radio,color,radio";"frame,Shape,size,Type";"frame,shape,size,Type";"charcol-white:#e3fffe,vertical,30x45,canvas";"";"";"";"";"";"";"0";"0";"0";"0";"5";"1";"";"0";"0";"";"0000-00-00";"";"";"2";""
"";"";"21";"";"";"color,radio,color,radio";"frame,Shape,size,Type";"frame,shape,size,Type";"pine-wood:#a3afff,vertical,30x45,canvas";"";"";"";"";"";"";"0";"0";"0";"0";"5";"1";"";"0";"0";"";"0000-00-00";"";"";"2";""
"";"";"21";"";"";"color,radio,color,radio";"frame,Shape,size,Type";"frame,shape,size,Type";"none:#62ff43,vertical,10x15,fine-art-paper";"";"";"";"";"";"";"0";"0";"0";"0";"5";"1";"";"0";"0";"";"0000-00-00";"";"";"2";""
"";"";"21";"";"";"color,radio,color,radio";"frame,Shape,size,Type";"frame,shape,size,Type";"natural-wood:#ffd083,vertical,10x15,fine-art-paper";"";"";"";"";"";"";"0";"0";"0";"0";"5";"1";"";"0";"0";"";"0000-00-00";"";"";"2";""
"";"";"21";"";"";"color,radio,color,radio";"frame,Shape,size,Type";"frame,shape,size,Type";"dark-wood:#ce6600,vertical,10x15,fine-art-paper";"";"";"";"";"";"";"0";"0";"0";"0";"5";"1";"";"0";"0";"";"0000-00-00";"";"";"2";""
"";"";"21";"";"";"color,radio,color,radio";"frame,Shape,size,Type";"frame,shape,size,Type";"charcol-black:#3b1200,vertical,10x15,fine-art-paper";"";"";"";"";"";"";"0";"0";"0";"0";"5";"1";"";"0";"0";"";"0000-00-00";"";"";"2";""
"";"";"21";"";"";"color,radio,color,radio";"frame,Shape,size,Type";"frame,shape,size,Type";"charcol-white:#e3fffe,vertical,10x15,fine-art-paper";"";"";"";"";"";"";"0";"0";"0";"0";"5";"1";"";"0";"0";"";"0000-00-00";"";"";"2";""
"";"";"21";"";"";"color,radio,color,radio";"frame,Shape,size,Type";"frame,shape,size,Type";"pine-wood:#a3afff,vertical,10x15,fine-art-paper";"";"";"";"";"";"";"0";"0";"0";"0";"5";"1";"";"0";"0";"";"0000-00-00";"";"";"2";""
"";"";"21";"";"";"color,radio,color,radio";"frame,Shape,size,Type";"frame,shape,size,Type";"none:#62ff43,vertical,12x18,fine-art-paper";"";"";"";"";"";"";"0";"0";"0";"0";"5";"1";"";"0";"0";"";"0000-00-00";"";"";"2";""
"";"";"21";"";"";"color,radio,color,radio";"frame,Shape,size,Type";"frame,shape,size,Type";"natural-wood:#ffd083,vertical,12x18,fine-art-paper";"";"";"";"";"";"";"0";"0";"0";"0";"5";"1";"";"0";"0";"";"0000-00-00";"";"";"2";""
"";"";"21";"";"";"color,radio,color,radio";"frame,Shape,size,Type";"frame,shape,size,Type";"dark-wood:#ce6600,vertical,12x18,fine-art-paper";"";"";"";"";"";"";"0";"0";"0";"0";"5";"1";"";"0";"0";"";"0000-00-00";"";"";"2";""
"";"";"21";"";"";"color,radio,color,radio";"frame,Shape,size,Type";"frame,shape,size,Type";"charcol-black:#3b1200,vertical,12x18,fine-art-paper";"";"";"";"";"";"";"0";"0";"0";"0";"5";"1";"";"0";"0";"";"0000-00-00";"";"";"2";""
"";"";"21";"";"";"color,radio,color,radio";"frame,Shape,size,Type";"frame,shape,size,Type";"charcol-white:#e3fffe,vertical,12x18,fine-art-paper";"";"";"";"";"";"";"0";"0";"0";"0";"5";"1";"";"0";"0";"";"0000-00-00";"";"";"2";""
"";"";"21";"";"";"color,radio,color,radio";"frame,Shape,size,Type";"frame,shape,size,Type";"pine-wood:#a3afff,vertical,12x18,fine-art-paper";"";"";"";"";"";"";"0";"0";"0";"0";"5";"1";"";"0";"0";"";"0000-00-00";"";"";"2";""
"";"";"21";"";"";"color,radio,color,radio";"frame,Shape,size,Type";"frame,shape,size,Type";"none:#62ff43,vertical,16x24,fine-art-paper";"";"";"";"";"";"";"0";"0";"0";"0";"5";"1";"";"0";"0";"";"0000-00-00";"";"";"2";""
"";"";"21";"";"";"color,radio,color,radio";"frame,Shape,size,Type";"frame,shape,size,Type";"natural-wood:#ffd083,vertical,16x24,fine-art-paper";"";"";"";"";"";"";"0";"0";"0";"0";"5";"1";"";"0";"0";"";"0000-00-00";"";"";"2";""
"";"";"21";"";"";"color,radio,color,radio";"frame,Shape,size,Type";"frame,shape,size,Type";"dark-wood:#ce6600,vertical,16x24,fine-art-paper";"";"";"";"";"";"";"0";"0";"0";"0";"5";"1";"";"0";"0";"";"0000-00-00";"";"";"2";""
"";"";"21";"";"";"color,radio,color,radio";"frame,Shape,size,Type";"frame,shape,size,Type";"charcol-black:#3b1200,vertical,16x24,fine-art-paper";"";"";"";"";"";"";"0";"0";"0";"0";"5";"1";"";"0";"0";"";"0000-00-00";"";"";"2";""
"";"";"21";"";"";"color,radio,color,radio";"frame,Shape,size,Type";"frame,shape,size,Type";"charcol-white:#e3fffe,vertical,16x24,fine-art-paper";"";"";"";"";"";"";"0";"0";"0";"0";"5";"1";"";"0";"0";"";"0000-00-00";"";"";"2";""
"";"";"21";"";"";"color,radio,color,radio";"frame,Shape,size,Type";"frame,shape,size,Type";"pine-wood:#a3afff,vertical,16x24,fine-art-paper";"";"";"";"";"";"";"0";"0";"0";"0";"5";"1";"";"0";"0";"";"0000-00-00";"";"";"2";""
"";"";"21";"";"";"color,radio,color,radio";"frame,Shape,size,Type";"frame,shape,size,Type";"none:#62ff43,vertical,20x30,fine-art-paper";"";"";"";"";"";"";"0";"0";"0";"0";"5";"1";"";"0";"0";"";"0000-00-00";"";"";"2";""
"";"";"21";"";"";"color,radio,color,radio";"frame,Shape,size,Type";"frame,shape,size,Type";"natural-wood:#ffd083,vertical,20x30,fine-art-paper";"";"";"";"";"";"";"0";"0";"0";"0";"5";"1";"";"0";"0";"";"0000-00-00";"";"";"2";""
"";"";"21";"";"";"color,radio,color,radio";"frame,Shape,size,Type";"frame,shape,size,Type";"dark-wood:#ce6600,vertical,20x30,fine-art-paper";"";"";"";"";"";"";"0";"0";"0";"0";"5";"1";"";"0";"0";"";"0000-00-00";"";"";"2";""
"";"";"21";"";"";"color,radio,color,radio";"frame,Shape,size,Type";"frame,shape,size,Type";"charcol-black:#3b1200,vertical,20x30,fine-art-paper";"";"";"";"";"";"";"0";"0";"0";"0";"5";"1";"";"0";"0";"";"0000-00-00";"";"";"2";""
"";"";"21";"";"";"color,radio,color,radio";"frame,Shape,size,Type";"frame,shape,size,Type";"charcol-white:#e3fffe,vertical,20x30,fine-art-paper";"";"";"";"";"";"";"0";"0";"0";"0";"5";"1";"";"0";"0";"";"0000-00-00";"";"";"2";""
"";"";"21";"";"";"color,radio,color,radio";"frame,Shape,size,Type";"frame,shape,size,Type";"pine-wood:#a3afff,vertical,20x30,fine-art-paper";"";"";"";"";"";"";"0";"0";"0";"0";"5";"1";"";"0";"0";"";"0000-00-00";"";"";"2";""
"";"";"21";"";"";"color,radio,color,radio";"frame,Shape,size,Type";"frame,shape,size,Type";"none:#62ff43,vertical,24x36,fine-art-paper";"";"";"";"";"";"";"0";"0";"0";"0";"5";"1";"";"0";"0";"";"0000-00-00";"";"";"2";""
"";"";"21";"";"";"color,radio,color,radio";"frame,Shape,size,Type";"frame,shape,size,Type";"natural-wood:#ffd083,vertical,24x36,fine-art-paper";"";"";"";"";"";"";"0";"0";"0";"0";"5";"1";"";"0";"0";"";"0000-00-00";"";"";"2";""
"";"";"21";"";"";"color,radio,color,radio";"frame,Shape,size,Type";"frame,shape,size,Type";"dark-wood:#ce6600,vertical,24x36,fine-art-paper";"";"";"";"";"";"";"0";"0";"0";"0";"5";"1";"";"0";"0";"";"0000-00-00";"";"";"2";""
"";"";"21";"";"";"color,radio,color,radio";"frame,Shape,size,Type";"frame,shape,size,Type";"charcol-black:#3b1200,vertical,24x36,fine-art-paper";"";"";"";"";"";"";"0";"0";"0";"0";"5";"1";"";"0";"0";"";"0000-00-00";"";"";"2";""
"";"";"21";"";"";"color,radio,color,radio";"frame,Shape,size,Type";"frame,shape,size,Type";"charcol-white:#e3fffe,vertical,24x36,fine-art-paper";"";"";"";"";"";"";"0";"0";"0";"0";"5";"1";"";"0";"0";"";"0000-00-00";"";"";"2";""
"";"";"21";"";"";"color,radio,color,radio";"frame,Shape,size,Type";"frame,shape,size,Type";"pine-wood:#a3afff,vertical,24x36,fine-art-paper";"";"";"";"";"";"";"0";"0";"0";"0";"5";"1";"";"0";"0";"";"0000-00-00";"";"";"2";""
"";"";"21";"";"";"color,radio,color,radio";"frame,Shape,size,Type";"frame,shape,size,Type";"none:#62ff43,vertical,30x45,fine-art-paper";"";"";"";"";"";"";"0";"0";"0";"0";"5";"1";"";"0";"0";"";"0000-00-00";"";"";"2";""
"";"";"21";"";"";"color,radio,color,radio";"frame,Shape,size,Type";"frame,shape,size,Type";"natural-wood:#ffd083,vertical,30x45,fine-art-paper";"";"";"";"";"";"";"0";"0";"0";"0";"5";"1";"";"0";"0";"";"0000-00-00";"";"";"2";""
"";"";"21";"";"";"color,radio,color,radio";"frame,Shape,size,Type";"frame,shape,size,Type";"dark-wood:#ce6600,vertical,30x45,fine-art-paper";"";"";"";"";"";"";"0";"0";"0";"0";"5";"1";"";"0";"0";"";"0000-00-00";"";"";"2";""
"";"";"21";"";"";"color,radio,color,radio";"frame,Shape,size,Type";"frame,shape,size,Type";"charcol-black:#3b1200,vertical,30x45,fine-art-paper";"";"";"";"";"";"";"0";"0";"0";"0";"5";"1";"";"0";"0";"";"0000-00-00";"";"";"2";""
"";"";"21";"";"";"color,radio,color,radio";"frame,Shape,size,Type";"frame,shape,size,Type";"charcol-white:#e3fffe,vertical,30x45,fine-art-paper";"";"";"";"";"";"";"0";"0";"0";"0";"5";"1";"";"0";"0";"";"0000-00-00";"";"";"2";""
"";"";"21";"";"";"color,radio,color,radio";"frame,Shape,size,Type";"frame,shape,size,Type";"pine-wood:#a3afff,vertical,30x45,fine-art-paper";"";"";"";"";"";"";"0";"0";"0";"0";"5";"1";"";"0";"0";"";"0000-00-00";"";"";"2";""
"";"";"24";"";"";"color,radio,color,radio";"frame,Shape,size,Type";"frame,shape,size,Type";"none:#62ff43,vertical,10x15,canvas";"";"";"";"";"";"";"0";"0";"0";"0";"5";"1";"";"0";"0";"1";"0000-00-00";"";"";"2";""
"";"";"24";"";"";"color,radio,color,radio";"frame,Shape,size,Type";"frame,shape,size,Type";"natural-wood:#ffd083,vertical,10x15,canvas";"";"";"";"";"";"";"0";"0";"0";"0";"5";"1";"";"0";"0";"";"0000-00-00";"";"";"2";""
"";"";"24";"";"";"color,radio,color,radio";"frame,Shape,size,Type";"frame,shape,size,Type";"dark-wood:#ce6600,vertical,10x15,canvas";"";"";"";"";"";"";"0";"0";"0";"0";"5";"1";"";"0";"0";"";"0000-00-00";"";"";"2";""
"";"";"24";"";"";"color,radio,color,radio";"frame,Shape,size,Type";"frame,shape,size,Type";"charcol-black:#3b1200,vertical,10x15,canvas";"";"";"";"";"";"";"0";"0";"0";"0";"5";"1";"";"0";"0";"";"0000-00-00";"";"";"2";""
"";"";"24";"";"";"color,radio,color,radio";"frame,Shape,size,Type";"frame,shape,size,Type";"charcol-white:#e3fffe,vertical,10x15,canvas";"";"";"";"";"";"";"0";"0";"0";"0";"5";"1";"";"0";"0";"";"0000-00-00";"";"";"2";""
"";"";"24";"";"";"color,radio,color,radio";"frame,Shape,size,Type";"frame,shape,size,Type";"pine-wood:#a3afff,vertical,10x15,canvas";"";"";"";"";"";"";"0";"0";"0";"0";"5";"1";"";"0";"0";"";"0000-00-00";"";"";"2";""
"";"";"24";"";"";"color,radio,color,radio";"frame,Shape,size,Type";"frame,shape,size,Type";"none:#62ff43,vertical,12x18,canvas";"";"";"";"";"";"";"0";"0";"0";"0";"5";"1";"";"0";"0";"";"0000-00-00";"";"";"2";""
"";"";"24";"";"";"color,radio,color,radio";"frame,Shape,size,Type";"frame,shape,size,Type";"natural-wood:#ffd083,vertical,12x18,canvas";"";"";"";"";"";"";"0";"0";"0";"0";"5";"1";"";"0";"0";"";"0000-00-00";"";"";"2";""
"";"";"24";"";"";"color,radio,color,radio";"frame,Shape,size,Type";"frame,shape,size,Type";"dark-wood:#ce6600,vertical,12x18,canvas";"";"";"";"";"";"";"0";"0";"0";"0";"5";"1";"";"0";"0";"";"0000-00-00";"";"";"2";""
"";"";"24";"";"";"color,radio,color,radio";"frame,Shape,size,Type";"frame,shape,size,Type";"charcol-black:#3b1200,vertical,12x18,canvas";"";"";"";"";"";"";"0";"0";"0";"0";"5";"1";"";"0";"0";"";"0000-00-00";"";"";"2";""
"";"";"24";"";"";"color,radio,color,radio";"frame,Shape,size,Type";"frame,shape,size,Type";"charcol-white:#e3fffe,vertical,12x18,canvas";"";"";"";"";"";"";"0";"0";"0";"0";"5";"1";"";"0";"0";"";"0000-00-00";"";"";"2";""
"";"";"24";"";"";"color,radio,color,radio";"frame,Shape,size,Type";"frame,shape,size,Type";"pine-wood:#a3afff,vertical,12x18,canvas";"";"";"";"";"";"";"0";"0";"0";"0";"5";"1";"";"0";"0";"";"0000-00-00";"";"";"2";""
"";"";"24";"";"";"color,radio,color,radio";"frame,Shape,size,Type";"frame,shape,size,Type";"none:#62ff43,vertical,16x24,canvas";"";"";"";"";"";"";"0";"0";"0";"0";"5";"1";"";"0";"0";"";"0000-00-00";"";"";"2";""
"";"";"24";"";"";"color,radio,color,radio";"frame,Shape,size,Type";"frame,shape,size,Type";"natural-wood:#ffd083,vertical,16x24,canvas";"";"";"";"";"";"";"0";"0";"0";"0";"5";"1";"";"0";"0";"";"0000-00-00";"";"";"2";""
"";"";"24";"";"";"color,radio,color,radio";"frame,Shape,size,Type";"frame,shape,size,Type";"dark-wood:#ce6600,vertical,16x24,canvas";"";"";"";"";"";"";"0";"0";"0";"0";"5";"1";"";"0";"0";"";"0000-00-00";"";"";"2";""
"";"";"24";"";"";"color,radio,color,radio";"frame,Shape,size,Type";"frame,shape,size,Type";"charcol-black:#3b1200,vertical,16x24,canvas";"";"";"";"";"";"";"0";"0";"0";"0";"5";"1";"";"0";"0";"";"0000-00-00";"";"";"2";""
"";"";"24";"";"";"color,radio,color,radio";"frame,Shape,size,Type";"frame,shape,size,Type";"charcol-white:#e3fffe,vertical,16x24,canvas";"";"";"";"";"";"";"0";"0";"0";"0";"5";"1";"";"0";"0";"";"0000-00-00";"";"";"2";""
"";"";"24";"";"";"color,radio,color,radio";"frame,Shape,size,Type";"frame,shape,size,Type";"pine-wood:#a3afff,vertical,16x24,canvas";"";"";"";"";"";"";"0";"0";"0";"0";"5";"1";"";"0";"0";"";"0000-00-00";"";"";"2";""
"";"";"24";"";"";"color,radio,color,radio";"frame,Shape,size,Type";"frame,shape,size,Type";"none:#62ff43,vertical,20x30,canvas";"";"";"";"";"";"";"0";"0";"0";"0";"5";"1";"";"0";"0";"";"0000-00-00";"";"";"2";""
"";"";"24";"";"";"color,radio,color,radio";"frame,Shape,size,Type";"frame,shape,size,Type";"natural-wood:#ffd083,vertical,20x30,canvas";"";"";"";"";"";"";"0";"0";"0";"0";"5";"1";"";"0";"0";"";"0000-00-00";"";"";"2";""
"";"";"24";"";"";"color,radio,color,radio";"frame,Shape,size,Type";"frame,shape,size,Type";"dark-wood:#ce6600,vertical,20x30,canvas";"";"";"";"";"";"";"0";"0";"0";"0";"5";"1";"";"0";"0";"";"0000-00-00";"";"";"2";""
"";"";"24";"";"";"color,radio,color,radio";"frame,Shape,size,Type";"frame,shape,size,Type";"charcol-black:#3b1200,vertical,20x30,canvas";"";"";"";"";"";"";"0";"0";"0";"0";"5";"1";"";"0";"0";"";"0000-00-00";"";"";"2";""
"";"";"24";"";"";"color,radio,color,radio";"frame,Shape,size,Type";"frame,shape,size,Type";"charcol-white:#e3fffe,vertical,20x30,canvas";"";"";"";"";"";"";"0";"0";"0";"0";"5";"1";"";"0";"0";"";"0000-00-00";"";"";"2";""
"";"";"24";"";"";"color,radio,color,radio";"frame,Shape,size,Type";"frame,shape,size,Type";"pine-wood:#a3afff,vertical,20x30,canvas";"";"";"";"";"";"";"0";"0";"0";"0";"5";"1";"";"0";"0";"";"0000-00-00";"";"";"2";""
"";"";"24";"";"";"color,radio,color,radio";"frame,Shape,size,Type";"frame,shape,size,Type";"none:#62ff43,vertical,24x36,canvas";"";"";"";"";"";"";"0";"0";"0";"0";"5";"1";"";"0";"0";"";"0000-00-00";"";"";"2";""
"";"";"24";"";"";"color,radio,color,radio";"frame,Shape,size,Type";"frame,shape,size,Type";"natural-wood:#ffd083,vertical,24x36,canvas";"";"";"";"";"";"";"0";"0";"0";"0";"5";"1";"";"0";"0";"";"0000-00-00";"";"";"2";""
"";"";"24";"";"";"color,radio,color,radio";"frame,Shape,size,Type";"frame,shape,size,Type";"dark-wood:#ce6600,vertical,24x36,canvas";"";"";"";"";"";"";"0";"0";"0";"0";"5";"1";"";"0";"0";"";"0000-00-00";"";"";"2";""
"";"";"24";"";"";"color,radio,color,radio";"frame,Shape,size,Type";"frame,shape,size,Type";"charcol-black:#3b1200,vertical,24x36,canvas";"";"";"";"";"";"";"0";"0";"0";"0";"5";"1";"";"0";"0";"";"0000-00-00";"";"";"2";""
"";"";"24";"";"";"color,radio,color,radio";"frame,Shape,size,Type";"frame,shape,size,Type";"charcol-white:#e3fffe,vertical,24x36,canvas";"";"";"";"";"";"";"0";"0";"0";"0";"5";"1";"";"0";"0";"";"0000-00-00";"";"";"2";""
"";"";"24";"";"";"color,radio,color,radio";"frame,Shape,size,Type";"frame,shape,size,Type";"pine-wood:#a3afff,vertical,24x36,canvas";"";"";"";"";"";"";"0";"0";"0";"0";"5";"1";"";"0";"0";"";"0000-00-00";"";"";"2";""
"";"";"24";"";"";"color,radio,color,radio";"frame,Shape,size,Type";"frame,shape,size,Type";"none:#62ff43,vertical,30x45,canvas";"";"";"";"";"";"";"0";"0";"0";"0";"5";"1";"";"0";"0";"";"0000-00-00";"";"";"2";""
"";"";"24";"";"";"color,radio,color,radio";"frame,Shape,size,Type";"frame,shape,size,Type";"natural-wood:#ffd083,vertical,30x45,canvas";"";"";"";"";"";"";"0";"0";"0";"0";"5";"1";"";"0";"0";"";"0000-00-00";"";"";"2";""
"";"";"24";"";"";"color,radio,color,radio";"frame,Shape,size,Type";"frame,shape,size,Type";"dark-wood:#ce6600,vertical,30x45,canvas";"";"";"";"";"";"";"0";"0";"0";"0";"5";"1";"";"0";"0";"";"0000-00-00";"";"";"2";""
"";"";"24";"";"";"color,radio,color,radio";"frame,Shape,size,Type";"frame,shape,size,Type";"charcol-black:#3b1200,vertical,30x45,canvas";"";"";"";"";"";"";"0";"0";"0";"0";"5";"1";"";"0";"0";"";"0000-00-00";"";"";"2";""
"";"";"24";"";"";"color,radio,color,radio";"frame,Shape,size,Type";"frame,shape,size,Type";"charcol-white:#e3fffe,vertical,30x45,canvas";"";"";"";"";"";"";"0";"0";"0";"0";"5";"1";"";"0";"0";"";"0000-00-00";"";"";"2";""
"";"";"24";"";"";"color,radio,color,radio";"frame,Shape,size,Type";"frame,shape,size,Type";"pine-wood:#a3afff,vertical,30x45,canvas";"";"";"";"";"";"";"0";"0";"0";"0";"5";"1";"";"0";"0";"";"0000-00-00";"";"";"2";""
"";"";"24";"";"";"color,radio,color,radio";"frame,Shape,size,Type";"frame,shape,size,Type";"none:#62ff43,vertical,10x15,fine-art-paper";"";"";"";"";"";"";"0";"0";"0";"0";"5";"1";"";"0";"0";"";"0000-00-00";"";"";"2";""
"";"";"24";"";"";"color,radio,color,radio";"frame,Shape,size,Type";"frame,shape,size,Type";"natural-wood:#ffd083,vertical,10x15,fine-art-paper";"";"";"";"";"";"";"0";"0";"0";"0";"5";"1";"";"0";"0";"";"0000-00-00";"";"";"2";""
"";"";"24";"";"";"color,radio,color,radio";"frame,Shape,size,Type";"frame,shape,size,Type";"dark-wood:#ce6600,vertical,10x15,fine-art-paper";"";"";"";"";"";"";"0";"0";"0";"0";"5";"1";"";"0";"0";"";"0000-00-00";"";"";"2";""
"";"";"24";"";"";"color,radio,color,radio";"frame,Shape,size,Type";"frame,shape,size,Type";"charcol-black:#3b1200,vertical,10x15,fine-art-paper";"";"";"";"";"";"";"0";"0";"0";"0";"5";"1";"";"0";"0";"";"0000-00-00";"";"";"2";""
"";"";"24";"";"";"color,radio,color,radio";"frame,Shape,size,Type";"frame,shape,size,Type";"charcol-white:#e3fffe,vertical,10x15,fine-art-paper";"";"";"";"";"";"";"0";"0";"0";"0";"5";"1";"";"0";"0";"";"0000-00-00";"";"";"2";""
"";"";"24";"";"";"color,radio,color,radio";"frame,Shape,size,Type";"frame,shape,size,Type";"pine-wood:#a3afff,vertical,10x15,fine-art-paper";"";"";"";"";"";"";"0";"0";"0";"0";"5";"1";"";"0";"0";"";"0000-00-00";"";"";"2";""
"";"";"24";"";"";"color,radio,color,radio";"frame,Shape,size,Type";"frame,shape,size,Type";"none:#62ff43,vertical,12x18,fine-art-paper";"";"";"";"";"";"";"0";"0";"0";"0";"5";"1";"";"0";"0";"";"0000-00-00";"";"";"2";""
"";"";"24";"";"";"color,radio,color,radio";"frame,Shape,size,Type";"frame,shape,size,Type";"natural-wood:#ffd083,vertical,12x18,fine-art-paper";"";"";"";"";"";"";"0";"0";"0";"0";"5";"1";"";"0";"0";"";"0000-00-00";"";"";"2";""
"";"";"24";"";"";"color,radio,color,radio";"frame,Shape,size,Type";"frame,shape,size,Type";"dark-wood:#ce6600,vertical,12x18,fine-art-paper";"";"";"";"";"";"";"0";"0";"0";"0";"5";"1";"";"0";"0";"";"0000-00-00";"";"";"2";""
"";"";"24";"";"";"color,radio,color,radio";"frame,Shape,size,Type";"frame,shape,size,Type";"charcol-black:#3b1200,vertical,12x18,fine-art-paper";"";"";"";"";"";"";"0";"0";"0";"0";"5";"1";"";"0";"0";"";"0000-00-00";"";"";"2";""
"";"";"24";"";"";"color,radio,color,radio";"frame,Shape,size,Type";"frame,shape,size,Type";"charcol-white:#e3fffe,vertical,12x18,fine-art-paper";"";"";"";"";"";"";"0";"0";"0";"0";"5";"1";"";"0";"0";"";"0000-00-00";"";"";"2";""
"";"";"24";"";"";"color,radio,color,radio";"frame,Shape,size,Type";"frame,shape,size,Type";"pine-wood:#a3afff,vertical,12x18,fine-art-paper";"";"";"";"";"";"";"0";"0";"0";"0";"5";"1";"";"0";"0";"";"0000-00-00";"";"";"2";""
"";"";"24";"";"";"color,radio,color,radio";"frame,Shape,size,Type";"frame,shape,size,Type";"none:#62ff43,vertical,16x24,fine-art-paper";"";"";"";"";"";"";"0";"0";"0";"0";"5";"1";"";"0";"0";"";"0000-00-00";"";"";"2";""
"";"";"24";"";"";"color,radio,color,radio";"frame,Shape,size,Type";"frame,shape,size,Type";"natural-wood:#ffd083,vertical,16x24,fine-art-paper";"";"";"";"";"";"";"0";"0";"0";"0";"5";"1";"";"0";"0";"";"0000-00-00";"";"";"2";""
"";"";"24";"";"";"color,radio,color,radio";"frame,Shape,size,Type";"frame,shape,size,Type";"dark-wood:#ce6600,vertical,16x24,fine-art-paper";"";"";"";"";"";"";"0";"0";"0";"0";"5";"1";"";"0";"0";"";"0000-00-00";"";"";"2";""
"";"";"24";"";"";"color,radio,color,radio";"frame,Shape,size,Type";"frame,shape,size,Type";"charcol-black:#3b1200,vertical,16x24,fine-art-paper";"";"";"";"";"";"";"0";"0";"0";"0";"5";"1";"";"0";"0";"";"0000-00-00";"";"";"2";""
"";"";"24";"";"";"color,radio,color,radio";"frame,Shape,size,Type";"frame,shape,size,Type";"charcol-white:#e3fffe,vertical,16x24,fine-art-paper";"";"";"";"";"";"";"0";"0";"0";"0";"5";"1";"";"0";"0";"";"0000-00-00";"";"";"2";""
"";"";"24";"";"";"color,radio,color,radio";"frame,Shape,size,Type";"frame,shape,size,Type";"pine-wood:#a3afff,vertical,16x24,fine-art-paper";"";"";"";"";"";"";"0";"0";"0";"0";"5";"1";"";"0";"0";"";"0000-00-00";"";"";"2";""
"";"";"24";"";"";"color,radio,color,radio";"frame,Shape,size,Type";"frame,shape,size,Type";"none:#62ff43,vertical,20x30,fine-art-paper";"";"";"";"";"";"";"0";"0";"0";"0";"5";"1";"";"0";"0";"";"0000-00-00";"";"";"2";""
"";"";"24";"";"";"color,radio,color,radio";"frame,Shape,size,Type";"frame,shape,size,Type";"natural-wood:#ffd083,vertical,20x30,fine-art-paper";"";"";"";"";"";"";"0";"0";"0";"0";"5";"1";"";"0";"0";"";"0000-00-00";"";"";"2";""
"";"";"24";"";"";"color,radio,color,radio";"frame,Shape,size,Type";"frame,shape,size,Type";"dark-wood:#ce6600,vertical,20x30,fine-art-paper";"";"";"";"";"";"";"0";"0";"0";"0";"5";"1";"";"0";"0";"";"0000-00-00";"";"";"2";""
"";"";"24";"";"";"color,radio,color,radio";"frame,Shape,size,Type";"frame,shape,size,Type";"charcol-black:#3b1200,vertical,20x30,fine-art-paper";"";"";"";"";"";"";"0";"0";"0";"0";"5";"1";"";"0";"0";"";"0000-00-00";"";"";"2";""
"";"";"24";"";"";"color,radio,color,radio";"frame,Shape,size,Type";"frame,shape,size,Type";"charcol-white:#e3fffe,vertical,20x30,fine-art-paper";"";"";"";"";"";"";"0";"0";"0";"0";"5";"1";"";"0";"0";"";"0000-00-00";"";"";"2";""
"";"";"24";"";"";"color,radio,color,radio";"frame,Shape,size,Type";"frame,shape,size,Type";"pine-wood:#a3afff,vertical,20x30,fine-art-paper";"";"";"";"";"";"";"0";"0";"0";"0";"5";"1";"";"0";"0";"";"0000-00-00";"";"";"2";""
"";"";"24";"";"";"color,radio,color,radio";"frame,Shape,size,Type";"frame,shape,size,Type";"none:#62ff43,vertical,24x36,fine-art-paper";"";"";"";"";"";"";"0";"0";"0";"0";"5";"1";"";"0";"0";"";"0000-00-00";"";"";"2";""
"";"";"24";"";"";"color,radio,color,radio";"frame,Shape,size,Type";"frame,shape,size,Type";"natural-wood:#ffd083,vertical,24x36,fine-art-paper";"";"";"";"";"";"";"0";"0";"0";"0";"5";"1";"";"0";"0";"";"0000-00-00";"";"";"2";""
"";"";"24";"";"";"color,radio,color,radio";"frame,Shape,size,Type";"frame,shape,size,Type";"dark-wood:#ce6600,vertical,24x36,fine-art-paper";"";"";"";"";"";"";"0";"0";"0";"0";"5";"1";"";"0";"0";"";"0000-00-00";"";"";"2";""
"";"";"24";"";"";"color,radio,color,radio";"frame,Shape,size,Type";"frame,shape,size,Type";"charcol-black:#3b1200,vertical,24x36,fine-art-paper";"";"";"";"";"";"";"0";"0";"0";"0";"5";"1";"";"0";"0";"";"0000-00-00";"";"";"2";""
"";"";"24";"";"";"color,radio,color,radio";"frame,Shape,size,Type";"frame,shape,size,Type";"charcol-white:#e3fffe,vertical,24x36,fine-art-paper";"";"";"";"";"";"";"0";"0";"0";"0";"5";"1";"";"0";"0";"";"0000-00-00";"";"";"2";""
"";"";"24";"";"";"color,radio,color,radio";"frame,Shape,size,Type";"frame,shape,size,Type";"pine-wood:#a3afff,vertical,24x36,fine-art-paper";"";"";"";"";"";"";"0";"0";"0";"0";"5";"1";"";"0";"0";"";"0000-00-00";"";"";"2";""
"";"";"24";"";"";"color,radio,color,radio";"frame,Shape,size,Type";"frame,shape,size,Type";"none:#62ff43,vertical,30x45,fine-art-paper";"";"";"";"";"";"";"0";"0";"0";"0";"5";"1";"";"0";"0";"";"0000-00-00";"";"";"2";""
"";"";"24";"";"";"color,radio,color,radio";"frame,Shape,size,Type";"frame,shape,size,Type";"natural-wood:#ffd083,vertical,30x45,fine-art-paper";"";"";"";"";"";"";"0";"0";"0";"0";"5";"1";"";"0";"0";"";"0000-00-00";"";"";"2";""
"";"";"24";"";"";"color,radio,color,radio";"frame,Shape,size,Type";"frame,shape,size,Type";"dark-wood:#ce6600,vertical,30x45,fine-art-paper";"";"";"";"";"";"";"0";"0";"0";"0";"5";"1";"";"0";"0";"";"0000-00-00";"";"";"2";""
"";"";"24";"";"";"color,radio,color,radio";"frame,Shape,size,Type";"frame,shape,size,Type";"charcol-black:#3b1200,vertical,30x45,fine-art-paper";"";"";"";"";"";"";"0";"0";"0";"0";"5";"1";"";"0";"0";"";"0000-00-00";"";"";"2";""
"";"";"24";"";"";"color,radio,color,radio";"frame,Shape,size,Type";"frame,shape,size,Type";"charcol-white:#e3fffe,vertical,30x45,fine-art-paper";"";"";"";"";"";"";"0";"0";"0";"0";"5";"1";"";"0";"0";"";"0000-00-00";"";"";"2";""
"";"";"24";"";"";"color,radio,color,radio";"frame,Shape,size,Type";"frame,shape,size,Type";"pine-wood:#a3afff,vertical,30x45,fine-art-paper";"";"";"";"";"";"";"0";"0";"0";"0";"5";"1";"";"0";"0";"";"0000-00-00";"";"";"2";""
"";"";"27";"";"";"color,radio,color,radio";"frame,Shape,size,Type";"frame,shape,size,Type";"none:#62ff43,vertical,10x15,canvas";"";"";"";"";"";"";"0";"0";"0";"0";"5";"1";"";"0";"0";"1";"0000-00-00";"";"";"2";""
"";"";"27";"";"";"color,radio,color,radio";"frame,Shape,size,Type";"frame,shape,size,Type";"natural-wood:#ffd083,vertical,10x15,canvas";"";"";"";"";"";"";"0";"0";"0";"0";"5";"1";"";"0";"0";"";"0000-00-00";"";"";"2";""
"";"";"27";"";"";"color,radio,color,radio";"frame,Shape,size,Type";"frame,shape,size,Type";"dark-wood:#ce6600,vertical,10x15,canvas";"";"";"";"";"";"";"0";"0";"0";"0";"5";"1";"";"0";"0";"";"0000-00-00";"";"";"2";""
"";"";"27";"";"";"color,radio,color,radio";"frame,Shape,size,Type";"frame,shape,size,Type";"charcol-black:#3b1200,vertical,10x15,canvas";"";"";"";"";"";"";"0";"0";"0";"0";"5";"1";"";"0";"0";"";"0000-00-00";"";"";"2";""
"";"";"27";"";"";"color,radio,color,radio";"frame,Shape,size,Type";"frame,shape,size,Type";"charcol-white:#e3fffe,vertical,10x15,canvas";"";"";"";"";"";"";"0";"0";"0";"0";"5";"1";"";"0";"0";"";"0000-00-00";"";"";"2";""
"";"";"27";"";"";"color,radio,color,radio";"frame,Shape,size,Type";"frame,shape,size,Type";"pine-wood:#a3afff,vertical,10x15,canvas";"";"";"";"";"";"";"0";"0";"0";"0";"5";"1";"";"0";"0";"";"0000-00-00";"";"";"2";""
"";"";"27";"";"";"color,radio,color,radio";"frame,Shape,size,Type";"frame,shape,size,Type";"none:#62ff43,vertical,12x18,canvas";"";"";"";"";"";"";"0";"0";"0";"0";"5";"1";"";"0";"0";"";"0000-00-00";"";"";"2";""
"";"";"27";"";"";"color,radio,color,radio";"frame,Shape,size,Type";"frame,shape,size,Type";"natural-wood:#ffd083,vertical,12x18,canvas";"";"";"";"";"";"";"0";"0";"0";"0";"5";"1";"";"0";"0";"";"0000-00-00";"";"";"2";""
"";"";"27";"";"";"color,radio,color,radio";"frame,Shape,size,Type";"frame,shape,size,Type";"dark-wood:#ce6600,vertical,12x18,canvas";"";"";"";"";"";"";"0";"0";"0";"0";"5";"1";"";"0";"0";"";"0000-00-00";"";"";"2";""
"";"";"27";"";"";"color,radio,color,radio";"frame,Shape,size,Type";"frame,shape,size,Type";"charcol-black:#3b1200,vertical,12x18,canvas";"";"";"";"";"";"";"0";"0";"0";"0";"5";"1";"";"0";"0";"";"0000-00-00";"";"";"2";""
"";"";"27";"";"";"color,radio,color,radio";"frame,Shape,size,Type";"frame,shape,size,Type";"charcol-white:#e3fffe,vertical,12x18,canvas";"";"";"";"";"";"";"0";"0";"0";"0";"5";"1";"";"0";"0";"";"0000-00-00";"";"";"2";""
"";"";"27";"";"";"color,radio,color,radio";"frame,Shape,size,Type";"frame,shape,size,Type";"pine-wood:#a3afff,vertical,12x18,canvas";"";"";"";"";"";"";"0";"0";"0";"0";"5";"1";"";"0";"0";"";"0000-00-00";"";"";"2";""
"";"";"27";"";"";"color,radio,color,radio";"frame,Shape,size,Type";"frame,shape,size,Type";"none:#62ff43,vertical,16x24,canvas";"";"";"";"";"";"";"0";"0";"0";"0";"5";"1";"";"0";"0";"";"0000-00-00";"";"";"2";""
"";"";"27";"";"";"color,radio,color,radio";"frame,Shape,size,Type";"frame,shape,size,Type";"natural-wood:#ffd083,vertical,16x24,canvas";"";"";"";"";"";"";"0";"0";"0";"0";"5";"1";"";"0";"0";"";"0000-00-00";"";"";"2";""
"";"";"27";"";"";"color,radio,color,radio";"frame,Shape,size,Type";"frame,shape,size,Type";"dark-wood:#ce6600,vertical,16x24,canvas";"";"";"";"";"";"";"0";"0";"0";"0";"5";"1";"";"0";"0";"";"0000-00-00";"";"";"2";""
"";"";"27";"";"";"color,radio,color,radio";"frame,Shape,size,Type";"frame,shape,size,Type";"charcol-black:#3b1200,vertical,16x24,canvas";"";"";"";"";"";"";"0";"0";"0";"0";"5";"1";"";"0";"0";"";"0000-00-00";"";"";"2";""
"";"";"27";"";"";"color,radio,color,radio";"frame,Shape,size,Type";"frame,shape,size,Type";"charcol-white:#e3fffe,vertical,16x24,canvas";"";"";"";"";"";"";"0";"0";"0";"0";"5";"1";"";"0";"0";"";"0000-00-00";"";"";"2";""
"";"";"27";"";"";"color,radio,color,radio";"frame,Shape,size,Type";"frame,shape,size,Type";"pine-wood:#a3afff,vertical,16x24,canvas";"";"";"";"";"";"";"0";"0";"0";"0";"5";"1";"";"0";"0";"";"0000-00-00";"";"";"2";""
"";"";"27";"";"";"color,radio,color,radio";"frame,Shape,size,Type";"frame,shape,size,Type";"none:#62ff43,vertical,20x30,canvas";"";"";"";"";"";"";"0";"0";"0";"0";"5";"1";"";"0";"0";"";"0000-00-00";"";"";"2";""
"";"";"27";"";"";"color,radio,color,radio";"frame,Shape,size,Type";"frame,shape,size,Type";"natural-wood:#ffd083,vertical,20x30,canvas";"";"";"";"";"";"";"0";"0";"0";"0";"5";"1";"";"0";"0";"";"0000-00-00";"";"";"2";""
"";"";"27";"";"";"color,radio,color,radio";"frame,Shape,size,Type";"frame,shape,size,Type";"dark-wood:#ce6600,vertical,20x30,canvas";"";"";"";"";"";"";"0";"0";"0";"0";"5";"1";"";"0";"0";"";"0000-00-00";"";"";"2";""
"";"";"27";"";"";"color,radio,color,radio";"frame,Shape,size,Type";"frame,shape,size,Type";"charcol-black:#3b1200,vertical,20x30,canvas";"";"";"";"";"";"";"0";"0";"0";"0";"5";"1";"";"0";"0";"";"0000-00-00";"";"";"2";""
"";"";"27";"";"";"color,radio,color,radio";"frame,Shape,size,Type";"frame,shape,size,Type";"charcol-white:#e3fffe,vertical,20x30,canvas";"";"";"";"";"";"";"0";"0";"0";"0";"5";"1";"";"0";"0";"";"0000-00-00";"";"";"2";""
"";"";"27";"";"";"color,radio,color,radio";"frame,Shape,size,Type";"frame,shape,size,Type";"pine-wood:#a3afff,vertical,20x30,canvas";"";"";"";"";"";"";"0";"0";"0";"0";"5";"1";"";"0";"0";"";"0000-00-00";"";"";"2";""
"";"";"27";"";"";"color,radio,color,radio";"frame,Shape,size,Type";"frame,shape,size,Type";"none:#62ff43,vertical,24x36,canvas";"";"";"";"";"";"";"0";"0";"0";"0";"5";"1";"";"0";"0";"";"0000-00-00";"";"";"2";""
"";"";"27";"";"";"color,radio,color,radio";"frame,Shape,size,Type";"frame,shape,size,Type";"natural-wood:#ffd083,vertical,24x36,canvas";"";"";"";"";"";"";"0";"0";"0";"0";"5";"1";"";"0";"0";"";"0000-00-00";"";"";"2";""
"";"";"27";"";"";"color,radio,color,radio";"frame,Shape,size,Type";"frame,shape,size,Type";"dark-wood:#ce6600,vertical,24x36,canvas";"";"";"";"";"";"";"0";"0";"0";"0";"5";"1";"";"0";"0";"";"0000-00-00";"";"";"2";""
"";"";"27";"";"";"color,radio,color,radio";"frame,Shape,size,Type";"frame,shape,size,Type";"charcol-black:#3b1200,vertical,24x36,canvas";"";"";"";"";"";"";"0";"0";"0";"0";"5";"1";"";"0";"0";"";"0000-00-00";"";"";"2";""
"";"";"27";"";"";"color,radio,color,radio";"frame,Shape,size,Type";"frame,shape,size,Type";"charcol-white:#e3fffe,vertical,24x36,canvas";"";"";"";"";"";"";"0";"0";"0";"0";"5";"1";"";"0";"0";"";"0000-00-00";"";"";"2";""
"";"";"27";"";"";"color,radio,color,radio";"frame,Shape,size,Type";"frame,shape,size,Type";"pine-wood:#a3afff,vertical,24x36,canvas";"";"";"";"";"";"";"0";"0";"0";"0";"5";"1";"";"0";"0";"";"0000-00-00";"";"";"2";""
"";"";"27";"";"";"color,radio,color,radio";"frame,Shape,size,Type";"frame,shape,size,Type";"none:#62ff43,vertical,30x45,canvas";"";"";"";"";"";"";"0";"0";"0";"0";"5";"1";"";"0";"0";"";"0000-00-00";"";"";"2";""
"";"";"27";"";"";"color,radio,color,radio";"frame,Shape,size,Type";"frame,shape,size,Type";"natural-wood:#ffd083,vertical,30x45,canvas";"";"";"";"";"";"";"0";"0";"0";"0";"5";"1";"";"0";"0";"";"0000-00-00";"";"";"2";""
"";"";"27";"";"";"color,radio,color,radio";"frame,Shape,size,Type";"frame,shape,size,Type";"dark-wood:#ce6600,vertical,30x45,canvas";"";"";"";"";"";"";"0";"0";"0";"0";"5";"1";"";"0";"0";"";"0000-00-00";"";"";"2";""
"";"";"27";"";"";"color,radio,color,radio";"frame,Shape,size,Type";"frame,shape,size,Type";"charcol-black:#3b1200,vertical,30x45,canvas";"";"";"";"";"";"";"0";"0";"0";"0";"5";"1";"";"0";"0";"";"0000-00-00";"";"";"2";""
"";"";"27";"";"";"color,radio,color,radio";"frame,Shape,size,Type";"frame,shape,size,Type";"charcol-white:#e3fffe,vertical,30x45,canvas";"";"";"";"";"";"";"0";"0";"0";"0";"5";"1";"";"0";"0";"";"0000-00-00";"";"";"2";""
"";"";"27";"";"";"color,radio,color,radio";"frame,Shape,size,Type";"frame,shape,size,Type";"pine-wood:#a3afff,vertical,30x45,canvas";"";"";"";"";"";"";"0";"0";"0";"0";"5";"1";"";"0";"0";"";"0000-00-00";"";"";"2";""
"";"";"27";"";"";"color,radio,color,radio";"frame,Shape,size,Type";"frame,shape,size,Type";"none:#62ff43,vertical,10x15,fine-art-paper";"";"";"";"";"";"";"0";"0";"0";"0";"5";"1";"";"0";"0";"";"0000-00-00";"";"";"2";""
"";"";"27";"";"";"color,radio,color,radio";"frame,Shape,size,Type";"frame,shape,size,Type";"natural-wood:#ffd083,vertical,10x15,fine-art-paper";"";"";"";"";"";"";"0";"0";"0";"0";"5";"1";"";"0";"0";"";"0000-00-00";"";"";"2";""
"";"";"27";"";"";"color,radio,color,radio";"frame,Shape,size,Type";"frame,shape,size,Type";"dark-wood:#ce6600,vertical,10x15,fine-art-paper";"";"";"";"";"";"";"0";"0";"0";"0";"5";"1";"";"0";"0";"";"0000-00-00";"";"";"2";""
"";"";"27";"";"";"color,radio,color,radio";"frame,Shape,size,Type";"frame,shape,size,Type";"charcol-black:#3b1200,vertical,10x15,fine-art-paper";"";"";"";"";"";"";"0";"0";"0";"0";"5";"1";"";"0";"0";"";"0000-00-00";"";"";"2";""
"";"";"27";"";"";"color,radio,color,radio";"frame,Shape,size,Type";"frame,shape,size,Type";"charcol-white:#e3fffe,vertical,10x15,fine-art-paper";"";"";"";"";"";"";"0";"0";"0";"0";"5";"1";"";"0";"0";"";"0000-00-00";"";"";"2";""
"";"";"27";"";"";"color,radio,color,radio";"frame,Shape,size,Type";"frame,shape,size,Type";"pine-wood:#a3afff,vertical,10x15,fine-art-paper";"";"";"";"";"";"";"0";"0";"0";"0";"5";"1";"";"0";"0";"";"0000-00-00";"";"";"2";""
"";"";"27";"";"";"color,radio,color,radio";"frame,Shape,size,Type";"frame,shape,size,Type";"none:#62ff43,vertical,12x18,fine-art-paper";"";"";"";"";"";"";"0";"0";"0";"0";"5";"1";"";"0";"0";"";"0000-00-00";"";"";"2";""
"";"";"27";"";"";"color,radio,color,radio";"frame,Shape,size,Type";"frame,shape,size,Type";"natural-wood:#ffd083,vertical,12x18,fine-art-paper";"";"";"";"";"";"";"0";"0";"0";"0";"5";"1";"";"0";"0";"";"0000-00-00";"";"";"2";""
"";"";"27";"";"";"color,radio,color,radio";"frame,Shape,size,Type";"frame,shape,size,Type";"dark-wood:#ce6600,vertical,12x18,fine-art-paper";"";"";"";"";"";"";"0";"0";"0";"0";"5";"1";"";"0";"0";"";"0000-00-00";"";"";"2";""
"";"";"27";"";"";"color,radio,color,radio";"frame,Shape,size,Type";"frame,shape,size,Type";"charcol-black:#3b1200,vertical,12x18,fine-art-paper";"";"";"";"";"";"";"0";"0";"0";"0";"5";"1";"";"0";"0";"";"0000-00-00";"";"";"2";""
"";"";"27";"";"";"color,radio,color,radio";"frame,Shape,size,Type";"frame,shape,size,Type";"charcol-white:#e3fffe,vertical,12x18,fine-art-paper";"";"";"";"";"";"";"0";"0";"0";"0";"5";"1";"";"0";"0";"";"0000-00-00";"";"";"2";""
"";"";"27";"";"";"color,radio,color,radio";"frame,Shape,size,Type";"frame,shape,size,Type";"pine-wood:#a3afff,vertical,12x18,fine-art-paper";"";"";"";"";"";"";"0";"0";"0";"0";"5";"1";"";"0";"0";"";"0000-00-00";"";"";"2";""
"";"";"27";"";"";"color,radio,color,radio";"frame,Shape,size,Type";"frame,shape,size,Type";"none:#62ff43,vertical,16x24,fine-art-paper";"";"";"";"";"";"";"0";"0";"0";"0";"5";"1";"";"0";"0";"";"0000-00-00";"";"";"2";""
"";"";"27";"";"";"color,radio,color,radio";"frame,Shape,size,Type";"frame,shape,size,Type";"natural-wood:#ffd083,vertical,16x24,fine-art-paper";"";"";"";"";"";"";"0";"0";"0";"0";"5";"1";"";"0";"0";"";"0000-00-00";"";"";"2";""
"";"";"27";"";"";"color,radio,color,radio";"frame,Shape,size,Type";"frame,shape,size,Type";"dark-wood:#ce6600,vertical,16x24,fine-art-paper";"";"";"";"";"";"";"0";"0";"0";"0";"5";"1";"";"0";"0";"";"0000-00-00";"";"";"2";""
"";"";"27";"";"";"color,radio,color,radio";"frame,Shape,size,Type";"frame,shape,size,Type";"charcol-black:#3b1200,vertical,16x24,fine-art-paper";"";"";"";"";"";"";"0";"0";"0";"0";"5";"1";"";"0";"0";"";"0000-00-00";"";"";"2";""
"";"";"27";"";"";"color,radio,color,radio";"frame,Shape,size,Type";"frame,shape,size,Type";"charcol-white:#e3fffe,vertical,16x24,fine-art-paper";"";"";"";"";"";"";"0";"0";"0";"0";"5";"1";"";"0";"0";"";"0000-00-00";"";"";"2";""
"";"";"27";"";"";"color,radio,color,radio";"frame,Shape,size,Type";"frame,shape,size,Type";"pine-wood:#a3afff,vertical,16x24,fine-art-paper";"";"";"";"";"";"";"0";"0";"0";"0";"5";"1";"";"0";"0";"";"0000-00-00";"";"";"2";""
"";"";"27";"";"";"color,radio,color,radio";"frame,Shape,size,Type";"frame,shape,size,Type";"none:#62ff43,vertical,20x30,fine-art-paper";"";"";"";"";"";"";"0";"0";"0";"0";"5";"1";"";"0";"0";"";"0000-00-00";"";"";"2";""
"";"";"27";"";"";"color,radio,color,radio";"frame,Shape,size,Type";"frame,shape,size,Type";"natural-wood:#ffd083,vertical,20x30,fine-art-paper";"";"";"";"";"";"";"0";"0";"0";"0";"5";"1";"";"0";"0";"";"0000-00-00";"";"";"2";""
"";"";"27";"";"";"color,radio,color,radio";"frame,Shape,size,Type";"frame,shape,size,Type";"dark-wood:#ce6600,vertical,20x30,fine-art-paper";"";"";"";"";"";"";"0";"0";"0";"0";"5";"1";"";"0";"0";"";"0000-00-00";"";"";"2";""
"";"";"27";"";"";"color,radio,color,radio";"frame,Shape,size,Type";"frame,shape,size,Type";"charcol-black:#3b1200,vertical,20x30,fine-art-paper";"";"";"";"";"";"";"0";"0";"0";"0";"5";"1";"";"0";"0";"";"0000-00-00";"";"";"2";""
"";"";"27";"";"";"color,radio,color,radio";"frame,Shape,size,Type";"frame,shape,size,Type";"charcol-white:#e3fffe,vertical,20x30,fine-art-paper";"";"";"";"";"";"";"0";"0";"0";"0";"5";"1";"";"0";"0";"";"0000-00-00";"";"";"2";""
"";"";"27";"";"";"color,radio,color,radio";"frame,Shape,size,Type";"frame,shape,size,Type";"pine-wood:#a3afff,vertical,20x30,fine-art-paper";"";"";"";"";"";"";"0";"0";"0";"0";"5";"1";"";"0";"0";"";"0000-00-00";"";"";"2";""
"";"";"27";"";"";"color,radio,color,radio";"frame,Shape,size,Type";"frame,shape,size,Type";"none:#62ff43,vertical,24x36,fine-art-paper";"";"";"";"";"";"";"0";"0";"0";"0";"5";"1";"";"0";"0";"";"0000-00-00";"";"";"2";""
"";"";"27";"";"";"color,radio,color,radio";"frame,Shape,size,Type";"frame,shape,size,Type";"natural-wood:#ffd083,vertical,24x36,fine-art-paper";"";"";"";"";"";"";"0";"0";"0";"0";"5";"1";"";"0";"0";"";"0000-00-00";"";"";"2";""
"";"";"27";"";"";"color,radio,color,radio";"frame,Shape,size,Type";"frame,shape,size,Type";"dark-wood:#ce6600,vertical,24x36,fine-art-paper";"";"";"";"";"";"";"0";"0";"0";"0";"5";"1";"";"0";"0";"";"0000-00-00";"";"";"2";""
"";"";"27";"";"";"color,radio,color,radio";"frame,Shape,size,Type";"frame,shape,size,Type";"charcol-black:#3b1200,vertical,24x36,fine-art-paper";"";"";"";"";"";"";"0";"0";"0";"0";"5";"1";"";"0";"0";"";"0000-00-00";"";"";"2";""
"";"";"27";"";"";"color,radio,color,radio";"frame,Shape,size,Type";"frame,shape,size,Type";"charcol-white:#e3fffe,vertical,24x36,fine-art-paper";"";"";"";"";"";"";"0";"0";"0";"0";"5";"1";"";"0";"0";"";"0000-00-00";"";"";"2";""
"";"";"27";"";"";"color,radio,color,radio";"frame,Shape,size,Type";"frame,shape,size,Type";"pine-wood:#a3afff,vertical,24x36,fine-art-paper";"";"";"";"";"";"";"0";"0";"0";"0";"5";"1";"";"0";"0";"";"0000-00-00";"";"";"2";""
"";"";"27";"";"";"color,radio,color,radio";"frame,Shape,size,Type";"frame,shape,size,Type";"none:#62ff43,vertical,30x45,fine-art-paper";"";"";"";"";"";"";"0";"0";"0";"0";"5";"1";"";"0";"0";"";"0000-00-00";"";"";"2";""
"";"";"27";"";"";"color,radio,color,radio";"frame,Shape,size,Type";"frame,shape,size,Type";"natural-wood:#ffd083,vertical,30x45,fine-art-paper";"";"";"";"";"";"";"0";"0";"0";"0";"5";"1";"";"0";"0";"";"0000-00-00";"";"";"2";""
"";"";"27";"";"";"color,radio,color,radio";"frame,Shape,size,Type";"frame,shape,size,Type";"dark-wood:#ce6600,vertical,30x45,fine-art-paper";"";"";"";"";"";"";"0";"0";"0";"0";"5";"1";"";"0";"0";"";"0000-00-00";"";"";"2";""
"";"";"27";"";"";"color,radio,color,radio";"frame,Shape,size,Type";"frame,shape,size,Type";"charcol-black:#3b1200,vertical,30x45,fine-art-paper";"";"";"";"";"";"";"0";"0";"0";"0";"5";"1";"";"0";"0";"";"0000-00-00";"";"";"2";""
"";"";"27";"";"";"color,radio,color,radio";"frame,Shape,size,Type";"frame,shape,size,Type";"charcol-white:#e3fffe,vertical,30x45,fine-art-paper";"";"";"";"";"";"";"0";"0";"0";"0";"5";"1";"";"0";"0";"";"0000-00-00";"";"";"2";""
"";"";"27";"";"";"color,radio,color,radio";"frame,Shape,size,Type";"frame,shape,size,Type";"pine-wood:#a3afff,vertical,30x45,fine-art-paper";"";"";"";"";"";"";"0";"0";"0";"0";"5";"1";"";"0";"0";"";"0000-00-00";"";"";"2";""
"";"";"30";"";"";"color,radio,color,radio";"frame,Shape,size,Type";"frame,shape,size,Type";"none:#62ff43,vertical,10x15,canvas";"";"";"";"";"";"";"0";"0";"0";"0";"5";"1";"";"0";"0";"1";"0000-00-00";"";"";"2";""
"";"";"30";"";"";"color,radio,color,radio";"frame,Shape,size,Type";"frame,shape,size,Type";"natural-wood:#ffd083,vertical,10x15,canvas";"";"";"";"";"";"";"0";"0";"0";"0";"5";"1";"";"0";"0";"";"0000-00-00";"";"";"2";""
"";"";"30";"";"";"color,radio,color,radio";"frame,Shape,size,Type";"frame,shape,size,Type";"dark-wood:#ce6600,vertical,10x15,canvas";"";"";"";"";"";"";"0";"0";"0";"0";"5";"1";"";"0";"0";"";"0000-00-00";"";"";"2";""
"";"";"30";"";"";"color,radio,color,radio";"frame,Shape,size,Type";"frame,shape,size,Type";"charcol-black:#3b1200,vertical,10x15,canvas";"";"";"";"";"";"";"0";"0";"0";"0";"5";"1";"";"0";"0";"";"0000-00-00";"";"";"2";""
"";"";"30";"";"";"color,radio,color,radio";"frame,Shape,size,Type";"frame,shape,size,Type";"charcol-white:#e3fffe,vertical,10x15,canvas";"";"";"";"";"";"";"0";"0";"0";"0";"5";"1";"";"0";"0";"";"0000-00-00";"";"";"2";""
"";"";"30";"";"";"color,radio,color,radio";"frame,Shape,size,Type";"frame,shape,size,Type";"pine-wood:#a3afff,vertical,10x15,canvas";"";"";"";"";"";"";"0";"0";"0";"0";"5";"1";"";"0";"0";"";"0000-00-00";"";"";"2";""
"";"";"30";"";"";"color,radio,color,radio";"frame,Shape,size,Type";"frame,shape,size,Type";"none:#62ff43,vertical,12x18,canvas";"";"";"";"";"";"";"0";"0";"0";"0";"5";"1";"";"0";"0";"";"0000-00-00";"";"";"2";""
"";"";"30";"";"";"color,radio,color,radio";"frame,Shape,size,Type";"frame,shape,size,Type";"natural-wood:#ffd083,vertical,12x18,canvas";"";"";"";"";"";"";"0";"0";"0";"0";"5";"1";"";"0";"0";"";"0000-00-00";"";"";"2";""
"";"";"30";"";"";"color,radio,color,radio";"frame,Shape,size,Type";"frame,shape,size,Type";"dark-wood:#ce6600,vertical,12x18,canvas";"";"";"";"";"";"";"0";"0";"0";"0";"5";"1";"";"0";"0";"";"0000-00-00";"";"";"2";""
"";"";"30";"";"";"color,radio,color,radio";"frame,Shape,size,Type";"frame,shape,size,Type";"charcol-black:#3b1200,vertical,12x18,canvas";"";"";"";"";"";"";"0";"0";"0";"0";"5";"1";"";"0";"0";"";"0000-00-00";"";"";"2";""
"";"";"30";"";"";"color,radio,color,radio";"frame,Shape,size,Type";"frame,shape,size,Type";"charcol-white:#e3fffe,vertical,12x18,canvas";"";"";"";"";"";"";"0";"0";"0";"0";"5";"1";"";"0";"0";"";"0000-00-00";"";"";"2";""
"";"";"30";"";"";"color,radio,color,radio";"frame,Shape,size,Type";"frame,shape,size,Type";"pine-wood:#a3afff,vertical,12x18,canvas";"";"";"";"";"";"";"0";"0";"0";"0";"5";"1";"";"0";"0";"";"0000-00-00";"";"";"2";""
"";"";"30";"";"";"color,radio,color,radio";"frame,Shape,size,Type";"frame,shape,size,Type";"none:#62ff43,vertical,16x24,canvas";"";"";"";"";"";"";"0";"0";"0";"0";"5";"1";"";"0";"0";"";"0000-00-00";"";"";"2";""
"";"";"30";"";"";"color,radio,color,radio";"frame,Shape,size,Type";"frame,shape,size,Type";"natural-wood:#ffd083,vertical,16x24,canvas";"";"";"";"";"";"";"0";"0";"0";"0";"5";"1";"";"0";"0";"";"0000-00-00";"";"";"2";""
"";"";"30";"";"";"color,radio,color,radio";"frame,Shape,size,Type";"frame,shape,size,Type";"dark-wood:#ce6600,vertical,16x24,canvas";"";"";"";"";"";"";"0";"0";"0";"0";"5";"1";"";"0";"0";"";"0000-00-00";"";"";"2";""
"";"";"30";"";"";"color,radio,color,radio";"frame,Shape,size,Type";"frame,shape,size,Type";"charcol-black:#3b1200,vertical,16x24,canvas";"";"";"";"";"";"";"0";"0";"0";"0";"5";"1";"";"0";"0";"";"0000-00-00";"";"";"2";""
"";"";"30";"";"";"color,radio,color,radio";"frame,Shape,size,Type";"frame,shape,size,Type";"charcol-white:#e3fffe,vertical,16x24,canvas";"";"";"";"";"";"";"0";"0";"0";"0";"5";"1";"";"0";"0";"";"0000-00-00";"";"";"2";""
"";"";"30";"";"";"color,radio,color,radio";"frame,Shape,size,Type";"frame,shape,size,Type";"pine-wood:#a3afff,vertical,16x24,canvas";"";"";"";"";"";"";"0";"0";"0";"0";"5";"1";"";"0";"0";"";"0000-00-00";"";"";"2";""
"";"";"30";"";"";"color,radio,color,radio";"frame,Shape,size,Type";"frame,shape,size,Type";"none:#62ff43,vertical,20x30,canvas";"";"";"";"";"";"";"0";"0";"0";"0";"5";"1";"";"0";"0";"";"0000-00-00";"";"";"2";""
"";"";"30";"";"";"color,radio,color,radio";"frame,Shape,size,Type";"frame,shape,size,Type";"natural-wood:#ffd083,vertical,20x30,canvas";"";"";"";"";"";"";"0";"0";"0";"0";"5";"1";"";"0";"0";"";"0000-00-00";"";"";"2";""
"";"";"30";"";"";"color,radio,color,radio";"frame,Shape,size,Type";"frame,shape,size,Type";"dark-wood:#ce6600,vertical,20x30,canvas";"";"";"";"";"";"";"0";"0";"0";"0";"5";"1";"";"0";"0";"";"0000-00-00";"";"";"2";""
"";"";"30";"";"";"color,radio,color,radio";"frame,Shape,size,Type";"frame,shape,size,Type";"charcol-black:#3b1200,vertical,20x30,canvas";"";"";"";"";"";"";"0";"0";"0";"0";"5";"1";"";"0";"0";"";"0000-00-00";"";"";"2";""
"";"";"30";"";"";"color,radio,color,radio";"frame,Shape,size,Type";"frame,shape,size,Type";"charcol-white:#e3fffe,vertical,20x30,canvas";"";"";"";"";"";"";"0";"0";"0";"0";"5";"1";"";"0";"0";"";"0000-00-00";"";"";"2";""
"";"";"30";"";"";"color,radio,color,radio";"frame,Shape,size,Type";"frame,shape,size,Type";"pine-wood:#a3afff,vertical,20x30,canvas";"";"";"";"";"";"";"0";"0";"0";"0";"5";"1";"";"0";"0";"";"0000-00-00";"";"";"2";""
"";"";"30";"";"";"color,radio,color,radio";"frame,Shape,size,Type";"frame,shape,size,Type";"none:#62ff43,vertical,24x36,canvas";"";"";"";"";"";"";"0";"0";"0";"0";"5";"1";"";"0";"0";"";"0000-00-00";"";"";"2";""
"";"";"30";"";"";"color,radio,color,radio";"frame,Shape,size,Type";"frame,shape,size,Type";"natural-wood:#ffd083,vertical,24x36,canvas";"";"";"";"";"";"";"0";"0";"0";"0";"5";"1";"";"0";"0";"";"0000-00-00";"";"";"2";""
"";"";"30";"";"";"color,radio,color,radio";"frame,Shape,size,Type";"frame,shape,size,Type";"dark-wood:#ce6600,vertical,24x36,canvas";"";"";"";"";"";"";"0";"0";"0";"0";"5";"1";"";"0";"0";"";"0000-00-00";"";"";"2";""
"";"";"30";"";"";"color,radio,color,radio";"frame,Shape,size,Type";"frame,shape,size,Type";"charcol-black:#3b1200,vertical,24x36,canvas";"";"";"";"";"";"";"0";"0";"0";"0";"5";"1";"";"0";"0";"";"0000-00-00";"";"";"2";""
"";"";"30";"";"";"color,radio,color,radio";"frame,Shape,size,Type";"frame,shape,size,Type";"charcol-white:#e3fffe,vertical,24x36,canvas";"";"";"";"";"";"";"0";"0";"0";"0";"5";"1";"";"0";"0";"";"0000-00-00";"";"";"2";""
"";"";"30";"";"";"color,radio,color,radio";"frame,Shape,size,Type";"frame,shape,size,Type";"pine-wood:#a3afff,vertical,24x36,canvas";"";"";"";"";"";"";"0";"0";"0";"0";"5";"1";"";"0";"0";"";"0000-00-00";"";"";"2";""
"";"";"30";"";"";"color,radio,color,radio";"frame,Shape,size,Type";"frame,shape,size,Type";"none:#62ff43,vertical,30x45,canvas";"";"";"";"";"";"";"0";"0";"0";"0";"5";"1";"";"0";"0";"";"0000-00-00";"";"";"2";""
"";"";"30";"";"";"color,radio,color,radio";"frame,Shape,size,Type";"frame,shape,size,Type";"natural-wood:#ffd083,vertical,30x45,canvas";"";"";"";"";"";"";"0";"0";"0";"0";"5";"1";"";"0";"0";"";"0000-00-00";"";"";"2";""
"";"";"30";"";"";"color,radio,color,radio";"frame,Shape,size,Type";"frame,shape,size,Type";"dark-wood:#ce6600,vertical,30x45,canvas";"";"";"";"";"";"";"0";"0";"0";"0";"5";"1";"";"0";"0";"";"0000-00-00";"";"";"2";""
"";"";"30";"";"";"color,radio,color,radio";"frame,Shape,size,Type";"frame,shape,size,Type";"charcol-black:#3b1200,vertical,30x45,canvas";"";"";"";"";"";"";"0";"0";"0";"0";"5";"1";"";"0";"0";"";"0000-00-00";"";"";"2";""
"";"";"30";"";"";"color,radio,color,radio";"frame,Shape,size,Type";"frame,shape,size,Type";"charcol-white:#e3fffe,vertical,30x45,canvas";"";"";"";"";"";"";"0";"0";"0";"0";"5";"1";"";"0";"0";"";"0000-00-00";"";"";"2";""
"";"";"30";"";"";"color,radio,color,radio";"frame,Shape,size,Type";"frame,shape,size,Type";"pine-wood:#a3afff,vertical,30x45,canvas";"";"";"";"";"";"";"0";"0";"0";"0";"5";"1";"";"0";"0";"";"0000-00-00";"";"";"2";""
"";"";"30";"";"";"color,radio,color,radio";"frame,Shape,size,Type";"frame,shape,size,Type";"none:#62ff43,vertical,10x15,fine-art-paper";"";"";"";"";"";"";"0";"0";"0";"0";"5";"1";"";"0";"0";"";"0000-00-00";"";"";"2";""
"";"";"30";"";"";"color,radio,color,radio";"frame,Shape,size,Type";"frame,shape,size,Type";"natural-wood:#ffd083,vertical,10x15,fine-art-paper";"";"";"";"";"";"";"0";"0";"0";"0";"5";"1";"";"0";"0";"";"0000-00-00";"";"";"2";""
"";"";"30";"";"";"color,radio,color,radio";"frame,Shape,size,Type";"frame,shape,size,Type";"dark-wood:#ce6600,vertical,10x15,fine-art-paper";"";"";"";"";"";"";"0";"0";"0";"0";"5";"1";"";"0";"0";"";"0000-00-00";"";"";"2";""
"";"";"30";"";"";"color,radio,color,radio";"frame,Shape,size,Type";"frame,shape,size,Type";"charcol-black:#3b1200,vertical,10x15,fine-art-paper";"";"";"";"";"";"";"0";"0";"0";"0";"5";"1";"";"0";"0";"";"0000-00-00";"";"";"2";""
"";"";"30";"";"";"color,radio,color,radio";"frame,Shape,size,Type";"frame,shape,size,Type";"charcol-white:#e3fffe,vertical,10x15,fine-art-paper";"";"";"";"";"";"";"0";"0";"0";"0";"5";"1";"";"0";"0";"";"0000-00-00";"";"";"2";""
"";"";"30";"";"";"color,radio,color,radio";"frame,Shape,size,Type";"frame,shape,size,Type";"pine-wood:#a3afff,vertical,10x15,fine-art-paper";"";"";"";"";"";"";"0";"0";"0";"0";"5";"1";"";"0";"0";"";"0000-00-00";"";"";"2";""
"";"";"30";"";"";"color,radio,color,radio";"frame,Shape,size,Type";"frame,shape,size,Type";"none:#62ff43,vertical,12x18,fine-art-paper";"";"";"";"";"";"";"0";"0";"0";"0";"5";"1";"";"0";"0";"";"0000-00-00";"";"";"2";""
"";"";"30";"";"";"color,radio,color,radio";"frame,Shape,size,Type";"frame,shape,size,Type";"natural-wood:#ffd083,vertical,12x18,fine-art-paper";"";"";"";"";"";"";"0";"0";"0";"0";"5";"1";"";"0";"0";"";"0000-00-00";"";"";"2";""
"";"";"30";"";"";"color,radio,color,radio";"frame,Shape,size,Type";"frame,shape,size,Type";"dark-wood:#ce6600,vertical,12x18,fine-art-paper";"";"";"";"";"";"";"0";"0";"0";"0";"5";"1";"";"0";"0";"";"0000-00-00";"";"";"2";""
"";"";"30";"";"";"color,radio,color,radio";"frame,Shape,size,Type";"frame,shape,size,Type";"charcol-black:#3b1200,vertical,12x18,fine-art-paper";"";"";"";"";"";"";"0";"0";"0";"0";"5";"1";"";"0";"0";"";"0000-00-00";"";"";"2";""
"";"";"30";"";"";"color,radio,color,radio";"frame,Shape,size,Type";"frame,shape,size,Type";"charcol-white:#e3fffe,vertical,12x18,fine-art-paper";"";"";"";"";"";"";"0";"0";"0";"0";"5";"1";"";"0";"0";"";"0000-00-00";"";"";"2";""
"";"";"30";"";"";"color,radio,color,radio";"frame,Shape,size,Type";"frame,shape,size,Type";"pine-wood:#a3afff,vertical,12x18,fine-art-paper";"";"";"";"";"";"";"0";"0";"0";"0";"5";"1";"";"0";"0";"";"0000-00-00";"";"";"2";""
"";"";"30";"";"";"color,radio,color,radio";"frame,Shape,size,Type";"frame,shape,size,Type";"none:#62ff43,vertical,16x24,fine-art-paper";"";"";"";"";"";"";"0";"0";"0";"0";"5";"1";"";"0";"0";"";"0000-00-00";"";"";"2";""
"";"";"30";"";"";"color,radio,color,radio";"frame,Shape,size,Type";"frame,shape,size,Type";"natural-wood:#ffd083,vertical,16x24,fine-art-paper";"";"";"";"";"";"";"0";"0";"0";"0";"5";"1";"";"0";"0";"";"0000-00-00";"";"";"2";""
"";"";"30";"";"";"color,radio,color,radio";"frame,Shape,size,Type";"frame,shape,size,Type";"dark-wood:#ce6600,vertical,16x24,fine-art-paper";"";"";"";"";"";"";"0";"0";"0";"0";"5";"1";"";"0";"0";"";"0000-00-00";"";"";"2";""
"";"";"30";"";"";"color,radio,color,radio";"frame,Shape,size,Type";"frame,shape,size,Type";"charcol-black:#3b1200,vertical,16x24,fine-art-paper";"";"";"";"";"";"";"0";"0";"0";"0";"5";"1";"";"0";"0";"";"0000-00-00";"";"";"2";""
"";"";"30";"";"";"color,radio,color,radio";"frame,Shape,size,Type";"frame,shape,size,Type";"charcol-white:#e3fffe,vertical,16x24,fine-art-paper";"";"";"";"";"";"";"0";"0";"0";"0";"5";"1";"";"0";"0";"";"0000-00-00";"";"";"2";""
"";"";"30";"";"";"color,radio,color,radio";"frame,Shape,size,Type";"frame,shape,size,Type";"pine-wood:#a3afff,vertical,16x24,fine-art-paper";"";"";"";"";"";"";"0";"0";"0";"0";"5";"1";"";"0";"0";"";"0000-00-00";"";"";"2";""
"";"";"30";"";"";"color,radio,color,radio";"frame,Shape,size,Type";"frame,shape,size,Type";"none:#62ff43,vertical,20x30,fine-art-paper";"";"";"";"";"";"";"0";"0";"0";"0";"5";"1";"";"0";"0";"";"0000-00-00";"";"";"2";""
"";"";"30";"";"";"color,radio,color,radio";"frame,Shape,size,Type";"frame,shape,size,Type";"natural-wood:#ffd083,vertical,20x30,fine-art-paper";"";"";"";"";"";"";"0";"0";"0";"0";"5";"1";"";"0";"0";"";"0000-00-00";"";"";"2";""
"";"";"30";"";"";"color,radio,color,radio";"frame,Shape,size,Type";"frame,shape,size,Type";"dark-wood:#ce6600,vertical,20x30,fine-art-paper";"";"";"";"";"";"";"0";"0";"0";"0";"5";"1";"";"0";"0";"";"0000-00-00";"";"";"2";""
"";"";"30";"";"";"color,radio,color,radio";"frame,Shape,size,Type";"frame,shape,size,Type";"charcol-black:#3b1200,vertical,20x30,fine-art-paper";"";"";"";"";"";"";"0";"0";"0";"0";"5";"1";"";"0";"0";"";"0000-00-00";"";"";"2";""
"";"";"30";"";"";"color,radio,color,radio";"frame,Shape,size,Type";"frame,shape,size,Type";"charcol-white:#e3fffe,vertical,20x30,fine-art-paper";"";"";"";"";"";"";"0";"0";"0";"0";"5";"1";"";"0";"0";"";"0000-00-00";"";"";"2";""
"";"";"30";"";"";"color,radio,color,radio";"frame,Shape,size,Type";"frame,shape,size,Type";"pine-wood:#a3afff,vertical,20x30,fine-art-paper";"";"";"";"";"";"";"0";"0";"0";"0";"5";"1";"";"0";"0";"";"0000-00-00";"";"";"2";""
"";"";"30";"";"";"color,radio,color,radio";"frame,Shape,size,Type";"frame,shape,size,Type";"none:#62ff43,vertical,24x36,fine-art-paper";"";"";"";"";"";"";"0";"0";"0";"0";"5";"1";"";"0";"0";"";"0000-00-00";"";"";"2";""
"";"";"30";"";"";"color,radio,color,radio";"frame,Shape,size,Type";"frame,shape,size,Type";"natural-wood:#ffd083,vertical,24x36,fine-art-paper";"";"";"";"";"";"";"0";"0";"0";"0";"5";"1";"";"0";"0";"";"0000-00-00";"";"";"2";""
"";"";"30";"";"";"color,radio,color,radio";"frame,Shape,size,Type";"frame,shape,size,Type";"dark-wood:#ce6600,vertical,24x36,fine-art-paper";"";"";"";"";"";"";"0";"0";"0";"0";"5";"1";"";"0";"0";"";"0000-00-00";"";"";"2";""
"";"";"30";"";"";"color,radio,color,radio";"frame,Shape,size,Type";"frame,shape,size,Type";"charcol-black:#3b1200,vertical,24x36,fine-art-paper";"";"";"";"";"";"";"0";"0";"0";"0";"5";"1";"";"0";"0";"";"0000-00-00";"";"";"2";""
"";"";"30";"";"";"color,radio,color,radio";"frame,Shape,size,Type";"frame,shape,size,Type";"charcol-white:#e3fffe,vertical,24x36,fine-art-paper";"";"";"";"";"";"";"0";"0";"0";"0";"5";"1";"";"0";"0";"";"0000-00-00";"";"";"2";""
"";"";"30";"";"";"color,radio,color,radio";"frame,Shape,size,Type";"frame,shape,size,Type";"pine-wood:#a3afff,vertical,24x36,fine-art-paper";"";"";"";"";"";"";"0";"0";"0";"0";"5";"1";"";"0";"0";"";"0000-00-00";"";"";"2";""
"";"";"30";"";"";"color,radio,color,radio";"frame,Shape,size,Type";"frame,shape,size,Type";"none:#62ff43,vertical,30x45,fine-art-paper";"";"";"";"";"";"";"0";"0";"0";"0";"5";"1";"";"0";"0";"";"0000-00-00";"";"";"2";""
"";"";"30";"";"";"color,radio,color,radio";"frame,Shape,size,Type";"frame,shape,size,Type";"natural-wood:#ffd083,vertical,30x45,fine-art-paper";"";"";"";"";"";"";"0";"0";"0";"0";"5";"1";"";"0";"0";"";"0000-00-00";"";"";"2";""
"";"";"30";"";"";"color,radio,color,radio";"frame,Shape,size,Type";"frame,shape,size,Type";"dark-wood:#ce6600,vertical,30x45,fine-art-paper";"";"";"";"";"";"";"0";"0";"0";"0";"5";"1";"";"0";"0";"";"0000-00-00";"";"";"2";""
"";"";"30";"";"";"color,radio,color,radio";"frame,Shape,size,Type";"frame,shape,size,Type";"charcol-black:#3b1200,vertical,30x45,fine-art-paper";"";"";"";"";"";"";"0";"0";"0";"0";"5";"1";"";"0";"0";"";"0000-00-00";"";"";"2";""
"";"";"30";"";"";"color,radio,color,radio";"frame,Shape,size,Type";"frame,shape,size,Type";"charcol-white:#e3fffe,vertical,30x45,fine-art-paper";"";"";"";"";"";"";"0";"0";"0";"0";"5";"1";"";"0";"0";"";"0000-00-00";"";"";"2";""
"";"";"30";"";"";"color,radio,color,radio";"frame,Shape,size,Type";"frame,shape,size,Type";"pine-wood:#a3afff,vertical,30x45,fine-art-paper";"";"";"";"";"";"";"0";"0";"0";"0";"5";"1";"";"0";"0";"";"0000-00-00";"";"";"2";""
"";"";"33";"";"";"color,radio,color,radio";"frame,Shape,size,Type";"frame,shape,size,Type";"none:#62ff43,vertical,10x15,canvas";"";"";"";"";"";"";"0";"0";"0";"0";"5";"1";"";"0";"0";"1";"0000-00-00";"";"";"2";""
"";"";"33";"";"";"color,radio,color,radio";"frame,Shape,size,Type";"frame,shape,size,Type";"natural-wood:#ffd083,vertical,10x15,canvas";"";"";"";"";"";"";"0";"0";"0";"0";"5";"1";"";"0";"0";"";"0000-00-00";"";"";"2";""
"";"";"33";"";"";"color,radio,color,radio";"frame,Shape,size,Type";"frame,shape,size,Type";"dark-wood:#ce6600,vertical,10x15,canvas";"";"";"";"";"";"";"0";"0";"0";"0";"5";"1";"";"0";"0";"";"0000-00-00";"";"";"2";""
"";"";"33";"";"";"color,radio,color,radio";"frame,Shape,size,Type";"frame,shape,size,Type";"charcol-black:#3b1200,vertical,10x15,canvas";"";"";"";"";"";"";"0";"0";"0";"0";"5";"1";"";"0";"0";"";"0000-00-00";"";"";"2";""
"";"";"33";"";"";"color,radio,color,radio";"frame,Shape,size,Type";"frame,shape,size,Type";"charcol-white:#e3fffe,vertical,10x15,canvas";"";"";"";"";"";"";"0";"0";"0";"0";"5";"1";"";"0";"0";"";"0000-00-00";"";"";"2";""
"";"";"33";"";"";"color,radio,color,radio";"frame,Shape,size,Type";"frame,shape,size,Type";"pine-wood:#a3afff,vertical,10x15,canvas";"";"";"";"";"";"";"0";"0";"0";"0";"5";"1";"";"0";"0";"";"0000-00-00";"";"";"2";""
"";"";"33";"";"";"color,radio,color,radio";"frame,Shape,size,Type";"frame,shape,size,Type";"none:#62ff43,vertical,12x18,canvas";"";"";"";"";"";"";"0";"0";"0";"0";"5";"1";"";"0";"0";"";"0000-00-00";"";"";"2";""
"";"";"33";"";"";"color,radio,color,radio";"frame,Shape,size,Type";"frame,shape,size,Type";"natural-wood:#ffd083,vertical,12x18,canvas";"";"";"";"";"";"";"0";"0";"0";"0";"5";"1";"";"0";"0";"";"0000-00-00";"";"";"2";""
"";"";"33";"";"";"color,radio,color,radio";"frame,Shape,size,Type";"frame,shape,size,Type";"dark-wood:#ce6600,vertical,12x18,canvas";"";"";"";"";"";"";"0";"0";"0";"0";"5";"1";"";"0";"0";"";"0000-00-00";"";"";"2";""
"";"";"33";"";"";"color,radio,color,radio";"frame,Shape,size,Type";"frame,shape,size,Type";"charcol-black:#3b1200,vertical,12x18,canvas";"";"";"";"";"";"";"0";"0";"0";"0";"5";"1";"";"0";"0";"";"0000-00-00";"";"";"2";""
"";"";"33";"";"";"color,radio,color,radio";"frame,Shape,size,Type";"frame,shape,size,Type";"charcol-white:#e3fffe,vertical,12x18,canvas";"";"";"";"";"";"";"0";"0";"0";"0";"5";"1";"";"0";"0";"";"0000-00-00";"";"";"2";""
"";"";"33";"";"";"color,radio,color,radio";"frame,Shape,size,Type";"frame,shape,size,Type";"pine-wood:#a3afff,vertical,12x18,canvas";"";"";"";"";"";"";"0";"0";"0";"0";"5";"1";"";"0";"0";"";"0000-00-00";"";"";"2";""
"";"";"33";"";"";"color,radio,color,radio";"frame,Shape,size,Type";"frame,shape,size,Type";"none:#62ff43,vertical,16x24,canvas";"";"";"";"";"";"";"0";"0";"0";"0";"5";"1";"";"0";"0";"";"0000-00-00";"";"";"2";""
"";"";"33";"";"";"color,radio,color,radio";"frame,Shape,size,Type";"frame,shape,size,Type";"natural-wood:#ffd083,vertical,16x24,canvas";"";"";"";"";"";"";"0";"0";"0";"0";"5";"1";"";"0";"0";"";"0000-00-00";"";"";"2";""
"";"";"33";"";"";"color,radio,color,radio";"frame,Shape,size,Type";"frame,shape,size,Type";"dark-wood:#ce6600,vertical,16x24,canvas";"";"";"";"";"";"";"0";"0";"0";"0";"5";"1";"";"0";"0";"";"0000-00-00";"";"";"2";""
"";"";"33";"";"";"color,radio,color,radio";"frame,Shape,size,Type";"frame,shape,size,Type";"charcol-black:#3b1200,vertical,16x24,canvas";"";"";"";"";"";"";"0";"0";"0";"0";"5";"1";"";"0";"0";"";"0000-00-00";"";"";"2";""
"";"";"33";"";"";"color,radio,color,radio";"frame,Shape,size,Type";"frame,shape,size,Type";"charcol-white:#e3fffe,vertical,16x24,canvas";"";"";"";"";"";"";"0";"0";"0";"0";"5";"1";"";"0";"0";"";"0000-00-00";"";"";"2";""
"";"";"33";"";"";"color,radio,color,radio";"frame,Shape,size,Type";"frame,shape,size,Type";"pine-wood:#a3afff,vertical,16x24,canvas";"";"";"";"";"";"";"0";"0";"0";"0";"5";"1";"";"0";"0";"";"0000-00-00";"";"";"2";""
"";"";"33";"";"";"color,radio,color,radio";"frame,Shape,size,Type";"frame,shape,size,Type";"none:#62ff43,vertical,20x30,canvas";"";"";"";"";"";"";"0";"0";"0";"0";"5";"1";"";"0";"0";"";"0000-00-00";"";"";"2";""
"";"";"33";"";"";"color,radio,color,radio";"frame,Shape,size,Type";"frame,shape,size,Type";"natural-wood:#ffd083,vertical,20x30,canvas";"";"";"";"";"";"";"0";"0";"0";"0";"5";"1";"";"0";"0";"";"0000-00-00";"";"";"2";""
"";"";"33";"";"";"color,radio,color,radio";"frame,Shape,size,Type";"frame,shape,size,Type";"dark-wood:#ce6600,vertical,20x30,canvas";"";"";"";"";"";"";"0";"0";"0";"0";"5";"1";"";"0";"0";"";"0000-00-00";"";"";"2";""
"";"";"33";"";"";"color,radio,color,radio";"frame,Shape,size,Type";"frame,shape,size,Type";"charcol-black:#3b1200,vertical,20x30,canvas";"";"";"";"";"";"";"0";"0";"0";"0";"5";"1";"";"0";"0";"";"0000-00-00";"";"";"2";""
"";"";"33";"";"";"color,radio,color,radio";"frame,Shape,size,Type";"frame,shape,size,Type";"charcol-white:#e3fffe,vertical,20x30,canvas";"";"";"";"";"";"";"0";"0";"0";"0";"5";"1";"";"0";"0";"";"0000-00-00";"";"";"2";""
"";"";"33";"";"";"color,radio,color,radio";"frame,Shape,size,Type";"frame,shape,size,Type";"pine-wood:#a3afff,vertical,20x30,canvas";"";"";"";"";"";"";"0";"0";"0";"0";"5";"1";"";"0";"0";"";"0000-00-00";"";"";"2";""
"";"";"33";"";"";"color,radio,color,radio";"frame,Shape,size,Type";"frame,shape,size,Type";"none:#62ff43,vertical,24x36,canvas";"";"";"";"";"";"";"0";"0";"0";"0";"5";"1";"";"0";"0";"";"0000-00-00";"";"";"2";""
"";"";"33";"";"";"color,radio,color,radio";"frame,Shape,size,Type";"frame,shape,size,Type";"natural-wood:#ffd083,vertical,24x36,canvas";"";"";"";"";"";"";"0";"0";"0";"0";"5";"1";"";"0";"0";"";"0000-00-00";"";"";"2";""
"";"";"33";"";"";"color,radio,color,radio";"frame,Shape,size,Type";"frame,shape,size,Type";"dark-wood:#ce6600,vertical,24x36,canvas";"";"";"";"";"";"";"0";"0";"0";"0";"5";"1";"";"0";"0";"";"0000-00-00";"";"";"2";""
"";"";"33";"";"";"color,radio,color,radio";"frame,Shape,size,Type";"frame,shape,size,Type";"charcol-black:#3b1200,vertical,24x36,canvas";"";"";"";"";"";"";"0";"0";"0";"0";"5";"1";"";"0";"0";"";"0000-00-00";"";"";"2";""
"";"";"33";"";"";"color,radio,color,radio";"frame,Shape,size,Type";"frame,shape,size,Type";"charcol-white:#e3fffe,vertical,24x36,canvas";"";"";"";"";"";"";"0";"0";"0";"0";"5";"1";"";"0";"0";"";"0000-00-00";"";"";"2";""
"";"";"33";"";"";"color,radio,color,radio";"frame,Shape,size,Type";"frame,shape,size,Type";"pine-wood:#a3afff,vertical,24x36,canvas";"";"";"";"";"";"";"0";"0";"0";"0";"5";"1";"";"0";"0";"";"0000-00-00";"";"";"2";""
"";"";"33";"";"";"color,radio,color,radio";"frame,Shape,size,Type";"frame,shape,size,Type";"none:#62ff43,vertical,30x45,canvas";"";"";"";"";"";"";"0";"0";"0";"0";"5";"1";"";"0";"0";"";"0000-00-00";"";"";"2";""
"";"";"33";"";"";"color,radio,color,radio";"frame,Shape,size,Type";"frame,shape,size,Type";"natural-wood:#ffd083,vertical,30x45,canvas";"";"";"";"";"";"";"0";"0";"0";"0";"5";"1";"";"0";"0";"";"0000-00-00";"";"";"2";""
"";"";"33";"";"";"color,radio,color,radio";"frame,Shape,size,Type";"frame,shape,size,Type";"dark-wood:#ce6600,vertical,30x45,canvas";"";"";"";"";"";"";"0";"0";"0";"0";"5";"1";"";"0";"0";"";"0000-00-00";"";"";"2";""
"";"";"33";"";"";"color,radio,color,radio";"frame,Shape,size,Type";"frame,shape,size,Type";"charcol-black:#3b1200,vertical,30x45,canvas";"";"";"";"";"";"";"0";"0";"0";"0";"5";"1";"";"0";"0";"";"0000-00-00";"";"";"2";""
"";"";"33";"";"";"color,radio,color,radio";"frame,Shape,size,Type";"frame,shape,size,Type";"charcol-white:#e3fffe,vertical,30x45,canvas";"";"";"";"";"";"";"0";"0";"0";"0";"5";"1";"";"0";"0";"";"0000-00-00";"";"";"2";""
"";"";"33";"";"";"color,radio,color,radio";"frame,Shape,size,Type";"frame,shape,size,Type";"pine-wood:#a3afff,vertical,30x45,canvas";"";"";"";"";"";"";"0";"0";"0";"0";"5";"1";"";"0";"0";"";"0000-00-00";"";"";"2";""
"";"";"33";"";"";"color,radio,color,radio";"frame,Shape,size,Type";"frame,shape,size,Type";"none:#62ff43,vertical,10x15,fine-art-paper";"";"";"";"";"";"";"0";"0";"0";"0";"5";"1";"";"0";"0";"";"0000-00-00";"";"";"2";""
"";"";"33";"";"";"color,radio,color,radio";"frame,Shape,size,Type";"frame,shape,size,Type";"natural-wood:#ffd083,vertical,10x15,fine-art-paper";"";"";"";"";"";"";"0";"0";"0";"0";"5";"1";"";"0";"0";"";"0000-00-00";"";"";"2";""
"";"";"33";"";"";"color,radio,color,radio";"frame,Shape,size,Type";"frame,shape,size,Type";"dark-wood:#ce6600,vertical,10x15,fine-art-paper";"";"";"";"";"";"";"0";"0";"0";"0";"5";"1";"";"0";"0";"";"0000-00-00";"";"";"2";""
"";"";"33";"";"";"color,radio,color,radio";"frame,Shape,size,Type";"frame,shape,size,Type";"charcol-black:#3b1200,vertical,10x15,fine-art-paper";"";"";"";"";"";"";"0";"0";"0";"0";"5";"1";"";"0";"0";"";"0000-00-00";"";"";"2";""
"";"";"33";"";"";"color,radio,color,radio";"frame,Shape,size,Type";"frame,shape,size,Type";"charcol-white:#e3fffe,vertical,10x15,fine-art-paper";"";"";"";"";"";"";"0";"0";"0";"0";"5";"1";"";"0";"0";"";"0000-00-00";"";"";"2";""
"";"";"33";"";"";"color,radio,color,radio";"frame,Shape,size,Type";"frame,shape,size,Type";"pine-wood:#a3afff,vertical,10x15,fine-art-paper";"";"";"";"";"";"";"0";"0";"0";"0";"5";"1";"";"0";"0";"";"0000-00-00";"";"";"2";""
"";"";"33";"";"";"color,radio,color,radio";"frame,Shape,size,Type";"frame,shape,size,Type";"none:#62ff43,vertical,12x18,fine-art-paper";"";"";"";"";"";"";"0";"0";"0";"0";"5";"1";"";"0";"0";"";"0000-00-00";"";"";"2";""
"";"";"33";"";"";"color,radio,color,radio";"frame,Shape,size,Type";"frame,shape,size,Type";"natural-wood:#ffd083,vertical,12x18,fine-art-paper";"";"";"";"";"";"";"0";"0";"0";"0";"5";"1";"";"0";"0";"";"0000-00-00";"";"";"2";""
"";"";"33";"";"";"color,radio,color,radio";"frame,Shape,size,Type";"frame,shape,size,Type";"dark-wood:#ce6600,vertical,12x18,fine-art-paper";"";"";"";"";"";"";"0";"0";"0";"0";"5";"1";"";"0";"0";"";"0000-00-00";"";"";"2";""
"";"";"33";"";"";"color,radio,color,radio";"frame,Shape,size,Type";"frame,shape,size,Type";"charcol-black:#3b1200,vertical,12x18,fine-art-paper";"";"";"";"";"";"";"0";"0";"0";"0";"5";"1";"";"0";"0";"";"0000-00-00";"";"";"2";""
"";"";"33";"";"";"color,radio,color,radio";"frame,Shape,size,Type";"frame,shape,size,Type";"charcol-white:#e3fffe,vertical,12x18,fine-art-paper";"";"";"";"";"";"";"0";"0";"0";"0";"5";"1";"";"0";"0";"";"0000-00-00";"";"";"2";""
"";"";"33";"";"";"color,radio,color,radio";"frame,Shape,size,Type";"frame,shape,size,Type";"pine-wood:#a3afff,vertical,12x18,fine-art-paper";"";"";"";"";"";"";"0";"0";"0";"0";"5";"1";"";"0";"0";"";"0000-00-00";"";"";"2";""
"";"";"33";"";"";"color,radio,color,radio";"frame,Shape,size,Type";"frame,shape,size,Type";"none:#62ff43,vertical,16x24,fine-art-paper";"";"";"";"";"";"";"0";"0";"0";"0";"5";"1";"";"0";"0";"";"0000-00-00";"";"";"2";""
"";"";"33";"";"";"color,radio,color,radio";"frame,Shape,size,Type";"frame,shape,size,Type";"natural-wood:#ffd083,vertical,16x24,fine-art-paper";"";"";"";"";"";"";"0";"0";"0";"0";"5";"1";"";"0";"0";"";"0000-00-00";"";"";"2";""
"";"";"33";"";"";"color,radio,color,radio";"frame,Shape,size,Type";"frame,shape,size,Type";"dark-wood:#ce6600,vertical,16x24,fine-art-paper";"";"";"";"";"";"";"0";"0";"0";"0";"5";"1";"";"0";"0";"";"0000-00-00";"";"";"2";""
"";"";"33";"";"";"color,radio,color,radio";"frame,Shape,size,Type";"frame,shape,size,Type";"charcol-black:#3b1200,vertical,16x24,fine-art-paper";"";"";"";"";"";"";"0";"0";"0";"0";"5";"1";"";"0";"0";"";"0000-00-00";"";"";"2";""
"";"";"33";"";"";"color,radio,color,radio";"frame,Shape,size,Type";"frame,shape,size,Type";"charcol-white:#e3fffe,vertical,16x24,fine-art-paper";"";"";"";"";"";"";"0";"0";"0";"0";"5";"1";"";"0";"0";"";"0000-00-00";"";"";"2";""
"";"";"33";"";"";"color,radio,color,radio";"frame,Shape,size,Type";"frame,shape,size,Type";"pine-wood:#a3afff,vertical,16x24,fine-art-paper";"";"";"";"";"";"";"0";"0";"0";"0";"5";"1";"";"0";"0";"";"0000-00-00";"";"";"2";""
"";"";"33";"";"";"color,radio,color,radio";"frame,Shape,size,Type";"frame,shape,size,Type";"none:#62ff43,vertical,20x30,fine-art-paper";"";"";"";"";"";"";"0";"0";"0";"0";"5";"1";"";"0";"0";"";"0000-00-00";"";"";"2";""
"";"";"33";"";"";"color,radio,color,radio";"frame,Shape,size,Type";"frame,shape,size,Type";"natural-wood:#ffd083,vertical,20x30,fine-art-paper";"";"";"";"";"";"";"0";"0";"0";"0";"5";"1";"";"0";"0";"";"0000-00-00";"";"";"2";""
"";"";"33";"";"";"color,radio,color,radio";"frame,Shape,size,Type";"frame,shape,size,Type";"dark-wood:#ce6600,vertical,20x30,fine-art-paper";"";"";"";"";"";"";"0";"0";"0";"0";"5";"1";"";"0";"0";"";"0000-00-00";"";"";"2";""
"";"";"33";"";"";"color,radio,color,radio";"frame,Shape,size,Type";"frame,shape,size,Type";"charcol-black:#3b1200,vertical,20x30,fine-art-paper";"";"";"";"";"";"";"0";"0";"0";"0";"5";"1";"";"0";"0";"";"0000-00-00";"";"";"2";""
"";"";"33";"";"";"color,radio,color,radio";"frame,Shape,size,Type";"frame,shape,size,Type";"charcol-white:#e3fffe,vertical,20x30,fine-art-paper";"";"";"";"";"";"";"0";"0";"0";"0";"5";"1";"";"0";"0";"";"0000-00-00";"";"";"2";""
"";"";"33";"";"";"color,radio,color,radio";"frame,Shape,size,Type";"frame,shape,size,Type";"pine-wood:#a3afff,vertical,20x30,fine-art-paper";"";"";"";"";"";"";"0";"0";"0";"0";"5";"1";"";"0";"0";"";"0000-00-00";"";"";"2";""
"";"";"33";"";"";"color,radio,color,radio";"frame,Shape,size,Type";"frame,shape,size,Type";"none:#62ff43,vertical,24x36,fine-art-paper";"";"";"";"";"";"";"0";"0";"0";"0";"5";"1";"";"0";"0";"";"0000-00-00";"";"";"2";""
"";"";"33";"";"";"color,radio,color,radio";"frame,Shape,size,Type";"frame,shape,size,Type";"natural-wood:#ffd083,vertical,24x36,fine-art-paper";"";"";"";"";"";"";"0";"0";"0";"0";"5";"1";"";"0";"0";"";"0000-00-00";"";"";"2";""
"";"";"33";"";"";"color,radio,color,radio";"frame,Shape,size,Type";"frame,shape,size,Type";"dark-wood:#ce6600,vertical,24x36,fine-art-paper";"";"";"";"";"";"";"0";"0";"0";"0";"5";"1";"";"0";"0";"";"0000-00-00";"";"";"2";""
"";"";"33";"";"";"color,radio,color,radio";"frame,Shape,size,Type";"frame,shape,size,Type";"charcol-black:#3b1200,vertical,24x36,fine-art-paper";"";"";"";"";"";"";"0";"0";"0";"0";"5";"1";"";"0";"0";"";"0000-00-00";"";"";"2";""
"";"";"33";"";"";"color,radio,color,radio";"frame,Shape,size,Type";"frame,shape,size,Type";"charcol-white:#e3fffe,vertical,24x36,fine-art-paper";"";"";"";"";"";"";"0";"0";"0";"0";"5";"1";"";"0";"0";"";"0000-00-00";"";"";"2";""
"";"";"33";"";"";"color,radio,color,radio";"frame,Shape,size,Type";"frame,shape,size,Type";"pine-wood:#a3afff,vertical,24x36,fine-art-paper";"";"";"";"";"";"";"0";"0";"0";"0";"5";"1";"";"0";"0";"";"0000-00-00";"";"";"2";""
"";"";"33";"";"";"color,radio,color,radio";"frame,Shape,size,Type";"frame,shape,size,Type";"none:#62ff43,vertical,30x45,fine-art-paper";"";"";"";"";"";"";"0";"0";"0";"0";"5";"1";"";"0";"0";"";"0000-00-00";"";"";"2";""
"";"";"33";"";"";"color,radio,color,radio";"frame,Shape,size,Type";"frame,shape,size,Type";"natural-wood:#ffd083,vertical,30x45,fine-art-paper";"";"";"";"";"";"";"0";"0";"0";"0";"5";"1";"";"0";"0";"";"0000-00-00";"";"";"2";""
"";"";"33";"";"";"color,radio,color,radio";"frame,Shape,size,Type";"frame,shape,size,Type";"dark-wood:#ce6600,vertical,30x45,fine-art-paper";"";"";"";"";"";"";"0";"0";"0";"0";"5";"1";"";"0";"0";"";"0000-00-00";"";"";"2";""
"";"";"33";"";"";"color,radio,color,radio";"frame,Shape,size,Type";"frame,shape,size,Type";"charcol-black:#3b1200,vertical,30x45,fine-art-paper";"";"";"";"";"";"";"0";"0";"0";"0";"5";"1";"";"0";"0";"";"0000-00-00";"";"";"2";""
"";"";"33";"";"";"color,radio,color,radio";"frame,Shape,size,Type";"frame,shape,size,Type";"charcol-white:#e3fffe,vertical,30x45,fine-art-paper";"";"";"";"";"";"";"0";"0";"0";"0";"5";"1";"";"0";"0";"";"0000-00-00";"";"";"2";""
"";"";"33";"";"";"color,radio,color,radio";"frame,Shape,size,Type";"frame,shape,size,Type";"pine-wood:#a3afff,vertical,30x45,fine-art-paper";"";"";"";"";"";"";"0";"0";"0";"0";"5";"1";"";"0";"0";"";"0000-00-00";"";"";"2";""
"";"";"36";"";"";"color,radio,color,radio";"frame,Shape,size,Type";"frame,shape,size,Type";"none:#62ff43,vertical,10x15,canvas";"";"";"";"";"";"";"0";"0";"0";"0";"5";"1";"";"0";"0";"1";"0000-00-00";"";"";"2";""
"";"";"36";"";"";"color,radio,color,radio";"frame,Shape,size,Type";"frame,shape,size,Type";"natural-wood:#ffd083,vertical,10x15,canvas";"";"";"";"";"";"";"0";"0";"0";"0";"5";"1";"";"0";"0";"";"0000-00-00";"";"";"2";""
"";"";"36";"";"";"color,radio,color,radio";"frame,Shape,size,Type";"frame,shape,size,Type";"dark-wood:#ce6600,vertical,10x15,canvas";"";"";"";"";"";"";"0";"0";"0";"0";"5";"1";"";"0";"0";"";"0000-00-00";"";"";"2";""
"";"";"36";"";"";"color,radio,color,radio";"frame,Shape,size,Type";"frame,shape,size,Type";"charcol-black:#3b1200,vertical,10x15,canvas";"";"";"";"";"";"";"0";"0";"0";"0";"5";"1";"";"0";"0";"";"0000-00-00";"";"";"2";""
"";"";"36";"";"";"color,radio,color,radio";"frame,Shape,size,Type";"frame,shape,size,Type";"charcol-white:#e3fffe,vertical,10x15,canvas";"";"";"";"";"";"";"0";"0";"0";"0";"5";"1";"";"0";"0";"";"0000-00-00";"";"";"2";""
"";"";"36";"";"";"color,radio,color,radio";"frame,Shape,size,Type";"frame,shape,size,Type";"pine-wood:#a3afff,vertical,10x15,canvas";"";"";"";"";"";"";"0";"0";"0";"0";"5";"1";"";"0";"0";"";"0000-00-00";"";"";"2";""
"";"";"36";"";"";"color,radio,color,radio";"frame,Shape,size,Type";"frame,shape,size,Type";"none:#62ff43,vertical,12x18,canvas";"";"";"";"";"";"";"0";"0";"0";"0";"5";"1";"";"0";"0";"";"0000-00-00";"";"";"2";""
"";"";"36";"";"";"color,radio,color,radio";"frame,Shape,size,Type";"frame,shape,size,Type";"natural-wood:#ffd083,vertical,12x18,canvas";"";"";"";"";"";"";"0";"0";"0";"0";"5";"1";"";"0";"0";"";"0000-00-00";"";"";"2";""
"";"";"36";"";"";"color,radio,color,radio";"frame,Shape,size,Type";"frame,shape,size,Type";"dark-wood:#ce6600,vertical,12x18,canvas";"";"";"";"";"";"";"0";"0";"0";"0";"5";"1";"";"0";"0";"";"0000-00-00";"";"";"2";""
"";"";"36";"";"";"color,radio,color,radio";"frame,Shape,size,Type";"frame,shape,size,Type";"charcol-black:#3b1200,vertical,12x18,canvas";"";"";"";"";"";"";"0";"0";"0";"0";"5";"1";"";"0";"0";"";"0000-00-00";"";"";"2";""
"";"";"36";"";"";"color,radio,color,radio";"frame,Shape,size,Type";"frame,shape,size,Type";"charcol-white:#e3fffe,vertical,12x18,canvas";"";"";"";"";"";"";"0";"0";"0";"0";"5";"1";"";"0";"0";"";"0000-00-00";"";"";"2";""
"";"";"36";"";"";"color,radio,color,radio";"frame,Shape,size,Type";"frame,shape,size,Type";"pine-wood:#a3afff,vertical,12x18,canvas";"";"";"";"";"";"";"0";"0";"0";"0";"5";"1";"";"0";"0";"";"0000-00-00";"";"";"2";""
"";"";"36";"";"";"color,radio,color,radio";"frame,Shape,size,Type";"frame,shape,size,Type";"none:#62ff43,vertical,16x24,canvas";"";"";"";"";"";"";"0";"0";"0";"0";"5";"1";"";"0";"0";"";"0000-00-00";"";"";"2";""
"";"";"36";"";"";"color,radio,color,radio";"frame,Shape,size,Type";"frame,shape,size,Type";"natural-wood:#ffd083,vertical,16x24,canvas";"";"";"";"";"";"";"0";"0";"0";"0";"5";"1";"";"0";"0";"";"0000-00-00";"";"";"2";""
"";"";"36";"";"";"color,radio,color,radio";"frame,Shape,size,Type";"frame,shape,size,Type";"dark-wood:#ce6600,vertical,16x24,canvas";"";"";"";"";"";"";"0";"0";"0";"0";"5";"1";"";"0";"0";"";"0000-00-00";"";"";"2";""
"";"";"36";"";"";"color,radio,color,radio";"frame,Shape,size,Type";"frame,shape,size,Type";"charcol-black:#3b1200,vertical,16x24,canvas";"";"";"";"";"";"";"0";"0";"0";"0";"5";"1";"";"0";"0";"";"0000-00-00";"";"";"2";""
"";"";"36";"";"";"color,radio,color,radio";"frame,Shape,size,Type";"frame,shape,size,Type";"charcol-white:#e3fffe,vertical,16x24,canvas";"";"";"";"";"";"";"0";"0";"0";"0";"5";"1";"";"0";"0";"";"0000-00-00";"";"";"2";""
"";"";"36";"";"";"color,radio,color,radio";"frame,Shape,size,Type";"frame,shape,size,Type";"pine-wood:#a3afff,vertical,16x24,canvas";"";"";"";"";"";"";"0";"0";"0";"0";"5";"1";"";"0";"0";"";"0000-00-00";"";"";"2";""
"";"";"36";"";"";"color,radio,color,radio";"frame,Shape,size,Type";"frame,shape,size,Type";"none:#62ff43,vertical,20x30,canvas";"";"";"";"";"";"";"0";"0";"0";"0";"5";"1";"";"0";"0";"";"0000-00-00";"";"";"2";""
"";"";"36";"";"";"color,radio,color,radio";"frame,Shape,size,Type";"frame,shape,size,Type";"natural-wood:#ffd083,vertical,20x30,canvas";"";"";"";"";"";"";"0";"0";"0";"0";"5";"1";"";"0";"0";"";"0000-00-00";"";"";"2";""
"";"";"36";"";"";"color,radio,color,radio";"frame,Shape,size,Type";"frame,shape,size,Type";"dark-wood:#ce6600,vertical,20x30,canvas";"";"";"";"";"";"";"0";"0";"0";"0";"5";"1";"";"0";"0";"";"0000-00-00";"";"";"2";""
"";"";"36";"";"";"color,radio,color,radio";"frame,Shape,size,Type";"frame,shape,size,Type";"charcol-black:#3b1200,vertical,20x30,canvas";"";"";"";"";"";"";"0";"0";"0";"0";"5";"1";"";"0";"0";"";"0000-00-00";"";"";"2";""
"";"";"36";"";"";"color,radio,color,radio";"frame,Shape,size,Type";"frame,shape,size,Type";"charcol-white:#e3fffe,vertical,20x30,canvas";"";"";"";"";"";"";"0";"0";"0";"0";"5";"1";"";"0";"0";"";"0000-00-00";"";"";"2";""
"";"";"36";"";"";"color,radio,color,radio";"frame,Shape,size,Type";"frame,shape,size,Type";"pine-wood:#a3afff,vertical,20x30,canvas";"";"";"";"";"";"";"0";"0";"0";"0";"5";"1";"";"0";"0";"";"0000-00-00";"";"";"2";""
"";"";"36";"";"";"color,radio,color,radio";"frame,Shape,size,Type";"frame,shape,size,Type";"none:#62ff43,vertical,24x36,canvas";"";"";"";"";"";"";"0";"0";"0";"0";"5";"1";"";"0";"0";"";"0000-00-00";"";"";"2";""
"";"";"36";"";"";"color,radio,color,radio";"frame,Shape,size,Type";"frame,shape,size,Type";"natural-wood:#ffd083,vertical,24x36,canvas";"";"";"";"";"";"";"0";"0";"0";"0";"5";"1";"";"0";"0";"";"0000-00-00";"";"";"2";""
"";"";"36";"";"";"color,radio,color,radio";"frame,Shape,size,Type";"frame,shape,size,Type";"dark-wood:#ce6600,vertical,24x36,canvas";"";"";"";"";"";"";"0";"0";"0";"0";"5";"1";"";"0";"0";"";"0000-00-00";"";"";"2";""
"";"";"36";"";"";"color,radio,color,radio";"frame,Shape,size,Type";"frame,shape,size,Type";"charcol-black:#3b1200,vertical,24x36,canvas";"";"";"";"";"";"";"0";"0";"0";"0";"5";"1";"";"0";"0";"";"0000-00-00";"";"";"2";""
"";"";"36";"";"";"color,radio,color,radio";"frame,Shape,size,Type";"frame,shape,size,Type";"charcol-white:#e3fffe,vertical,24x36,canvas";"";"";"";"";"";"";"0";"0";"0";"0";"5";"1";"";"0";"0";"";"0000-00-00";"";"";"2";""
"";"";"36";"";"";"color,radio,color,radio";"frame,Shape,size,Type";"frame,shape,size,Type";"pine-wood:#a3afff,vertical,24x36,canvas";"";"";"";"";"";"";"0";"0";"0";"0";"5";"1";"";"0";"0";"";"0000-00-00";"";"";"2";""
"";"";"36";"";"";"color,radio,color,radio";"frame,Shape,size,Type";"frame,shape,size,Type";"none:#62ff43,vertical,30x45,canvas";"";"";"";"";"";"";"0";"0";"0";"0";"5";"1";"";"0";"0";"";"0000-00-00";"";"";"2";""
"";"";"36";"";"";"color,radio,color,radio";"frame,Shape,size,Type";"frame,shape,size,Type";"natural-wood:#ffd083,vertical,30x45,canvas";"";"";"";"";"";"";"0";"0";"0";"0";"5";"1";"";"0";"0";"";"0000-00-00";"";"";"2";""
"";"";"36";"";"";"color,radio,color,radio";"frame,Shape,size,Type";"frame,shape,size,Type";"dark-wood:#ce6600,vertical,30x45,canvas";"";"";"";"";"";"";"0";"0";"0";"0";"5";"1";"";"0";"0";"";"0000-00-00";"";"";"2";""
"";"";"36";"";"";"color,radio,color,radio";"frame,Shape,size,Type";"frame,shape,size,Type";"charcol-black:#3b1200,vertical,30x45,canvas";"";"";"";"";"";"";"0";"0";"0";"0";"5";"1";"";"0";"0";"";"0000-00-00";"";"";"2";""
"";"";"36";"";"";"color,radio,color,radio";"frame,Shape,size,Type";"frame,shape,size,Type";"charcol-white:#e3fffe,vertical,30x45,canvas";"";"";"";"";"";"";"0";"0";"0";"0";"5";"1";"";"0";"0";"";"0000-00-00";"";"";"2";""
"";"";"36";"";"";"color,radio,color,radio";"frame,Shape,size,Type";"frame,shape,size,Type";"pine-wood:#a3afff,vertical,30x45,canvas";"";"";"";"";"";"";"0";"0";"0";"0";"5";"1";"";"0";"0";"";"0000-00-00";"";"";"2";""
"";"";"36";"";"";"color,radio,color,radio";"frame,Shape,size,Type";"frame,shape,size,Type";"none:#62ff43,vertical,10x15,fine-art-paper";"";"";"";"";"";"";"0";"0";"0";"0";"5";"1";"";"0";"0";"";"0000-00-00";"";"";"2";""
"";"";"36";"";"";"color,radio,color,radio";"frame,Shape,size,Type";"frame,shape,size,Type";"natural-wood:#ffd083,vertical,10x15,fine-art-paper";"";"";"";"";"";"";"0";"0";"0";"0";"5";"1";"";"0";"0";"";"0000-00-00";"";"";"2";""
"";"";"36";"";"";"color,radio,color,radio";"frame,Shape,size,Type";"frame,shape,size,Type";"dark-wood:#ce6600,vertical,10x15,fine-art-paper";"";"";"";"";"";"";"0";"0";"0";"0";"5";"1";"";"0";"0";"";"0000-00-00";"";"";"2";""
"";"";"36";"";"";"color,radio,color,radio";"frame,Shape,size,Type";"frame,shape,size,Type";"charcol-black:#3b1200,vertical,10x15,fine-art-paper";"";"";"";"";"";"";"0";"0";"0";"0";"5";"1";"";"0";"0";"";"0000-00-00";"";"";"2";""
"";"";"36";"";"";"color,radio,color,radio";"frame,Shape,size,Type";"frame,shape,size,Type";"charcol-white:#e3fffe,vertical,10x15,fine-art-paper";"";"";"";"";"";"";"0";"0";"0";"0";"5";"1";"";"0";"0";"";"0000-00-00";"";"";"2";""
"";"";"36";"";"";"color,radio,color,radio";"frame,Shape,size,Type";"frame,shape,size,Type";"pine-wood:#a3afff,vertical,10x15,fine-art-paper";"";"";"";"";"";"";"0";"0";"0";"0";"5";"1";"";"0";"0";"";"0000-00-00";"";"";"2";""
"";"";"36";"";"";"color,radio,color,radio";"frame,Shape,size,Type";"frame,shape,size,Type";"none:#62ff43,vertical,12x18,fine-art-paper";"";"";"";"";"";"";"0";"0";"0";"0";"5";"1";"";"0";"0";"";"0000-00-00";"";"";"2";""
"";"";"36";"";"";"color,radio,color,radio";"frame,Shape,size,Type";"frame,shape,size,Type";"natural-wood:#ffd083,vertical,12x18,fine-art-paper";"";"";"";"";"";"";"0";"0";"0";"0";"5";"1";"";"0";"0";"";"0000-00-00";"";"";"2";""
"";"";"36";"";"";"color,radio,color,radio";"frame,Shape,size,Type";"frame,shape,size,Type";"dark-wood:#ce6600,vertical,12x18,fine-art-paper";"";"";"";"";"";"";"0";"0";"0";"0";"5";"1";"";"0";"0";"";"0000-00-00";"";"";"2";""
"";"";"36";"";"";"color,radio,color,radio";"frame,Shape,size,Type";"frame,shape,size,Type";"charcol-black:#3b1200,vertical,12x18,fine-art-paper";"";"";"";"";"";"";"0";"0";"0";"0";"5";"1";"";"0";"0";"";"0000-00-00";"";"";"2";""
"";"";"36";"";"";"color,radio,color,radio";"frame,Shape,size,Type";"frame,shape,size,Type";"charcol-white:#e3fffe,vertical,12x18,fine-art-paper";"";"";"";"";"";"";"0";"0";"0";"0";"5";"1";"";"0";"0";"";"0000-00-00";"";"";"2";""
"";"";"36";"";"";"color,radio,color,radio";"frame,Shape,size,Type";"frame,shape,size,Type";"pine-wood:#a3afff,vertical,12x18,fine-art-paper";"";"";"";"";"";"";"0";"0";"0";"0";"5";"1";"";"0";"0";"";"0000-00-00";"";"";"2";""
"";"";"36";"";"";"color,radio,color,radio";"frame,Shape,size,Type";"frame,shape,size,Type";"none:#62ff43,vertical,16x24,fine-art-paper";"";"";"";"";"";"";"0";"0";"0";"0";"5";"1";"";"0";"0";"";"0000-00-00";"";"";"2";""
"";"";"36";"";"";"color,radio,color,radio";"frame,Shape,size,Type";"frame,shape,size,Type";"natural-wood:#ffd083,vertical,16x24,fine-art-paper";"";"";"";"";"";"";"0";"0";"0";"0";"5";"1";"";"0";"0";"";"0000-00-00";"";"";"2";""
"";"";"36";"";"";"color,radio,color,radio";"frame,Shape,size,Type";"frame,shape,size,Type";"dark-wood:#ce6600,vertical,16x24,fine-art-paper";"";"";"";"";"";"";"0";"0";"0";"0";"5";"1";"";"0";"0";"";"0000-00-00";"";"";"2";""
"";"";"36";"";"";"color,radio,color,radio";"frame,Shape,size,Type";"frame,shape,size,Type";"charcol-black:#3b1200,vertical,16x24,fine-art-paper";"";"";"";"";"";"";"0";"0";"0";"0";"5";"1";"";"0";"0";"";"0000-00-00";"";"";"2";""
"";"";"36";"";"";"color,radio,color,radio";"frame,Shape,size,Type";"frame,shape,size,Type";"charcol-white:#e3fffe,vertical,16x24,fine-art-paper";"";"";"";"";"";"";"0";"0";"0";"0";"5";"1";"";"0";"0";"";"0000-00-00";"";"";"2";""
"";"";"36";"";"";"color,radio,color,radio";"frame,Shape,size,Type";"frame,shape,size,Type";"pine-wood:#a3afff,vertical,16x24,fine-art-paper";"";"";"";"";"";"";"0";"0";"0";"0";"5";"1";"";"0";"0";"";"0000-00-00";"";"";"2";""
"";"";"36";"";"";"color,radio,color,radio";"frame,Shape,size,Type";"frame,shape,size,Type";"none:#62ff43,vertical,20x30,fine-art-paper";"";"";"";"";"";"";"0";"0";"0";"0";"5";"1";"";"0";"0";"";"0000-00-00";"";"";"2";""
"";"";"36";"";"";"color,radio,color,radio";"frame,Shape,size,Type";"frame,shape,size,Type";"natural-wood:#ffd083,vertical,20x30,fine-art-paper";"";"";"";"";"";"";"0";"0";"0";"0";"5";"1";"";"0";"0";"";"0000-00-00";"";"";"2";""
"";"";"36";"";"";"color,radio,color,radio";"frame,Shape,size,Type";"frame,shape,size,Type";"dark-wood:#ce6600,vertical,20x30,fine-art-paper";"";"";"";"";"";"";"0";"0";"0";"0";"5";"1";"";"0";"0";"";"0000-00-00";"";"";"2";""
"";"";"36";"";"";"color,radio,color,radio";"frame,Shape,size,Type";"frame,shape,size,Type";"charcol-black:#3b1200,vertical,20x30,fine-art-paper";"";"";"";"";"";"";"0";"0";"0";"0";"5";"1";"";"0";"0";"";"0000-00-00";"";"";"2";""
"";"";"36";"";"";"color,radio,color,radio";"frame,Shape,size,Type";"frame,shape,size,Type";"charcol-white:#e3fffe,vertical,20x30,fine-art-paper";"";"";"";"";"";"";"0";"0";"0";"0";"5";"1";"";"0";"0";"";"0000-00-00";"";"";"2";""
"";"";"36";"";"";"color,radio,color,radio";"frame,Shape,size,Type";"frame,shape,size,Type";"pine-wood:#a3afff,vertical,20x30,fine-art-paper";"";"";"";"";"";"";"0";"0";"0";"0";"5";"1";"";"0";"0";"";"0000-00-00";"";"";"2";""
"";"";"36";"";"";"color,radio,color,radio";"frame,Shape,size,Type";"frame,shape,size,Type";"none:#62ff43,vertical,24x36,fine-art-paper";"";"";"";"";"";"";"0";"0";"0";"0";"5";"1";"";"0";"0";"";"0000-00-00";"";"";"2";""
"";"";"36";"";"";"color,radio,color,radio";"frame,Shape,size,Type";"frame,shape,size,Type";"natural-wood:#ffd083,vertical,24x36,fine-art-paper";"";"";"";"";"";"";"0";"0";"0";"0";"5";"1";"";"0";"0";"";"0000-00-00";"";"";"2";""
"";"";"36";"";"";"color,radio,color,radio";"frame,Shape,size,Type";"frame,shape,size,Type";"dark-wood:#ce6600,vertical,24x36,fine-art-paper";"";"";"";"";"";"";"0";"0";"0";"0";"5";"1";"";"0";"0";"";"0000-00-00";"";"";"2";""
"";"";"36";"";"";"color,radio,color,radio";"frame,Shape,size,Type";"frame,shape,size,Type";"charcol-black:#3b1200,vertical,24x36,fine-art-paper";"";"";"";"";"";"";"0";"0";"0";"0";"5";"1";"";"0";"0";"";"0000-00-00";"";"";"2";""
"";"";"36";"";"";"color,radio,color,radio";"frame,Shape,size,Type";"frame,shape,size,Type";"charcol-white:#e3fffe,vertical,24x36,fine-art-paper";"";"";"";"";"";"";"0";"0";"0";"0";"5";"1";"";"0";"0";"";"0000-00-00";"";"";"2";""
"";"";"36";"";"";"color,radio,color,radio";"frame,Shape,size,Type";"frame,shape,size,Type";"pine-wood:#a3afff,vertical,24x36,fine-art-paper";"";"";"";"";"";"";"0";"0";"0";"0";"5";"1";"";"0";"0";"";"0000-00-00";"";"";"2";""
"";"";"36";"";"";"color,radio,color,radio";"frame,Shape,size,Type";"frame,shape,size,Type";"none:#62ff43,vertical,30x45,fine-art-paper";"";"";"";"";"";"";"0";"0";"0";"0";"5";"1";"";"0";"0";"";"0000-00-00";"";"";"2";""
"";"";"36";"";"";"color,radio,color,radio";"frame,Shape,size,Type";"frame,shape,size,Type";"natural-wood:#ffd083,vertical,30x45,fine-art-paper";"";"";"";"";"";"";"0";"0";"0";"0";"5";"1";"";"0";"0";"";"0000-00-00";"";"";"2";""
"";"";"36";"";"";"color,radio,color,radio";"frame,Shape,size,Type";"frame,shape,size,Type";"dark-wood:#ce6600,vertical,30x45,fine-art-paper";"";"";"";"";"";"";"0";"0";"0";"0";"5";"1";"";"0";"0";"";"0000-00-00";"";"";"2";""
"";"";"36";"";"";"color,radio,color,radio";"frame,Shape,size,Type";"frame,shape,size,Type";"charcol-black:#3b1200,vertical,30x45,fine-art-paper";"";"";"";"";"";"";"0";"0";"0";"0";"5";"1";"";"0";"0";"";"0000-00-00";"";"";"2";""
"";"";"36";"";"";"color,radio,color,radio";"frame,Shape,size,Type";"frame,shape,size,Type";"charcol-white:#e3fffe,vertical,30x45,fine-art-paper";"";"";"";"";"";"";"0";"0";"0";"0";"5";"1";"";"0";"0";"";"0000-00-00";"";"";"2";""
"";"";"36";"";"";"color,radio,color,radio";"frame,Shape,size,Type";"frame,shape,size,Type";"pine-wood:#a3afff,vertical,30x45,fine-art-paper";"";"";"";"";"";"";"0";"0";"0";"0";"5";"1";"";"0";"0";"";"0000-00-00";"";"";"2";""
"";"";"39";"";"";"color,radio,color,radio";"frame,Shape,size,Type";"frame,shape,size,Type";"none:#62ff43,vertical,10x15,canvas";"";"";"";"";"";"";"0";"0";"0";"0";"5";"1";"";"0";"0";"1";"0000-00-00";"";"";"2";""
"";"";"39";"";"";"color,radio,color,radio";"frame,Shape,size,Type";"frame,shape,size,Type";"natural-wood:#ffd083,vertical,10x15,canvas";"";"";"";"";"";"";"0";"0";"0";"0";"5";"1";"";"0";"0";"";"0000-00-00";"";"";"2";""
"";"";"39";"";"";"color,radio,color,radio";"frame,Shape,size,Type";"frame,shape,size,Type";"dark-wood:#ce6600,vertical,10x15,canvas";"";"";"";"";"";"";"0";"0";"0";"0";"5";"1";"";"0";"0";"";"0000-00-00";"";"";"2";""
"";"";"39";"";"";"color,radio,color,radio";"frame,Shape,size,Type";"frame,shape,size,Type";"charcol-black:#3b1200,vertical,10x15,canvas";"";"";"";"";"";"";"0";"0";"0";"0";"5";"1";"";"0";"0";"";"0000-00-00";"";"";"2";""
"";"";"39";"";"";"color,radio,color,radio";"frame,Shape,size,Type";"frame,shape,size,Type";"charcol-white:#e3fffe,vertical,10x15,canvas";"";"";"";"";"";"";"0";"0";"0";"0";"5";"1";"";"0";"0";"";"0000-00-00";"";"";"2";""
"";"";"39";"";"";"color,radio,color,radio";"frame,Shape,size,Type";"frame,shape,size,Type";"pine-wood:#a3afff,vertical,10x15,canvas";"";"";"";"";"";"";"0";"0";"0";"0";"5";"1";"";"0";"0";"";"0000-00-00";"";"";"2";""
"";"";"39";"";"";"color,radio,color,radio";"frame,Shape,size,Type";"frame,shape,size,Type";"none:#62ff43,vertical,12x18,canvas";"";"";"";"";"";"";"0";"0";"0";"0";"5";"1";"";"0";"0";"";"0000-00-00";"";"";"2";""
"";"";"39";"";"";"color,radio,color,radio";"frame,Shape,size,Type";"frame,shape,size,Type";"natural-wood:#ffd083,vertical,12x18,canvas";"";"";"";"";"";"";"0";"0";"0";"0";"5";"1";"";"0";"0";"";"0000-00-00";"";"";"2";""
"";"";"39";"";"";"color,radio,color,radio";"frame,Shape,size,Type";"frame,shape,size,Type";"dark-wood:#ce6600,vertical,12x18,canvas";"";"";"";"";"";"";"0";"0";"0";"0";"5";"1";"";"0";"0";"";"0000-00-00";"";"";"2";""
"";"";"39";"";"";"color,radio,color,radio";"frame,Shape,size,Type";"frame,shape,size,Type";"charcol-black:#3b1200,vertical,12x18,canvas";"";"";"";"";"";"";"0";"0";"0";"0";"5";"1";"";"0";"0";"";"0000-00-00";"";"";"2";""
"";"";"39";"";"";"color,radio,color,radio";"frame,Shape,size,Type";"frame,shape,size,Type";"charcol-white:#e3fffe,vertical,12x18,canvas";"";"";"";"";"";"";"0";"0";"0";"0";"5";"1";"";"0";"0";"";"0000-00-00";"";"";"2";""
"";"";"39";"";"";"color,radio,color,radio";"frame,Shape,size,Type";"frame,shape,size,Type";"pine-wood:#a3afff,vertical,12x18,canvas";"";"";"";"";"";"";"0";"0";"0";"0";"5";"1";"";"0";"0";"";"0000-00-00";"";"";"2";""
"";"";"39";"";"";"color,radio,color,radio";"frame,Shape,size,Type";"frame,shape,size,Type";"none:#62ff43,vertical,16x24,canvas";"";"";"";"";"";"";"0";"0";"0";"0";"5";"1";"";"0";"0";"";"0000-00-00";"";"";"2";""
"";"";"39";"";"";"color,radio,color,radio";"frame,Shape,size,Type";"frame,shape,size,Type";"natural-wood:#ffd083,vertical,16x24,canvas";"";"";"";"";"";"";"0";"0";"0";"0";"5";"1";"";"0";"0";"";"0000-00-00";"";"";"2";""
"";"";"39";"";"";"color,radio,color,radio";"frame,Shape,size,Type";"frame,shape,size,Type";"dark-wood:#ce6600,vertical,16x24,canvas";"";"";"";"";"";"";"0";"0";"0";"0";"5";"1";"";"0";"0";"";"0000-00-00";"";"";"2";""
"";"";"39";"";"";"color,radio,color,radio";"frame,Shape,size,Type";"frame,shape,size,Type";"charcol-black:#3b1200,vertical,16x24,canvas";"";"";"";"";"";"";"0";"0";"0";"0";"5";"1";"";"0";"0";"";"0000-00-00";"";"";"2";""
"";"";"39";"";"";"color,radio,color,radio";"frame,Shape,size,Type";"frame,shape,size,Type";"charcol-white:#e3fffe,vertical,16x24,canvas";"";"";"";"";"";"";"0";"0";"0";"0";"5";"1";"";"0";"0";"";"0000-00-00";"";"";"2";""
"";"";"39";"";"";"color,radio,color,radio";"frame,Shape,size,Type";"frame,shape,size,Type";"pine-wood:#a3afff,vertical,16x24,canvas";"";"";"";"";"";"";"0";"0";"0";"0";"5";"1";"";"0";"0";"";"0000-00-00";"";"";"2";""
"";"";"39";"";"";"color,radio,color,radio";"frame,Shape,size,Type";"frame,shape,size,Type";"none:#62ff43,vertical,20x30,canvas";"";"";"";"";"";"";"0";"0";"0";"0";"5";"1";"";"0";"0";"";"0000-00-00";"";"";"2";""
"";"";"39";"";"";"color,radio,color,radio";"frame,Shape,size,Type";"frame,shape,size,Type";"natural-wood:#ffd083,vertical,20x30,canvas";"";"";"";"";"";"";"0";"0";"0";"0";"5";"1";"";"0";"0";"";"0000-00-00";"";"";"2";""
"";"";"39";"";"";"color,radio,color,radio";"frame,Shape,size,Type";"frame,shape,size,Type";"dark-wood:#ce6600,vertical,20x30,canvas";"";"";"";"";"";"";"0";"0";"0";"0";"5";"1";"";"0";"0";"";"0000-00-00";"";"";"2";""
"";"";"39";"";"";"color,radio,color,radio";"frame,Shape,size,Type";"frame,shape,size,Type";"charcol-black:#3b1200,vertical,20x30,canvas";"";"";"";"";"";"";"0";"0";"0";"0";"5";"1";"";"0";"0";"";"0000-00-00";"";"";"2";""
"";"";"39";"";"";"color,radio,color,radio";"frame,Shape,size,Type";"frame,shape,size,Type";"charcol-white:#e3fffe,vertical,20x30,canvas";"";"";"";"";"";"";"0";"0";"0";"0";"5";"1";"";"0";"0";"";"0000-00-00";"";"";"2";""
"";"";"39";"";"";"color,radio,color,radio";"frame,Shape,size,Type";"frame,shape,size,Type";"pine-wood:#a3afff,vertical,20x30,canvas";"";"";"";"";"";"";"0";"0";"0";"0";"5";"1";"";"0";"0";"";"0000-00-00";"";"";"2";""
"";"";"39";"";"";"color,radio,color,radio";"frame,Shape,size,Type";"frame,shape,size,Type";"none:#62ff43,vertical,24x36,canvas";"";"";"";"";"";"";"0";"0";"0";"0";"5";"1";"";"0";"0";"";"0000-00-00";"";"";"2";""
"";"";"39";"";"";"color,radio,color,radio";"frame,Shape,size,Type";"frame,shape,size,Type";"natural-wood:#ffd083,vertical,24x36,canvas";"";"";"";"";"";"";"0";"0";"0";"0";"5";"1";"";"0";"0";"";"0000-00-00";"";"";"2";""
"";"";"39";"";"";"color,radio,color,radio";"frame,Shape,size,Type";"frame,shape,size,Type";"dark-wood:#ce6600,vertical,24x36,canvas";"";"";"";"";"";"";"0";"0";"0";"0";"5";"1";"";"0";"0";"";"0000-00-00";"";"";"2";""
"";"";"39";"";"";"color,radio,color,radio";"frame,Shape,size,Type";"frame,shape,size,Type";"charcol-black:#3b1200,vertical,24x36,canvas";"";"";"";"";"";"";"0";"0";"0";"0";"5";"1";"";"0";"0";"";"0000-00-00";"";"";"2";""
"";"";"39";"";"";"color,radio,color,radio";"frame,Shape,size,Type";"frame,shape,size,Type";"charcol-white:#e3fffe,vertical,24x36,canvas";"";"";"";"";"";"";"0";"0";"0";"0";"5";"1";"";"0";"0";"";"0000-00-00";"";"";"2";""
"";"";"39";"";"";"color,radio,color,radio";"frame,Shape,size,Type";"frame,shape,size,Type";"pine-wood:#a3afff,vertical,24x36,canvas";"";"";"";"";"";"";"0";"0";"0";"0";"5";"1";"";"0";"0";"";"0000-00-00";"";"";"2";""
"";"";"39";"";"";"color,radio,color,radio";"frame,Shape,size,Type";"frame,shape,size,Type";"none:#62ff43,vertical,30x45,canvas";"";"";"";"";"";"";"0";"0";"0";"0";"5";"1";"";"0";"0";"";"0000-00-00";"";"";"2";""
"";"";"39";"";"";"color,radio,color,radio";"frame,Shape,size,Type";"frame,shape,size,Type";"natural-wood:#ffd083,vertical,30x45,canvas";"";"";"";"";"";"";"0";"0";"0";"0";"5";"1";"";"0";"0";"";"0000-00-00";"";"";"2";""
"";"";"39";"";"";"color,radio,color,radio";"frame,Shape,size,Type";"frame,shape,size,Type";"dark-wood:#ce6600,vertical,30x45,canvas";"";"";"";"";"";"";"0";"0";"0";"0";"5";"1";"";"0";"0";"";"0000-00-00";"";"";"2";""
"";"";"39";"";"";"color,radio,color,radio";"frame,Shape,size,Type";"frame,shape,size,Type";"charcol-black:#3b1200,vertical,30x45,canvas";"";"";"";"";"";"";"0";"0";"0";"0";"5";"1";"";"0";"0";"";"0000-00-00";"";"";"2";""
"";"";"39";"";"";"color,radio,color,radio";"frame,Shape,size,Type";"frame,shape,size,Type";"charcol-white:#e3fffe,vertical,30x45,canvas";"";"";"";"";"";"";"0";"0";"0";"0";"5";"1";"";"0";"0";"";"0000-00-00";"";"";"2";""
"";"";"39";"";"";"color,radio,color,radio";"frame,Shape,size,Type";"frame,shape,size,Type";"pine-wood:#a3afff,vertical,30x45,canvas";"";"";"";"";"";"";"0";"0";"0";"0";"5";"1";"";"0";"0";"";"0000-00-00";"";"";"2";""
"";"";"39";"";"";"color,radio,color,radio";"frame,Shape,size,Type";"frame,shape,size,Type";"none:#62ff43,vertical,10x15,fine-art-paper";"";"";"";"";"";"";"0";"0";"0";"0";"5";"1";"";"0";"0";"";"0000-00-00";"";"";"2";""
"";"";"39";"";"";"color,radio,color,radio";"frame,Shape,size,Type";"frame,shape,size,Type";"natural-wood:#ffd083,vertical,10x15,fine-art-paper";"";"";"";"";"";"";"0";"0";"0";"0";"5";"1";"";"0";"0";"";"0000-00-00";"";"";"2";""
"";"";"39";"";"";"color,radio,color,radio";"frame,Shape,size,Type";"frame,shape,size,Type";"dark-wood:#ce6600,vertical,10x15,fine-art-paper";"";"";"";"";"";"";"0";"0";"0";"0";"5";"1";"";"0";"0";"";"0000-00-00";"";"";"2";""
"";"";"39";"";"";"color,radio,color,radio";"frame,Shape,size,Type";"frame,shape,size,Type";"charcol-black:#3b1200,vertical,10x15,fine-art-paper";"";"";"";"";"";"";"0";"0";"0";"0";"5";"1";"";"0";"0";"";"0000-00-00";"";"";"2";""
"";"";"39";"";"";"color,radio,color,radio";"frame,Shape,size,Type";"frame,shape,size,Type";"charcol-white:#e3fffe,vertical,10x15,fine-art-paper";"";"";"";"";"";"";"0";"0";"0";"0";"5";"1";"";"0";"0";"";"0000-00-00";"";"";"2";""
"";"";"39";"";"";"color,radio,color,radio";"frame,Shape,size,Type";"frame,shape,size,Type";"pine-wood:#a3afff,vertical,10x15,fine-art-paper";"";"";"";"";"";"";"0";"0";"0";"0";"5";"1";"";"0";"0";"";"0000-00-00";"";"";"2";""
"";"";"39";"";"";"color,radio,color,radio";"frame,Shape,size,Type";"frame,shape,size,Type";"none:#62ff43,vertical,12x18,fine-art-paper";"";"";"";"";"";"";"0";"0";"0";"0";"5";"1";"";"0";"0";"";"0000-00-00";"";"";"2";""
"";"";"39";"";"";"color,radio,color,radio";"frame,Shape,size,Type";"frame,shape,size,Type";"natural-wood:#ffd083,vertical,12x18,fine-art-paper";"";"";"";"";"";"";"0";"0";"0";"0";"5";"1";"";"0";"0";"";"0000-00-00";"";"";"2";""
"";"";"39";"";"";"color,radio,color,radio";"frame,Shape,size,Type";"frame,shape,size,Type";"dark-wood:#ce6600,vertical,12x18,fine-art-paper";"";"";"";"";"";"";"0";"0";"0";"0";"5";"1";"";"0";"0";"";"0000-00-00";"";"";"2";""
"";"";"39";"";"";"color,radio,color,radio";"frame,Shape,size,Type";"frame,shape,size,Type";"charcol-black:#3b1200,vertical,12x18,fine-art-paper";"";"";"";"";"";"";"0";"0";"0";"0";"5";"1";"";"0";"0";"";"0000-00-00";"";"";"2";""
"";"";"39";"";"";"color,radio,color,radio";"frame,Shape,size,Type";"frame,shape,size,Type";"charcol-white:#e3fffe,vertical,12x18,fine-art-paper";"";"";"";"";"";"";"0";"0";"0";"0";"5";"1";"";"0";"0";"";"0000-00-00";"";"";"2";""
"";"";"39";"";"";"color,radio,color,radio";"frame,Shape,size,Type";"frame,shape,size,Type";"pine-wood:#a3afff,vertical,12x18,fine-art-paper";"";"";"";"";"";"";"0";"0";"0";"0";"5";"1";"";"0";"0";"";"0000-00-00";"";"";"2";""
"";"";"39";"";"";"color,radio,color,radio";"frame,Shape,size,Type";"frame,shape,size,Type";"none:#62ff43,vertical,16x24,fine-art-paper";"";"";"";"";"";"";"0";"0";"0";"0";"5";"1";"";"0";"0";"";"0000-00-00";"";"";"2";""
"";"";"39";"";"";"color,radio,color,radio";"frame,Shape,size,Type";"frame,shape,size,Type";"natural-wood:#ffd083,vertical,16x24,fine-art-paper";"";"";"";"";"";"";"0";"0";"0";"0";"5";"1";"";"0";"0";"";"0000-00-00";"";"";"2";""
"";"";"39";"";"";"color,radio,color,radio";"frame,Shape,size,Type";"frame,shape,size,Type";"dark-wood:#ce6600,vertical,16x24,fine-art-paper";"";"";"";"";"";"";"0";"0";"0";"0";"5";"1";"";"0";"0";"";"0000-00-00";"";"";"2";""
"";"";"39";"";"";"color,radio,color,radio";"frame,Shape,size,Type";"frame,shape,size,Type";"charcol-black:#3b1200,vertical,16x24,fine-art-paper";"";"";"";"";"";"";"0";"0";"0";"0";"5";"1";"";"0";"0";"";"0000-00-00";"";"";"2";""
"";"";"39";"";"";"color,radio,color,radio";"frame,Shape,size,Type";"frame,shape,size,Type";"charcol-white:#e3fffe,vertical,16x24,fine-art-paper";"";"";"";"";"";"";"0";"0";"0";"0";"5";"1";"";"0";"0";"";"0000-00-00";"";"";"2";""
"";"";"39";"";"";"color,radio,color,radio";"frame,Shape,size,Type";"frame,shape,size,Type";"pine-wood:#a3afff,vertical,16x24,fine-art-paper";"";"";"";"";"";"";"0";"0";"0";"0";"5";"1";"";"0";"0";"";"0000-00-00";"";"";"2";""
"";"";"39";"";"";"color,radio,color,radio";"frame,Shape,size,Type";"frame,shape,size,Type";"none:#62ff43,vertical,20x30,fine-art-paper";"";"";"";"";"";"";"0";"0";"0";"0";"5";"1";"";"0";"0";"";"0000-00-00";"";"";"2";""
"";"";"39";"";"";"color,radio,color,radio";"frame,Shape,size,Type";"frame,shape,size,Type";"natural-wood:#ffd083,vertical,20x30,fine-art-paper";"";"";"";"";"";"";"0";"0";"0";"0";"5";"1";"";"0";"0";"";"0000-00-00";"";"";"2";""
"";"";"39";"";"";"color,radio,color,radio";"frame,Shape,size,Type";"frame,shape,size,Type";"dark-wood:#ce6600,vertical,20x30,fine-art-paper";"";"";"";"";"";"";"0";"0";"0";"0";"5";"1";"";"0";"0";"";"0000-00-00";"";"";"2";""
"";"";"39";"";"";"color,radio,color,radio";"frame,Shape,size,Type";"frame,shape,size,Type";"charcol-black:#3b1200,vertical,20x30,fine-art-paper";"";"";"";"";"";"";"0";"0";"0";"0";"5";"1";"";"0";"0";"";"0000-00-00";"";"";"2";""
"";"";"39";"";"";"color,radio,color,radio";"frame,Shape,size,Type";"frame,shape,size,Type";"charcol-white:#e3fffe,vertical,20x30,fine-art-paper";"";"";"";"";"";"";"0";"0";"0";"0";"5";"1";"";"0";"0";"";"0000-00-00";"";"";"2";""
"";"";"39";"";"";"color,radio,color,radio";"frame,Shape,size,Type";"frame,shape,size,Type";"pine-wood:#a3afff,vertical,20x30,fine-art-paper";"";"";"";"";"";"";"0";"0";"0";"0";"5";"1";"";"0";"0";"";"0000-00-00";"";"";"2";""
"";"";"39";"";"";"color,radio,color,radio";"frame,Shape,size,Type";"frame,shape,size,Type";"none:#62ff43,vertical,24x36,fine-art-paper";"";"";"";"";"";"";"0";"0";"0";"0";"5";"1";"";"0";"0";"";"0000-00-00";"";"";"2";""
"";"";"39";"";"";"color,radio,color,radio";"frame,Shape,size,Type";"frame,shape,size,Type";"natural-wood:#ffd083,vertical,24x36,fine-art-paper";"";"";"";"";"";"";"0";"0";"0";"0";"5";"1";"";"0";"0";"";"0000-00-00";"";"";"2";""
"";"";"39";"";"";"color,radio,color,radio";"frame,Shape,size,Type";"frame,shape,size,Type";"dark-wood:#ce6600,vertical,24x36,fine-art-paper";"";"";"";"";"";"";"0";"0";"0";"0";"5";"1";"";"0";"0";"";"0000-00-00";"";"";"2";""
"";"";"39";"";"";"color,radio,color,radio";"frame,Shape,size,Type";"frame,shape,size,Type";"charcol-black:#3b1200,vertical,24x36,fine-art-paper";"";"";"";"";"";"";"0";"0";"0";"0";"5";"1";"";"0";"0";"";"0000-00-00";"";"";"2";""
"";"";"39";"";"";"color,radio,color,radio";"frame,Shape,size,Type";"frame,shape,size,Type";"charcol-white:#e3fffe,vertical,24x36,fine-art-paper";"";"";"";"";"";"";"0";"0";"0";"0";"5";"1";"";"0";"0";"";"0000-00-00";"";"";"2";""
"";"";"39";"";"";"color,radio,color,radio";"frame,Shape,size,Type";"frame,shape,size,Type";"pine-wood:#a3afff,vertical,24x36,fine-art-paper";"";"";"";"";"";"";"0";"0";"0";"0";"5";"1";"";"0";"0";"";"0000-00-00";"";"";"2";""
"";"";"39";"";"";"color,radio,color,radio";"frame,Shape,size,Type";"frame,shape,size,Type";"none:#62ff43,vertical,30x45,fine-art-paper";"";"";"";"";"";"";"0";"0";"0";"0";"5";"1";"";"0";"0";"";"0000-00-00";"";"";"2";""
"";"";"39";"";"";"color,radio,color,radio";"frame,Shape,size,Type";"frame,shape,size,Type";"natural-wood:#ffd083,vertical,30x45,fine-art-paper";"";"";"";"";"";"";"0";"0";"0";"0";"5";"1";"";"0";"0";"";"0000-00-00";"";"";"2";""
"";"";"39";"";"";"color,radio,color,radio";"frame,Shape,size,Type";"frame,shape,size,Type";"dark-wood:#ce6600,vertical,30x45,fine-art-paper";"";"";"";"";"";"";"0";"0";"0";"0";"5";"1";"";"0";"0";"";"0000-00-00";"";"";"2";""
"";"";"39";"";"";"color,radio,color,radio";"frame,Shape,size,Type";"frame,shape,size,Type";"charcol-black:#3b1200,vertical,30x45,fine-art-paper";"";"";"";"";"";"";"0";"0";"0";"0";"5";"1";"";"0";"0";"";"0000-00-00";"";"";"2";""
"";"";"39";"";"";"color,radio,color,radio";"frame,Shape,size,Type";"frame,shape,size,Type";"charcol-white:#e3fffe,vertical,30x45,fine-art-paper";"";"";"";"";"";"";"0";"0";"0";"0";"5";"1";"";"0";"0";"";"0000-00-00";"";"";"2";""
"";"";"39";"";"";"color,radio,color,radio";"frame,Shape,size,Type";"frame,shape,size,Type";"pine-wood:#a3afff,vertical,30x45,fine-art-paper";"";"";"";"";"";"";"0";"0";"0";"0";"5";"1";"";"0";"0";"";"0000-00-00";"";"";"2";""
"";"";"42";"";"";"color,radio,color,radio";"frame,Shape,size,Type";"frame,shape,size,Type";"none:#62ff43,vertical,10x15,canvas";"";"";"";"";"";"";"0";"0";"0";"0";"5";"1";"";"0";"0";"1";"0000-00-00";"";"";"2";""
"";"";"42";"";"";"color,radio,color,radio";"frame,Shape,size,Type";"frame,shape,size,Type";"natural-wood:#ffd083,vertical,10x15,canvas";"";"";"";"";"";"";"0";"0";"0";"0";"5";"1";"";"0";"0";"";"0000-00-00";"";"";"2";""
"";"";"42";"";"";"color,radio,color,radio";"frame,Shape,size,Type";"frame,shape,size,Type";"dark-wood:#ce6600,vertical,10x15,canvas";"";"";"";"";"";"";"0";"0";"0";"0";"5";"1";"";"0";"0";"";"0000-00-00";"";"";"2";""
"";"";"42";"";"";"color,radio,color,radio";"frame,Shape,size,Type";"frame,shape,size,Type";"charcol-black:#3b1200,vertical,10x15,canvas";"";"";"";"";"";"";"0";"0";"0";"0";"5";"1";"";"0";"0";"";"0000-00-00";"";"";"2";""
"";"";"42";"";"";"color,radio,color,radio";"frame,Shape,size,Type";"frame,shape,size,Type";"charcol-white:#e3fffe,vertical,10x15,canvas";"";"";"";"";"";"";"0";"0";"0";"0";"5";"1";"";"0";"0";"";"0000-00-00";"";"";"2";""
"";"";"42";"";"";"color,radio,color,radio";"frame,Shape,size,Type";"frame,shape,size,Type";"pine-wood:#a3afff,vertical,10x15,canvas";"";"";"";"";"";"";"0";"0";"0";"0";"5";"1";"";"0";"0";"";"0000-00-00";"";"";"2";""
"";"";"42";"";"";"color,radio,color,radio";"frame,Shape,size,Type";"frame,shape,size,Type";"none:#62ff43,vertical,12x18,canvas";"";"";"";"";"";"";"0";"0";"0";"0";"5";"1";"";"0";"0";"";"0000-00-00";"";"";"2";""
"";"";"42";"";"";"color,radio,color,radio";"frame,Shape,size,Type";"frame,shape,size,Type";"natural-wood:#ffd083,vertical,12x18,canvas";"";"";"";"";"";"";"0";"0";"0";"0";"5";"1";"";"0";"0";"";"0000-00-00";"";"";"2";""
"";"";"42";"";"";"color,radio,color,radio";"frame,Shape,size,Type";"frame,shape,size,Type";"dark-wood:#ce6600,vertical,12x18,canvas";"";"";"";"";"";"";"0";"0";"0";"0";"5";"1";"";"0";"0";"";"0000-00-00";"";"";"2";""
"";"";"42";"";"";"color,radio,color,radio";"frame,Shape,size,Type";"frame,shape,size,Type";"charcol-black:#3b1200,vertical,12x18,canvas";"";"";"";"";"";"";"0";"0";"0";"0";"5";"1";"";"0";"0";"";"0000-00-00";"";"";"2";""
"";"";"42";"";"";"color,radio,color,radio";"frame,Shape,size,Type";"frame,shape,size,Type";"charcol-white:#e3fffe,vertical,12x18,canvas";"";"";"";"";"";"";"0";"0";"0";"0";"5";"1";"";"0";"0";"";"0000-00-00";"";"";"2";""
"";"";"42";"";"";"color,radio,color,radio";"frame,Shape,size,Type";"frame,shape,size,Type";"pine-wood:#a3afff,vertical,12x18,canvas";"";"";"";"";"";"";"0";"0";"0";"0";"5";"1";"";"0";"0";"";"0000-00-00";"";"";"2";""
"";"";"42";"";"";"color,radio,color,radio";"frame,Shape,size,Type";"frame,shape,size,Type";"none:#62ff43,vertical,16x24,canvas";"";"";"";"";"";"";"0";"0";"0";"0";"5";"1";"";"0";"0";"";"0000-00-00";"";"";"2";""
"";"";"42";"";"";"color,radio,color,radio";"frame,Shape,size,Type";"frame,shape,size,Type";"natural-wood:#ffd083,vertical,16x24,canvas";"";"";"";"";"";"";"0";"0";"0";"0";"5";"1";"";"0";"0";"";"0000-00-00";"";"";"2";""
"";"";"42";"";"";"color,radio,color,radio";"frame,Shape,size,Type";"frame,shape,size,Type";"dark-wood:#ce6600,vertical,16x24,canvas";"";"";"";"";"";"";"0";"0";"0";"0";"5";"1";"";"0";"0";"";"0000-00-00";"";"";"2";""
"";"";"42";"";"";"color,radio,color,radio";"frame,Shape,size,Type";"frame,shape,size,Type";"charcol-black:#3b1200,vertical,16x24,canvas";"";"";"";"";"";"";"0";"0";"0";"0";"5";"1";"";"0";"0";"";"0000-00-00";"";"";"2";""
"";"";"42";"";"";"color,radio,color,radio";"frame,Shape,size,Type";"frame,shape,size,Type";"charcol-white:#e3fffe,vertical,16x24,canvas";"";"";"";"";"";"";"0";"0";"0";"0";"5";"1";"";"0";"0";"";"0000-00-00";"";"";"2";""
"";"";"42";"";"";"color,radio,color,radio";"frame,Shape,size,Type";"frame,shape,size,Type";"pine-wood:#a3afff,vertical,16x24,canvas";"";"";"";"";"";"";"0";"0";"0";"0";"5";"1";"";"0";"0";"";"0000-00-00";"";"";"2";""
"";"";"42";"";"";"color,radio,color,radio";"frame,Shape,size,Type";"frame,shape,size,Type";"none:#62ff43,vertical,20x30,canvas";"";"";"";"";"";"";"0";"0";"0";"0";"5";"1";"";"0";"0";"";"0000-00-00";"";"";"2";""
"";"";"42";"";"";"color,radio,color,radio";"frame,Shape,size,Type";"frame,shape,size,Type";"natural-wood:#ffd083,vertical,20x30,canvas";"";"";"";"";"";"";"0";"0";"0";"0";"5";"1";"";"0";"0";"";"0000-00-00";"";"";"2";""
"";"";"42";"";"";"color,radio,color,radio";"frame,Shape,size,Type";"frame,shape,size,Type";"dark-wood:#ce6600,vertical,20x30,canvas";"";"";"";"";"";"";"0";"0";"0";"0";"5";"1";"";"0";"0";"";"0000-00-00";"";"";"2";""
"";"";"42";"";"";"color,radio,color,radio";"frame,Shape,size,Type";"frame,shape,size,Type";"charcol-black:#3b1200,vertical,20x30,canvas";"";"";"";"";"";"";"0";"0";"0";"0";"5";"1";"";"0";"0";"";"0000-00-00";"";"";"2";""
"";"";"42";"";"";"color,radio,color,radio";"frame,Shape,size,Type";"frame,shape,size,Type";"charcol-white:#e3fffe,vertical,20x30,canvas";"";"";"";"";"";"";"0";"0";"0";"0";"5";"1";"";"0";"0";"";"0000-00-00";"";"";"2";""
"";"";"42";"";"";"color,radio,color,radio";"frame,Shape,size,Type";"frame,shape,size,Type";"pine-wood:#a3afff,vertical,20x30,canvas";"";"";"";"";"";"";"0";"0";"0";"0";"5";"1";"";"0";"0";"";"0000-00-00";"";"";"2";""
"";"";"42";"";"";"color,radio,color,radio";"frame,Shape,size,Type";"frame,shape,size,Type";"none:#62ff43,vertical,24x36,canvas";"";"";"";"";"";"";"0";"0";"0";"0";"5";"1";"";"0";"0";"";"0000-00-00";"";"";"2";""
"";"";"42";"";"";"color,radio,color,radio";"frame,Shape,size,Type";"frame,shape,size,Type";"natural-wood:#ffd083,vertical,24x36,canvas";"";"";"";"";"";"";"0";"0";"0";"0";"5";"1";"";"0";"0";"";"0000-00-00";"";"";"2";""
"";"";"42";"";"";"color,radio,color,radio";"frame,Shape,size,Type";"frame,shape,size,Type";"dark-wood:#ce6600,vertical,24x36,canvas";"";"";"";"";"";"";"0";"0";"0";"0";"5";"1";"";"0";"0";"";"0000-00-00";"";"";"2";""
"";"";"42";"";"";"color,radio,color,radio";"frame,Shape,size,Type";"frame,shape,size,Type";"charcol-black:#3b1200,vertical,24x36,canvas";"";"";"";"";"";"";"0";"0";"0";"0";"5";"1";"";"0";"0";"";"0000-00-00";"";"";"2";""
"";"";"42";"";"";"color,radio,color,radio";"frame,Shape,size,Type";"frame,shape,size,Type";"charcol-white:#e3fffe,vertical,24x36,canvas";"";"";"";"";"";"";"0";"0";"0";"0";"5";"1";"";"0";"0";"";"0000-00-00";"";"";"2";""
"";"";"42";"";"";"color,radio,color,radio";"frame,Shape,size,Type";"frame,shape,size,Type";"pine-wood:#a3afff,vertical,24x36,canvas";"";"";"";"";"";"";"0";"0";"0";"0";"5";"1";"";"0";"0";"";"0000-00-00";"";"";"2";""
"";"";"42";"";"";"color,radio,color,radio";"frame,Shape,size,Type";"frame,shape,size,Type";"none:#62ff43,vertical,30x45,canvas";"";"";"";"";"";"";"0";"0";"0";"0";"5";"1";"";"0";"0";"";"0000-00-00";"";"";"2";""
"";"";"42";"";"";"color,radio,color,radio";"frame,Shape,size,Type";"frame,shape,size,Type";"natural-wood:#ffd083,vertical,30x45,canvas";"";"";"";"";"";"";"0";"0";"0";"0";"5";"1";"";"0";"0";"";"0000-00-00";"";"";"2";""
"";"";"42";"";"";"color,radio,color,radio";"frame,Shape,size,Type";"frame,shape,size,Type";"dark-wood:#ce6600,vertical,30x45,canvas";"";"";"";"";"";"";"0";"0";"0";"0";"5";"1";"";"0";"0";"";"0000-00-00";"";"";"2";""
"";"";"42";"";"";"color,radio,color,radio";"frame,Shape,size,Type";"frame,shape,size,Type";"charcol-black:#3b1200,vertical,30x45,canvas";"";"";"";"";"";"";"0";"0";"0";"0";"5";"1";"";"0";"0";"";"0000-00-00";"";"";"2";""
"";"";"42";"";"";"color,radio,color,radio";"frame,Shape,size,Type";"frame,shape,size,Type";"charcol-white:#e3fffe,vertical,30x45,canvas";"";"";"";"";"";"";"0";"0";"0";"0";"5";"1";"";"0";"0";"";"0000-00-00";"";"";"2";""
"";"";"42";"";"";"color,radio,color,radio";"frame,Shape,size,Type";"frame,shape,size,Type";"pine-wood:#a3afff,vertical,30x45,canvas";"";"";"";"";"";"";"0";"0";"0";"0";"5";"1";"";"0";"0";"";"0000-00-00";"";"";"2";""
"";"";"42";"";"";"color,radio,color,radio";"frame,Shape,size,Type";"frame,shape,size,Type";"none:#62ff43,vertical,10x15,fine-art-paper";"";"";"";"";"";"";"0";"0";"0";"0";"5";"1";"";"0";"0";"";"0000-00-00";"";"";"2";""
"";"";"42";"";"";"color,radio,color,radio";"frame,Shape,size,Type";"frame,shape,size,Type";"natural-wood:#ffd083,vertical,10x15,fine-art-paper";"";"";"";"";"";"";"0";"0";"0";"0";"5";"1";"";"0";"0";"";"0000-00-00";"";"";"2";""
"";"";"42";"";"";"color,radio,color,radio";"frame,Shape,size,Type";"frame,shape,size,Type";"dark-wood:#ce6600,vertical,10x15,fine-art-paper";"";"";"";"";"";"";"0";"0";"0";"0";"5";"1";"";"0";"0";"";"0000-00-00";"";"";"2";""
"";"";"42";"";"";"color,radio,color,radio";"frame,Shape,size,Type";"frame,shape,size,Type";"charcol-black:#3b1200,vertical,10x15,fine-art-paper";"";"";"";"";"";"";"0";"0";"0";"0";"5";"1";"";"0";"0";"";"0000-00-00";"";"";"2";""
"";"";"42";"";"";"color,radio,color,radio";"frame,Shape,size,Type";"frame,shape,size,Type";"charcol-white:#e3fffe,vertical,10x15,fine-art-paper";"";"";"";"";"";"";"0";"0";"0";"0";"5";"1";"";"0";"0";"";"0000-00-00";"";"";"2";""
"";"";"42";"";"";"color,radio,color,radio";"frame,Shape,size,Type";"frame,shape,size,Type";"pine-wood:#a3afff,vertical,10x15,fine-art-paper";"";"";"";"";"";"";"0";"0";"0";"0";"5";"1";"";"0";"0";"";"0000-00-00";"";"";"2";""
"";"";"42";"";"";"color,radio,color,radio";"frame,Shape,size,Type";"frame,shape,size,Type";"none:#62ff43,vertical,12x18,fine-art-paper";"";"";"";"";"";"";"0";"0";"0";"0";"5";"1";"";"0";"0";"";"0000-00-00";"";"";"2";""
"";"";"42";"";"";"color,radio,color,radio";"frame,Shape,size,Type";"frame,shape,size,Type";"natural-wood:#ffd083,vertical,12x18,fine-art-paper";"";"";"";"";"";"";"0";"0";"0";"0";"5";"1";"";"0";"0";"";"0000-00-00";"";"";"2";""
"";"";"42";"";"";"color,radio,color,radio";"frame,Shape,size,Type";"frame,shape,size,Type";"dark-wood:#ce6600,vertical,12x18,fine-art-paper";"";"";"";"";"";"";"0";"0";"0";"0";"5";"1";"";"0";"0";"";"0000-00-00";"";"";"2";""
"";"";"42";"";"";"color,radio,color,radio";"frame,Shape,size,Type";"frame,shape,size,Type";"charcol-black:#3b1200,vertical,12x18,fine-art-paper";"";"";"";"";"";"";"0";"0";"0";"0";"5";"1";"";"0";"0";"";"0000-00-00";"";"";"2";""
"";"";"42";"";"";"color,radio,color,radio";"frame,Shape,size,Type";"frame,shape,size,Type";"charcol-white:#e3fffe,vertical,12x18,fine-art-paper";"";"";"";"";"";"";"0";"0";"0";"0";"5";"1";"";"0";"0";"";"0000-00-00";"";"";"2";""
"";"";"42";"";"";"color,radio,color,radio";"frame,Shape,size,Type";"frame,shape,size,Type";"pine-wood:#a3afff,vertical,12x18,fine-art-paper";"";"";"";"";"";"";"0";"0";"0";"0";"5";"1";"";"0";"0";"";"0000-00-00";"";"";"2";""
"";"";"42";"";"";"color,radio,color,radio";"frame,Shape,size,Type";"frame,shape,size,Type";"none:#62ff43,vertical,16x24,fine-art-paper";"";"";"";"";"";"";"0";"0";"0";"0";"5";"1";"";"0";"0";"";"0000-00-00";"";"";"2";""
"";"";"42";"";"";"color,radio,color,radio";"frame,Shape,size,Type";"frame,shape,size,Type";"natural-wood:#ffd083,vertical,16x24,fine-art-paper";"";"";"";"";"";"";"0";"0";"0";"0";"5";"1";"";"0";"0";"";"0000-00-00";"";"";"2";""
"";"";"42";"";"";"color,radio,color,radio";"frame,Shape,size,Type";"frame,shape,size,Type";"dark-wood:#ce6600,vertical,16x24,fine-art-paper";"";"";"";"";"";"";"0";"0";"0";"0";"5";"1";"";"0";"0";"";"0000-00-00";"";"";"2";""
"";"";"42";"";"";"color,radio,color,radio";"frame,Shape,size,Type";"frame,shape,size,Type";"charcol-black:#3b1200,vertical,16x24,fine-art-paper";"";"";"";"";"";"";"0";"0";"0";"0";"5";"1";"";"0";"0";"";"0000-00-00";"";"";"2";""
"";"";"42";"";"";"color,radio,color,radio";"frame,Shape,size,Type";"frame,shape,size,Type";"charcol-white:#e3fffe,vertical,16x24,fine-art-paper";"";"";"";"";"";"";"0";"0";"0";"0";"5";"1";"";"0";"0";"";"0000-00-00";"";"";"2";""
"";"";"42";"";"";"color,radio,color,radio";"frame,Shape,size,Type";"frame,shape,size,Type";"pine-wood:#a3afff,vertical,16x24,fine-art-paper";"";"";"";"";"";"";"0";"0";"0";"0";"5";"1";"";"0";"0";"";"0000-00-00";"";"";"2";""
"";"";"42";"";"";"color,radio,color,radio";"frame,Shape,size,Type";"frame,shape,size,Type";"none:#62ff43,vertical,20x30,fine-art-paper";"";"";"";"";"";"";"0";"0";"0";"0";"5";"1";"";"0";"0";"";"0000-00-00";"";"";"2";""
"";"";"42";"";"";"color,radio,color,radio";"frame,Shape,size,Type";"frame,shape,size,Type";"natural-wood:#ffd083,vertical,20x30,fine-art-paper";"";"";"";"";"";"";"0";"0";"0";"0";"5";"1";"";"0";"0";"";"0000-00-00";"";"";"2";""
"";"";"42";"";"";"color,radio,color,radio";"frame,Shape,size,Type";"frame,shape,size,Type";"dark-wood:#ce6600,vertical,20x30,fine-art-paper";"";"";"";"";"";"";"0";"0";"0";"0";"5";"1";"";"0";"0";"";"0000-00-00";"";"";"2";""
"";"";"42";"";"";"color,radio,color,radio";"frame,Shape,size,Type";"frame,shape,size,Type";"charcol-black:#3b1200,vertical,20x30,fine-art-paper";"";"";"";"";"";"";"0";"0";"0";"0";"5";"1";"";"0";"0";"";"0000-00-00";"";"";"2";""
"";"";"42";"";"";"color,radio,color,radio";"frame,Shape,size,Type";"frame,shape,size,Type";"charcol-white:#e3fffe,vertical,20x30,fine-art-paper";"";"";"";"";"";"";"0";"0";"0";"0";"5";"1";"";"0";"0";"";"0000-00-00";"";"";"2";""
"";"";"42";"";"";"color,radio,color,radio";"frame,Shape,size,Type";"frame,shape,size,Type";"pine-wood:#a3afff,vertical,20x30,fine-art-paper";"";"";"";"";"";"";"0";"0";"0";"0";"5";"1";"";"0";"0";"";"0000-00-00";"";"";"2";""
"";"";"42";"";"";"color,radio,color,radio";"frame,Shape,size,Type";"frame,shape,size,Type";"none:#62ff43,vertical,24x36,fine-art-paper";"";"";"";"";"";"";"0";"0";"0";"0";"5";"1";"";"0";"0";"";"0000-00-00";"";"";"2";""
"";"";"42";"";"";"color,radio,color,radio";"frame,Shape,size,Type";"frame,shape,size,Type";"natural-wood:#ffd083,vertical,24x36,fine-art-paper";"";"";"";"";"";"";"0";"0";"0";"0";"5";"1";"";"0";"0";"";"0000-00-00";"";"";"2";""
"";"";"42";"";"";"color,radio,color,radio";"frame,Shape,size,Type";"frame,shape,size,Type";"dark-wood:#ce6600,vertical,24x36,fine-art-paper";"";"";"";"";"";"";"0";"0";"0";"0";"5";"1";"";"0";"0";"";"0000-00-00";"";"";"2";""
"";"";"42";"";"";"color,radio,color,radio";"frame,Shape,size,Type";"frame,shape,size,Type";"charcol-black:#3b1200,vertical,24x36,fine-art-paper";"";"";"";"";"";"";"0";"0";"0";"0";"5";"1";"";"0";"0";"";"0000-00-00";"";"";"2";""
"";"";"42";"";"";"color,radio,color,radio";"frame,Shape,size,Type";"frame,shape,size,Type";"charcol-white:#e3fffe,vertical,24x36,fine-art-paper";"";"";"";"";"";"";"0";"0";"0";"0";"5";"1";"";"0";"0";"";"0000-00-00";"";"";"2";""
"";"";"42";"";"";"color,radio,color,radio";"frame,Shape,size,Type";"frame,shape,size,Type";"pine-wood:#a3afff,vertical,24x36,fine-art-paper";"";"";"";"";"";"";"0";"0";"0";"0";"5";"1";"";"0";"0";"";"0000-00-00";"";"";"2";""
"";"";"42";"";"";"color,radio,color,radio";"frame,Shape,size,Type";"frame,shape,size,Type";"none:#62ff43,vertical,30x45,fine-art-paper";"";"";"";"";"";"";"0";"0";"0";"0";"5";"1";"";"0";"0";"";"0000-00-00";"";"";"2";""
"";"";"42";"";"";"color,radio,color,radio";"frame,Shape,size,Type";"frame,shape,size,Type";"natural-wood:#ffd083,vertical,30x45,fine-art-paper";"";"";"";"";"";"";"0";"0";"0";"0";"5";"1";"";"0";"0";"";"0000-00-00";"";"";"2";""
"";"";"42";"";"";"color,radio,color,radio";"frame,Shape,size,Type";"frame,shape,size,Type";"dark-wood:#ce6600,vertical,30x45,fine-art-paper";"";"";"";"";"";"";"0";"0";"0";"0";"5";"1";"";"0";"0";"";"0000-00-00";"";"";"2";""
"";"";"42";"";"";"color,radio,color,radio";"frame,Shape,size,Type";"frame,shape,size,Type";"charcol-black:#3b1200,vertical,30x45,fine-art-paper";"";"";"";"";"";"";"0";"0";"0";"0";"5";"1";"";"0";"0";"";"0000-00-00";"";"";"2";""
"";"";"42";"";"";"color,radio,color,radio";"frame,Shape,size,Type";"frame,shape,size,Type";"charcol-white:#e3fffe,vertical,30x45,fine-art-paper";"";"";"";"";"";"";"0";"0";"0";"0";"5";"1";"";"0";"0";"";"0000-00-00";"";"";"2";""
"";"";"42";"";"";"color,radio,color,radio";"frame,Shape,size,Type";"frame,shape,size,Type";"pine-wood:#a3afff,vertical,30x45,fine-art-paper";"";"";"";"";"";"";"0";"0";"0";"0";"5";"1";"";"0";"0";"";"0000-00-00";"";"";"2";""
"";"";"45";"";"";"color,radio,color,radio";"frame,Shape,size,Type";"frame,shape,size,Type";"none:#62ff43,vertical,10x15,canvas";"";"";"";"";"";"";"0";"0";"0";"0";"5";"1";"";"0";"0";"1";"0000-00-00";"";"";"2";""
"";"";"45";"";"";"color,radio,color,radio";"frame,Shape,size,Type";"frame,shape,size,Type";"natural-wood:#ffd083,vertical,10x15,canvas";"";"";"";"";"";"";"0";"0";"0";"0";"5";"1";"";"0";"0";"";"0000-00-00";"";"";"2";""
"";"";"45";"";"";"color,radio,color,radio";"frame,Shape,size,Type";"frame,shape,size,Type";"dark-wood:#ce6600,vertical,10x15,canvas";"";"";"";"";"";"";"0";"0";"0";"0";"5";"1";"";"0";"0";"";"0000-00-00";"";"";"2";""
"";"";"45";"";"";"color,radio,color,radio";"frame,Shape,size,Type";"frame,shape,size,Type";"charcol-black:#3b1200,vertical,10x15,canvas";"";"";"";"";"";"";"0";"0";"0";"0";"5";"1";"";"0";"0";"";"0000-00-00";"";"";"2";""
"";"";"45";"";"";"color,radio,color,radio";"frame,Shape,size,Type";"frame,shape,size,Type";"charcol-white:#e3fffe,vertical,10x15,canvas";"";"";"";"";"";"";"0";"0";"0";"0";"5";"1";"";"0";"0";"";"0000-00-00";"";"";"2";""
"";"";"45";"";"";"color,radio,color,radio";"frame,Shape,size,Type";"frame,shape,size,Type";"pine-wood:#a3afff,vertical,10x15,canvas";"";"";"";"";"";"";"0";"0";"0";"0";"5";"1";"";"0";"0";"";"0000-00-00";"";"";"2";""
"";"";"45";"";"";"color,radio,color,radio";"frame,Shape,size,Type";"frame,shape,size,Type";"none:#62ff43,vertical,12x18,canvas";"";"";"";"";"";"";"0";"0";"0";"0";"5";"1";"";"0";"0";"";"0000-00-00";"";"";"2";""
"";"";"45";"";"";"color,radio,color,radio";"frame,Shape,size,Type";"frame,shape,size,Type";"natural-wood:#ffd083,vertical,12x18,canvas";"";"";"";"";"";"";"0";"0";"0";"0";"5";"1";"";"0";"0";"";"0000-00-00";"";"";"2";""
"";"";"45";"";"";"color,radio,color,radio";"frame,Shape,size,Type";"frame,shape,size,Type";"dark-wood:#ce6600,vertical,12x18,canvas";"";"";"";"";"";"";"0";"0";"0";"0";"5";"1";"";"0";"0";"";"0000-00-00";"";"";"2";""
"";"";"45";"";"";"color,radio,color,radio";"frame,Shape,size,Type";"frame,shape,size,Type";"charcol-black:#3b1200,vertical,12x18,canvas";"";"";"";"";"";"";"0";"0";"0";"0";"5";"1";"";"0";"0";"";"0000-00-00";"";"";"2";""
"";"";"45";"";"";"color,radio,color,radio";"frame,Shape,size,Type";"frame,shape,size,Type";"charcol-white:#e3fffe,vertical,12x18,canvas";"";"";"";"";"";"";"0";"0";"0";"0";"5";"1";"";"0";"0";"";"0000-00-00";"";"";"2";""
"";"";"45";"";"";"color,radio,color,radio";"frame,Shape,size,Type";"frame,shape,size,Type";"pine-wood:#a3afff,vertical,12x18,canvas";"";"";"";"";"";"";"0";"0";"0";"0";"5";"1";"";"0";"0";"";"0000-00-00";"";"";"2";""
"";"";"45";"";"";"color,radio,color,radio";"frame,Shape,size,Type";"frame,shape,size,Type";"none:#62ff43,vertical,16x24,canvas";"";"";"";"";"";"";"0";"0";"0";"0";"5";"1";"";"0";"0";"";"0000-00-00";"";"";"2";""
"";"";"45";"";"";"color,radio,color,radio";"frame,Shape,size,Type";"frame,shape,size,Type";"natural-wood:#ffd083,vertical,16x24,canvas";"";"";"";"";"";"";"0";"0";"0";"0";"5";"1";"";"0";"0";"";"0000-00-00";"";"";"2";""
"";"";"45";"";"";"color,radio,color,radio";"frame,Shape,size,Type";"frame,shape,size,Type";"dark-wood:#ce6600,vertical,16x24,canvas";"";"";"";"";"";"";"0";"0";"0";"0";"5";"1";"";"0";"0";"";"0000-00-00";"";"";"2";""
"";"";"45";"";"";"color,radio,color,radio";"frame,Shape,size,Type";"frame,shape,size,Type";"charcol-black:#3b1200,vertical,16x24,canvas";"";"";"";"";"";"";"0";"0";"0";"0";"5";"1";"";"0";"0";"";"0000-00-00";"";"";"2";""
"";"";"45";"";"";"color,radio,color,radio";"frame,Shape,size,Type";"frame,shape,size,Type";"charcol-white:#e3fffe,vertical,16x24,canvas";"";"";"";"";"";"";"0";"0";"0";"0";"5";"1";"";"0";"0";"";"0000-00-00";"";"";"2";""
"";"";"45";"";"";"color,radio,color,radio";"frame,Shape,size,Type";"frame,shape,size,Type";"pine-wood:#a3afff,vertical,16x24,canvas";"";"";"";"";"";"";"0";"0";"0";"0";"5";"1";"";"0";"0";"";"0000-00-00";"";"";"2";""
"";"";"45";"";"";"color,radio,color,radio";"frame,Shape,size,Type";"frame,shape,size,Type";"none:#62ff43,vertical,20x30,canvas";"";"";"";"";"";"";"0";"0";"0";"0";"5";"1";"";"0";"0";"";"0000-00-00";"";"";"2";""
"";"";"45";"";"";"color,radio,color,radio";"frame,Shape,size,Type";"frame,shape,size,Type";"natural-wood:#ffd083,vertical,20x30,canvas";"";"";"";"";"";"";"0";"0";"0";"0";"5";"1";"";"0";"0";"";"0000-00-00";"";"";"2";""
"";"";"45";"";"";"color,radio,color,radio";"frame,Shape,size,Type";"frame,shape,size,Type";"dark-wood:#ce6600,vertical,20x30,canvas";"";"";"";"";"";"";"0";"0";"0";"0";"5";"1";"";"0";"0";"";"0000-00-00";"";"";"2";""
"";"";"45";"";"";"color,radio,color,radio";"frame,Shape,size,Type";"frame,shape,size,Type";"charcol-black:#3b1200,vertical,20x30,canvas";"";"";"";"";"";"";"0";"0";"0";"0";"5";"1";"";"0";"0";"";"0000-00-00";"";"";"2";""
"";"";"45";"";"";"color,radio,color,radio";"frame,Shape,size,Type";"frame,shape,size,Type";"charcol-white:#e3fffe,vertical,20x30,canvas";"";"";"";"";"";"";"0";"0";"0";"0";"5";"1";"";"0";"0";"";"0000-00-00";"";"";"2";""
"";"";"45";"";"";"color,radio,color,radio";"frame,Shape,size,Type";"frame,shape,size,Type";"pine-wood:#a3afff,vertical,20x30,canvas";"";"";"";"";"";"";"0";"0";"0";"0";"5";"1";"";"0";"0";"";"0000-00-00";"";"";"2";""
"";"";"45";"";"";"color,radio,color,radio";"frame,Shape,size,Type";"frame,shape,size,Type";"none:#62ff43,vertical,24x36,canvas";"";"";"";"";"";"";"0";"0";"0";"0";"5";"1";"";"0";"0";"";"0000-00-00";"";"";"2";""
"";"";"45";"";"";"color,radio,color,radio";"frame,Shape,size,Type";"frame,shape,size,Type";"natural-wood:#ffd083,vertical,24x36,canvas";"";"";"";"";"";"";"0";"0";"0";"0";"5";"1";"";"0";"0";"";"0000-00-00";"";"";"2";""
"";"";"45";"";"";"color,radio,color,radio";"frame,Shape,size,Type";"frame,shape,size,Type";"dark-wood:#ce6600,vertical,24x36,canvas";"";"";"";"";"";"";"0";"0";"0";"0";"5";"1";"";"0";"0";"";"0000-00-00";"";"";"2";""
"";"";"45";"";"";"color,radio,color,radio";"frame,Shape,size,Type";"frame,shape,size,Type";"charcol-black:#3b1200,vertical,24x36,canvas";"";"";"";"";"";"";"0";"0";"0";"0";"5";"1";"";"0";"0";"";"0000-00-00";"";"";"2";""
"";"";"45";"";"";"color,radio,color,radio";"frame,Shape,size,Type";"frame,shape,size,Type";"charcol-white:#e3fffe,vertical,24x36,canvas";"";"";"";"";"";"";"0";"0";"0";"0";"5";"1";"";"0";"0";"";"0000-00-00";"";"";"2";""
"";"";"45";"";"";"color,radio,color,radio";"frame,Shape,size,Type";"frame,shape,size,Type";"pine-wood:#a3afff,vertical,24x36,canvas";"";"";"";"";"";"";"0";"0";"0";"0";"5";"1";"";"0";"0";"";"0000-00-00";"";"";"2";""
"";"";"45";"";"";"color,radio,color,radio";"frame,Shape,size,Type";"frame,shape,size,Type";"none:#62ff43,vertical,30x45,canvas";"";"";"";"";"";"";"0";"0";"0";"0";"5";"1";"";"0";"0";"";"0000-00-00";"";"";"2";""
"";"";"45";"";"";"color,radio,color,radio";"frame,Shape,size,Type";"frame,shape,size,Type";"natural-wood:#ffd083,vertical,30x45,canvas";"";"";"";"";"";"";"0";"0";"0";"0";"5";"1";"";"0";"0";"";"0000-00-00";"";"";"2";""
"";"";"45";"";"";"color,radio,color,radio";"frame,Shape,size,Type";"frame,shape,size,Type";"dark-wood:#ce6600,vertical,30x45,canvas";"";"";"";"";"";"";"0";"0";"0";"0";"5";"1";"";"0";"0";"";"0000-00-00";"";"";"2";""
"";"";"45";"";"";"color,radio,color,radio";"frame,Shape,size,Type";"frame,shape,size,Type";"charcol-black:#3b1200,vertical,30x45,canvas";"";"";"";"";"";"";"0";"0";"0";"0";"5";"1";"";"0";"0";"";"0000-00-00";"";"";"2";""
"";"";"45";"";"";"color,radio,color,radio";"frame,Shape,size,Type";"frame,shape,size,Type";"charcol-white:#e3fffe,vertical,30x45,canvas";"";"";"";"";"";"";"0";"0";"0";"0";"5";"1";"";"0";"0";"";"0000-00-00";"";"";"2";""
"";"";"45";"";"";"color,radio,color,radio";"frame,Shape,size,Type";"frame,shape,size,Type";"pine-wood:#a3afff,vertical,30x45,canvas";"";"";"";"";"";"";"0";"0";"0";"0";"5";"1";"";"0";"0";"";"0000-00-00";"";"";"2";""
"";"";"45";"";"";"color,radio,color,radio";"frame,Shape,size,Type";"frame,shape,size,Type";"none:#62ff43,vertical,10x15,fine-art-paper";"";"";"";"";"";"";"0";"0";"0";"0";"5";"1";"";"0";"0";"";"0000-00-00";"";"";"2";""
"";"";"45";"";"";"color,radio,color,radio";"frame,Shape,size,Type";"frame,shape,size,Type";"natural-wood:#ffd083,vertical,10x15,fine-art-paper";"";"";"";"";"";"";"0";"0";"0";"0";"5";"1";"";"0";"0";"";"0000-00-00";"";"";"2";""
"";"";"45";"";"";"color,radio,color,radio";"frame,Shape,size,Type";"frame,shape,size,Type";"dark-wood:#ce6600,vertical,10x15,fine-art-paper";"";"";"";"";"";"";"0";"0";"0";"0";"5";"1";"";"0";"0";"";"0000-00-00";"";"";"2";""
"";"";"45";"";"";"color,radio,color,radio";"frame,Shape,size,Type";"frame,shape,size,Type";"charcol-black:#3b1200,vertical,10x15,fine-art-paper";"";"";"";"";"";"";"0";"0";"0";"0";"5";"1";"";"0";"0";"";"0000-00-00";"";"";"2";""
"";"";"45";"";"";"color,radio,color,radio";"frame,Shape,size,Type";"frame,shape,size,Type";"charcol-white:#e3fffe,vertical,10x15,fine-art-paper";"";"";"";"";"";"";"0";"0";"0";"0";"5";"1";"";"0";"0";"";"0000-00-00";"";"";"2";""
"";"";"45";"";"";"color,radio,color,radio";"frame,Shape,size,Type";"frame,shape,size,Type";"pine-wood:#a3afff,vertical,10x15,fine-art-paper";"";"";"";"";"";"";"0";"0";"0";"0";"5";"1";"";"0";"0";"";"0000-00-00";"";"";"2";""
"";"";"45";"";"";"color,radio,color,radio";"frame,Shape,size,Type";"frame,shape,size,Type";"none:#62ff43,vertical,12x18,fine-art-paper";"";"";"";"";"";"";"0";"0";"0";"0";"5";"1";"";"0";"0";"";"0000-00-00";"";"";"2";""
"";"";"45";"";"";"color,radio,color,radio";"frame,Shape,size,Type";"frame,shape,size,Type";"natural-wood:#ffd083,vertical,12x18,fine-art-paper";"";"";"";"";"";"";"0";"0";"0";"0";"5";"1";"";"0";"0";"";"0000-00-00";"";"";"2";""
"";"";"45";"";"";"color,radio,color,radio";"frame,Shape,size,Type";"frame,shape,size,Type";"dark-wood:#ce6600,vertical,12x18,fine-art-paper";"";"";"";"";"";"";"0";"0";"0";"0";"5";"1";"";"0";"0";"";"0000-00-00";"";"";"2";""
"";"";"45";"";"";"color,radio,color,radio";"frame,Shape,size,Type";"frame,shape,size,Type";"charcol-black:#3b1200,vertical,12x18,fine-art-paper";"";"";"";"";"";"";"0";"0";"0";"0";"5";"1";"";"0";"0";"";"0000-00-00";"";"";"2";""
"";"";"45";"";"";"color,radio,color,radio";"frame,Shape,size,Type";"frame,shape,size,Type";"charcol-white:#e3fffe,vertical,12x18,fine-art-paper";"";"";"";"";"";"";"0";"0";"0";"0";"5";"1";"";"0";"0";"";"0000-00-00";"";"";"2";""
"";"";"45";"";"";"color,radio,color,radio";"frame,Shape,size,Type";"frame,shape,size,Type";"pine-wood:#a3afff,vertical,12x18,fine-art-paper";"";"";"";"";"";"";"0";"0";"0";"0";"5";"1";"";"0";"0";"";"0000-00-00";"";"";"2";""
"";"";"45";"";"";"color,radio,color,radio";"frame,Shape,size,Type";"frame,shape,size,Type";"none:#62ff43,vertical,16x24,fine-art-paper";"";"";"";"";"";"";"0";"0";"0";"0";"5";"1";"";"0";"0";"";"0000-00-00";"";"";"2";""
"";"";"45";"";"";"color,radio,color,radio";"frame,Shape,size,Type";"frame,shape,size,Type";"natural-wood:#ffd083,vertical,16x24,fine-art-paper";"";"";"";"";"";"";"0";"0";"0";"0";"5";"1";"";"0";"0";"";"0000-00-00";"";"";"2";""
"";"";"45";"";"";"color,radio,color,radio";"frame,Shape,size,Type";"frame,shape,size,Type";"dark-wood:#ce6600,vertical,16x24,fine-art-paper";"";"";"";"";"";"";"0";"0";"0";"0";"5";"1";"";"0";"0";"";"0000-00-00";"";"";"2";""
"";"";"45";"";"";"color,radio,color,radio";"frame,Shape,size,Type";"frame,shape,size,Type";"charcol-black:#3b1200,vertical,16x24,fine-art-paper";"";"";"";"";"";"";"0";"0";"0";"0";"5";"1";"";"0";"0";"";"0000-00-00";"";"";"2";""
"";"";"45";"";"";"color,radio,color,radio";"frame,Shape,size,Type";"frame,shape,size,Type";"charcol-white:#e3fffe,vertical,16x24,fine-art-paper";"";"";"";"";"";"";"0";"0";"0";"0";"5";"1";"";"0";"0";"";"0000-00-00";"";"";"2";""
"";"";"45";"";"";"color,radio,color,radio";"frame,Shape,size,Type";"frame,shape,size,Type";"pine-wood:#a3afff,vertical,16x24,fine-art-paper";"";"";"";"";"";"";"0";"0";"0";"0";"5";"1";"";"0";"0";"";"0000-00-00";"";"";"2";""
"";"";"45";"";"";"color,radio,color,radio";"frame,Shape,size,Type";"frame,shape,size,Type";"none:#62ff43,vertical,20x30,fine-art-paper";"";"";"";"";"";"";"0";"0";"0";"0";"5";"1";"";"0";"0";"";"0000-00-00";"";"";"2";""
"";"";"45";"";"";"color,radio,color,radio";"frame,Shape,size,Type";"frame,shape,size,Type";"natural-wood:#ffd083,vertical,20x30,fine-art-paper";"";"";"";"";"";"";"0";"0";"0";"0";"5";"1";"";"0";"0";"";"0000-00-00";"";"";"2";""
"";"";"45";"";"";"color,radio,color,radio";"frame,Shape,size,Type";"frame,shape,size,Type";"dark-wood:#ce6600,vertical,20x30,fine-art-paper";"";"";"";"";"";"";"0";"0";"0";"0";"5";"1";"";"0";"0";"";"0000-00-00";"";"";"2";""
"";"";"45";"";"";"color,radio,color,radio";"frame,Shape,size,Type";"frame,shape,size,Type";"charcol-black:#3b1200,vertical,20x30,fine-art-paper";"";"";"";"";"";"";"0";"0";"0";"0";"5";"1";"";"0";"0";"";"0000-00-00";"";"";"2";""
"";"";"45";"";"";"color,radio,color,radio";"frame,Shape,size,Type";"frame,shape,size,Type";"charcol-white:#e3fffe,vertical,20x30,fine-art-paper";"";"";"";"";"";"";"0";"0";"0";"0";"5";"1";"";"0";"0";"";"0000-00-00";"";"";"2";""
"";"";"45";"";"";"color,radio,color,radio";"frame,Shape,size,Type";"frame,shape,size,Type";"pine-wood:#a3afff,vertical,20x30,fine-art-paper";"";"";"";"";"";"";"0";"0";"0";"0";"5";"1";"";"0";"0";"";"0000-00-00";"";"";"2";""
"";"";"45";"";"";"color,radio,color,radio";"frame,Shape,size,Type";"frame,shape,size,Type";"none:#62ff43,vertical,24x36,fine-art-paper";"";"";"";"";"";"";"0";"0";"0";"0";"5";"1";"";"0";"0";"";"0000-00-00";"";"";"2";""
"";"";"45";"";"";"color,radio,color,radio";"frame,Shape,size,Type";"frame,shape,size,Type";"natural-wood:#ffd083,vertical,24x36,fine-art-paper";"";"";"";"";"";"";"0";"0";"0";"0";"5";"1";"";"0";"0";"";"0000-00-00";"";"";"2";""
"";"";"45";"";"";"color,radio,color,radio";"frame,Shape,size,Type";"frame,shape,size,Type";"dark-wood:#ce6600,vertical,24x36,fine-art-paper";"";"";"";"";"";"";"0";"0";"0";"0";"5";"1";"";"0";"0";"";"0000-00-00";"";"";"2";""
"";"";"45";"";"";"color,radio,color,radio";"frame,Shape,size,Type";"frame,shape,size,Type";"charcol-black:#3b1200,vertical,24x36,fine-art-paper";"";"";"";"";"";"";"0";"0";"0";"0";"5";"1";"";"0";"0";"";"0000-00-00";"";"";"2";""
"";"";"45";"";"";"color,radio,color,radio";"frame,Shape,size,Type";"frame,shape,size,Type";"charcol-white:#e3fffe,vertical,24x36,fine-art-paper";"";"";"";"";"";"";"0";"0";"0";"0";"5";"1";"";"0";"0";"";"0000-00-00";"";"";"2";""
"";"";"45";"";"";"color,radio,color,radio";"frame,Shape,size,Type";"frame,shape,size,Type";"pine-wood:#a3afff,vertical,24x36,fine-art-paper";"";"";"";"";"";"";"0";"0";"0";"0";"5";"1";"";"0";"0";"";"0000-00-00";"";"";"2";""
"";"";"45";"";"";"color,radio,color,radio";"frame,Shape,size,Type";"frame,shape,size,Type";"none:#62ff43,vertical,30x45,fine-art-paper";"";"";"";"";"";"";"0";"0";"0";"0";"5";"1";"";"0";"0";"";"0000-00-00";"";"";"2";""
"";"";"45";"";"";"color,radio,color,radio";"frame,Shape,size,Type";"frame,shape,size,Type";"natural-wood:#ffd083,vertical,30x45,fine-art-paper";"";"";"";"";"";"";"0";"0";"0";"0";"5";"1";"";"0";"0";"";"0000-00-00";"";"";"2";""
"";"";"45";"";"";"color,radio,color,radio";"frame,Shape,size,Type";"frame,shape,size,Type";"dark-wood:#ce6600,vertical,30x45,fine-art-paper";"";"";"";"";"";"";"0";"0";"0";"0";"5";"1";"";"0";"0";"";"0000-00-00";"";"";"2";""
"";"";"45";"";"";"color,radio,color,radio";"frame,Shape,size,Type";"frame,shape,size,Type";"charcol-black:#3b1200,vertical,30x45,fine-art-paper";"";"";"";"";"";"";"0";"0";"0";"0";"5";"1";"";"0";"0";"";"0000-00-00";"";"";"2";""
"";"";"45";"";"";"color,radio,color,radio";"frame,Shape,size,Type";"frame,shape,size,Type";"charcol-white:#e3fffe,vertical,30x45,fine-art-paper";"";"";"";"";"";"";"0";"0";"0";"0";"5";"1";"";"0";"0";"";"0000-00-00";"";"";"2";""
"";"";"45";"";"";"color,radio,color,radio";"frame,Shape,size,Type";"frame,shape,size,Type";"pine-wood:#a3afff,vertical,30x45,fine-art-paper";"";"";"";"";"";"";"0";"0";"0";"0";"5";"1";"";"0";"0";"";"0000-00-00";"";"";"2";""
"";"";"48";"";"";"color,radio,color,radio";"frame,Shape,size,Type";"frame,shape,size,Type";"none:#62ff43,vertical,10x15,canvas";"";"";"";"";"";"";"0";"0";"0";"0";"5";"1";"";"0";"0";"1";"0000-00-00";"";"";"2";""
"";"";"48";"";"";"color,radio,color,radio";"frame,Shape,size,Type";"frame,shape,size,Type";"natural-wood:#ffd083,vertical,10x15,canvas";"";"";"";"";"";"";"0";"0";"0";"0";"5";"1";"";"0";"0";"";"0000-00-00";"";"";"2";""
"";"";"48";"";"";"color,radio,color,radio";"frame,Shape,size,Type";"frame,shape,size,Type";"dark-wood:#ce6600,vertical,10x15,canvas";"";"";"";"";"";"";"0";"0";"0";"0";"5";"1";"";"0";"0";"";"0000-00-00";"";"";"2";""
"";"";"48";"";"";"color,radio,color,radio";"frame,Shape,size,Type";"frame,shape,size,Type";"charcol-black:#3b1200,vertical,10x15,canvas";"";"";"";"";"";"";"0";"0";"0";"0";"5";"1";"";"0";"0";"";"0000-00-00";"";"";"2";""
"";"";"48";"";"";"color,radio,color,radio";"frame,Shape,size,Type";"frame,shape,size,Type";"charcol-white:#e3fffe,vertical,10x15,canvas";"";"";"";"";"";"";"0";"0";"0";"0";"5";"1";"";"0";"0";"";"0000-00-00";"";"";"2";""
"";"";"48";"";"";"color,radio,color,radio";"frame,Shape,size,Type";"frame,shape,size,Type";"pine-wood:#a3afff,vertical,10x15,canvas";"";"";"";"";"";"";"0";"0";"0";"0";"5";"1";"";"0";"0";"";"0000-00-00";"";"";"2";""
"";"";"48";"";"";"color,radio,color,radio";"frame,Shape,size,Type";"frame,shape,size,Type";"none:#62ff43,vertical,12x18,canvas";"";"";"";"";"";"";"0";"0";"0";"0";"5";"1";"";"0";"0";"";"0000-00-00";"";"";"2";""
"";"";"48";"";"";"color,radio,color,radio";"frame,Shape,size,Type";"frame,shape,size,Type";"natural-wood:#ffd083,vertical,12x18,canvas";"";"";"";"";"";"";"0";"0";"0";"0";"5";"1";"";"0";"0";"";"0000-00-00";"";"";"2";""
"";"";"48";"";"";"color,radio,color,radio";"frame,Shape,size,Type";"frame,shape,size,Type";"dark-wood:#ce6600,vertical,12x18,canvas";"";"";"";"";"";"";"0";"0";"0";"0";"5";"1";"";"0";"0";"";"0000-00-00";"";"";"2";""
"";"";"48";"";"";"color,radio,color,radio";"frame,Shape,size,Type";"frame,shape,size,Type";"charcol-black:#3b1200,vertical,12x18,canvas";"";"";"";"";"";"";"0";"0";"0";"0";"5";"1";"";"0";"0";"";"0000-00-00";"";"";"2";""
"";"";"48";"";"";"color,radio,color,radio";"frame,Shape,size,Type";"frame,shape,size,Type";"charcol-white:#e3fffe,vertical,12x18,canvas";"";"";"";"";"";"";"0";"0";"0";"0";"5";"1";"";"0";"0";"";"0000-00-00";"";"";"2";""
"";"";"48";"";"";"color,radio,color,radio";"frame,Shape,size,Type";"frame,shape,size,Type";"pine-wood:#a3afff,vertical,12x18,canvas";"";"";"";"";"";"";"0";"0";"0";"0";"5";"1";"";"0";"0";"";"0000-00-00";"";"";"2";""
"";"";"48";"";"";"color,radio,color,radio";"frame,Shape,size,Type";"frame,shape,size,Type";"none:#62ff43,vertical,16x24,canvas";"";"";"";"";"";"";"0";"0";"0";"0";"5";"1";"";"0";"0";"";"0000-00-00";"";"";"2";""
"";"";"48";"";"";"color,radio,color,radio";"frame,Shape,size,Type";"frame,shape,size,Type";"natural-wood:#ffd083,vertical,16x24,canvas";"";"";"";"";"";"";"0";"0";"0";"0";"5";"1";"";"0";"0";"";"0000-00-00";"";"";"2";""
"";"";"48";"";"";"color,radio,color,radio";"frame,Shape,size,Type";"frame,shape,size,Type";"dark-wood:#ce6600,vertical,16x24,canvas";"";"";"";"";"";"";"0";"0";"0";"0";"5";"1";"";"0";"0";"";"0000-00-00";"";"";"2";""
"";"";"48";"";"";"color,radio,color,radio";"frame,Shape,size,Type";"frame,shape,size,Type";"charcol-black:#3b1200,vertical,16x24,canvas";"";"";"";"";"";"";"0";"0";"0";"0";"5";"1";"";"0";"0";"";"0000-00-00";"";"";"2";""
"";"";"48";"";"";"color,radio,color,radio";"frame,Shape,size,Type";"frame,shape,size,Type";"charcol-white:#e3fffe,vertical,16x24,canvas";"";"";"";"";"";"";"0";"0";"0";"0";"5";"1";"";"0";"0";"";"0000-00-00";"";"";"2";""
"";"";"48";"";"";"color,radio,color,radio";"frame,Shape,size,Type";"frame,shape,size,Type";"pine-wood:#a3afff,vertical,16x24,canvas";"";"";"";"";"";"";"0";"0";"0";"0";"5";"1";"";"0";"0";"";"0000-00-00";"";"";"2";""
"";"";"48";"";"";"color,radio,color,radio";"frame,Shape,size,Type";"frame,shape,size,Type";"none:#62ff43,vertical,20x30,canvas";"";"";"";"";"";"";"0";"0";"0";"0";"5";"1";"";"0";"0";"";"0000-00-00";"";"";"2";""
"";"";"48";"";"";"color,radio,color,radio";"frame,Shape,size,Type";"frame,shape,size,Type";"natural-wood:#ffd083,vertical,20x30,canvas";"";"";"";"";"";"";"0";"0";"0";"0";"5";"1";"";"0";"0";"";"0000-00-00";"";"";"2";""
"";"";"48";"";"";"color,radio,color,radio";"frame,Shape,size,Type";"frame,shape,size,Type";"dark-wood:#ce6600,vertical,20x30,canvas";"";"";"";"";"";"";"0";"0";"0";"0";"5";"1";"";"0";"0";"";"0000-00-00";"";"";"2";""
"";"";"48";"";"";"color,radio,color,radio";"frame,Shape,size,Type";"frame,shape,size,Type";"charcol-black:#3b1200,vertical,20x30,canvas";"";"";"";"";"";"";"0";"0";"0";"0";"5";"1";"";"0";"0";"";"0000-00-00";"";"";"2";""
"";"";"48";"";"";"color,radio,color,radio";"frame,Shape,size,Type";"frame,shape,size,Type";"charcol-white:#e3fffe,vertical,20x30,canvas";"";"";"";"";"";"";"0";"0";"0";"0";"5";"1";"";"0";"0";"";"0000-00-00";"";"";"2";""
"";"";"48";"";"";"color,radio,color,radio";"frame,Shape,size,Type";"frame,shape,size,Type";"pine-wood:#a3afff,vertical,20x30,canvas";"";"";"";"";"";"";"0";"0";"0";"0";"5";"1";"";"0";"0";"";"0000-00-00";"";"";"2";""
"";"";"48";"";"";"color,radio,color,radio";"frame,Shape,size,Type";"frame,shape,size,Type";"none:#62ff43,vertical,24x36,canvas";"";"";"";"";"";"";"0";"0";"0";"0";"5";"1";"";"0";"0";"";"0000-00-00";"";"";"2";""
"";"";"48";"";"";"color,radio,color,radio";"frame,Shape,size,Type";"frame,shape,size,Type";"natural-wood:#ffd083,vertical,24x36,canvas";"";"";"";"";"";"";"0";"0";"0";"0";"5";"1";"";"0";"0";"";"0000-00-00";"";"";"2";""
"";"";"48";"";"";"color,radio,color,radio";"frame,Shape,size,Type";"frame,shape,size,Type";"dark-wood:#ce6600,vertical,24x36,canvas";"";"";"";"";"";"";"0";"0";"0";"0";"5";"1";"";"0";"0";"";"0000-00-00";"";"";"2";""
"";"";"48";"";"";"color,radio,color,radio";"frame,Shape,size,Type";"frame,shape,size,Type";"charcol-black:#3b1200,vertical,24x36,canvas";"";"";"";"";"";"";"0";"0";"0";"0";"5";"1";"";"0";"0";"";"0000-00-00";"";"";"2";""
"";"";"48";"";"";"color,radio,color,radio";"frame,Shape,size,Type";"frame,shape,size,Type";"charcol-white:#e3fffe,vertical,24x36,canvas";"";"";"";"";"";"";"0";"0";"0";"0";"5";"1";"";"0";"0";"";"0000-00-00";"";"";"2";""
"";"";"48";"";"";"color,radio,color,radio";"frame,Shape,size,Type";"frame,shape,size,Type";"pine-wood:#a3afff,vertical,24x36,canvas";"";"";"";"";"";"";"0";"0";"0";"0";"5";"1";"";"0";"0";"";"0000-00-00";"";"";"2";""
"";"";"48";"";"";"color,radio,color,radio";"frame,Shape,size,Type";"frame,shape,size,Type";"none:#62ff43,vertical,30x45,canvas";"";"";"";"";"";"";"0";"0";"0";"0";"5";"1";"";"0";"0";"";"0000-00-00";"";"";"2";""
"";"";"48";"";"";"color,radio,color,radio";"frame,Shape,size,Type";"frame,shape,size,Type";"natural-wood:#ffd083,vertical,30x45,canvas";"";"";"";"";"";"";"0";"0";"0";"0";"5";"1";"";"0";"0";"";"0000-00-00";"";"";"2";""
"";"";"48";"";"";"color,radio,color,radio";"frame,Shape,size,Type";"frame,shape,size,Type";"dark-wood:#ce6600,vertical,30x45,canvas";"";"";"";"";"";"";"0";"0";"0";"0";"5";"1";"";"0";"0";"";"0000-00-00";"";"";"2";""
"";"";"48";"";"";"color,radio,color,radio";"frame,Shape,size,Type";"frame,shape,size,Type";"charcol-black:#3b1200,vertical,30x45,canvas";"";"";"";"";"";"";"0";"0";"0";"0";"5";"1";"";"0";"0";"";"0000-00-00";"";"";"2";""
"";"";"48";"";"";"color,radio,color,radio";"frame,Shape,size,Type";"frame,shape,size,Type";"charcol-white:#e3fffe,vertical,30x45,canvas";"";"";"";"";"";"";"0";"0";"0";"0";"5";"1";"";"0";"0";"";"0000-00-00";"";"";"2";""
"";"";"48";"";"";"color,radio,color,radio";"frame,Shape,size,Type";"frame,shape,size,Type";"pine-wood:#a3afff,vertical,30x45,canvas";"";"";"";"";"";"";"0";"0";"0";"0";"5";"1";"";"0";"0";"";"0000-00-00";"";"";"2";""
"";"";"48";"";"";"color,radio,color,radio";"frame,Shape,size,Type";"frame,shape,size,Type";"none:#62ff43,vertical,10x15,fine-art-paper";"";"";"";"";"";"";"0";"0";"0";"0";"5";"1";"";"0";"0";"";"0000-00-00";"";"";"2";""
"";"";"48";"";"";"color,radio,color,radio";"frame,Shape,size,Type";"frame,shape,size,Type";"natural-wood:#ffd083,vertical,10x15,fine-art-paper";"";"";"";"";"";"";"0";"0";"0";"0";"5";"1";"";"0";"0";"";"0000-00-00";"";"";"2";""
"";"";"48";"";"";"color,radio,color,radio";"frame,Shape,size,Type";"frame,shape,size,Type";"dark-wood:#ce6600,vertical,10x15,fine-art-paper";"";"";"";"";"";"";"0";"0";"0";"0";"5";"1";"";"0";"0";"";"0000-00-00";"";"";"2";""
"";"";"48";"";"";"color,radio,color,radio";"frame,Shape,size,Type";"frame,shape,size,Type";"charcol-black:#3b1200,vertical,10x15,fine-art-paper";"";"";"";"";"";"";"0";"0";"0";"0";"5";"1";"";"0";"0";"";"0000-00-00";"";"";"2";""
"";"";"48";"";"";"color,radio,color,radio";"frame,Shape,size,Type";"frame,shape,size,Type";"charcol-white:#e3fffe,vertical,10x15,fine-art-paper";"";"";"";"";"";"";"0";"0";"0";"0";"5";"1";"";"0";"0";"";"0000-00-00";"";"";"2";""
"";"";"48";"";"";"color,radio,color,radio";"frame,Shape,size,Type";"frame,shape,size,Type";"pine-wood:#a3afff,vertical,10x15,fine-art-paper";"";"";"";"";"";"";"0";"0";"0";"0";"5";"1";"";"0";"0";"";"0000-00-00";"";"";"2";""
"";"";"48";"";"";"color,radio,color,radio";"frame,Shape,size,Type";"frame,shape,size,Type";"none:#62ff43,vertical,12x18,fine-art-paper";"";"";"";"";"";"";"0";"0";"0";"0";"5";"1";"";"0";"0";"";"0000-00-00";"";"";"2";""
"";"";"48";"";"";"color,radio,color,radio";"frame,Shape,size,Type";"frame,shape,size,Type";"natural-wood:#ffd083,vertical,12x18,fine-art-paper";"";"";"";"";"";"";"0";"0";"0";"0";"5";"1";"";"0";"0";"";"0000-00-00";"";"";"2";""
"";"";"48";"";"";"color,radio,color,radio";"frame,Shape,size,Type";"frame,shape,size,Type";"dark-wood:#ce6600,vertical,12x18,fine-art-paper";"";"";"";"";"";"";"0";"0";"0";"0";"5";"1";"";"0";"0";"";"0000-00-00";"";"";"2";""
"";"";"48";"";"";"color,radio,color,radio";"frame,Shape,size,Type";"frame,shape,size,Type";"charcol-black:#3b1200,vertical,12x18,fine-art-paper";"";"";"";"";"";"";"0";"0";"0";"0";"5";"1";"";"0";"0";"";"0000-00-00";"";"";"2";""
"";"";"48";"";"";"color,radio,color,radio";"frame,Shape,size,Type";"frame,shape,size,Type";"charcol-white:#e3fffe,vertical,12x18,fine-art-paper";"";"";"";"";"";"";"0";"0";"0";"0";"5";"1";"";"0";"0";"";"0000-00-00";"";"";"2";""
"";"";"48";"";"";"color,radio,color,radio";"frame,Shape,size,Type";"frame,shape,size,Type";"pine-wood:#a3afff,vertical,12x18,fine-art-paper";"";"";"";"";"";"";"0";"0";"0";"0";"5";"1";"";"0";"0";"";"0000-00-00";"";"";"2";""
"";"";"48";"";"";"color,radio,color,radio";"frame,Shape,size,Type";"frame,shape,size,Type";"none:#62ff43,vertical,16x24,fine-art-paper";"";"";"";"";"";"";"0";"0";"0";"0";"5";"1";"";"0";"0";"";"0000-00-00";"";"";"2";""
"";"";"48";"";"";"color,radio,color,radio";"frame,Shape,size,Type";"frame,shape,size,Type";"natural-wood:#ffd083,vertical,16x24,fine-art-paper";"";"";"";"";"";"";"0";"0";"0";"0";"5";"1";"";"0";"0";"";"0000-00-00";"";"";"2";""
"";"";"48";"";"";"color,radio,color,radio";"frame,Shape,size,Type";"frame,shape,size,Type";"dark-wood:#ce6600,vertical,16x24,fine-art-paper";"";"";"";"";"";"";"0";"0";"0";"0";"5";"1";"";"0";"0";"";"0000-00-00";"";"";"2";""
"";"";"48";"";"";"color,radio,color,radio";"frame,Shape,size,Type";"frame,shape,size,Type";"charcol-black:#3b1200,vertical,16x24,fine-art-paper";"";"";"";"";"";"";"0";"0";"0";"0";"5";"1";"";"0";"0";"";"0000-00-00";"";"";"2";""
"";"";"48";"";"";"color,radio,color,radio";"frame,Shape,size,Type";"frame,shape,size,Type";"charcol-white:#e3fffe,vertical,16x24,fine-art-paper";"";"";"";"";"";"";"0";"0";"0";"0";"5";"1";"";"0";"0";"";"0000-00-00";"";"";"2";""
"";"";"48";"";"";"color,radio,color,radio";"frame,Shape,size,Type";"frame,shape,size,Type";"pine-wood:#a3afff,vertical,16x24,fine-art-paper";"";"";"";"";"";"";"0";"0";"0";"0";"5";"1";"";"0";"0";"";"0000-00-00";"";"";"2";""
"";"";"48";"";"";"color,radio,color,radio";"frame,Shape,size,Type";"frame,shape,size,Type";"none:#62ff43,vertical,20x30,fine-art-paper";"";"";"";"";"";"";"0";"0";"0";"0";"5";"1";"";"0";"0";"";"0000-00-00";"";"";"2";""
"";"";"48";"";"";"color,radio,color,radio";"frame,Shape,size,Type";"frame,shape,size,Type";"natural-wood:#ffd083,vertical,20x30,fine-art-paper";"";"";"";"";"";"";"0";"0";"0";"0";"5";"1";"";"0";"0";"";"0000-00-00";"";"";"2";""
"";"";"48";"";"";"color,radio,color,radio";"frame,Shape,size,Type";"frame,shape,size,Type";"dark-wood:#ce6600,vertical,20x30,fine-art-paper";"";"";"";"";"";"";"0";"0";"0";"0";"5";"1";"";"0";"0";"";"0000-00-00";"";"";"2";""
"";"";"48";"";"";"color,radio,color,radio";"frame,Shape,size,Type";"frame,shape,size,Type";"charcol-black:#3b1200,vertical,20x30,fine-art-paper";"";"";"";"";"";"";"0";"0";"0";"0";"5";"1";"";"0";"0";"";"0000-00-00";"";"";"2";""
"";"";"48";"";"";"color,radio,color,radio";"frame,Shape,size,Type";"frame,shape,size,Type";"charcol-white:#e3fffe,vertical,20x30,fine-art-paper";"";"";"";"";"";"";"0";"0";"0";"0";"5";"1";"";"0";"0";"";"0000-00-00";"";"";"2";""
"";"";"48";"";"";"color,radio,color,radio";"frame,Shape,size,Type";"frame,shape,size,Type";"pine-wood:#a3afff,vertical,20x30,fine-art-paper";"";"";"";"";"";"";"0";"0";"0";"0";"5";"1";"";"0";"0";"";"0000-00-00";"";"";"2";""
"";"";"48";"";"";"color,radio,color,radio";"frame,Shape,size,Type";"frame,shape,size,Type";"none:#62ff43,vertical,24x36,fine-art-paper";"";"";"";"";"";"";"0";"0";"0";"0";"5";"1";"";"0";"0";"";"0000-00-00";"";"";"2";""
"";"";"48";"";"";"color,radio,color,radio";"frame,Shape,size,Type";"frame,shape,size,Type";"natural-wood:#ffd083,vertical,24x36,fine-art-paper";"";"";"";"";"";"";"0";"0";"0";"0";"5";"1";"";"0";"0";"";"0000-00-00";"";"";"2";""
"";"";"48";"";"";"color,radio,color,radio";"frame,Shape,size,Type";"frame,shape,size,Type";"dark-wood:#ce6600,vertical,24x36,fine-art-paper";"";"";"";"";"";"";"0";"0";"0";"0";"5";"1";"";"0";"0";"";"0000-00-00";"";"";"2";""
"";"";"48";"";"";"color,radio,color,radio";"frame,Shape,size,Type";"frame,shape,size,Type";"charcol-black:#3b1200,vertical,24x36,fine-art-paper";"";"";"";"";"";"";"0";"0";"0";"0";"5";"1";"";"0";"0";"";"0000-00-00";"";"";"2";""
"";"";"48";"";"";"color,radio,color,radio";"frame,Shape,size,Type";"frame,shape,size,Type";"charcol-white:#e3fffe,vertical,24x36,fine-art-paper";"";"";"";"";"";"";"0";"0";"0";"0";"5";"1";"";"0";"0";"";"0000-00-00";"";"";"2";""
"";"";"48";"";"";"color,radio,color,radio";"frame,Shape,size,Type";"frame,shape,size,Type";"pine-wood:#a3afff,vertical,24x36,fine-art-paper";"";"";"";"";"";"";"0";"0";"0";"0";"5";"1";"";"0";"0";"";"0000-00-00";"";"";"2";""
"";"";"48";"";"";"color,radio,color,radio";"frame,Shape,size,Type";"frame,shape,size,Type";"none:#62ff43,vertical,30x45,fine-art-paper";"";"";"";"";"";"";"0";"0";"0";"0";"5";"1";"";"0";"0";"";"0000-00-00";"";"";"2";""
"";"";"48";"";"";"color,radio,color,radio";"frame,Shape,size,Type";"frame,shape,size,Type";"natural-wood:#ffd083,vertical,30x45,fine-art-paper";"";"";"";"";"";"";"0";"0";"0";"0";"5";"1";"";"0";"0";"";"0000-00-00";"";"";"2";""
"";"";"48";"";"";"color,radio,color,radio";"frame,Shape,size,Type";"frame,shape,size,Type";"dark-wood:#ce6600,vertical,30x45,fine-art-paper";"";"";"";"";"";"";"0";"0";"0";"0";"5";"1";"";"0";"0";"";"0000-00-00";"";"";"2";""
"";"";"48";"";"";"color,radio,color,radio";"frame,Shape,size,Type";"frame,shape,size,Type";"charcol-black:#3b1200,vertical,30x45,fine-art-paper";"";"";"";"";"";"";"0";"0";"0";"0";"5";"1";"";"0";"0";"";"0000-00-00";"";"";"2";""
"";"";"48";"";"";"color,radio,color,radio";"frame,Shape,size,Type";"frame,shape,size,Type";"charcol-white:#e3fffe,vertical,30x45,fine-art-paper";"";"";"";"";"";"";"0";"0";"0";"0";"5";"1";"";"0";"0";"";"0000-00-00";"";"";"2";""
"";"";"48";"";"";"color,radio,color,radio";"frame,Shape,size,Type";"frame,shape,size,Type";"pine-wood:#a3afff,vertical,30x45,fine-art-paper";"";"";"";"";"";"";"0";"0";"0";"0";"5";"1";"";"0";"0";"";"0000-00-00";"";"";"2";""
"";"";"51";"";"";"color,radio,color,radio";"frame,Shape,size,Type";"frame,shape,size,Type";"none:#62ff43,vertical,10x15,canvas";"";"";"";"";"";"";"0";"0";"0";"0";"5";"1";"";"0";"0";"1";"0000-00-00";"";"";"2";""
"";"";"51";"";"";"color,radio,color,radio";"frame,Shape,size,Type";"frame,shape,size,Type";"natural-wood:#ffd083,vertical,10x15,canvas";"";"";"";"";"";"";"0";"0";"0";"0";"5";"1";"";"0";"0";"";"0000-00-00";"";"";"2";""
"";"";"51";"";"";"color,radio,color,radio";"frame,Shape,size,Type";"frame,shape,size,Type";"dark-wood:#ce6600,vertical,10x15,canvas";"";"";"";"";"";"";"0";"0";"0";"0";"5";"1";"";"0";"0";"";"0000-00-00";"";"";"2";""
"";"";"51";"";"";"color,radio,color,radio";"frame,Shape,size,Type";"frame,shape,size,Type";"charcol-black:#3b1200,vertical,10x15,canvas";"";"";"";"";"";"";"0";"0";"0";"0";"5";"1";"";"0";"0";"";"0000-00-00";"";"";"2";""
"";"";"51";"";"";"color,radio,color,radio";"frame,Shape,size,Type";"frame,shape,size,Type";"charcol-white:#e3fffe,vertical,10x15,canvas";"";"";"";"";"";"";"0";"0";"0";"0";"5";"1";"";"0";"0";"";"0000-00-00";"";"";"2";""
"";"";"51";"";"";"color,radio,color,radio";"frame,Shape,size,Type";"frame,shape,size,Type";"pine-wood:#a3afff,vertical,10x15,canvas";"";"";"";"";"";"";"0";"0";"0";"0";"5";"1";"";"0";"0";"";"0000-00-00";"";"";"2";""
"";"";"51";"";"";"color,radio,color,radio";"frame,Shape,size,Type";"frame,shape,size,Type";"none:#62ff43,vertical,12x18,canvas";"";"";"";"";"";"";"0";"0";"0";"0";"5";"1";"";"0";"0";"";"0000-00-00";"";"";"2";""
"";"";"51";"";"";"color,radio,color,radio";"frame,Shape,size,Type";"frame,shape,size,Type";"natural-wood:#ffd083,vertical,12x18,canvas";"";"";"";"";"";"";"0";"0";"0";"0";"5";"1";"";"0";"0";"";"0000-00-00";"";"";"2";""
"";"";"51";"";"";"color,radio,color,radio";"frame,Shape,size,Type";"frame,shape,size,Type";"dark-wood:#ce6600,vertical,12x18,canvas";"";"";"";"";"";"";"0";"0";"0";"0";"5";"1";"";"0";"0";"";"0000-00-00";"";"";"2";""
"";"";"51";"";"";"color,radio,color,radio";"frame,Shape,size,Type";"frame,shape,size,Type";"charcol-black:#3b1200,vertical,12x18,canvas";"";"";"";"";"";"";"0";"0";"0";"0";"5";"1";"";"0";"0";"";"0000-00-00";"";"";"2";""
"";"";"51";"";"";"color,radio,color,radio";"frame,Shape,size,Type";"frame,shape,size,Type";"charcol-white:#e3fffe,vertical,12x18,canvas";"";"";"";"";"";"";"0";"0";"0";"0";"5";"1";"";"0";"0";"";"0000-00-00";"";"";"2";""
"";"";"51";"";"";"color,radio,color,radio";"frame,Shape,size,Type";"frame,shape,size,Type";"pine-wood:#a3afff,vertical,12x18,canvas";"";"";"";"";"";"";"0";"0";"0";"0";"5";"1";"";"0";"0";"";"0000-00-00";"";"";"2";""
"";"";"51";"";"";"color,radio,color,radio";"frame,Shape,size,Type";"frame,shape,size,Type";"none:#62ff43,vertical,16x24,canvas";"";"";"";"";"";"";"0";"0";"0";"0";"5";"1";"";"0";"0";"";"0000-00-00";"";"";"2";""
"";"";"51";"";"";"color,radio,color,radio";"frame,Shape,size,Type";"frame,shape,size,Type";"natural-wood:#ffd083,vertical,16x24,canvas";"";"";"";"";"";"";"0";"0";"0";"0";"5";"1";"";"0";"0";"";"0000-00-00";"";"";"2";""
"";"";"51";"";"";"color,radio,color,radio";"frame,Shape,size,Type";"frame,shape,size,Type";"dark-wood:#ce6600,vertical,16x24,canvas";"";"";"";"";"";"";"0";"0";"0";"0";"5";"1";"";"0";"0";"";"0000-00-00";"";"";"2";""
"";"";"51";"";"";"color,radio,color,radio";"frame,Shape,size,Type";"frame,shape,size,Type";"charcol-black:#3b1200,vertical,16x24,canvas";"";"";"";"";"";"";"0";"0";"0";"0";"5";"1";"";"0";"0";"";"0000-00-00";"";"";"2";""
"";"";"51";"";"";"color,radio,color,radio";"frame,Shape,size,Type";"frame,shape,size,Type";"charcol-white:#e3fffe,vertical,16x24,canvas";"";"";"";"";"";"";"0";"0";"0";"0";"5";"1";"";"0";"0";"";"0000-00-00";"";"";"2";""
"";"";"51";"";"";"color,radio,color,radio";"frame,Shape,size,Type";"frame,shape,size,Type";"pine-wood:#a3afff,vertical,16x24,canvas";"";"";"";"";"";"";"0";"0";"0";"0";"5";"1";"";"0";"0";"";"0000-00-00";"";"";"2";""
"";"";"51";"";"";"color,radio,color,radio";"frame,Shape,size,Type";"frame,shape,size,Type";"none:#62ff43,vertical,20x30,canvas";"";"";"";"";"";"";"0";"0";"0";"0";"5";"1";"";"0";"0";"";"0000-00-00";"";"";"2";""
"";"";"51";"";"";"color,radio,color,radio";"frame,Shape,size,Type";"frame,shape,size,Type";"natural-wood:#ffd083,vertical,20x30,canvas";"";"";"";"";"";"";"0";"0";"0";"0";"5";"1";"";"0";"0";"";"0000-00-00";"";"";"2";""
"";"";"51";"";"";"color,radio,color,radio";"frame,Shape,size,Type";"frame,shape,size,Type";"dark-wood:#ce6600,vertical,20x30,canvas";"";"";"";"";"";"";"0";"0";"0";"0";"5";"1";"";"0";"0";"";"0000-00-00";"";"";"2";""
"";"";"51";"";"";"color,radio,color,radio";"frame,Shape,size,Type";"frame,shape,size,Type";"charcol-black:#3b1200,vertical,20x30,canvas";"";"";"";"";"";"";"0";"0";"0";"0";"5";"1";"";"0";"0";"";"0000-00-00";"";"";"2";""
"";"";"51";"";"";"color,radio,color,radio";"frame,Shape,size,Type";"frame,shape,size,Type";"charcol-white:#e3fffe,vertical,20x30,canvas";"";"";"";"";"";"";"0";"0";"0";"0";"5";"1";"";"0";"0";"";"0000-00-00";"";"";"2";""
"";"";"51";"";"";"color,radio,color,radio";"frame,Shape,size,Type";"frame,shape,size,Type";"pine-wood:#a3afff,vertical,20x30,canvas";"";"";"";"";"";"";"0";"0";"0";"0";"5";"1";"";"0";"0";"";"0000-00-00";"";"";"2";""
"";"";"51";"";"";"color,radio,color,radio";"frame,Shape,size,Type";"frame,shape,size,Type";"none:#62ff43,vertical,24x36,canvas";"";"";"";"";"";"";"0";"0";"0";"0";"5";"1";"";"0";"0";"";"0000-00-00";"";"";"2";""
"";"";"51";"";"";"color,radio,color,radio";"frame,Shape,size,Type";"frame,shape,size,Type";"natural-wood:#ffd083,vertical,24x36,canvas";"";"";"";"";"";"";"0";"0";"0";"0";"5";"1";"";"0";"0";"";"0000-00-00";"";"";"2";""
"";"";"51";"";"";"color,radio,color,radio";"frame,Shape,size,Type";"frame,shape,size,Type";"dark-wood:#ce6600,vertical,24x36,canvas";"";"";"";"";"";"";"0";"0";"0";"0";"5";"1";"";"0";"0";"";"0000-00-00";"";"";"2";""
"";"";"51";"";"";"color,radio,color,radio";"frame,Shape,size,Type";"frame,shape,size,Type";"charcol-black:#3b1200,vertical,24x36,canvas";"";"";"";"";"";"";"0";"0";"0";"0";"5";"1";"";"0";"0";"";"0000-00-00";"";"";"2";""
"";"";"51";"";"";"color,radio,color,radio";"frame,Shape,size,Type";"frame,shape,size,Type";"charcol-white:#e3fffe,vertical,24x36,canvas";"";"";"";"";"";"";"0";"0";"0";"0";"5";"1";"";"0";"0";"";"0000-00-00";"";"";"2";""
"";"";"51";"";"";"color,radio,color,radio";"frame,Shape,size,Type";"frame,shape,size,Type";"pine-wood:#a3afff,vertical,24x36,canvas";"";"";"";"";"";"";"0";"0";"0";"0";"5";"1";"";"0";"0";"";"0000-00-00";"";"";"2";""
"";"";"51";"";"";"color,radio,color,radio";"frame,Shape,size,Type";"frame,shape,size,Type";"none:#62ff43,vertical,30x45,canvas";"";"";"";"";"";"";"0";"0";"0";"0";"5";"1";"";"0";"0";"";"0000-00-00";"";"";"2";""
"";"";"51";"";"";"color,radio,color,radio";"frame,Shape,size,Type";"frame,shape,size,Type";"natural-wood:#ffd083,vertical,30x45,canvas";"";"";"";"";"";"";"0";"0";"0";"0";"5";"1";"";"0";"0";"";"0000-00-00";"";"";"2";""
"";"";"51";"";"";"color,radio,color,radio";"frame,Shape,size,Type";"frame,shape,size,Type";"dark-wood:#ce6600,vertical,30x45,canvas";"";"";"";"";"";"";"0";"0";"0";"0";"5";"1";"";"0";"0";"";"0000-00-00";"";"";"2";""
"";"";"51";"";"";"color,radio,color,radio";"frame,Shape,size,Type";"frame,shape,size,Type";"charcol-black:#3b1200,vertical,30x45,canvas";"";"";"";"";"";"";"0";"0";"0";"0";"5";"1";"";"0";"0";"";"0000-00-00";"";"";"2";""
"";"";"51";"";"";"color,radio,color,radio";"frame,Shape,size,Type";"frame,shape,size,Type";"charcol-white:#e3fffe,vertical,30x45,canvas";"";"";"";"";"";"";"0";"0";"0";"0";"5";"1";"";"0";"0";"";"0000-00-00";"";"";"2";""
"";"";"51";"";"";"color,radio,color,radio";"frame,Shape,size,Type";"frame,shape,size,Type";"pine-wood:#a3afff,vertical,30x45,canvas";"";"";"";"";"";"";"0";"0";"0";"0";"5";"1";"";"0";"0";"";"0000-00-00";"";"";"2";""
"";"";"51";"";"";"color,radio,color,radio";"frame,Shape,size,Type";"frame,shape,size,Type";"none:#62ff43,vertical,10x15,fine-art-paper";"";"";"";"";"";"";"0";"0";"0";"0";"5";"1";"";"0";"0";"";"0000-00-00";"";"";"2";""
"";"";"51";"";"";"color,radio,color,radio";"frame,Shape,size,Type";"frame,shape,size,Type";"natural-wood:#ffd083,vertical,10x15,fine-art-paper";"";"";"";"";"";"";"0";"0";"0";"0";"5";"1";"";"0";"0";"";"0000-00-00";"";"";"2";""
"";"";"51";"";"";"color,radio,color,radio";"frame,Shape,size,Type";"frame,shape,size,Type";"dark-wood:#ce6600,vertical,10x15,fine-art-paper";"";"";"";"";"";"";"0";"0";"0";"0";"5";"1";"";"0";"0";"";"0000-00-00";"";"";"2";""
"";"";"51";"";"";"color,radio,color,radio";"frame,Shape,size,Type";"frame,shape,size,Type";"charcol-black:#3b1200,vertical,10x15,fine-art-paper";"";"";"";"";"";"";"0";"0";"0";"0";"5";"1";"";"0";"0";"";"0000-00-00";"";"";"2";""
"";"";"51";"";"";"color,radio,color,radio";"frame,Shape,size,Type";"frame,shape,size,Type";"charcol-white:#e3fffe,vertical,10x15,fine-art-paper";"";"";"";"";"";"";"0";"0";"0";"0";"5";"1";"";"0";"0";"";"0000-00-00";"";"";"2";""
"";"";"51";"";"";"color,radio,color,radio";"frame,Shape,size,Type";"frame,shape,size,Type";"pine-wood:#a3afff,vertical,10x15,fine-art-paper";"";"";"";"";"";"";"0";"0";"0";"0";"5";"1";"";"0";"0";"";"0000-00-00";"";"";"2";""
"";"";"51";"";"";"color,radio,color,radio";"frame,Shape,size,Type";"frame,shape,size,Type";"none:#62ff43,vertical,12x18,fine-art-paper";"";"";"";"";"";"";"0";"0";"0";"0";"5";"1";"";"0";"0";"";"0000-00-00";"";"";"2";""
"";"";"51";"";"";"color,radio,color,radio";"frame,Shape,size,Type";"frame,shape,size,Type";"natural-wood:#ffd083,vertical,12x18,fine-art-paper";"";"";"";"";"";"";"0";"0";"0";"0";"5";"1";"";"0";"0";"";"0000-00-00";"";"";"2";""
"";"";"51";"";"";"color,radio,color,radio";"frame,Shape,size,Type";"frame,shape,size,Type";"dark-wood:#ce6600,vertical,12x18,fine-art-paper";"";"";"";"";"";"";"0";"0";"0";"0";"5";"1";"";"0";"0";"";"0000-00-00";"";"";"2";""
"";"";"51";"";"";"color,radio,color,radio";"frame,Shape,size,Type";"frame,shape,size,Type";"charcol-black:#3b1200,vertical,12x18,fine-art-paper";"";"";"";"";"";"";"0";"0";"0";"0";"5";"1";"";"0";"0";"";"0000-00-00";"";"";"2";""
"";"";"51";"";"";"color,radio,color,radio";"frame,Shape,size,Type";"frame,shape,size,Type";"charcol-white:#e3fffe,vertical,12x18,fine-art-paper";"";"";"";"";"";"";"0";"0";"0";"0";"5";"1";"";"0";"0";"";"0000-00-00";"";"";"2";""
"";"";"51";"";"";"color,radio,color,radio";"frame,Shape,size,Type";"frame,shape,size,Type";"pine-wood:#a3afff,vertical,12x18,fine-art-paper";"";"";"";"";"";"";"0";"0";"0";"0";"5";"1";"";"0";"0";"";"0000-00-00";"";"";"2";""
"";"";"51";"";"";"color,radio,color,radio";"frame,Shape,size,Type";"frame,shape,size,Type";"none:#62ff43,vertical,16x24,fine-art-paper";"";"";"";"";"";"";"0";"0";"0";"0";"5";"1";"";"0";"0";"";"0000-00-00";"";"";"2";""
"";"";"51";"";"";"color,radio,color,radio";"frame,Shape,size,Type";"frame,shape,size,Type";"natural-wood:#ffd083,vertical,16x24,fine-art-paper";"";"";"";"";"";"";"0";"0";"0";"0";"5";"1";"";"0";"0";"";"0000-00-00";"";"";"2";""
"";"";"51";"";"";"color,radio,color,radio";"frame,Shape,size,Type";"frame,shape,size,Type";"dark-wood:#ce6600,vertical,16x24,fine-art-paper";"";"";"";"";"";"";"0";"0";"0";"0";"5";"1";"";"0";"0";"";"0000-00-00";"";"";"2";""
"";"";"51";"";"";"color,radio,color,radio";"frame,Shape,size,Type";"frame,shape,size,Type";"charcol-black:#3b1200,vertical,16x24,fine-art-paper";"";"";"";"";"";"";"0";"0";"0";"0";"5";"1";"";"0";"0";"";"0000-00-00";"";"";"2";""
"";"";"51";"";"";"color,radio,color,radio";"frame,Shape,size,Type";"frame,shape,size,Type";"charcol-white:#e3fffe,vertical,16x24,fine-art-paper";"";"";"";"";"";"";"0";"0";"0";"0";"5";"1";"";"0";"0";"";"0000-00-00";"";"";"2";""
"";"";"51";"";"";"color,radio,color,radio";"frame,Shape,size,Type";"frame,shape,size,Type";"pine-wood:#a3afff,vertical,16x24,fine-art-paper";"";"";"";"";"";"";"0";"0";"0";"0";"5";"1";"";"0";"0";"";"0000-00-00";"";"";"2";""
"";"";"51";"";"";"color,radio,color,radio";"frame,Shape,size,Type";"frame,shape,size,Type";"none:#62ff43,vertical,20x30,fine-art-paper";"";"";"";"";"";"";"0";"0";"0";"0";"5";"1";"";"0";"0";"";"0000-00-00";"";"";"2";""
"";"";"51";"";"";"color,radio,color,radio";"frame,Shape,size,Type";"frame,shape,size,Type";"natural-wood:#ffd083,vertical,20x30,fine-art-paper";"";"";"";"";"";"";"0";"0";"0";"0";"5";"1";"";"0";"0";"";"0000-00-00";"";"";"2";""
"";"";"51";"";"";"color,radio,color,radio";"frame,Shape,size,Type";"frame,shape,size,Type";"dark-wood:#ce6600,vertical,20x30,fine-art-paper";"";"";"";"";"";"";"0";"0";"0";"0";"5";"1";"";"0";"0";"";"0000-00-00";"";"";"2";""
"";"";"51";"";"";"color,radio,color,radio";"frame,Shape,size,Type";"frame,shape,size,Type";"charcol-black:#3b1200,vertical,20x30,fine-art-paper";"";"";"";"";"";"";"0";"0";"0";"0";"5";"1";"";"0";"0";"";"0000-00-00";"";"";"2";""
"";"";"51";"";"";"color,radio,color,radio";"frame,Shape,size,Type";"frame,shape,size,Type";"charcol-white:#e3fffe,vertical,20x30,fine-art-paper";"";"";"";"";"";"";"0";"0";"0";"0";"5";"1";"";"0";"0";"";"0000-00-00";"";"";"2";""
"";"";"51";"";"";"color,radio,color,radio";"frame,Shape,size,Type";"frame,shape,size,Type";"pine-wood:#a3afff,vertical,20x30,fine-art-paper";"";"";"";"";"";"";"0";"0";"0";"0";"5";"1";"";"0";"0";"";"0000-00-00";"";"";"2";""
"";"";"51";"";"";"color,radio,color,radio";"frame,Shape,size,Type";"frame,shape,size,Type";"none:#62ff43,vertical,24x36,fine-art-paper";"";"";"";"";"";"";"0";"0";"0";"0";"5";"1";"";"0";"0";"";"0000-00-00";"";"";"2";""
"";"";"51";"";"";"color,radio,color,radio";"frame,Shape,size,Type";"frame,shape,size,Type";"natural-wood:#ffd083,vertical,24x36,fine-art-paper";"";"";"";"";"";"";"0";"0";"0";"0";"5";"1";"";"0";"0";"";"0000-00-00";"";"";"2";""
"";"";"51";"";"";"color,radio,color,radio";"frame,Shape,size,Type";"frame,shape,size,Type";"dark-wood:#ce6600,vertical,24x36,fine-art-paper";"";"";"";"";"";"";"0";"0";"0";"0";"5";"1";"";"0";"0";"";"0000-00-00";"";"";"2";""
"";"";"51";"";"";"color,radio,color,radio";"frame,Shape,size,Type";"frame,shape,size,Type";"charcol-black:#3b1200,vertical,24x36,fine-art-paper";"";"";"";"";"";"";"0";"0";"0";"0";"5";"1";"";"0";"0";"";"0000-00-00";"";"";"2";""
"";"";"51";"";"";"color,radio,color,radio";"frame,Shape,size,Type";"frame,shape,size,Type";"charcol-white:#e3fffe,vertical,24x36,fine-art-paper";"";"";"";"";"";"";"0";"0";"0";"0";"5";"1";"";"0";"0";"";"0000-00-00";"";"";"2";""
"";"";"51";"";"";"color,radio,color,radio";"frame,Shape,size,Type";"frame,shape,size,Type";"pine-wood:#a3afff,vertical,24x36,fine-art-paper";"";"";"";"";"";"";"0";"0";"0";"0";"5";"1";"";"0";"0";"";"0000-00-00";"";"";"2";""
"";"";"51";"";"";"color,radio,color,radio";"frame,Shape,size,Type";"frame,shape,size,Type";"none:#62ff43,vertical,30x45,fine-art-paper";"";"";"";"";"";"";"0";"0";"0";"0";"5";"1";"";"0";"0";"";"0000-00-00";"";"";"2";""
"";"";"51";"";"";"color,radio,color,radio";"frame,Shape,size,Type";"frame,shape,size,Type";"natural-wood:#ffd083,vertical,30x45,fine-art-paper";"";"";"";"";"";"";"0";"0";"0";"0";"5";"1";"";"0";"0";"";"0000-00-00";"";"";"2";""
"";"";"51";"";"";"color,radio,color,radio";"frame,Shape,size,Type";"frame,shape,size,Type";"dark-wood:#ce6600,vertical,30x45,fine-art-paper";"";"";"";"";"";"";"0";"0";"0";"0";"5";"1";"";"0";"0";"";"0000-00-00";"";"";"2";""
"";"";"51";"";"";"color,radio,color,radio";"frame,Shape,size,Type";"frame,shape,size,Type";"charcol-black:#3b1200,vertical,30x45,fine-art-paper";"";"";"";"";"";"";"0";"0";"0";"0";"5";"1";"";"0";"0";"";"0000-00-00";"";"";"2";""
"";"";"51";"";"";"color,radio,color,radio";"frame,Shape,size,Type";"frame,shape,size,Type";"charcol-white:#e3fffe,vertical,30x45,fine-art-paper";"";"";"";"";"";"";"0";"0";"0";"0";"5";"1";"";"0";"0";"";"0000-00-00";"";"";"2";""
"";"";"51";"";"";"color,radio,color,radio";"frame,Shape,size,Type";"frame,shape,size,Type";"pine-wood:#a3afff,vertical,30x45,fine-art-paper";"";"";"";"";"";"";"0";"0";"0";"0";"5";"1";"";"0";"0";"";"0000-00-00";"";"";"2";""
"";"";"54";"";"";"color,radio,color,radio";"frame,Shape,size,Type";"frame,shape,size,Type";"none:#62ff43,vertical,10x15,canvas";"";"";"";"";"";"";"0";"0";"0";"0";"5";"1";"";"0";"0";"1";"0000-00-00";"";"";"2";""
"";"";"54";"";"";"color,radio,color,radio";"frame,Shape,size,Type";"frame,shape,size,Type";"natural-wood:#ffd083,vertical,10x15,canvas";"";"";"";"";"";"";"0";"0";"0";"0";"5";"1";"";"0";"0";"";"0000-00-00";"";"";"2";""
"";"";"54";"";"";"color,radio,color,radio";"frame,Shape,size,Type";"frame,shape,size,Type";"dark-wood:#ce6600,vertical,10x15,canvas";"";"";"";"";"";"";"0";"0";"0";"0";"5";"1";"";"0";"0";"";"0000-00-00";"";"";"2";""
"";"";"54";"";"";"color,radio,color,radio";"frame,Shape,size,Type";"frame,shape,size,Type";"charcol-black:#3b1200,vertical,10x15,canvas";"";"";"";"";"";"";"0";"0";"0";"0";"5";"1";"";"0";"0";"";"0000-00-00";"";"";"2";""
"";"";"54";"";"";"color,radio,color,radio";"frame,Shape,size,Type";"frame,shape,size,Type";"charcol-white:#e3fffe,vertical,10x15,canvas";"";"";"";"";"";"";"0";"0";"0";"0";"5";"1";"";"0";"0";"";"0000-00-00";"";"";"2";""
"";"";"54";"";"";"color,radio,color,radio";"frame,Shape,size,Type";"frame,shape,size,Type";"pine-wood:#a3afff,vertical,10x15,canvas";"";"";"";"";"";"";"0";"0";"0";"0";"5";"1";"";"0";"0";"";"0000-00-00";"";"";"2";""
"";"";"54";"";"";"color,radio,color,radio";"frame,Shape,size,Type";"frame,shape,size,Type";"none:#62ff43,vertical,12x18,canvas";"";"";"";"";"";"";"0";"0";"0";"0";"5";"1";"";"0";"0";"";"0000-00-00";"";"";"2";""
"";"";"54";"";"";"color,radio,color,radio";"frame,Shape,size,Type";"frame,shape,size,Type";"natural-wood:#ffd083,vertical,12x18,canvas";"";"";"";"";"";"";"0";"0";"0";"0";"5";"1";"";"0";"0";"";"0000-00-00";"";"";"2";""
"";"";"54";"";"";"color,radio,color,radio";"frame,Shape,size,Type";"frame,shape,size,Type";"dark-wood:#ce6600,vertical,12x18,canvas";"";"";"";"";"";"";"0";"0";"0";"0";"5";"1";"";"0";"0";"";"0000-00-00";"";"";"2";""
"";"";"54";"";"";"color,radio,color,radio";"frame,Shape,size,Type";"frame,shape,size,Type";"charcol-black:#3b1200,vertical,12x18,canvas";"";"";"";"";"";"";"0";"0";"0";"0";"5";"1";"";"0";"0";"";"0000-00-00";"";"";"2";""
"";"";"54";"";"";"color,radio,color,radio";"frame,Shape,size,Type";"frame,shape,size,Type";"charcol-white:#e3fffe,vertical,12x18,canvas";"";"";"";"";"";"";"0";"0";"0";"0";"5";"1";"";"0";"0";"";"0000-00-00";"";"";"2";""
"";"";"54";"";"";"color,radio,color,radio";"frame,Shape,size,Type";"frame,shape,size,Type";"pine-wood:#a3afff,vertical,12x18,canvas";"";"";"";"";"";"";"0";"0";"0";"0";"5";"1";"";"0";"0";"";"0000-00-00";"";"";"2";""
"";"";"54";"";"";"color,radio,color,radio";"frame,Shape,size,Type";"frame,shape,size,Type";"none:#62ff43,vertical,16x24,canvas";"";"";"";"";"";"";"0";"0";"0";"0";"5";"1";"";"0";"0";"";"0000-00-00";"";"";"2";""
"";"";"54";"";"";"color,radio,color,radio";"frame,Shape,size,Type";"frame,shape,size,Type";"natural-wood:#ffd083,vertical,16x24,canvas";"";"";"";"";"";"";"0";"0";"0";"0";"5";"1";"";"0";"0";"";"0000-00-00";"";"";"2";""
"";"";"54";"";"";"color,radio,color,radio";"frame,Shape,size,Type";"frame,shape,size,Type";"dark-wood:#ce6600,vertical,16x24,canvas";"";"";"";"";"";"";"0";"0";"0";"0";"5";"1";"";"0";"0";"";"0000-00-00";"";"";"2";""
"";"";"54";"";"";"color,radio,color,radio";"frame,Shape,size,Type";"frame,shape,size,Type";"charcol-black:#3b1200,vertical,16x24,canvas";"";"";"";"";"";"";"0";"0";"0";"0";"5";"1";"";"0";"0";"";"0000-00-00";"";"";"2";""
"";"";"54";"";"";"color,radio,color,radio";"frame,Shape,size,Type";"frame,shape,size,Type";"charcol-white:#e3fffe,vertical,16x24,canvas";"";"";"";"";"";"";"0";"0";"0";"0";"5";"1";"";"0";"0";"";"0000-00-00";"";"";"2";""
"";"";"54";"";"";"color,radio,color,radio";"frame,Shape,size,Type";"frame,shape,size,Type";"pine-wood:#a3afff,vertical,16x24,canvas";"";"";"";"";"";"";"0";"0";"0";"0";"5";"1";"";"0";"0";"";"0000-00-00";"";"";"2";""
"";"";"54";"";"";"color,radio,color,radio";"frame,Shape,size,Type";"frame,shape,size,Type";"none:#62ff43,vertical,20x30,canvas";"";"";"";"";"";"";"0";"0";"0";"0";"5";"1";"";"0";"0";"";"0000-00-00";"";"";"2";""
"";"";"54";"";"";"color,radio,color,radio";"frame,Shape,size,Type";"frame,shape,size,Type";"natural-wood:#ffd083,vertical,20x30,canvas";"";"";"";"";"";"";"0";"0";"0";"0";"5";"1";"";"0";"0";"";"0000-00-00";"";"";"2";""
"";"";"54";"";"";"color,radio,color,radio";"frame,Shape,size,Type";"frame,shape,size,Type";"dark-wood:#ce6600,vertical,20x30,canvas";"";"";"";"";"";"";"0";"0";"0";"0";"5";"1";"";"0";"0";"";"0000-00-00";"";"";"2";""
"";"";"54";"";"";"color,radio,color,radio";"frame,Shape,size,Type";"frame,shape,size,Type";"charcol-black:#3b1200,vertical,20x30,canvas";"";"";"";"";"";"";"0";"0";"0";"0";"5";"1";"";"0";"0";"";"0000-00-00";"";"";"2";""
"";"";"54";"";"";"color,radio,color,radio";"frame,Shape,size,Type";"frame,shape,size,Type";"charcol-white:#e3fffe,vertical,20x30,canvas";"";"";"";"";"";"";"0";"0";"0";"0";"5";"1";"";"0";"0";"";"0000-00-00";"";"";"2";""
"";"";"54";"";"";"color,radio,color,radio";"frame,Shape,size,Type";"frame,shape,size,Type";"pine-wood:#a3afff,vertical,20x30,canvas";"";"";"";"";"";"";"0";"0";"0";"0";"5";"1";"";"0";"0";"";"0000-00-00";"";"";"2";""
"";"";"54";"";"";"color,radio,color,radio";"frame,Shape,size,Type";"frame,shape,size,Type";"none:#62ff43,vertical,24x36,canvas";"";"";"";"";"";"";"0";"0";"0";"0";"5";"1";"";"0";"0";"";"0000-00-00";"";"";"2";""
"";"";"54";"";"";"color,radio,color,radio";"frame,Shape,size,Type";"frame,shape,size,Type";"natural-wood:#ffd083,vertical,24x36,canvas";"";"";"";"";"";"";"0";"0";"0";"0";"5";"1";"";"0";"0";"";"0000-00-00";"";"";"2";""
"";"";"54";"";"";"color,radio,color,radio";"frame,Shape,size,Type";"frame,shape,size,Type";"dark-wood:#ce6600,vertical,24x36,canvas";"";"";"";"";"";"";"0";"0";"0";"0";"5";"1";"";"0";"0";"";"0000-00-00";"";"";"2";""
"";"";"54";"";"";"color,radio,color,radio";"frame,Shape,size,Type";"frame,shape,size,Type";"charcol-black:#3b1200,vertical,24x36,canvas";"";"";"";"";"";"";"0";"0";"0";"0";"5";"1";"";"0";"0";"";"0000-00-00";"";"";"2";""
"";"";"54";"";"";"color,radio,color,radio";"frame,Shape,size,Type";"frame,shape,size,Type";"charcol-white:#e3fffe,vertical,24x36,canvas";"";"";"";"";"";"";"0";"0";"0";"0";"5";"1";"";"0";"0";"";"0000-00-00";"";"";"2";""
"";"";"54";"";"";"color,radio,color,radio";"frame,Shape,size,Type";"frame,shape,size,Type";"pine-wood:#a3afff,vertical,24x36,canvas";"";"";"";"";"";"";"0";"0";"0";"0";"5";"1";"";"0";"0";"";"0000-00-00";"";"";"2";""
"";"";"54";"";"";"color,radio,color,radio";"frame,Shape,size,Type";"frame,shape,size,Type";"none:#62ff43,vertical,30x45,canvas";"";"";"";"";"";"";"0";"0";"0";"0";"5";"1";"";"0";"0";"";"0000-00-00";"";"";"2";""
"";"";"54";"";"";"color,radio,color,radio";"frame,Shape,size,Type";"frame,shape,size,Type";"natural-wood:#ffd083,vertical,30x45,canvas";"";"";"";"";"";"";"0";"0";"0";"0";"5";"1";"";"0";"0";"";"0000-00-00";"";"";"2";""
"";"";"54";"";"";"color,radio,color,radio";"frame,Shape,size,Type";"frame,shape,size,Type";"dark-wood:#ce6600,vertical,30x45,canvas";"";"";"";"";"";"";"0";"0";"0";"0";"5";"1";"";"0";"0";"";"0000-00-00";"";"";"2";""
"";"";"54";"";"";"color,radio,color,radio";"frame,Shape,size,Type";"frame,shape,size,Type";"charcol-black:#3b1200,vertical,30x45,canvas";"";"";"";"";"";"";"0";"0";"0";"0";"5";"1";"";"0";"0";"";"0000-00-00";"";"";"2";""
"";"";"54";"";"";"color,radio,color,radio";"frame,Shape,size,Type";"frame,shape,size,Type";"charcol-white:#e3fffe,vertical,30x45,canvas";"";"";"";"";"";"";"0";"0";"0";"0";"5";"1";"";"0";"0";"";"0000-00-00";"";"";"2";""
"";"";"54";"";"";"color,radio,color,radio";"frame,Shape,size,Type";"frame,shape,size,Type";"pine-wood:#a3afff,vertical,30x45,canvas";"";"";"";"";"";"";"0";"0";"0";"0";"5";"1";"";"0";"0";"";"0000-00-00";"";"";"2";""
"";"";"54";"";"";"color,radio,color,radio";"frame,Shape,size,Type";"frame,shape,size,Type";"none:#62ff43,vertical,10x15,fine-art-paper";"";"";"";"";"";"";"0";"0";"0";"0";"5";"1";"";"0";"0";"";"0000-00-00";"";"";"2";""
"";"";"54";"";"";"color,radio,color,radio";"frame,Shape,size,Type";"frame,shape,size,Type";"natural-wood:#ffd083,vertical,10x15,fine-art-paper";"";"";"";"";"";"";"0";"0";"0";"0";"5";"1";"";"0";"0";"";"0000-00-00";"";"";"2";""
"";"";"54";"";"";"color,radio,color,radio";"frame,Shape,size,Type";"frame,shape,size,Type";"dark-wood:#ce6600,vertical,10x15,fine-art-paper";"";"";"";"";"";"";"0";"0";"0";"0";"5";"1";"";"0";"0";"";"0000-00-00";"";"";"2";""
"";"";"54";"";"";"color,radio,color,radio";"frame,Shape,size,Type";"frame,shape,size,Type";"charcol-black:#3b1200,vertical,10x15,fine-art-paper";"";"";"";"";"";"";"0";"0";"0";"0";"5";"1";"";"0";"0";"";"0000-00-00";"";"";"2";""
"";"";"54";"";"";"color,radio,color,radio";"frame,Shape,size,Type";"frame,shape,size,Type";"charcol-white:#e3fffe,vertical,10x15,fine-art-paper";"";"";"";"";"";"";"0";"0";"0";"0";"5";"1";"";"0";"0";"";"0000-00-00";"";"";"2";""
"";"";"54";"";"";"color,radio,color,radio";"frame,Shape,size,Type";"frame,shape,size,Type";"pine-wood:#a3afff,vertical,10x15,fine-art-paper";"";"";"";"";"";"";"0";"0";"0";"0";"5";"1";"";"0";"0";"";"0000-00-00";"";"";"2";""
"";"";"54";"";"";"color,radio,color,radio";"frame,Shape,size,Type";"frame,shape,size,Type";"none:#62ff43,vertical,12x18,fine-art-paper";"";"";"";"";"";"";"0";"0";"0";"0";"5";"1";"";"0";"0";"";"0000-00-00";"";"";"2";""
"";"";"54";"";"";"color,radio,color,radio";"frame,Shape,size,Type";"frame,shape,size,Type";"natural-wood:#ffd083,vertical,12x18,fine-art-paper";"";"";"";"";"";"";"0";"0";"0";"0";"5";"1";"";"0";"0";"";"0000-00-00";"";"";"2";""
"";"";"54";"";"";"color,radio,color,radio";"frame,Shape,size,Type";"frame,shape,size,Type";"dark-wood:#ce6600,vertical,12x18,fine-art-paper";"";"";"";"";"";"";"0";"0";"0";"0";"5";"1";"";"0";"0";"";"0000-00-00";"";"";"2";""
"";"";"54";"";"";"color,radio,color,radio";"frame,Shape,size,Type";"frame,shape,size,Type";"charcol-black:#3b1200,vertical,12x18,fine-art-paper";"";"";"";"";"";"";"0";"0";"0";"0";"5";"1";"";"0";"0";"";"0000-00-00";"";"";"2";""
"";"";"54";"";"";"color,radio,color,radio";"frame,Shape,size,Type";"frame,shape,size,Type";"charcol-white:#e3fffe,vertical,12x18,fine-art-paper";"";"";"";"";"";"";"0";"0";"0";"0";"5";"1";"";"0";"0";"";"0000-00-00";"";"";"2";""
"";"";"54";"";"";"color,radio,color,radio";"frame,Shape,size,Type";"frame,shape,size,Type";"pine-wood:#a3afff,vertical,12x18,fine-art-paper";"";"";"";"";"";"";"0";"0";"0";"0";"5";"1";"";"0";"0";"";"0000-00-00";"";"";"2";""
"";"";"54";"";"";"color,radio,color,radio";"frame,Shape,size,Type";"frame,shape,size,Type";"none:#62ff43,vertical,16x24,fine-art-paper";"";"";"";"";"";"";"0";"0";"0";"0";"5";"1";"";"0";"0";"";"0000-00-00";"";"";"2";""
"";"";"54";"";"";"color,radio,color,radio";"frame,Shape,size,Type";"frame,shape,size,Type";"natural-wood:#ffd083,vertical,16x24,fine-art-paper";"";"";"";"";"";"";"0";"0";"0";"0";"5";"1";"";"0";"0";"";"0000-00-00";"";"";"2";""
"";"";"54";"";"";"color,radio,color,radio";"frame,Shape,size,Type";"frame,shape,size,Type";"dark-wood:#ce6600,vertical,16x24,fine-art-paper";"";"";"";"";"";"";"0";"0";"0";"0";"5";"1";"";"0";"0";"";"0000-00-00";"";"";"2";""
"";"";"54";"";"";"color,radio,color,radio";"frame,Shape,size,Type";"frame,shape,size,Type";"charcol-black:#3b1200,vertical,16x24,fine-art-paper";"";"";"";"";"";"";"0";"0";"0";"0";"5";"1";"";"0";"0";"";"0000-00-00";"";"";"2";""
"";"";"54";"";"";"color,radio,color,radio";"frame,Shape,size,Type";"frame,shape,size,Type";"charcol-white:#e3fffe,vertical,16x24,fine-art-paper";"";"";"";"";"";"";"0";"0";"0";"0";"5";"1";"";"0";"0";"";"0000-00-00";"";"";"2";""
"";"";"54";"";"";"color,radio,color,radio";"frame,Shape,size,Type";"frame,shape,size,Type";"pine-wood:#a3afff,vertical,16x24,fine-art-paper";"";"";"";"";"";"";"0";"0";"0";"0";"5";"1";"";"0";"0";"";"0000-00-00";"";"";"2";""
"";"";"54";"";"";"color,radio,color,radio";"frame,Shape,size,Type";"frame,shape,size,Type";"none:#62ff43,vertical,20x30,fine-art-paper";"";"";"";"";"";"";"0";"0";"0";"0";"5";"1";"";"0";"0";"";"0000-00-00";"";"";"2";""
"";"";"54";"";"";"color,radio,color,radio";"frame,Shape,size,Type";"frame,shape,size,Type";"natural-wood:#ffd083,vertical,20x30,fine-art-paper";"";"";"";"";"";"";"0";"0";"0";"0";"5";"1";"";"0";"0";"";"0000-00-00";"";"";"2";""
"";"";"54";"";"";"color,radio,color,radio";"frame,Shape,size,Type";"frame,shape,size,Type";"dark-wood:#ce6600,vertical,20x30,fine-art-paper";"";"";"";"";"";"";"0";"0";"0";"0";"5";"1";"";"0";"0";"";"0000-00-00";"";"";"2";""
"";"";"54";"";"";"color,radio,color,radio";"frame,Shape,size,Type";"frame,shape,size,Type";"charcol-black:#3b1200,vertical,20x30,fine-art-paper";"";"";"";"";"";"";"0";"0";"0";"0";"5";"1";"";"0";"0";"";"0000-00-00";"";"";"2";""
"";"";"54";"";"";"color,radio,color,radio";"frame,Shape,size,Type";"frame,shape,size,Type";"charcol-white:#e3fffe,vertical,20x30,fine-art-paper";"";"";"";"";"";"";"0";"0";"0";"0";"5";"1";"";"0";"0";"";"0000-00-00";"";"";"2";""
"";"";"54";"";"";"color,radio,color,radio";"frame,Shape,size,Type";"frame,shape,size,Type";"pine-wood:#a3afff,vertical,20x30,fine-art-paper";"";"";"";"";"";"";"0";"0";"0";"0";"5";"1";"";"0";"0";"";"0000-00-00";"";"";"2";""
"";"";"54";"";"";"color,radio,color,radio";"frame,Shape,size,Type";"frame,shape,size,Type";"none:#62ff43,vertical,24x36,fine-art-paper";"";"";"";"";"";"";"0";"0";"0";"0";"5";"1";"";"0";"0";"";"0000-00-00";"";"";"2";""
"";"";"54";"";"";"color,radio,color,radio";"frame,Shape,size,Type";"frame,shape,size,Type";"natural-wood:#ffd083,vertical,24x36,fine-art-paper";"";"";"";"";"";"";"0";"0";"0";"0";"5";"1";"";"0";"0";"";"0000-00-00";"";"";"2";""
"";"";"54";"";"";"color,radio,color,radio";"frame,Shape,size,Type";"frame,shape,size,Type";"dark-wood:#ce6600,vertical,24x36,fine-art-paper";"";"";"";"";"";"";"0";"0";"0";"0";"5";"1";"";"0";"0";"";"0000-00-00";"";"";"2";""
"";"";"54";"";"";"color,radio,color,radio";"frame,Shape,size,Type";"frame,shape,size,Type";"charcol-black:#3b1200,vertical,24x36,fine-art-paper";"";"";"";"";"";"";"0";"0";"0";"0";"5";"1";"";"0";"0";"";"0000-00-00";"";"";"2";""
"";"";"54";"";"";"color,radio,color,radio";"frame,Shape,size,Type";"frame,shape,size,Type";"charcol-white:#e3fffe,vertical,24x36,fine-art-paper";"";"";"";"";"";"";"0";"0";"0";"0";"5";"1";"";"0";"0";"";"0000-00-00";"";"";"2";""
"";"";"54";"";"";"color,radio,color,radio";"frame,Shape,size,Type";"frame,shape,size,Type";"pine-wood:#a3afff,vertical,24x36,fine-art-paper";"";"";"";"";"";"";"0";"0";"0";"0";"5";"1";"";"0";"0";"";"0000-00-00";"";"";"2";""
"";"";"54";"";"";"color,radio,color,radio";"frame,Shape,size,Type";"frame,shape,size,Type";"none:#62ff43,vertical,30x45,fine-art-paper";"";"";"";"";"";"";"0";"0";"0";"0";"5";"1";"";"0";"0";"";"0000-00-00";"";"";"2";""
"";"";"54";"";"";"color,radio,color,radio";"frame,Shape,size,Type";"frame,shape,size,Type";"natural-wood:#ffd083,vertical,30x45,fine-art-paper";"";"";"";"";"";"";"0";"0";"0";"0";"5";"1";"";"0";"0";"";"0000-00-00";"";"";"2";""
"";"";"54";"";"";"color,radio,color,radio";"frame,Shape,size,Type";"frame,shape,size,Type";"dark-wood:#ce6600,vertical,30x45,fine-art-paper";"";"";"";"";"";"";"0";"0";"0";"0";"5";"1";"";"0";"0";"";"0000-00-00";"";"";"2";""
"";"";"54";"";"";"color,radio,color,radio";"frame,Shape,size,Type";"frame,shape,size,Type";"charcol-black:#3b1200,vertical,30x45,fine-art-paper";"";"";"";"";"";"";"0";"0";"0";"0";"5";"1";"";"0";"0";"";"0000-00-00";"";"";"2";""
"";"";"54";"";"";"color,radio,color,radio";"frame,Shape,size,Type";"frame,shape,size,Type";"charcol-white:#e3fffe,vertical,30x45,fine-art-paper";"";"";"";"";"";"";"0";"0";"0";"0";"5";"1";"";"0";"0";"";"0000-00-00";"";"";"2";""
"";"";"54";"";"";"color,radio,color,radio";"frame,Shape,size,Type";"frame,shape,size,Type";"pine-wood:#a3afff,vertical,30x45,fine-art-paper";"";"";"";"";"";"";"0";"0";"0";"0";"5";"1";"";"0";"0";"";"0000-00-00";"";"";"2";""
"";"";"57";"";"";"color,radio,color,radio";"frame,Shape,size,Type";"frame,shape,size,Type";"none:#62ff43,vertical,10x15,canvas";"";"";"";"";"";"";"0";"0";"0";"0";"5";"1";"";"0";"0";"1";"0000-00-00";"";"";"2";""
"";"";"57";"";"";"color,radio,color,radio";"frame,Shape,size,Type";"frame,shape,size,Type";"natural-wood:#ffd083,vertical,10x15,canvas";"";"";"";"";"";"";"0";"0";"0";"0";"5";"1";"";"0";"0";"";"0000-00-00";"";"";"2";""
"";"";"57";"";"";"color,radio,color,radio";"frame,Shape,size,Type";"frame,shape,size,Type";"dark-wood:#ce6600,vertical,10x15,canvas";"";"";"";"";"";"";"0";"0";"0";"0";"5";"1";"";"0";"0";"";"0000-00-00";"";"";"2";""
"";"";"57";"";"";"color,radio,color,radio";"frame,Shape,size,Type";"frame,shape,size,Type";"charcol-black:#3b1200,vertical,10x15,canvas";"";"";"";"";"";"";"0";"0";"0";"0";"5";"1";"";"0";"0";"";"0000-00-00";"";"";"2";""
"";"";"57";"";"";"color,radio,color,radio";"frame,Shape,size,Type";"frame,shape,size,Type";"charcol-white:#e3fffe,vertical,10x15,canvas";"";"";"";"";"";"";"0";"0";"0";"0";"5";"1";"";"0";"0";"";"0000-00-00";"";"";"2";""
"";"";"57";"";"";"color,radio,color,radio";"frame,Shape,size,Type";"frame,shape,size,Type";"pine-wood:#a3afff,vertical,10x15,canvas";"";"";"";"";"";"";"0";"0";"0";"0";"5";"1";"";"0";"0";"";"0000-00-00";"";"";"2";""
"";"";"57";"";"";"color,radio,color,radio";"frame,Shape,size,Type";"frame,shape,size,Type";"none:#62ff43,vertical,12x18,canvas";"";"";"";"";"";"";"0";"0";"0";"0";"5";"1";"";"0";"0";"";"0000-00-00";"";"";"2";""
"";"";"57";"";"";"color,radio,color,radio";"frame,Shape,size,Type";"frame,shape,size,Type";"natural-wood:#ffd083,vertical,12x18,canvas";"";"";"";"";"";"";"0";"0";"0";"0";"5";"1";"";"0";"0";"";"0000-00-00";"";"";"2";""
"";"";"57";"";"";"color,radio,color,radio";"frame,Shape,size,Type";"frame,shape,size,Type";"dark-wood:#ce6600,vertical,12x18,canvas";"";"";"";"";"";"";"0";"0";"0";"0";"5";"1";"";"0";"0";"";"0000-00-00";"";"";"2";""
"";"";"57";"";"";"color,radio,color,radio";"frame,Shape,size,Type";"frame,shape,size,Type";"charcol-black:#3b1200,vertical,12x18,canvas";"";"";"";"";"";"";"0";"0";"0";"0";"5";"1";"";"0";"0";"";"0000-00-00";"";"";"2";""
"";"";"57";"";"";"color,radio,color,radio";"frame,Shape,size,Type";"frame,shape,size,Type";"charcol-white:#e3fffe,vertical,12x18,canvas";"";"";"";"";"";"";"0";"0";"0";"0";"5";"1";"";"0";"0";"";"0000-00-00";"";"";"2";""
"";"";"57";"";"";"color,radio,color,radio";"frame,Shape,size,Type";"frame,shape,size,Type";"pine-wood:#a3afff,vertical,12x18,canvas";"";"";"";"";"";"";"0";"0";"0";"0";"5";"1";"";"0";"0";"";"0000-00-00";"";"";"2";""
"";"";"57";"";"";"color,radio,color,radio";"frame,Shape,size,Type";"frame,shape,size,Type";"none:#62ff43,vertical,16x24,canvas";"";"";"";"";"";"";"0";"0";"0";"0";"5";"1";"";"0";"0";"";"0000-00-00";"";"";"2";""
"";"";"57";"";"";"color,radio,color,radio";"frame,Shape,size,Type";"frame,shape,size,Type";"natural-wood:#ffd083,vertical,16x24,canvas";"";"";"";"";"";"";"0";"0";"0";"0";"5";"1";"";"0";"0";"";"0000-00-00";"";"";"2";""
"";"";"57";"";"";"color,radio,color,radio";"frame,Shape,size,Type";"frame,shape,size,Type";"dark-wood:#ce6600,vertical,16x24,canvas";"";"";"";"";"";"";"0";"0";"0";"0";"5";"1";"";"0";"0";"";"0000-00-00";"";"";"2";""
"";"";"57";"";"";"color,radio,color,radio";"frame,Shape,size,Type";"frame,shape,size,Type";"charcol-black:#3b1200,vertical,16x24,canvas";"";"";"";"";"";"";"0";"0";"0";"0";"5";"1";"";"0";"0";"";"0000-00-00";"";"";"2";""
"";"";"57";"";"";"color,radio,color,radio";"frame,Shape,size,Type";"frame,shape,size,Type";"charcol-white:#e3fffe,vertical,16x24,canvas";"";"";"";"";"";"";"0";"0";"0";"0";"5";"1";"";"0";"0";"";"0000-00-00";"";"";"2";""
"";"";"57";"";"";"color,radio,color,radio";"frame,Shape,size,Type";"frame,shape,size,Type";"pine-wood:#a3afff,vertical,16x24,canvas";"";"";"";"";"";"";"0";"0";"0";"0";"5";"1";"";"0";"0";"";"0000-00-00";"";"";"2";""
"";"";"57";"";"";"color,radio,color,radio";"frame,Shape,size,Type";"frame,shape,size,Type";"none:#62ff43,vertical,20x30,canvas";"";"";"";"";"";"";"0";"0";"0";"0";"5";"1";"";"0";"0";"";"0000-00-00";"";"";"2";""
"";"";"57";"";"";"color,radio,color,radio";"frame,Shape,size,Type";"frame,shape,size,Type";"natural-wood:#ffd083,vertical,20x30,canvas";"";"";"";"";"";"";"0";"0";"0";"0";"5";"1";"";"0";"0";"";"0000-00-00";"";"";"2";""
"";"";"57";"";"";"color,radio,color,radio";"frame,Shape,size,Type";"frame,shape,size,Type";"dark-wood:#ce6600,vertical,20x30,canvas";"";"";"";"";"";"";"0";"0";"0";"0";"5";"1";"";"0";"0";"";"0000-00-00";"";"";"2";""
"";"";"57";"";"";"color,radio,color,radio";"frame,Shape,size,Type";"frame,shape,size,Type";"charcol-black:#3b1200,vertical,20x30,canvas";"";"";"";"";"";"";"0";"0";"0";"0";"5";"1";"";"0";"0";"";"0000-00-00";"";"";"2";""
"";"";"57";"";"";"color,radio,color,radio";"frame,Shape,size,Type";"frame,shape,size,Type";"charcol-white:#e3fffe,vertical,20x30,canvas";"";"";"";"";"";"";"0";"0";"0";"0";"5";"1";"";"0";"0";"";"0000-00-00";"";"";"2";""
"";"";"57";"";"";"color,radio,color,radio";"frame,Shape,size,Type";"frame,shape,size,Type";"pine-wood:#a3afff,vertical,20x30,canvas";"";"";"";"";"";"";"0";"0";"0";"0";"5";"1";"";"0";"0";"";"0000-00-00";"";"";"2";""
"";"";"57";"";"";"color,radio,color,radio";"frame,Shape,size,Type";"frame,shape,size,Type";"none:#62ff43,vertical,24x36,canvas";"";"";"";"";"";"";"0";"0";"0";"0";"5";"1";"";"0";"0";"";"0000-00-00";"";"";"2";""
"";"";"57";"";"";"color,radio,color,radio";"frame,Shape,size,Type";"frame,shape,size,Type";"natural-wood:#ffd083,vertical,24x36,canvas";"";"";"";"";"";"";"0";"0";"0";"0";"5";"1";"";"0";"0";"";"0000-00-00";"";"";"2";""
"";"";"57";"";"";"color,radio,color,radio";"frame,Shape,size,Type";"frame,shape,size,Type";"dark-wood:#ce6600,vertical,24x36,canvas";"";"";"";"";"";"";"0";"0";"0";"0";"5";"1";"";"0";"0";"";"0000-00-00";"";"";"2";""
"";"";"57";"";"";"color,radio,color,radio";"frame,Shape,size,Type";"frame,shape,size,Type";"charcol-black:#3b1200,vertical,24x36,canvas";"";"";"";"";"";"";"0";"0";"0";"0";"5";"1";"";"0";"0";"";"0000-00-00";"";"";"2";""
"";"";"57";"";"";"color,radio,color,radio";"frame,Shape,size,Type";"frame,shape,size,Type";"charcol-white:#e3fffe,vertical,24x36,canvas";"";"";"";"";"";"";"0";"0";"0";"0";"5";"1";"";"0";"0";"";"0000-00-00";"";"";"2";""
"";"";"57";"";"";"color,radio,color,radio";"frame,Shape,size,Type";"frame,shape,size,Type";"pine-wood:#a3afff,vertical,24x36,canvas";"";"";"";"";"";"";"0";"0";"0";"0";"5";"1";"";"0";"0";"";"0000-00-00";"";"";"2";""
"";"";"57";"";"";"color,radio,color,radio";"frame,Shape,size,Type";"frame,shape,size,Type";"none:#62ff43,vertical,30x45,canvas";"";"";"";"";"";"";"0";"0";"0";"0";"5";"1";"";"0";"0";"";"0000-00-00";"";"";"2";""
"";"";"57";"";"";"color,radio,color,radio";"frame,Shape,size,Type";"frame,shape,size,Type";"natural-wood:#ffd083,vertical,30x45,canvas";"";"";"";"";"";"";"0";"0";"0";"0";"5";"1";"";"0";"0";"";"0000-00-00";"";"";"2";""
"";"";"57";"";"";"color,radio,color,radio";"frame,Shape,size,Type";"frame,shape,size,Type";"dark-wood:#ce6600,vertical,30x45,canvas";"";"";"";"";"";"";"0";"0";"0";"0";"5";"1";"";"0";"0";"";"0000-00-00";"";"";"2";""
"";"";"57";"";"";"color,radio,color,radio";"frame,Shape,size,Type";"frame,shape,size,Type";"charcol-black:#3b1200,vertical,30x45,canvas";"";"";"";"";"";"";"0";"0";"0";"0";"5";"1";"";"0";"0";"";"0000-00-00";"";"";"2";""
"";"";"57";"";"";"color,radio,color,radio";"frame,Shape,size,Type";"frame,shape,size,Type";"charcol-white:#e3fffe,vertical,30x45,canvas";"";"";"";"";"";"";"0";"0";"0";"0";"5";"1";"";"0";"0";"";"0000-00-00";"";"";"2";""
"";"";"57";"";"";"color,radio,color,radio";"frame,Shape,size,Type";"frame,shape,size,Type";"pine-wood:#a3afff,vertical,30x45,canvas";"";"";"";"";"";"";"0";"0";"0";"0";"5";"1";"";"0";"0";"";"0000-00-00";"";"";"2";""
"";"";"57";"";"";"color,radio,color,radio";"frame,Shape,size,Type";"frame,shape,size,Type";"none:#62ff43,vertical,10x15,fine-art-paper";"";"";"";"";"";"";"0";"0";"0";"0";"5";"1";"";"0";"0";"";"0000-00-00";"";"";"2";""
"";"";"57";"";"";"color,radio,color,radio";"frame,Shape,size,Type";"frame,shape,size,Type";"natural-wood:#ffd083,vertical,10x15,fine-art-paper";"";"";"";"";"";"";"0";"0";"0";"0";"5";"1";"";"0";"0";"";"0000-00-00";"";"";"2";""
"";"";"57";"";"";"color,radio,color,radio";"frame,Shape,size,Type";"frame,shape,size,Type";"dark-wood:#ce6600,vertical,10x15,fine-art-paper";"";"";"";"";"";"";"0";"0";"0";"0";"5";"1";"";"0";"0";"";"0000-00-00";"";"";"2";""
"";"";"57";"";"";"color,radio,color,radio";"frame,Shape,size,Type";"frame,shape,size,Type";"charcol-black:#3b1200,vertical,10x15,fine-art-paper";"";"";"";"";"";"";"0";"0";"0";"0";"5";"1";"";"0";"0";"";"0000-00-00";"";"";"2";""
"";"";"57";"";"";"color,radio,color,radio";"frame,Shape,size,Type";"frame,shape,size,Type";"charcol-white:#e3fffe,vertical,10x15,fine-art-paper";"";"";"";"";"";"";"0";"0";"0";"0";"5";"1";"";"0";"0";"";"0000-00-00";"";"";"2";""
"";"";"57";"";"";"color,radio,color,radio";"frame,Shape,size,Type";"frame,shape,size,Type";"pine-wood:#a3afff,vertical,10x15,fine-art-paper";"";"";"";"";"";"";"0";"0";"0";"0";"5";"1";"";"0";"0";"";"0000-00-00";"";"";"2";""
"";"";"57";"";"";"color,radio,color,radio";"frame,Shape,size,Type";"frame,shape,size,Type";"none:#62ff43,vertical,12x18,fine-art-paper";"";"";"";"";"";"";"0";"0";"0";"0";"5";"1";"";"0";"0";"";"0000-00-00";"";"";"2";""
"";"";"57";"";"";"color,radio,color,radio";"frame,Shape,size,Type";"frame,shape,size,Type";"natural-wood:#ffd083,vertical,12x18,fine-art-paper";"";"";"";"";"";"";"0";"0";"0";"0";"5";"1";"";"0";"0";"";"0000-00-00";"";"";"2";""
"";"";"57";"";"";"color,radio,color,radio";"frame,Shape,size,Type";"frame,shape,size,Type";"dark-wood:#ce6600,vertical,12x18,fine-art-paper";"";"";"";"";"";"";"0";"0";"0";"0";"5";"1";"";"0";"0";"";"0000-00-00";"";"";"2";""
"";"";"57";"";"";"color,radio,color,radio";"frame,Shape,size,Type";"frame,shape,size,Type";"charcol-black:#3b1200,vertical,12x18,fine-art-paper";"";"";"";"";"";"";"0";"0";"0";"0";"5";"1";"";"0";"0";"";"0000-00-00";"";"";"2";""
"";"";"57";"";"";"color,radio,color,radio";"frame,Shape,size,Type";"frame,shape,size,Type";"charcol-white:#e3fffe,vertical,12x18,fine-art-paper";"";"";"";"";"";"";"0";"0";"0";"0";"5";"1";"";"0";"0";"";"0000-00-00";"";"";"2";""
"";"";"57";"";"";"color,radio,color,radio";"frame,Shape,size,Type";"frame,shape,size,Type";"pine-wood:#a3afff,vertical,12x18,fine-art-paper";"";"";"";"";"";"";"0";"0";"0";"0";"5";"1";"";"0";"0";"";"0000-00-00";"";"";"2";""
"";"";"57";"";"";"color,radio,color,radio";"frame,Shape,size,Type";"frame,shape,size,Type";"none:#62ff43,vertical,16x24,fine-art-paper";"";"";"";"";"";"";"0";"0";"0";"0";"5";"1";"";"0";"0";"";"0000-00-00";"";"";"2";""
"";"";"57";"";"";"color,radio,color,radio";"frame,Shape,size,Type";"frame,shape,size,Type";"natural-wood:#ffd083,vertical,16x24,fine-art-paper";"";"";"";"";"";"";"0";"0";"0";"0";"5";"1";"";"0";"0";"";"0000-00-00";"";"";"2";""
"";"";"57";"";"";"color,radio,color,radio";"frame,Shape,size,Type";"frame,shape,size,Type";"dark-wood:#ce6600,vertical,16x24,fine-art-paper";"";"";"";"";"";"";"0";"0";"0";"0";"5";"1";"";"0";"0";"";"0000-00-00";"";"";"2";""
"";"";"57";"";"";"color,radio,color,radio";"frame,Shape,size,Type";"frame,shape,size,Type";"charcol-black:#3b1200,vertical,16x24,fine-art-paper";"";"";"";"";"";"";"0";"0";"0";"0";"5";"1";"";"0";"0";"";"0000-00-00";"";"";"2";""
"";"";"57";"";"";"color,radio,color,radio";"frame,Shape,size,Type";"frame,shape,size,Type";"charcol-white:#e3fffe,vertical,16x24,fine-art-paper";"";"";"";"";"";"";"0";"0";"0";"0";"5";"1";"";"0";"0";"";"0000-00-00";"";"";"2";""
"";"";"57";"";"";"color,radio,color,radio";"frame,Shape,size,Type";"frame,shape,size,Type";"pine-wood:#a3afff,vertical,16x24,fine-art-paper";"";"";"";"";"";"";"0";"0";"0";"0";"5";"1";"";"0";"0";"";"0000-00-00";"";"";"2";""
"";"";"57";"";"";"color,radio,color,radio";"frame,Shape,size,Type";"frame,shape,size,Type";"none:#62ff43,vertical,20x30,fine-art-paper";"";"";"";"";"";"";"0";"0";"0";"0";"5";"1";"";"0";"0";"";"0000-00-00";"";"";"2";""
"";"";"57";"";"";"color,radio,color,radio";"frame,Shape,size,Type";"frame,shape,size,Type";"natural-wood:#ffd083,vertical,20x30,fine-art-paper";"";"";"";"";"";"";"0";"0";"0";"0";"5";"1";"";"0";"0";"";"0000-00-00";"";"";"2";""
"";"";"57";"";"";"color,radio,color,radio";"frame,Shape,size,Type";"frame,shape,size,Type";"dark-wood:#ce6600,vertical,20x30,fine-art-paper";"";"";"";"";"";"";"0";"0";"0";"0";"5";"1";"";"0";"0";"";"0000-00-00";"";"";"2";""
"";"";"57";"";"";"color,radio,color,radio";"frame,Shape,size,Type";"frame,shape,size,Type";"charcol-black:#3b1200,vertical,20x30,fine-art-paper";"";"";"";"";"";"";"0";"0";"0";"0";"5";"1";"";"0";"0";"";"0000-00-00";"";"";"2";""
"";"";"57";"";"";"color,radio,color,radio";"frame,Shape,size,Type";"frame,shape,size,Type";"charcol-white:#e3fffe,vertical,20x30,fine-art-paper";"";"";"";"";"";"";"0";"0";"0";"0";"5";"1";"";"0";"0";"";"0000-00-00";"";"";"2";""
"";"";"57";"";"";"color,radio,color,radio";"frame,Shape,size,Type";"frame,shape,size,Type";"pine-wood:#a3afff,vertical,20x30,fine-art-paper";"";"";"";"";"";"";"0";"0";"0";"0";"5";"1";"";"0";"0";"";"0000-00-00";"";"";"2";""
"";"";"57";"";"";"color,radio,color,radio";"frame,Shape,size,Type";"frame,shape,size,Type";"none:#62ff43,vertical,24x36,fine-art-paper";"";"";"";"";"";"";"0";"0";"0";"0";"5";"1";"";"0";"0";"";"0000-00-00";"";"";"2";""
"";"";"57";"";"";"color,radio,color,radio";"frame,Shape,size,Type";"frame,shape,size,Type";"natural-wood:#ffd083,vertical,24x36,fine-art-paper";"";"";"";"";"";"";"0";"0";"0";"0";"5";"1";"";"0";"0";"";"0000-00-00";"";"";"2";""
"";"";"57";"";"";"color,radio,color,radio";"frame,Shape,size,Type";"frame,shape,size,Type";"dark-wood:#ce6600,vertical,24x36,fine-art-paper";"";"";"";"";"";"";"0";"0";"0";"0";"5";"1";"";"0";"0";"";"0000-00-00";"";"";"2";""
"";"";"57";"";"";"color,radio,color,radio";"frame,Shape,size,Type";"frame,shape,size,Type";"charcol-black:#3b1200,vertical,24x36,fine-art-paper";"";"";"";"";"";"";"0";"0";"0";"0";"5";"1";"";"0";"0";"";"0000-00-00";"";"";"2";""
"";"";"57";"";"";"color,radio,color,radio";"frame,Shape,size,Type";"frame,shape,size,Type";"charcol-white:#e3fffe,vertical,24x36,fine-art-paper";"";"";"";"";"";"";"0";"0";"0";"0";"5";"1";"";"0";"0";"";"0000-00-00";"";"";"2";""
"";"";"57";"";"";"color,radio,color,radio";"frame,Shape,size,Type";"frame,shape,size,Type";"pine-wood:#a3afff,vertical,24x36,fine-art-paper";"";"";"";"";"";"";"0";"0";"0";"0";"5";"1";"";"0";"0";"";"0000-00-00";"";"";"2";""
"";"";"57";"";"";"color,radio,color,radio";"frame,Shape,size,Type";"frame,shape,size,Type";"none:#62ff43,vertical,30x45,fine-art-paper";"";"";"";"";"";"";"0";"0";"0";"0";"5";"1";"";"0";"0";"";"0000-00-00";"";"";"2";""
"";"";"57";"";"";"color,radio,color,radio";"frame,Shape,size,Type";"frame,shape,size,Type";"natural-wood:#ffd083,vertical,30x45,fine-art-paper";"";"";"";"";"";"";"0";"0";"0";"0";"5";"1";"";"0";"0";"";"0000-00-00";"";"";"2";""
"";"";"57";"";"";"color,radio,color,radio";"frame,Shape,size,Type";"frame,shape,size,Type";"dark-wood:#ce6600,vertical,30x45,fine-art-paper";"";"";"";"";"";"";"0";"0";"0";"0";"5";"1";"";"0";"0";"";"0000-00-00";"";"";"2";""
"";"";"57";"";"";"color,radio,color,radio";"frame,Shape,size,Type";"frame,shape,size,Type";"charcol-black:#3b1200,vertical,30x45,fine-art-paper";"";"";"";"";"";"";"0";"0";"0";"0";"5";"1";"";"0";"0";"";"0000-00-00";"";"";"2";""
"";"";"57";"";"";"color,radio,color,radio";"frame,Shape,size,Type";"frame,shape,size,Type";"charcol-white:#e3fffe,vertical,30x45,fine-art-paper";"";"";"";"";"";"";"0";"0";"0";"0";"5";"1";"";"0";"0";"";"0000-00-00";"";"";"2";""
"";"";"57";"";"";"color,radio,color,radio";"frame,Shape,size,Type";"frame,shape,size,Type";"pine-wood:#a3afff,vertical,30x45,fine-art-paper";"";"";"";"";"";"";"0";"0";"0";"0";"5";"1";"";"0";"0";"";"0000-00-00";"";"";"2";""
"";"";"60";"";"";"color,radio,color,radio";"frame,Shape,size,Type";"frame,shape,size,Type";"none:#62ff43,vertical,10x15,canvas";"";"";"";"";"";"";"0";"0";"0";"0";"5";"1";"";"0";"0";"1";"0000-00-00";"";"";"2";""
"";"";"60";"";"";"color,radio,color,radio";"frame,Shape,size,Type";"frame,shape,size,Type";"natural-wood:#ffd083,vertical,10x15,canvas";"";"";"";"";"";"";"0";"0";"0";"0";"5";"1";"";"0";"0";"";"0000-00-00";"";"";"2";""
"";"";"60";"";"";"color,radio,color,radio";"frame,Shape,size,Type";"frame,shape,size,Type";"dark-wood:#ce6600,vertical,10x15,canvas";"";"";"";"";"";"";"0";"0";"0";"0";"5";"1";"";"0";"0";"";"0000-00-00";"";"";"2";""
"";"";"60";"";"";"color,radio,color,radio";"frame,Shape,size,Type";"frame,shape,size,Type";"charcol-black:#3b1200,vertical,10x15,canvas";"";"";"";"";"";"";"0";"0";"0";"0";"5";"1";"";"0";"0";"";"0000-00-00";"";"";"2";""
"";"";"60";"";"";"color,radio,color,radio";"frame,Shape,size,Type";"frame,shape,size,Type";"charcol-white:#e3fffe,vertical,10x15,canvas";"";"";"";"";"";"";"0";"0";"0";"0";"5";"1";"";"0";"0";"";"0000-00-00";"";"";"2";""
"";"";"60";"";"";"color,radio,color,radio";"frame,Shape,size,Type";"frame,shape,size,Type";"pine-wood:#a3afff,vertical,10x15,canvas";"";"";"";"";"";"";"0";"0";"0";"0";"5";"1";"";"0";"0";"";"0000-00-00";"";"";"2";""
"";"";"60";"";"";"color,radio,color,radio";"frame,Shape,size,Type";"frame,shape,size,Type";"none:#62ff43,vertical,12x18,canvas";"";"";"";"";"";"";"0";"0";"0";"0";"5";"1";"";"0";"0";"";"0000-00-00";"";"";"2";""
"";"";"60";"";"";"color,radio,color,radio";"frame,Shape,size,Type";"frame,shape,size,Type";"natural-wood:#ffd083,vertical,12x18,canvas";"";"";"";"";"";"";"0";"0";"0";"0";"5";"1";"";"0";"0";"";"0000-00-00";"";"";"2";""
"";"";"60";"";"";"color,radio,color,radio";"frame,Shape,size,Type";"frame,shape,size,Type";"dark-wood:#ce6600,vertical,12x18,canvas";"";"";"";"";"";"";"0";"0";"0";"0";"5";"1";"";"0";"0";"";"0000-00-00";"";"";"2";""
"";"";"60";"";"";"color,radio,color,radio";"frame,Shape,size,Type";"frame,shape,size,Type";"charcol-black:#3b1200,vertical,12x18,canvas";"";"";"";"";"";"";"0";"0";"0";"0";"5";"1";"";"0";"0";"";"0000-00-00";"";"";"2";""
"";"";"60";"";"";"color,radio,color,radio";"frame,Shape,size,Type";"frame,shape,size,Type";"charcol-white:#e3fffe,vertical,12x18,canvas";"";"";"";"";"";"";"0";"0";"0";"0";"5";"1";"";"0";"0";"";"0000-00-00";"";"";"2";""
"";"";"60";"";"";"color,radio,color,radio";"frame,Shape,size,Type";"frame,shape,size,Type";"pine-wood:#a3afff,vertical,12x18,canvas";"";"";"";"";"";"";"0";"0";"0";"0";"5";"1";"";"0";"0";"";"0000-00-00";"";"";"2";""
"";"";"60";"";"";"color,radio,color,radio";"frame,Shape,size,Type";"frame,shape,size,Type";"none:#62ff43,vertical,16x24,canvas";"";"";"";"";"";"";"0";"0";"0";"0";"5";"1";"";"0";"0";"";"0000-00-00";"";"";"2";""
"";"";"60";"";"";"color,radio,color,radio";"frame,Shape,size,Type";"frame,shape,size,Type";"natural-wood:#ffd083,vertical,16x24,canvas";"";"";"";"";"";"";"0";"0";"0";"0";"5";"1";"";"0";"0";"";"0000-00-00";"";"";"2";""
"";"";"60";"";"";"color,radio,color,radio";"frame,Shape,size,Type";"frame,shape,size,Type";"dark-wood:#ce6600,vertical,16x24,canvas";"";"";"";"";"";"";"0";"0";"0";"0";"5";"1";"";"0";"0";"";"0000-00-00";"";"";"2";""
"";"";"60";"";"";"color,radio,color,radio";"frame,Shape,size,Type";"frame,shape,size,Type";"charcol-black:#3b1200,vertical,16x24,canvas";"";"";"";"";"";"";"0";"0";"0";"0";"5";"1";"";"0";"0";"";"0000-00-00";"";"";"2";""
"";"";"60";"";"";"color,radio,color,radio";"frame,Shape,size,Type";"frame,shape,size,Type";"charcol-white:#e3fffe,vertical,16x24,canvas";"";"";"";"";"";"";"0";"0";"0";"0";"5";"1";"";"0";"0";"";"0000-00-00";"";"";"2";""
"";"";"60";"";"";"color,radio,color,radio";"frame,Shape,size,Type";"frame,shape,size,Type";"pine-wood:#a3afff,vertical,16x24,canvas";"";"";"";"";"";"";"0";"0";"0";"0";"5";"1";"";"0";"0";"";"0000-00-00";"";"";"2";""
"";"";"60";"";"";"color,radio,color,radio";"frame,Shape,size,Type";"frame,shape,size,Type";"none:#62ff43,vertical,20x30,canvas";"";"";"";"";"";"";"0";"0";"0";"0";"5";"1";"";"0";"0";"";"0000-00-00";"";"";"2";""
"";"";"60";"";"";"color,radio,color,radio";"frame,Shape,size,Type";"frame,shape,size,Type";"natural-wood:#ffd083,vertical,20x30,canvas";"";"";"";"";"";"";"0";"0";"0";"0";"5";"1";"";"0";"0";"";"0000-00-00";"";"";"2";""
"";"";"60";"";"";"color,radio,color,radio";"frame,Shape,size,Type";"frame,shape,size,Type";"dark-wood:#ce6600,vertical,20x30,canvas";"";"";"";"";"";"";"0";"0";"0";"0";"5";"1";"";"0";"0";"";"0000-00-00";"";"";"2";""
"";"";"60";"";"";"color,radio,color,radio";"frame,Shape,size,Type";"frame,shape,size,Type";"charcol-black:#3b1200,vertical,20x30,canvas";"";"";"";"";"";"";"0";"0";"0";"0";"5";"1";"";"0";"0";"";"0000-00-00";"";"";"2";""
"";"";"60";"";"";"color,radio,color,radio";"frame,Shape,size,Type";"frame,shape,size,Type";"charcol-white:#e3fffe,vertical,20x30,canvas";"";"";"";"";"";"";"0";"0";"0";"0";"5";"1";"";"0";"0";"";"0000-00-00";"";"";"2";""
"";"";"60";"";"";"color,radio,color,radio";"frame,Shape,size,Type";"frame,shape,size,Type";"pine-wood:#a3afff,vertical,20x30,canvas";"";"";"";"";"";"";"0";"0";"0";"0";"5";"1";"";"0";"0";"";"0000-00-00";"";"";"2";""
"";"";"60";"";"";"color,radio,color,radio";"frame,Shape,size,Type";"frame,shape,size,Type";"none:#62ff43,vertical,24x36,canvas";"";"";"";"";"";"";"0";"0";"0";"0";"5";"1";"";"0";"0";"";"0000-00-00";"";"";"2";""
"";"";"60";"";"";"color,radio,color,radio";"frame,Shape,size,Type";"frame,shape,size,Type";"natural-wood:#ffd083,vertical,24x36,canvas";"";"";"";"";"";"";"0";"0";"0";"0";"5";"1";"";"0";"0";"";"0000-00-00";"";"";"2";""
"";"";"60";"";"";"color,radio,color,radio";"frame,Shape,size,Type";"frame,shape,size,Type";"dark-wood:#ce6600,vertical,24x36,canvas";"";"";"";"";"";"";"0";"0";"0";"0";"5";"1";"";"0";"0";"";"0000-00-00";"";"";"2";""
"";"";"60";"";"";"color,radio,color,radio";"frame,Shape,size,Type";"frame,shape,size,Type";"charcol-black:#3b1200,vertical,24x36,canvas";"";"";"";"";"";"";"0";"0";"0";"0";"5";"1";"";"0";"0";"";"0000-00-00";"";"";"2";""
"";"";"60";"";"";"color,radio,color,radio";"frame,Shape,size,Type";"frame,shape,size,Type";"charcol-white:#e3fffe,vertical,24x36,canvas";"";"";"";"";"";"";"0";"0";"0";"0";"5";"1";"";"0";"0";"";"0000-00-00";"";"";"2";""
"";"";"60";"";"";"color,radio,color,radio";"frame,Shape,size,Type";"frame,shape,size,Type";"pine-wood:#a3afff,vertical,24x36,canvas";"";"";"";"";"";"";"0";"0";"0";"0";"5";"1";"";"0";"0";"";"0000-00-00";"";"";"2";""
"";"";"60";"";"";"color,radio,color,radio";"frame,Shape,size,Type";"frame,shape,size,Type";"none:#62ff43,vertical,30x45,canvas";"";"";"";"";"";"";"0";"0";"0";"0";"5";"1";"";"0";"0";"";"0000-00-00";"";"";"2";""
"";"";"60";"";"";"color,radio,color,radio";"frame,Shape,size,Type";"frame,shape,size,Type";"natural-wood:#ffd083,vertical,30x45,canvas";"";"";"";"";"";"";"0";"0";"0";"0";"5";"1";"";"0";"0";"";"0000-00-00";"";"";"2";""
"";"";"60";"";"";"color,radio,color,radio";"frame,Shape,size,Type";"frame,shape,size,Type";"dark-wood:#ce6600,vertical,30x45,canvas";"";"";"";"";"";"";"0";"0";"0";"0";"5";"1";"";"0";"0";"";"0000-00-00";"";"";"2";""
"";"";"60";"";"";"color,radio,color,radio";"frame,Shape,size,Type";"frame,shape,size,Type";"charcol-black:#3b1200,vertical,30x45,canvas";"";"";"";"";"";"";"0";"0";"0";"0";"5";"1";"";"0";"0";"";"0000-00-00";"";"";"2";""
"";"";"60";"";"";"color,radio,color,radio";"frame,Shape,size,Type";"frame,shape,size,Type";"charcol-white:#e3fffe,vertical,30x45,canvas";"";"";"";"";"";"";"0";"0";"0";"0";"5";"1";"";"0";"0";"";"0000-00-00";"";"";"2";""
"";"";"60";"";"";"color,radio,color,radio";"frame,Shape,size,Type";"frame,shape,size,Type";"pine-wood:#a3afff,vertical,30x45,canvas";"";"";"";"";"";"";"0";"0";"0";"0";"5";"1";"";"0";"0";"";"0000-00-00";"";"";"2";""
"";"";"60";"";"";"color,radio,color,radio";"frame,Shape,size,Type";"frame,shape,size,Type";"none:#62ff43,vertical,10x15,fine-art-paper";"";"";"";"";"";"";"0";"0";"0";"0";"5";"1";"";"0";"0";"";"0000-00-00";"";"";"2";""
"";"";"60";"";"";"color,radio,color,radio";"frame,Shape,size,Type";"frame,shape,size,Type";"natural-wood:#ffd083,vertical,10x15,fine-art-paper";"";"";"";"";"";"";"0";"0";"0";"0";"5";"1";"";"0";"0";"";"0000-00-00";"";"";"2";""
"";"";"60";"";"";"color,radio,color,radio";"frame,Shape,size,Type";"frame,shape,size,Type";"dark-wood:#ce6600,vertical,10x15,fine-art-paper";"";"";"";"";"";"";"0";"0";"0";"0";"5";"1";"";"0";"0";"";"0000-00-00";"";"";"2";""
"";"";"60";"";"";"color,radio,color,radio";"frame,Shape,size,Type";"frame,shape,size,Type";"charcol-black:#3b1200,vertical,10x15,fine-art-paper";"";"";"";"";"";"";"0";"0";"0";"0";"5";"1";"";"0";"0";"";"0000-00-00";"";"";"2";""
"";"";"60";"";"";"color,radio,color,radio";"frame,Shape,size,Type";"frame,shape,size,Type";"charcol-white:#e3fffe,vertical,10x15,fine-art-paper";"";"";"";"";"";"";"0";"0";"0";"0";"5";"1";"";"0";"0";"";"0000-00-00";"";"";"2";""
"";"";"60";"";"";"color,radio,color,radio";"frame,Shape,size,Type";"frame,shape,size,Type";"pine-wood:#a3afff,vertical,10x15,fine-art-paper";"";"";"";"";"";"";"0";"0";"0";"0";"5";"1";"";"0";"0";"";"0000-00-00";"";"";"2";""
"";"";"60";"";"";"color,radio,color,radio";"frame,Shape,size,Type";"frame,shape,size,Type";"none:#62ff43,vertical,12x18,fine-art-paper";"";"";"";"";"";"";"0";"0";"0";"0";"5";"1";"";"0";"0";"";"0000-00-00";"";"";"2";""
"";"";"60";"";"";"color,radio,color,radio";"frame,Shape,size,Type";"frame,shape,size,Type";"natural-wood:#ffd083,vertical,12x18,fine-art-paper";"";"";"";"";"";"";"0";"0";"0";"0";"5";"1";"";"0";"0";"";"0000-00-00";"";"";"2";""
"";"";"60";"";"";"color,radio,color,radio";"frame,Shape,size,Type";"frame,shape,size,Type";"dark-wood:#ce6600,vertical,12x18,fine-art-paper";"";"";"";"";"";"";"0";"0";"0";"0";"5";"1";"";"0";"0";"";"0000-00-00";"";"";"2";""
"";"";"60";"";"";"color,radio,color,radio";"frame,Shape,size,Type";"frame,shape,size,Type";"charcol-black:#3b1200,vertical,12x18,fine-art-paper";"";"";"";"";"";"";"0";"0";"0";"0";"5";"1";"";"0";"0";"";"0000-00-00";"";"";"2";""
"";"";"60";"";"";"color,radio,color,radio";"frame,Shape,size,Type";"frame,shape,size,Type";"charcol-white:#e3fffe,vertical,12x18,fine-art-paper";"";"";"";"";"";"";"0";"0";"0";"0";"5";"1";"";"0";"0";"";"0000-00-00";"";"";"2";""
"";"";"60";"";"";"color,radio,color,radio";"frame,Shape,size,Type";"frame,shape,size,Type";"pine-wood:#a3afff,vertical,12x18,fine-art-paper";"";"";"";"";"";"";"0";"0";"0";"0";"5";"1";"";"0";"0";"";"0000-00-00";"";"";"2";""
"";"";"60";"";"";"color,radio,color,radio";"frame,Shape,size,Type";"frame,shape,size,Type";"none:#62ff43,vertical,16x24,fine-art-paper";"";"";"";"";"";"";"0";"0";"0";"0";"5";"1";"";"0";"0";"";"0000-00-00";"";"";"2";""
"";"";"60";"";"";"color,radio,color,radio";"frame,Shape,size,Type";"frame,shape,size,Type";"natural-wood:#ffd083,vertical,16x24,fine-art-paper";"";"";"";"";"";"";"0";"0";"0";"0";"5";"1";"";"0";"0";"";"0000-00-00";"";"";"2";""
"";"";"60";"";"";"color,radio,color,radio";"frame,Shape,size,Type";"frame,shape,size,Type";"dark-wood:#ce6600,vertical,16x24,fine-art-paper";"";"";"";"";"";"";"0";"0";"0";"0";"5";"1";"";"0";"0";"";"0000-00-00";"";"";"2";""
"";"";"60";"";"";"color,radio,color,radio";"frame,Shape,size,Type";"frame,shape,size,Type";"charcol-black:#3b1200,vertical,16x24,fine-art-paper";"";"";"";"";"";"";"0";"0";"0";"0";"5";"1";"";"0";"0";"";"0000-00-00";"";"";"2";""
"";"";"60";"";"";"color,radio,color,radio";"frame,Shape,size,Type";"frame,shape,size,Type";"charcol-white:#e3fffe,vertical,16x24,fine-art-paper";"";"";"";"";"";"";"0";"0";"0";"0";"5";"1";"";"0";"0";"";"0000-00-00";"";"";"2";""
"";"";"60";"";"";"color,radio,color,radio";"frame,Shape,size,Type";"frame,shape,size,Type";"pine-wood:#a3afff,vertical,16x24,fine-art-paper";"";"";"";"";"";"";"0";"0";"0";"0";"5";"1";"";"0";"0";"";"0000-00-00";"";"";"2";""
"";"";"60";"";"";"color,radio,color,radio";"frame,Shape,size,Type";"frame,shape,size,Type";"none:#62ff43,vertical,20x30,fine-art-paper";"";"";"";"";"";"";"0";"0";"0";"0";"5";"1";"";"0";"0";"";"0000-00-00";"";"";"2";""
"";"";"60";"";"";"color,radio,color,radio";"frame,Shape,size,Type";"frame,shape,size,Type";"natural-wood:#ffd083,vertical,20x30,fine-art-paper";"";"";"";"";"";"";"0";"0";"0";"0";"5";"1";"";"0";"0";"";"0000-00-00";"";"";"2";""
"";"";"60";"";"";"color,radio,color,radio";"frame,Shape,size,Type";"frame,shape,size,Type";"dark-wood:#ce6600,vertical,20x30,fine-art-paper";"";"";"";"";"";"";"0";"0";"0";"0";"5";"1";"";"0";"0";"";"0000-00-00";"";"";"2";""
"";"";"60";"";"";"color,radio,color,radio";"frame,Shape,size,Type";"frame,shape,size,Type";"charcol-black:#3b1200,vertical,20x30,fine-art-paper";"";"";"";"";"";"";"0";"0";"0";"0";"5";"1";"";"0";"0";"";"0000-00-00";"";"";"2";""
"";"";"60";"";"";"color,radio,color,radio";"frame,Shape,size,Type";"frame,shape,size,Type";"charcol-white:#e3fffe,vertical,20x30,fine-art-paper";"";"";"";"";"";"";"0";"0";"0";"0";"5";"1";"";"0";"0";"";"0000-00-00";"";"";"2";""
"";"";"60";"";"";"color,radio,color,radio";"frame,Shape,size,Type";"frame,shape,size,Type";"pine-wood:#a3afff,vertical,20x30,fine-art-paper";"";"";"";"";"";"";"0";"0";"0";"0";"5";"1";"";"0";"0";"";"0000-00-00";"";"";"2";""
"";"";"60";"";"";"color,radio,color,radio";"frame,Shape,size,Type";"frame,shape,size,Type";"none:#62ff43,vertical,24x36,fine-art-paper";"";"";"";"";"";"";"0";"0";"0";"0";"5";"1";"";"0";"0";"";"0000-00-00";"";"";"2";""
"";"";"60";"";"";"color,radio,color,radio";"frame,Shape,size,Type";"frame,shape,size,Type";"natural-wood:#ffd083,vertical,24x36,fine-art-paper";"";"";"";"";"";"";"0";"0";"0";"0";"5";"1";"";"0";"0";"";"0000-00-00";"";"";"2";""
"";"";"60";"";"";"color,radio,color,radio";"frame,Shape,size,Type";"frame,shape,size,Type";"dark-wood:#ce6600,vertical,24x36,fine-art-paper";"";"";"";"";"";"";"0";"0";"0";"0";"5";"1";"";"0";"0";"";"0000-00-00";"";"";"2";""
"";"";"60";"";"";"color,radio,color,radio";"frame,Shape,size,Type";"frame,shape,size,Type";"charcol-black:#3b1200,vertical,24x36,fine-art-paper";"";"";"";"";"";"";"0";"0";"0";"0";"5";"1";"";"0";"0";"";"0000-00-00";"";"";"2";""
"";"";"60";"";"";"color,radio,color,radio";"frame,Shape,size,Type";"frame,shape,size,Type";"charcol-white:#e3fffe,vertical,24x36,fine-art-paper";"";"";"";"";"";"";"0";"0";"0";"0";"5";"1";"";"0";"0";"";"0000-00-00";"";"";"2";""
"";"";"60";"";"";"color,radio,color,radio";"frame,Shape,size,Type";"frame,shape,size,Type";"pine-wood:#a3afff,vertical,24x36,fine-art-paper";"";"";"";"";"";"";"0";"0";"0";"0";"5";"1";"";"0";"0";"";"0000-00-00";"";"";"2";""
"";"";"60";"";"";"color,radio,color,radio";"frame,Shape,size,Type";"frame,shape,size,Type";"none:#62ff43,vertical,30x45,fine-art-paper";"";"";"";"";"";"";"0";"0";"0";"0";"5";"1";"";"0";"0";"";"0000-00-00";"";"";"2";""
"";"";"60";"";"";"color,radio,color,radio";"frame,Shape,size,Type";"frame,shape,size,Type";"natural-wood:#ffd083,vertical,30x45,fine-art-paper";"";"";"";"";"";"";"0";"0";"0";"0";"5";"1";"";"0";"0";"";"0000-00-00";"";"";"2";""
"";"";"60";"";"";"color,radio,color,radio";"frame,Shape,size,Type";"frame,shape,size,Type";"dark-wood:#ce6600,vertical,30x45,fine-art-paper";"";"";"";"";"";"";"0";"0";"0";"0";"5";"1";"";"0";"0";"";"0000-00-00";"";"";"2";""
"";"";"60";"";"";"color,radio,color,radio";"frame,Shape,size,Type";"frame,shape,size,Type";"charcol-black:#3b1200,vertical,30x45,fine-art-paper";"";"";"";"";"";"";"0";"0";"0";"0";"5";"1";"";"0";"0";"";"0000-00-00";"";"";"2";""
"";"";"60";"";"";"color,radio,color,radio";"frame,Shape,size,Type";"frame,shape,size,Type";"charcol-white:#e3fffe,vertical,30x45,fine-art-paper";"";"";"";"";"";"";"0";"0";"0";"0";"5";"1";"";"0";"0";"";"0000-00-00";"";"";"2";""
"";"";"60";"";"";"color,radio,color,radio";"frame,Shape,size,Type";"frame,shape,size,Type";"pine-wood:#a3afff,vertical,30x45,fine-art-paper";"";"";"";"";"";"";"0";"0";"0";"0";"5";"1";"";"0";"0";"";"0000-00-00";"";"";"2";""
"";"";"63";"";"";"color,radio,color,radio";"frame,Shape,size,Type";"frame,shape,size,Type";"none:#62ff43,vertical,10x15,canvas";"";"";"";"";"";"";"0";"0";"0";"0";"5";"1";"";"0";"0";"1";"0000-00-00";"";"";"2";""
"";"";"63";"";"";"color,radio,color,radio";"frame,Shape,size,Type";"frame,shape,size,Type";"natural-wood:#ffd083,vertical,10x15,canvas";"";"";"";"";"";"";"0";"0";"0";"0";"5";"1";"";"0";"0";"";"0000-00-00";"";"";"2";""
"";"";"63";"";"";"color,radio,color,radio";"frame,Shape,size,Type";"frame,shape,size,Type";"dark-wood:#ce6600,vertical,10x15,canvas";"";"";"";"";"";"";"0";"0";"0";"0";"5";"1";"";"0";"0";"";"0000-00-00";"";"";"2";""
"";"";"63";"";"";"color,radio,color,radio";"frame,Shape,size,Type";"frame,shape,size,Type";"charcol-black:#3b1200,vertical,10x15,canvas";"";"";"";"";"";"";"0";"0";"0";"0";"5";"1";"";"0";"0";"";"0000-00-00";"";"";"2";""
"";"";"63";"";"";"color,radio,color,radio";"frame,Shape,size,Type";"frame,shape,size,Type";"charcol-white:#e3fffe,vertical,10x15,canvas";"";"";"";"";"";"";"0";"0";"0";"0";"5";"1";"";"0";"0";"";"0000-00-00";"";"";"2";""
"";"";"63";"";"";"color,radio,color,radio";"frame,Shape,size,Type";"frame,shape,size,Type";"pine-wood:#a3afff,vertical,10x15,canvas";"";"";"";"";"";"";"0";"0";"0";"0";"5";"1";"";"0";"0";"";"0000-00-00";"";"";"2";""
"";"";"63";"";"";"color,radio,color,radio";"frame,Shape,size,Type";"frame,shape,size,Type";"none:#62ff43,vertical,12x18,canvas";"";"";"";"";"";"";"0";"0";"0";"0";"5";"1";"";"0";"0";"";"0000-00-00";"";"";"2";""
"";"";"63";"";"";"color,radio,color,radio";"frame,Shape,size,Type";"frame,shape,size,Type";"natural-wood:#ffd083,vertical,12x18,canvas";"";"";"";"";"";"";"0";"0";"0";"0";"5";"1";"";"0";"0";"";"0000-00-00";"";"";"2";""
"";"";"63";"";"";"color,radio,color,radio";"frame,Shape,size,Type";"frame,shape,size,Type";"dark-wood:#ce6600,vertical,12x18,canvas";"";"";"";"";"";"";"0";"0";"0";"0";"5";"1";"";"0";"0";"";"0000-00-00";"";"";"2";""
"";"";"63";"";"";"color,radio,color,radio";"frame,Shape,size,Type";"frame,shape,size,Type";"charcol-black:#3b1200,vertical,12x18,canvas";"";"";"";"";"";"";"0";"0";"0";"0";"5";"1";"";"0";"0";"";"0000-00-00";"";"";"2";""
"";"";"63";"";"";"color,radio,color,radio";"frame,Shape,size,Type";"frame,shape,size,Type";"charcol-white:#e3fffe,vertical,12x18,canvas";"";"";"";"";"";"";"0";"0";"0";"0";"5";"1";"";"0";"0";"";"0000-00-00";"";"";"2";""
"";"";"63";"";"";"color,radio,color,radio";"frame,Shape,size,Type";"frame,shape,size,Type";"pine-wood:#a3afff,vertical,12x18,canvas";"";"";"";"";"";"";"0";"0";"0";"0";"5";"1";"";"0";"0";"";"0000-00-00";"";"";"2";""
"";"";"63";"";"";"color,radio,color,radio";"frame,Shape,size,Type";"frame,shape,size,Type";"none:#62ff43,vertical,16x24,canvas";"";"";"";"";"";"";"0";"0";"0";"0";"5";"1";"";"0";"0";"";"0000-00-00";"";"";"2";""
"";"";"63";"";"";"color,radio,color,radio";"frame,Shape,size,Type";"frame,shape,size,Type";"natural-wood:#ffd083,vertical,16x24,canvas";"";"";"";"";"";"";"0";"0";"0";"0";"5";"1";"";"0";"0";"";"0000-00-00";"";"";"2";""
"";"";"63";"";"";"color,radio,color,radio";"frame,Shape,size,Type";"frame,shape,size,Type";"dark-wood:#ce6600,vertical,16x24,canvas";"";"";"";"";"";"";"0";"0";"0";"0";"5";"1";"";"0";"0";"";"0000-00-00";"";"";"2";""
"";"";"63";"";"";"color,radio,color,radio";"frame,Shape,size,Type";"frame,shape,size,Type";"charcol-black:#3b1200,vertical,16x24,canvas";"";"";"";"";"";"";"0";"0";"0";"0";"5";"1";"";"0";"0";"";"0000-00-00";"";"";"2";""
"";"";"63";"";"";"color,radio,color,radio";"frame,Shape,size,Type";"frame,shape,size,Type";"charcol-white:#e3fffe,vertical,16x24,canvas";"";"";"";"";"";"";"0";"0";"0";"0";"5";"1";"";"0";"0";"";"0000-00-00";"";"";"2";""
"";"";"63";"";"";"color,radio,color,radio";"frame,Shape,size,Type";"frame,shape,size,Type";"pine-wood:#a3afff,vertical,16x24,canvas";"";"";"";"";"";"";"0";"0";"0";"0";"5";"1";"";"0";"0";"";"0000-00-00";"";"";"2";""
"";"";"63";"";"";"color,radio,color,radio";"frame,Shape,size,Type";"frame,shape,size,Type";"none:#62ff43,vertical,20x30,canvas";"";"";"";"";"";"";"0";"0";"0";"0";"5";"1";"";"0";"0";"";"0000-00-00";"";"";"2";""
"";"";"63";"";"";"color,radio,color,radio";"frame,Shape,size,Type";"frame,shape,size,Type";"natural-wood:#ffd083,vertical,20x30,canvas";"";"";"";"";"";"";"0";"0";"0";"0";"5";"1";"";"0";"0";"";"0000-00-00";"";"";"2";""
"";"";"63";"";"";"color,radio,color,radio";"frame,Shape,size,Type";"frame,shape,size,Type";"dark-wood:#ce6600,vertical,20x30,canvas";"";"";"";"";"";"";"0";"0";"0";"0";"5";"1";"";"0";"0";"";"0000-00-00";"";"";"2";""
"";"";"63";"";"";"color,radio,color,radio";"frame,Shape,size,Type";"frame,shape,size,Type";"charcol-black:#3b1200,vertical,20x30,canvas";"";"";"";"";"";"";"0";"0";"0";"0";"5";"1";"";"0";"0";"";"0000-00-00";"";"";"2";""
"";"";"63";"";"";"color,radio,color,radio";"frame,Shape,size,Type";"frame,shape,size,Type";"charcol-white:#e3fffe,vertical,20x30,canvas";"";"";"";"";"";"";"0";"0";"0";"0";"5";"1";"";"0";"0";"";"0000-00-00";"";"";"2";""
"";"";"63";"";"";"color,radio,color,radio";"frame,Shape,size,Type";"frame,shape,size,Type";"pine-wood:#a3afff,vertical,20x30,canvas";"";"";"";"";"";"";"0";"0";"0";"0";"5";"1";"";"0";"0";"";"0000-00-00";"";"";"2";""
"";"";"63";"";"";"color,radio,color,radio";"frame,Shape,size,Type";"frame,shape,size,Type";"none:#62ff43,vertical,24x36,canvas";"";"";"";"";"";"";"0";"0";"0";"0";"5";"1";"";"0";"0";"";"0000-00-00";"";"";"2";""
"";"";"63";"";"";"color,radio,color,radio";"frame,Shape,size,Type";"frame,shape,size,Type";"natural-wood:#ffd083,vertical,24x36,canvas";"";"";"";"";"";"";"0";"0";"0";"0";"5";"1";"";"0";"0";"";"0000-00-00";"";"";"2";""
"";"";"63";"";"";"color,radio,color,radio";"frame,Shape,size,Type";"frame,shape,size,Type";"dark-wood:#ce6600,vertical,24x36,canvas";"";"";"";"";"";"";"0";"0";"0";"0";"5";"1";"";"0";"0";"";"0000-00-00";"";"";"2";""
"";"";"63";"";"";"color,radio,color,radio";"frame,Shape,size,Type";"frame,shape,size,Type";"charcol-black:#3b1200,vertical,24x36,canvas";"";"";"";"";"";"";"0";"0";"0";"0";"5";"1";"";"0";"0";"";"0000-00-00";"";"";"2";""
"";"";"63";"";"";"color,radio,color,radio";"frame,Shape,size,Type";"frame,shape,size,Type";"charcol-white:#e3fffe,vertical,24x36,canvas";"";"";"";"";"";"";"0";"0";"0";"0";"5";"1";"";"0";"0";"";"0000-00-00";"";"";"2";""
"";"";"63";"";"";"color,radio,color,radio";"frame,Shape,size,Type";"frame,shape,size,Type";"pine-wood:#a3afff,vertical,24x36,canvas";"";"";"";"";"";"";"0";"0";"0";"0";"5";"1";"";"0";"0";"";"0000-00-00";"";"";"2";""
"";"";"63";"";"";"color,radio,color,radio";"frame,Shape,size,Type";"frame,shape,size,Type";"none:#62ff43,vertical,30x45,canvas";"";"";"";"";"";"";"0";"0";"0";"0";"5";"1";"";"0";"0";"";"0000-00-00";"";"";"2";""
"";"";"63";"";"";"color,radio,color,radio";"frame,Shape,size,Type";"frame,shape,size,Type";"natural-wood:#ffd083,vertical,30x45,canvas";"";"";"";"";"";"";"0";"0";"0";"0";"5";"1";"";"0";"0";"";"0000-00-00";"";"";"2";""
"";"";"63";"";"";"color,radio,color,radio";"frame,Shape,size,Type";"frame,shape,size,Type";"dark-wood:#ce6600,vertical,30x45,canvas";"";"";"";"";"";"";"0";"0";"0";"0";"5";"1";"";"0";"0";"";"0000-00-00";"";"";"2";""
"";"";"63";"";"";"color,radio,color,radio";"frame,Shape,size,Type";"frame,shape,size,Type";"charcol-black:#3b1200,vertical,30x45,canvas";"";"";"";"";"";"";"0";"0";"0";"0";"5";"1";"";"0";"0";"";"0000-00-00";"";"";"2";""
"";"";"63";"";"";"color,radio,color,radio";"frame,Shape,size,Type";"frame,shape,size,Type";"charcol-white:#e3fffe,vertical,30x45,canvas";"";"";"";"";"";"";"0";"0";"0";"0";"5";"1";"";"0";"0";"";"0000-00-00";"";"";"2";""
"";"";"63";"";"";"color,radio,color,radio";"frame,Shape,size,Type";"frame,shape,size,Type";"pine-wood:#a3afff,vertical,30x45,canvas";"";"";"";"";"";"";"0";"0";"0";"0";"5";"1";"";"0";"0";"";"0000-00-00";"";"";"2";""
"";"";"63";"";"";"color,radio,color,radio";"frame,Shape,size,Type";"frame,shape,size,Type";"none:#62ff43,vertical,10x15,fine-art-paper";"";"";"";"";"";"";"0";"0";"0";"0";"5";"1";"";"0";"0";"";"0000-00-00";"";"";"2";""
"";"";"63";"";"";"color,radio,color,radio";"frame,Shape,size,Type";"frame,shape,size,Type";"natural-wood:#ffd083,vertical,10x15,fine-art-paper";"";"";"";"";"";"";"0";"0";"0";"0";"5";"1";"";"0";"0";"";"0000-00-00";"";"";"2";""
"";"";"63";"";"";"color,radio,color,radio";"frame,Shape,size,Type";"frame,shape,size,Type";"dark-wood:#ce6600,vertical,10x15,fine-art-paper";"";"";"";"";"";"";"0";"0";"0";"0";"5";"1";"";"0";"0";"";"0000-00-00";"";"";"2";""
"";"";"63";"";"";"color,radio,color,radio";"frame,Shape,size,Type";"frame,shape,size,Type";"charcol-black:#3b1200,vertical,10x15,fine-art-paper";"";"";"";"";"";"";"0";"0";"0";"0";"5";"1";"";"0";"0";"";"0000-00-00";"";"";"2";""
"";"";"63";"";"";"color,radio,color,radio";"frame,Shape,size,Type";"frame,shape,size,Type";"charcol-white:#e3fffe,vertical,10x15,fine-art-paper";"";"";"";"";"";"";"0";"0";"0";"0";"5";"1";"";"0";"0";"";"0000-00-00";"";"";"2";""
"";"";"63";"";"";"color,radio,color,radio";"frame,Shape,size,Type";"frame,shape,size,Type";"pine-wood:#a3afff,vertical,10x15,fine-art-paper";"";"";"";"";"";"";"0";"0";"0";"0";"5";"1";"";"0";"0";"";"0000-00-00";"";"";"2";""
"";"";"63";"";"";"color,radio,color,radio";"frame,Shape,size,Type";"frame,shape,size,Type";"none:#62ff43,vertical,12x18,fine-art-paper";"";"";"";"";"";"";"0";"0";"0";"0";"5";"1";"";"0";"0";"";"0000-00-00";"";"";"2";""
"";"";"63";"";"";"color,radio,color,radio";"frame,Shape,size,Type";"frame,shape,size,Type";"natural-wood:#ffd083,vertical,12x18,fine-art-paper";"";"";"";"";"";"";"0";"0";"0";"0";"5";"1";"";"0";"0";"";"0000-00-00";"";"";"2";""
"";"";"63";"";"";"color,radio,color,radio";"frame,Shape,size,Type";"frame,shape,size,Type";"dark-wood:#ce6600,vertical,12x18,fine-art-paper";"";"";"";"";"";"";"0";"0";"0";"0";"5";"1";"";"0";"0";"";"0000-00-00";"";"";"2";""
"";"";"63";"";"";"color,radio,color,radio";"frame,Shape,size,Type";"frame,shape,size,Type";"charcol-black:#3b1200,vertical,12x18,fine-art-paper";"";"";"";"";"";"";"0";"0";"0";"0";"5";"1";"";"0";"0";"";"0000-00-00";"";"";"2";""
"";"";"63";"";"";"color,radio,color,radio";"frame,Shape,size,Type";"frame,shape,size,Type";"charcol-white:#e3fffe,vertical,12x18,fine-art-paper";"";"";"";"";"";"";"0";"0";"0";"0";"5";"1";"";"0";"0";"";"0000-00-00";"";"";"2";""
"";"";"63";"";"";"color,radio,color,radio";"frame,Shape,size,Type";"frame,shape,size,Type";"pine-wood:#a3afff,vertical,12x18,fine-art-paper";"";"";"";"";"";"";"0";"0";"0";"0";"5";"1";"";"0";"0";"";"0000-00-00";"";"";"2";""
"";"";"63";"";"";"color,radio,color,radio";"frame,Shape,size,Type";"frame,shape,size,Type";"none:#62ff43,vertical,16x24,fine-art-paper";"";"";"";"";"";"";"0";"0";"0";"0";"5";"1";"";"0";"0";"";"0000-00-00";"";"";"2";""
"";"";"63";"";"";"color,radio,color,radio";"frame,Shape,size,Type";"frame,shape,size,Type";"natural-wood:#ffd083,vertical,16x24,fine-art-paper";"";"";"";"";"";"";"0";"0";"0";"0";"5";"1";"";"0";"0";"";"0000-00-00";"";"";"2";""
"";"";"63";"";"";"color,radio,color,radio";"frame,Shape,size,Type";"frame,shape,size,Type";"dark-wood:#ce6600,vertical,16x24,fine-art-paper";"";"";"";"";"";"";"0";"0";"0";"0";"5";"1";"";"0";"0";"";"0000-00-00";"";"";"2";""
"";"";"63";"";"";"color,radio,color,radio";"frame,Shape,size,Type";"frame,shape,size,Type";"charcol-black:#3b1200,vertical,16x24,fine-art-paper";"";"";"";"";"";"";"0";"0";"0";"0";"5";"1";"";"0";"0";"";"0000-00-00";"";"";"2";""
"";"";"63";"";"";"color,radio,color,radio";"frame,Shape,size,Type";"frame,shape,size,Type";"charcol-white:#e3fffe,vertical,16x24,fine-art-paper";"";"";"";"";"";"";"0";"0";"0";"0";"5";"1";"";"0";"0";"";"0000-00-00";"";"";"2";""
"";"";"63";"";"";"color,radio,color,radio";"frame,Shape,size,Type";"frame,shape,size,Type";"pine-wood:#a3afff,vertical,16x24,fine-art-paper";"";"";"";"";"";"";"0";"0";"0";"0";"5";"1";"";"0";"0";"";"0000-00-00";"";"";"2";""
"";"";"63";"";"";"color,radio,color,radio";"frame,Shape,size,Type";"frame,shape,size,Type";"none:#62ff43,vertical,20x30,fine-art-paper";"";"";"";"";"";"";"0";"0";"0";"0";"5";"1";"";"0";"0";"";"0000-00-00";"";"";"2";""
"";"";"63";"";"";"color,radio,color,radio";"frame,Shape,size,Type";"frame,shape,size,Type";"natural-wood:#ffd083,vertical,20x30,fine-art-paper";"";"";"";"";"";"";"0";"0";"0";"0";"5";"1";"";"0";"0";"";"0000-00-00";"";"";"2";""
"";"";"63";"";"";"color,radio,color,radio";"frame,Shape,size,Type";"frame,shape,size,Type";"dark-wood:#ce6600,vertical,20x30,fine-art-paper";"";"";"";"";"";"";"0";"0";"0";"0";"5";"1";"";"0";"0";"";"0000-00-00";"";"";"2";""
"";"";"63";"";"";"color,radio,color,radio";"frame,Shape,size,Type";"frame,shape,size,Type";"charcol-black:#3b1200,vertical,20x30,fine-art-paper";"";"";"";"";"";"";"0";"0";"0";"0";"5";"1";"";"0";"0";"";"0000-00-00";"";"";"2";""
"";"";"63";"";"";"color,radio,color,radio";"frame,Shape,size,Type";"frame,shape,size,Type";"charcol-white:#e3fffe,vertical,20x30,fine-art-paper";"";"";"";"";"";"";"0";"0";"0";"0";"5";"1";"";"0";"0";"";"0000-00-00";"";"";"2";""
"";"";"63";"";"";"color,radio,color,radio";"frame,Shape,size,Type";"frame,shape,size,Type";"pine-wood:#a3afff,vertical,20x30,fine-art-paper";"";"";"";"";"";"";"0";"0";"0";"0";"5";"1";"";"0";"0";"";"0000-00-00";"";"";"2";""
"";"";"63";"";"";"color,radio,color,radio";"frame,Shape,size,Type";"frame,shape,size,Type";"none:#62ff43,vertical,24x36,fine-art-paper";"";"";"";"";"";"";"0";"0";"0";"0";"5";"1";"";"0";"0";"";"0000-00-00";"";"";"2";""
"";"";"63";"";"";"color,radio,color,radio";"frame,Shape,size,Type";"frame,shape,size,Type";"natural-wood:#ffd083,vertical,24x36,fine-art-paper";"";"";"";"";"";"";"0";"0";"0";"0";"5";"1";"";"0";"0";"";"0000-00-00";"";"";"2";""
"";"";"63";"";"";"color,radio,color,radio";"frame,Shape,size,Type";"frame,shape,size,Type";"dark-wood:#ce6600,vertical,24x36,fine-art-paper";"";"";"";"";"";"";"0";"0";"0";"0";"5";"1";"";"0";"0";"";"0000-00-00";"";"";"2";""
"";"";"63";"";"";"color,radio,color,radio";"frame,Shape,size,Type";"frame,shape,size,Type";"charcol-black:#3b1200,vertical,24x36,fine-art-paper";"";"";"";"";"";"";"0";"0";"0";"0";"5";"1";"";"0";"0";"";"0000-00-00";"";"";"2";""
"";"";"63";"";"";"color,radio,color,radio";"frame,Shape,size,Type";"frame,shape,size,Type";"charcol-white:#e3fffe,vertical,24x36,fine-art-paper";"";"";"";"";"";"";"0";"0";"0";"0";"5";"1";"";"0";"0";"";"0000-00-00";"";"";"2";""
"";"";"63";"";"";"color,radio,color,radio";"frame,Shape,size,Type";"frame,shape,size,Type";"pine-wood:#a3afff,vertical,24x36,fine-art-paper";"";"";"";"";"";"";"0";"0";"0";"0";"5";"1";"";"0";"0";"";"0000-00-00";"";"";"2";""
"";"";"63";"";"";"color,radio,color,radio";"frame,Shape,size,Type";"frame,shape,size,Type";"none:#62ff43,vertical,30x45,fine-art-paper";"";"";"";"";"";"";"0";"0";"0";"0";"5";"1";"";"0";"0";"";"0000-00-00";"";"";"2";""
"";"";"63";"";"";"color,radio,color,radio";"frame,Shape,size,Type";"frame,shape,size,Type";"natural-wood:#ffd083,vertical,30x45,fine-art-paper";"";"";"";"";"";"";"0";"0";"0";"0";"5";"1";"";"0";"0";"";"0000-00-00";"";"";"2";""
"";"";"63";"";"";"color,radio,color,radio";"frame,Shape,size,Type";"frame,shape,size,Type";"dark-wood:#ce6600,vertical,30x45,fine-art-paper";"";"";"";"";"";"";"0";"0";"0";"0";"5";"1";"";"0";"0";"";"0000-00-00";"";"";"2";""
"";"";"63";"";"";"color,radio,color,radio";"frame,Shape,size,Type";"frame,shape,size,Type";"charcol-black:#3b1200,vertical,30x45,fine-art-paper";"";"";"";"";"";"";"0";"0";"0";"0";"5";"1";"";"0";"0";"";"0000-00-00";"";"";"2";""
"";"";"63";"";"";"color,radio,color,radio";"frame,Shape,size,Type";"frame,shape,size,Type";"charcol-white:#e3fffe,vertical,30x45,fine-art-paper";"";"";"";"";"";"";"0";"0";"0";"0";"5";"1";"";"0";"0";"";"0000-00-00";"";"";"2";""
"";"";"63";"";"";"color,radio,color,radio";"frame,Shape,size,Type";"frame,shape,size,Type";"pine-wood:#a3afff,vertical,30x45,fine-art-paper";"";"";"";"";"";"";"0";"0";"0";"0";"5";"1";"";"0";"0";"";"0000-00-00";"";"";"2";""
"";"";"66";"";"";"color,radio,color,radio";"frame,Shape,size,Type";"frame,shape,size,Type";"none:#62ff43,vertical,10x15,canvas";"";"";"";"";"";"";"0";"0";"0";"0";"5";"1";"";"0";"0";"1";"0000-00-00";"";"";"2";""
"";"";"66";"";"";"color,radio,color,radio";"frame,Shape,size,Type";"frame,shape,size,Type";"natural-wood:#ffd083,vertical,10x15,canvas";"";"";"";"";"";"";"0";"0";"0";"0";"5";"1";"";"0";"0";"";"0000-00-00";"";"";"2";""
"";"";"66";"";"";"color,radio,color,radio";"frame,Shape,size,Type";"frame,shape,size,Type";"dark-wood:#ce6600,vertical,10x15,canvas";"";"";"";"";"";"";"0";"0";"0";"0";"5";"1";"";"0";"0";"";"0000-00-00";"";"";"2";""
"";"";"66";"";"";"color,radio,color,radio";"frame,Shape,size,Type";"frame,shape,size,Type";"charcol-black:#3b1200,vertical,10x15,canvas";"";"";"";"";"";"";"0";"0";"0";"0";"5";"1";"";"0";"0";"";"0000-00-00";"";"";"2";""
"";"";"66";"";"";"color,radio,color,radio";"frame,Shape,size,Type";"frame,shape,size,Type";"charcol-white:#e3fffe,vertical,10x15,canvas";"";"";"";"";"";"";"0";"0";"0";"0";"5";"1";"";"0";"0";"";"0000-00-00";"";"";"2";""
"";"";"66";"";"";"color,radio,color,radio";"frame,Shape,size,Type";"frame,shape,size,Type";"pine-wood:#a3afff,vertical,10x15,canvas";"";"";"";"";"";"";"0";"0";"0";"0";"5";"1";"";"0";"0";"";"0000-00-00";"";"";"2";""
"";"";"66";"";"";"color,radio,color,radio";"frame,Shape,size,Type";"frame,shape,size,Type";"none:#62ff43,vertical,12x18,canvas";"";"";"";"";"";"";"0";"0";"0";"0";"5";"1";"";"0";"0";"";"0000-00-00";"";"";"2";""
"";"";"66";"";"";"color,radio,color,radio";"frame,Shape,size,Type";"frame,shape,size,Type";"natural-wood:#ffd083,vertical,12x18,canvas";"";"";"";"";"";"";"0";"0";"0";"0";"5";"1";"";"0";"0";"";"0000-00-00";"";"";"2";""
"";"";"66";"";"";"color,radio,color,radio";"frame,Shape,size,Type";"frame,shape,size,Type";"dark-wood:#ce6600,vertical,12x18,canvas";"";"";"";"";"";"";"0";"0";"0";"0";"5";"1";"";"0";"0";"";"0000-00-00";"";"";"2";""
"";"";"66";"";"";"color,radio,color,radio";"frame,Shape,size,Type";"frame,shape,size,Type";"charcol-black:#3b1200,vertical,12x18,canvas";"";"";"";"";"";"";"0";"0";"0";"0";"5";"1";"";"0";"0";"";"0000-00-00";"";"";"2";""
"";"";"66";"";"";"color,radio,color,radio";"frame,Shape,size,Type";"frame,shape,size,Type";"charcol-white:#e3fffe,vertical,12x18,canvas";"";"";"";"";"";"";"0";"0";"0";"0";"5";"1";"";"0";"0";"";"0000-00-00";"";"";"2";""
"";"";"66";"";"";"color,radio,color,radio";"frame,Shape,size,Type";"frame,shape,size,Type";"pine-wood:#a3afff,vertical,12x18,canvas";"";"";"";"";"";"";"0";"0";"0";"0";"5";"1";"";"0";"0";"";"0000-00-00";"";"";"2";""
"";"";"66";"";"";"color,radio,color,radio";"frame,Shape,size,Type";"frame,shape,size,Type";"none:#62ff43,vertical,16x24,canvas";"";"";"";"";"";"";"0";"0";"0";"0";"5";"1";"";"0";"0";"";"0000-00-00";"";"";"2";""
"";"";"66";"";"";"color,radio,color,radio";"frame,Shape,size,Type";"frame,shape,size,Type";"natural-wood:#ffd083,vertical,16x24,canvas";"";"";"";"";"";"";"0";"0";"0";"0";"5";"1";"";"0";"0";"";"0000-00-00";"";"";"2";""
"";"";"66";"";"";"color,radio,color,radio";"frame,Shape,size,Type";"frame,shape,size,Type";"dark-wood:#ce6600,vertical,16x24,canvas";"";"";"";"";"";"";"0";"0";"0";"0";"5";"1";"";"0";"0";"";"0000-00-00";"";"";"2";""
"";"";"66";"";"";"color,radio,color,radio";"frame,Shape,size,Type";"frame,shape,size,Type";"charcol-black:#3b1200,vertical,16x24,canvas";"";"";"";"";"";"";"0";"0";"0";"0";"5";"1";"";"0";"0";"";"0000-00-00";"";"";"2";""
"";"";"66";"";"";"color,radio,color,radio";"frame,Shape,size,Type";"frame,shape,size,Type";"charcol-white:#e3fffe,vertical,16x24,canvas";"";"";"";"";"";"";"0";"0";"0";"0";"5";"1";"";"0";"0";"";"0000-00-00";"";"";"2";""
"";"";"66";"";"";"color,radio,color,radio";"frame,Shape,size,Type";"frame,shape,size,Type";"pine-wood:#a3afff,vertical,16x24,canvas";"";"";"";"";"";"";"0";"0";"0";"0";"5";"1";"";"0";"0";"";"0000-00-00";"";"";"2";""
"";"";"66";"";"";"color,radio,color,radio";"frame,Shape,size,Type";"frame,shape,size,Type";"none:#62ff43,vertical,20x30,canvas";"";"";"";"";"";"";"0";"0";"0";"0";"5";"1";"";"0";"0";"";"0000-00-00";"";"";"2";""
"";"";"66";"";"";"color,radio,color,radio";"frame,Shape,size,Type";"frame,shape,size,Type";"natural-wood:#ffd083,vertical,20x30,canvas";"";"";"";"";"";"";"0";"0";"0";"0";"5";"1";"";"0";"0";"";"0000-00-00";"";"";"2";""
"";"";"66";"";"";"color,radio,color,radio";"frame,Shape,size,Type";"frame,shape,size,Type";"dark-wood:#ce6600,vertical,20x30,canvas";"";"";"";"";"";"";"0";"0";"0";"0";"5";"1";"";"0";"0";"";"0000-00-00";"";"";"2";""
"";"";"66";"";"";"color,radio,color,radio";"frame,Shape,size,Type";"frame,shape,size,Type";"charcol-black:#3b1200,vertical,20x30,canvas";"";"";"";"";"";"";"0";"0";"0";"0";"5";"1";"";"0";"0";"";"0000-00-00";"";"";"2";""
"";"";"66";"";"";"color,radio,color,radio";"frame,Shape,size,Type";"frame,shape,size,Type";"charcol-white:#e3fffe,vertical,20x30,canvas";"";"";"";"";"";"";"0";"0";"0";"0";"5";"1";"";"0";"0";"";"0000-00-00";"";"";"2";""
"";"";"66";"";"";"color,radio,color,radio";"frame,Shape,size,Type";"frame,shape,size,Type";"pine-wood:#a3afff,vertical,20x30,canvas";"";"";"";"";"";"";"0";"0";"0";"0";"5";"1";"";"0";"0";"";"0000-00-00";"";"";"2";""
"";"";"66";"";"";"color,radio,color,radio";"frame,Shape,size,Type";"frame,shape,size,Type";"none:#62ff43,vertical,24x36,canvas";"";"";"";"";"";"";"0";"0";"0";"0";"5";"1";"";"0";"0";"";"0000-00-00";"";"";"2";""
"";"";"66";"";"";"color,radio,color,radio";"frame,Shape,size,Type";"frame,shape,size,Type";"natural-wood:#ffd083,vertical,24x36,canvas";"";"";"";"";"";"";"0";"0";"0";"0";"5";"1";"";"0";"0";"";"0000-00-00";"";"";"2";""
"";"";"66";"";"";"color,radio,color,radio";"frame,Shape,size,Type";"frame,shape,size,Type";"dark-wood:#ce6600,vertical,24x36,canvas";"";"";"";"";"";"";"0";"0";"0";"0";"5";"1";"";"0";"0";"";"0000-00-00";"";"";"2";""
"";"";"66";"";"";"color,radio,color,radio";"frame,Shape,size,Type";"frame,shape,size,Type";"charcol-black:#3b1200,vertical,24x36,canvas";"";"";"";"";"";"";"0";"0";"0";"0";"5";"1";"";"0";"0";"";"0000-00-00";"";"";"2";""
"";"";"66";"";"";"color,radio,color,radio";"frame,Shape,size,Type";"frame,shape,size,Type";"charcol-white:#e3fffe,vertical,24x36,canvas";"";"";"";"";"";"";"0";"0";"0";"0";"5";"1";"";"0";"0";"";"0000-00-00";"";"";"2";""
"";"";"66";"";"";"color,radio,color,radio";"frame,Shape,size,Type";"frame,shape,size,Type";"pine-wood:#a3afff,vertical,24x36,canvas";"";"";"";"";"";"";"0";"0";"0";"0";"5";"1";"";"0";"0";"";"0000-00-00";"";"";"2";""
"";"";"66";"";"";"color,radio,color,radio";"frame,Shape,size,Type";"frame,shape,size,Type";"none:#62ff43,vertical,30x45,canvas";"";"";"";"";"";"";"0";"0";"0";"0";"5";"1";"";"0";"0";"";"0000-00-00";"";"";"2";""
"";"";"66";"";"";"color,radio,color,radio";"frame,Shape,size,Type";"frame,shape,size,Type";"natural-wood:#ffd083,vertical,30x45,canvas";"";"";"";"";"";"";"0";"0";"0";"0";"5";"1";"";"0";"0";"";"0000-00-00";"";"";"2";""
"";"";"66";"";"";"color,radio,color,radio";"frame,Shape,size,Type";"frame,shape,size,Type";"dark-wood:#ce6600,vertical,30x45,canvas";"";"";"";"";"";"";"0";"0";"0";"0";"5";"1";"";"0";"0";"";"0000-00-00";"";"";"2";""
"";"";"66";"";"";"color,radio,color,radio";"frame,Shape,size,Type";"frame,shape,size,Type";"charcol-black:#3b1200,vertical,30x45,canvas";"";"";"";"";"";"";"0";"0";"0";"0";"5";"1";"";"0";"0";"";"0000-00-00";"";"";"2";""
"";"";"66";"";"";"color,radio,color,radio";"frame,Shape,size,Type";"frame,shape,size,Type";"charcol-white:#e3fffe,vertical,30x45,canvas";"";"";"";"";"";"";"0";"0";"0";"0";"5";"1";"";"0";"0";"";"0000-00-00";"";"";"2";""
"";"";"66";"";"";"color,radio,color,radio";"frame,Shape,size,Type";"frame,shape,size,Type";"pine-wood:#a3afff,vertical,30x45,canvas";"";"";"";"";"";"";"0";"0";"0";"0";"5";"1";"";"0";"0";"";"0000-00-00";"";"";"2";""
"";"";"66";"";"";"color,radio,color,radio";"frame,Shape,size,Type";"frame,shape,size,Type";"none:#62ff43,vertical,10x15,fine-art-paper";"";"";"";"";"";"";"0";"0";"0";"0";"5";"1";"";"0";"0";"";"0000-00-00";"";"";"2";""
"";"";"66";"";"";"color,radio,color,radio";"frame,Shape,size,Type";"frame,shape,size,Type";"natural-wood:#ffd083,vertical,10x15,fine-art-paper";"";"";"";"";"";"";"0";"0";"0";"0";"5";"1";"";"0";"0";"";"0000-00-00";"";"";"2";""
"";"";"66";"";"";"color,radio,color,radio";"frame,Shape,size,Type";"frame,shape,size,Type";"dark-wood:#ce6600,vertical,10x15,fine-art-paper";"";"";"";"";"";"";"0";"0";"0";"0";"5";"1";"";"0";"0";"";"0000-00-00";"";"";"2";""
"";"";"66";"";"";"color,radio,color,radio";"frame,Shape,size,Type";"frame,shape,size,Type";"charcol-black:#3b1200,vertical,10x15,fine-art-paper";"";"";"";"";"";"";"0";"0";"0";"0";"5";"1";"";"0";"0";"";"0000-00-00";"";"";"2";""
"";"";"66";"";"";"color,radio,color,radio";"frame,Shape,size,Type";"frame,shape,size,Type";"charcol-white:#e3fffe,vertical,10x15,fine-art-paper";"";"";"";"";"";"";"0";"0";"0";"0";"5";"1";"";"0";"0";"";"0000-00-00";"";"";"2";""
"";"";"66";"";"";"color,radio,color,radio";"frame,Shape,size,Type";"frame,shape,size,Type";"pine-wood:#a3afff,vertical,10x15,fine-art-paper";"";"";"";"";"";"";"0";"0";"0";"0";"5";"1";"";"0";"0";"";"0000-00-00";"";"";"2";""
"";"";"66";"";"";"color,radio,color,radio";"frame,Shape,size,Type";"frame,shape,size,Type";"none:#62ff43,vertical,12x18,fine-art-paper";"";"";"";"";"";"";"0";"0";"0";"0";"5";"1";"";"0";"0";"";"0000-00-00";"";"";"2";""
"";"";"66";"";"";"color,radio,color,radio";"frame,Shape,size,Type";"frame,shape,size,Type";"natural-wood:#ffd083,vertical,12x18,fine-art-paper";"";"";"";"";"";"";"0";"0";"0";"0";"5";"1";"";"0";"0";"";"0000-00-00";"";"";"2";""
"";"";"66";"";"";"color,radio,color,radio";"frame,Shape,size,Type";"frame,shape,size,Type";"dark-wood:#ce6600,vertical,12x18,fine-art-paper";"";"";"";"";"";"";"0";"0";"0";"0";"5";"1";"";"0";"0";"";"0000-00-00";"";"";"2";""
"";"";"66";"";"";"color,radio,color,radio";"frame,Shape,size,Type";"frame,shape,size,Type";"charcol-black:#3b1200,vertical,12x18,fine-art-paper";"";"";"";"";"";"";"0";"0";"0";"0";"5";"1";"";"0";"0";"";"0000-00-00";"";"";"2";""
"";"";"66";"";"";"color,radio,color,radio";"frame,Shape,size,Type";"frame,shape,size,Type";"charcol-white:#e3fffe,vertical,12x18,fine-art-paper";"";"";"";"";"";"";"0";"0";"0";"0";"5";"1";"";"0";"0";"";"0000-00-00";"";"";"2";""
"";"";"66";"";"";"color,radio,color,radio";"frame,Shape,size,Type";"frame,shape,size,Type";"pine-wood:#a3afff,vertical,12x18,fine-art-paper";"";"";"";"";"";"";"0";"0";"0";"0";"5";"1";"";"0";"0";"";"0000-00-00";"";"";"2";""
"";"";"66";"";"";"color,radio,color,radio";"frame,Shape,size,Type";"frame,shape,size,Type";"none:#62ff43,vertical,16x24,fine-art-paper";"";"";"";"";"";"";"0";"0";"0";"0";"5";"1";"";"0";"0";"";"0000-00-00";"";"";"2";""
"";"";"66";"";"";"color,radio,color,radio";"frame,Shape,size,Type";"frame,shape,size,Type";"natural-wood:#ffd083,vertical,16x24,fine-art-paper";"";"";"";"";"";"";"0";"0";"0";"0";"5";"1";"";"0";"0";"";"0000-00-00";"";"";"2";""
"";"";"66";"";"";"color,radio,color,radio";"frame,Shape,size,Type";"frame,shape,size,Type";"dark-wood:#ce6600,vertical,16x24,fine-art-paper";"";"";"";"";"";"";"0";"0";"0";"0";"5";"1";"";"0";"0";"";"0000-00-00";"";"";"2";""
"";"";"66";"";"";"color,radio,color,radio";"frame,Shape,size,Type";"frame,shape,size,Type";"charcol-black:#3b1200,vertical,16x24,fine-art-paper";"";"";"";"";"";"";"0";"0";"0";"0";"5";"1";"";"0";"0";"";"0000-00-00";"";"";"2";""
"";"";"66";"";"";"color,radio,color,radio";"frame,Shape,size,Type";"frame,shape,size,Type";"charcol-white:#e3fffe,vertical,16x24,fine-art-paper";"";"";"";"";"";"";"0";"0";"0";"0";"5";"1";"";"0";"0";"";"0000-00-00";"";"";"2";""
"";"";"66";"";"";"color,radio,color,radio";"frame,Shape,size,Type";"frame,shape,size,Type";"pine-wood:#a3afff,vertical,16x24,fine-art-paper";"";"";"";"";"";"";"0";"0";"0";"0";"5";"1";"";"0";"0";"";"0000-00-00";"";"";"2";""
"";"";"66";"";"";"color,radio,color,radio";"frame,Shape,size,Type";"frame,shape,size,Type";"none:#62ff43,vertical,20x30,fine-art-paper";"";"";"";"";"";"";"0";"0";"0";"0";"5";"1";"";"0";"0";"";"0000-00-00";"";"";"2";""
"";"";"66";"";"";"color,radio,color,radio";"frame,Shape,size,Type";"frame,shape,size,Type";"natural-wood:#ffd083,vertical,20x30,fine-art-paper";"";"";"";"";"";"";"0";"0";"0";"0";"5";"1";"";"0";"0";"";"0000-00-00";"";"";"2";""
"";"";"66";"";"";"color,radio,color,radio";"frame,Shape,size,Type";"frame,shape,size,Type";"dark-wood:#ce6600,vertical,20x30,fine-art-paper";"";"";"";"";"";"";"0";"0";"0";"0";"5";"1";"";"0";"0";"";"0000-00-00";"";"";"2";""
"";"";"66";"";"";"color,radio,color,radio";"frame,Shape,size,Type";"frame,shape,size,Type";"charcol-black:#3b1200,vertical,20x30,fine-art-paper";"";"";"";"";"";"";"0";"0";"0";"0";"5";"1";"";"0";"0";"";"0000-00-00";"";"";"2";""
"";"";"66";"";"";"color,radio,color,radio";"frame,Shape,size,Type";"frame,shape,size,Type";"charcol-white:#e3fffe,vertical,20x30,fine-art-paper";"";"";"";"";"";"";"0";"0";"0";"0";"5";"1";"";"0";"0";"";"0000-00-00";"";"";"2";""
"";"";"66";"";"";"color,radio,color,radio";"frame,Shape,size,Type";"frame,shape,size,Type";"pine-wood:#a3afff,vertical,20x30,fine-art-paper";"";"";"";"";"";"";"0";"0";"0";"0";"5";"1";"";"0";"0";"";"0000-00-00";"";"";"2";""
"";"";"66";"";"";"color,radio,color,radio";"frame,Shape,size,Type";"frame,shape,size,Type";"none:#62ff43,vertical,24x36,fine-art-paper";"";"";"";"";"";"";"0";"0";"0";"0";"5";"1";"";"0";"0";"";"0000-00-00";"";"";"2";""
"";"";"66";"";"";"color,radio,color,radio";"frame,Shape,size,Type";"frame,shape,size,Type";"natural-wood:#ffd083,vertical,24x36,fine-art-paper";"";"";"";"";"";"";"0";"0";"0";"0";"5";"1";"";"0";"0";"";"0000-00-00";"";"";"2";""
"";"";"66";"";"";"color,radio,color,radio";"frame,Shape,size,Type";"frame,shape,size,Type";"dark-wood:#ce6600,vertical,24x36,fine-art-paper";"";"";"";"";"";"";"0";"0";"0";"0";"5";"1";"";"0";"0";"";"0000-00-00";"";"";"2";""
"";"";"66";"";"";"color,radio,color,radio";"frame,Shape,size,Type";"frame,shape,size,Type";"charcol-black:#3b1200,vertical,24x36,fine-art-paper";"";"";"";"";"";"";"0";"0";"0";"0";"5";"1";"";"0";"0";"";"0000-00-00";"";"";"2";""
"";"";"66";"";"";"color,radio,color,radio";"frame,Shape,size,Type";"frame,shape,size,Type";"charcol-white:#e3fffe,vertical,24x36,fine-art-paper";"";"";"";"";"";"";"0";"0";"0";"0";"5";"1";"";"0";"0";"";"0000-00-00";"";"";"2";""
"";"";"66";"";"";"color,radio,color,radio";"frame,Shape,size,Type";"frame,shape,size,Type";"pine-wood:#a3afff,vertical,24x36,fine-art-paper";"";"";"";"";"";"";"0";"0";"0";"0";"5";"1";"";"0";"0";"";"0000-00-00";"";"";"2";""
"";"";"66";"";"";"color,radio,color,radio";"frame,Shape,size,Type";"frame,shape,size,Type";"none:#62ff43,vertical,30x45,fine-art-paper";"";"";"";"";"";"";"0";"0";"0";"0";"5";"1";"";"0";"0";"";"0000-00-00";"";"";"2";""
"";"";"66";"";"";"color,radio,color,radio";"frame,Shape,size,Type";"frame,shape,size,Type";"natural-wood:#ffd083,vertical,30x45,fine-art-paper";"";"";"";"";"";"";"0";"0";"0";"0";"5";"1";"";"0";"0";"";"0000-00-00";"";"";"2";""
"";"";"66";"";"";"color,radio,color,radio";"frame,Shape,size,Type";"frame,shape,size,Type";"dark-wood:#ce6600,vertical,30x45,fine-art-paper";"";"";"";"";"";"";"0";"0";"0";"0";"5";"1";"";"0";"0";"";"0000-00-00";"";"";"2";""
"";"";"66";"";"";"color,radio,color,radio";"frame,Shape,size,Type";"frame,shape,size,Type";"charcol-black:#3b1200,vertical,30x45,fine-art-paper";"";"";"";"";"";"";"0";"0";"0";"0";"5";"1";"";"0";"0";"";"0000-00-00";"";"";"2";""
"";"";"66";"";"";"color,radio,color,radio";"frame,Shape,size,Type";"frame,shape,size,Type";"charcol-white:#e3fffe,vertical,30x45,fine-art-paper";"";"";"";"";"";"";"0";"0";"0";"0";"5";"1";"";"0";"0";"";"0000-00-00";"";"";"2";""
"";"";"66";"";"";"color,radio,color,radio";"frame,Shape,size,Type";"frame,shape,size,Type";"pine-wood:#a3afff,vertical,30x45,fine-art-paper";"";"";"";"";"";"";"0";"0";"0";"0";"5";"1";"";"0";"0";"";"0000-00-00";"";"";"2";""
"";"";"69";"";"";"color,radio,color,radio";"frame,Shape,size,Type";"frame,shape,size,Type";"none:#62ff43,vertical,10x15,canvas";"";"";"";"";"";"";"0";"0";"0";"0";"5";"1";"";"0";"0";"1";"0000-00-00";"";"";"2";""
"";"";"69";"";"";"color,radio,color,radio";"frame,Shape,size,Type";"frame,shape,size,Type";"natural-wood:#ffd083,vertical,10x15,canvas";"";"";"";"";"";"";"0";"0";"0";"0";"5";"1";"";"0";"0";"";"0000-00-00";"";"";"2";""
"";"";"69";"";"";"color,radio,color,radio";"frame,Shape,size,Type";"frame,shape,size,Type";"dark-wood:#ce6600,vertical,10x15,canvas";"";"";"";"";"";"";"0";"0";"0";"0";"5";"1";"";"0";"0";"";"0000-00-00";"";"";"2";""
"";"";"69";"";"";"color,radio,color,radio";"frame,Shape,size,Type";"frame,shape,size,Type";"charcol-black:#3b1200,vertical,10x15,canvas";"";"";"";"";"";"";"0";"0";"0";"0";"5";"1";"";"0";"0";"";"0000-00-00";"";"";"2";""
"";"";"69";"";"";"color,radio,color,radio";"frame,Shape,size,Type";"frame,shape,size,Type";"charcol-white:#e3fffe,vertical,10x15,canvas";"";"";"";"";"";"";"0";"0";"0";"0";"5";"1";"";"0";"0";"";"0000-00-00";"";"";"2";""
"";"";"69";"";"";"color,radio,color,radio";"frame,Shape,size,Type";"frame,shape,size,Type";"pine-wood:#a3afff,vertical,10x15,canvas";"";"";"";"";"";"";"0";"0";"0";"0";"5";"1";"";"0";"0";"";"0000-00-00";"";"";"2";""
"";"";"69";"";"";"color,radio,color,radio";"frame,Shape,size,Type";"frame,shape,size,Type";"none:#62ff43,vertical,12x18,canvas";"";"";"";"";"";"";"0";"0";"0";"0";"5";"1";"";"0";"0";"";"0000-00-00";"";"";"2";""
"";"";"69";"";"";"color,radio,color,radio";"frame,Shape,size,Type";"frame,shape,size,Type";"natural-wood:#ffd083,vertical,12x18,canvas";"";"";"";"";"";"";"0";"0";"0";"0";"5";"1";"";"0";"0";"";"0000-00-00";"";"";"2";""
"";"";"69";"";"";"color,radio,color,radio";"frame,Shape,size,Type";"frame,shape,size,Type";"dark-wood:#ce6600,vertical,12x18,canvas";"";"";"";"";"";"";"0";"0";"0";"0";"5";"1";"";"0";"0";"";"0000-00-00";"";"";"2";""
"";"";"69";"";"";"color,radio,color,radio";"frame,Shape,size,Type";"frame,shape,size,Type";"charcol-black:#3b1200,vertical,12x18,canvas";"";"";"";"";"";"";"0";"0";"0";"0";"5";"1";"";"0";"0";"";"0000-00-00";"";"";"2";""
"";"";"69";"";"";"color,radio,color,radio";"frame,Shape,size,Type";"frame,shape,size,Type";"charcol-white:#e3fffe,vertical,12x18,canvas";"";"";"";"";"";"";"0";"0";"0";"0";"5";"1";"";"0";"0";"";"0000-00-00";"";"";"2";""
"";"";"69";"";"";"color,radio,color,radio";"frame,Shape,size,Type";"frame,shape,size,Type";"pine-wood:#a3afff,vertical,12x18,canvas";"";"";"";"";"";"";"0";"0";"0";"0";"5";"1";"";"0";"0";"";"0000-00-00";"";"";"2";""
"";"";"69";"";"";"color,radio,color,radio";"frame,Shape,size,Type";"frame,shape,size,Type";"none:#62ff43,vertical,16x24,canvas";"";"";"";"";"";"";"0";"0";"0";"0";"5";"1";"";"0";"0";"";"0000-00-00";"";"";"2";""
"";"";"69";"";"";"color,radio,color,radio";"frame,Shape,size,Type";"frame,shape,size,Type";"natural-wood:#ffd083,vertical,16x24,canvas";"";"";"";"";"";"";"0";"0";"0";"0";"5";"1";"";"0";"0";"";"0000-00-00";"";"";"2";""
"";"";"69";"";"";"color,radio,color,radio";"frame,Shape,size,Type";"frame,shape,size,Type";"dark-wood:#ce6600,vertical,16x24,canvas";"";"";"";"";"";"";"0";"0";"0";"0";"5";"1";"";"0";"0";"";"0000-00-00";"";"";"2";""
"";"";"69";"";"";"color,radio,color,radio";"frame,Shape,size,Type";"frame,shape,size,Type";"charcol-black:#3b1200,vertical,16x24,canvas";"";"";"";"";"";"";"0";"0";"0";"0";"5";"1";"";"0";"0";"";"0000-00-00";"";"";"2";""
"";"";"69";"";"";"color,radio,color,radio";"frame,Shape,size,Type";"frame,shape,size,Type";"charcol-white:#e3fffe,vertical,16x24,canvas";"";"";"";"";"";"";"0";"0";"0";"0";"5";"1";"";"0";"0";"";"0000-00-00";"";"";"2";""
"";"";"69";"";"";"color,radio,color,radio";"frame,Shape,size,Type";"frame,shape,size,Type";"pine-wood:#a3afff,vertical,16x24,canvas";"";"";"";"";"";"";"0";"0";"0";"0";"5";"1";"";"0";"0";"";"0000-00-00";"";"";"2";""
"";"";"69";"";"";"color,radio,color,radio";"frame,Shape,size,Type";"frame,shape,size,Type";"none:#62ff43,vertical,20x30,canvas";"";"";"";"";"";"";"0";"0";"0";"0";"5";"1";"";"0";"0";"";"0000-00-00";"";"";"2";""
"";"";"69";"";"";"color,radio,color,radio";"frame,Shape,size,Type";"frame,shape,size,Type";"natural-wood:#ffd083,vertical,20x30,canvas";"";"";"";"";"";"";"0";"0";"0";"0";"5";"1";"";"0";"0";"";"0000-00-00";"";"";"2";""
"";"";"69";"";"";"color,radio,color,radio";"frame,Shape,size,Type";"frame,shape,size,Type";"dark-wood:#ce6600,vertical,20x30,canvas";"";"";"";"";"";"";"0";"0";"0";"0";"5";"1";"";"0";"0";"";"0000-00-00";"";"";"2";""
"";"";"69";"";"";"color,radio,color,radio";"frame,Shape,size,Type";"frame,shape,size,Type";"charcol-black:#3b1200,vertical,20x30,canvas";"";"";"";"";"";"";"0";"0";"0";"0";"5";"1";"";"0";"0";"";"0000-00-00";"";"";"2";""
"";"";"69";"";"";"color,radio,color,radio";"frame,Shape,size,Type";"frame,shape,size,Type";"charcol-white:#e3fffe,vertical,20x30,canvas";"";"";"";"";"";"";"0";"0";"0";"0";"5";"1";"";"0";"0";"";"0000-00-00";"";"";"2";""
"";"";"69";"";"";"color,radio,color,radio";"frame,Shape,size,Type";"frame,shape,size,Type";"pine-wood:#a3afff,vertical,20x30,canvas";"";"";"";"";"";"";"0";"0";"0";"0";"5";"1";"";"0";"0";"";"0000-00-00";"";"";"2";""
"";"";"69";"";"";"color,radio,color,radio";"frame,Shape,size,Type";"frame,shape,size,Type";"none:#62ff43,vertical,24x36,canvas";"";"";"";"";"";"";"0";"0";"0";"0";"5";"1";"";"0";"0";"";"0000-00-00";"";"";"2";""
"";"";"69";"";"";"color,radio,color,radio";"frame,Shape,size,Type";"frame,shape,size,Type";"natural-wood:#ffd083,vertical,24x36,canvas";"";"";"";"";"";"";"0";"0";"0";"0";"5";"1";"";"0";"0";"";"0000-00-00";"";"";"2";""
"";"";"69";"";"";"color,radio,color,radio";"frame,Shape,size,Type";"frame,shape,size,Type";"dark-wood:#ce6600,vertical,24x36,canvas";"";"";"";"";"";"";"0";"0";"0";"0";"5";"1";"";"0";"0";"";"0000-00-00";"";"";"2";""
"";"";"69";"";"";"color,radio,color,radio";"frame,Shape,size,Type";"frame,shape,size,Type";"charcol-black:#3b1200,vertical,24x36,canvas";"";"";"";"";"";"";"0";"0";"0";"0";"5";"1";"";"0";"0";"";"0000-00-00";"";"";"2";""
"";"";"69";"";"";"color,radio,color,radio";"frame,Shape,size,Type";"frame,shape,size,Type";"charcol-white:#e3fffe,vertical,24x36,canvas";"";"";"";"";"";"";"0";"0";"0";"0";"5";"1";"";"0";"0";"";"0000-00-00";"";"";"2";""
"";"";"69";"";"";"color,radio,color,radio";"frame,Shape,size,Type";"frame,shape,size,Type";"pine-wood:#a3afff,vertical,24x36,canvas";"";"";"";"";"";"";"0";"0";"0";"0";"5";"1";"";"0";"0";"";"0000-00-00";"";"";"2";""
"";"";"69";"";"";"color,radio,color,radio";"frame,Shape,size,Type";"frame,shape,size,Type";"none:#62ff43,vertical,30x45,canvas";"";"";"";"";"";"";"0";"0";"0";"0";"5";"1";"";"0";"0";"";"0000-00-00";"";"";"2";""
"";"";"69";"";"";"color,radio,color,radio";"frame,Shape,size,Type";"frame,shape,size,Type";"natural-wood:#ffd083,vertical,30x45,canvas";"";"";"";"";"";"";"0";"0";"0";"0";"5";"1";"";"0";"0";"";"0000-00-00";"";"";"2";""
"";"";"69";"";"";"color,radio,color,radio";"frame,Shape,size,Type";"frame,shape,size,Type";"dark-wood:#ce6600,vertical,30x45,canvas";"";"";"";"";"";"";"0";"0";"0";"0";"5";"1";"";"0";"0";"";"0000-00-00";"";"";"2";""
"";"";"69";"";"";"color,radio,color,radio";"frame,Shape,size,Type";"frame,shape,size,Type";"charcol-black:#3b1200,vertical,30x45,canvas";"";"";"";"";"";"";"0";"0";"0";"0";"5";"1";"";"0";"0";"";"0000-00-00";"";"";"2";""
"";"";"69";"";"";"color,radio,color,radio";"frame,Shape,size,Type";"frame,shape,size,Type";"charcol-white:#e3fffe,vertical,30x45,canvas";"";"";"";"";"";"";"0";"0";"0";"0";"5";"1";"";"0";"0";"";"0000-00-00";"";"";"2";""
"";"";"69";"";"";"color,radio,color,radio";"frame,Shape,size,Type";"frame,shape,size,Type";"pine-wood:#a3afff,vertical,30x45,canvas";"";"";"";"";"";"";"0";"0";"0";"0";"5";"1";"";"0";"0";"";"0000-00-00";"";"";"2";""
"";"";"69";"";"";"color,radio,color,radio";"frame,Shape,size,Type";"frame,shape,size,Type";"none:#62ff43,vertical,10x15,fine-art-paper";"";"";"";"";"";"";"0";"0";"0";"0";"5";"1";"";"0";"0";"";"0000-00-00";"";"";"2";""
"";"";"69";"";"";"color,radio,color,radio";"frame,Shape,size,Type";"frame,shape,size,Type";"natural-wood:#ffd083,vertical,10x15,fine-art-paper";"";"";"";"";"";"";"0";"0";"0";"0";"5";"1";"";"0";"0";"";"0000-00-00";"";"";"2";""
"";"";"69";"";"";"color,radio,color,radio";"frame,Shape,size,Type";"frame,shape,size,Type";"dark-wood:#ce6600,vertical,10x15,fine-art-paper";"";"";"";"";"";"";"0";"0";"0";"0";"5";"1";"";"0";"0";"";"0000-00-00";"";"";"2";""
"";"";"69";"";"";"color,radio,color,radio";"frame,Shape,size,Type";"frame,shape,size,Type";"charcol-black:#3b1200,vertical,10x15,fine-art-paper";"";"";"";"";"";"";"0";"0";"0";"0";"5";"1";"";"0";"0";"";"0000-00-00";"";"";"2";""
"";"";"69";"";"";"color,radio,color,radio";"frame,Shape,size,Type";"frame,shape,size,Type";"charcol-white:#e3fffe,vertical,10x15,fine-art-paper";"";"";"";"";"";"";"0";"0";"0";"0";"5";"1";"";"0";"0";"";"0000-00-00";"";"";"2";""
"";"";"69";"";"";"color,radio,color,radio";"frame,Shape,size,Type";"frame,shape,size,Type";"pine-wood:#a3afff,vertical,10x15,fine-art-paper";"";"";"";"";"";"";"0";"0";"0";"0";"5";"1";"";"0";"0";"";"0000-00-00";"";"";"2";""
"";"";"69";"";"";"color,radio,color,radio";"frame,Shape,size,Type";"frame,shape,size,Type";"none:#62ff43,vertical,12x18,fine-art-paper";"";"";"";"";"";"";"0";"0";"0";"0";"5";"1";"";"0";"0";"";"0000-00-00";"";"";"2";""
"";"";"69";"";"";"color,radio,color,radio";"frame,Shape,size,Type";"frame,shape,size,Type";"natural-wood:#ffd083,vertical,12x18,fine-art-paper";"";"";"";"";"";"";"0";"0";"0";"0";"5";"1";"";"0";"0";"";"0000-00-00";"";"";"2";""
"";"";"69";"";"";"color,radio,color,radio";"frame,Shape,size,Type";"frame,shape,size,Type";"dark-wood:#ce6600,vertical,12x18,fine-art-paper";"";"";"";"";"";"";"0";"0";"0";"0";"5";"1";"";"0";"0";"";"0000-00-00";"";"";"2";""
"";"";"69";"";"";"color,radio,color,radio";"frame,Shape,size,Type";"frame,shape,size,Type";"charcol-black:#3b1200,vertical,12x18,fine-art-paper";"";"";"";"";"";"";"0";"0";"0";"0";"5";"1";"";"0";"0";"";"0000-00-00";"";"";"2";""
"";"";"69";"";"";"color,radio,color,radio";"frame,Shape,size,Type";"frame,shape,size,Type";"charcol-white:#e3fffe,vertical,12x18,fine-art-paper";"";"";"";"";"";"";"0";"0";"0";"0";"5";"1";"";"0";"0";"";"0000-00-00";"";"";"2";""
"";"";"69";"";"";"color,radio,color,radio";"frame,Shape,size,Type";"frame,shape,size,Type";"pine-wood:#a3afff,vertical,12x18,fine-art-paper";"";"";"";"";"";"";"0";"0";"0";"0";"5";"1";"";"0";"0";"";"0000-00-00";"";"";"2";""
"";"";"69";"";"";"color,radio,color,radio";"frame,Shape,size,Type";"frame,shape,size,Type";"none:#62ff43,vertical,16x24,fine-art-paper";"";"";"";"";"";"";"0";"0";"0";"0";"5";"1";"";"0";"0";"";"0000-00-00";"";"";"2";""
"";"";"69";"";"";"color,radio,color,radio";"frame,Shape,size,Type";"frame,shape,size,Type";"natural-wood:#ffd083,vertical,16x24,fine-art-paper";"";"";"";"";"";"";"0";"0";"0";"0";"5";"1";"";"0";"0";"";"0000-00-00";"";"";"2";""
"";"";"69";"";"";"color,radio,color,radio";"frame,Shape,size,Type";"frame,shape,size,Type";"dark-wood:#ce6600,vertical,16x24,fine-art-paper";"";"";"";"";"";"";"0";"0";"0";"0";"5";"1";"";"0";"0";"";"0000-00-00";"";"";"2";""
"";"";"69";"";"";"color,radio,color,radio";"frame,Shape,size,Type";"frame,shape,size,Type";"charcol-black:#3b1200,vertical,16x24,fine-art-paper";"";"";"";"";"";"";"0";"0";"0";"0";"5";"1";"";"0";"0";"";"0000-00-00";"";"";"2";""
"";"";"69";"";"";"color,radio,color,radio";"frame,Shape,size,Type";"frame,shape,size,Type";"charcol-white:#e3fffe,vertical,16x24,fine-art-paper";"";"";"";"";"";"";"0";"0";"0";"0";"5";"1";"";"0";"0";"";"0000-00-00";"";"";"2";""
"";"";"69";"";"";"color,radio,color,radio";"frame,Shape,size,Type";"frame,shape,size,Type";"pine-wood:#a3afff,vertical,16x24,fine-art-paper";"";"";"";"";"";"";"0";"0";"0";"0";"5";"1";"";"0";"0";"";"0000-00-00";"";"";"2";""
"";"";"69";"";"";"color,radio,color,radio";"frame,Shape,size,Type";"frame,shape,size,Type";"none:#62ff43,vertical,20x30,fine-art-paper";"";"";"";"";"";"";"0";"0";"0";"0";"5";"1";"";"0";"0";"";"0000-00-00";"";"";"2";""
"";"";"69";"";"";"color,radio,color,radio";"frame,Shape,size,Type";"frame,shape,size,Type";"natural-wood:#ffd083,vertical,20x30,fine-art-paper";"";"";"";"";"";"";"0";"0";"0";"0";"5";"1";"";"0";"0";"";"0000-00-00";"";"";"2";""
"";"";"69";"";"";"color,radio,color,radio";"frame,Shape,size,Type";"frame,shape,size,Type";"dark-wood:#ce6600,vertical,20x30,fine-art-paper";"";"";"";"";"";"";"0";"0";"0";"0";"5";"1";"";"0";"0";"";"0000-00-00";"";"";"2";""
"";"";"69";"";"";"color,radio,color,radio";"frame,Shape,size,Type";"frame,shape,size,Type";"charcol-black:#3b1200,vertical,20x30,fine-art-paper";"";"";"";"";"";"";"0";"0";"0";"0";"5";"1";"";"0";"0";"";"0000-00-00";"";"";"2";""
"";"";"69";"";"";"color,radio,color,radio";"frame,Shape,size,Type";"frame,shape,size,Type";"charcol-white:#e3fffe,vertical,20x30,fine-art-paper";"";"";"";"";"";"";"0";"0";"0";"0";"5";"1";"";"0";"0";"";"0000-00-00";"";"";"2";""
"";"";"69";"";"";"color,radio,color,radio";"frame,Shape,size,Type";"frame,shape,size,Type";"pine-wood:#a3afff,vertical,20x30,fine-art-paper";"";"";"";"";"";"";"0";"0";"0";"0";"5";"1";"";"0";"0";"";"0000-00-00";"";"";"2";""
"";"";"69";"";"";"color,radio,color,radio";"frame,Shape,size,Type";"frame,shape,size,Type";"none:#62ff43,vertical,24x36,fine-art-paper";"";"";"";"";"";"";"0";"0";"0";"0";"5";"1";"";"0";"0";"";"0000-00-00";"";"";"2";""
"";"";"69";"";"";"color,radio,color,radio";"frame,Shape,size,Type";"frame,shape,size,Type";"natural-wood:#ffd083,vertical,24x36,fine-art-paper";"";"";"";"";"";"";"0";"0";"0";"0";"5";"1";"";"0";"0";"";"0000-00-00";"";"";"2";""
"";"";"69";"";"";"color,radio,color,radio";"frame,Shape,size,Type";"frame,shape,size,Type";"dark-wood:#ce6600,vertical,24x36,fine-art-paper";"";"";"";"";"";"";"0";"0";"0";"0";"5";"1";"";"0";"0";"";"0000-00-00";"";"";"2";""
"";"";"69";"";"";"color,radio,color,radio";"frame,Shape,size,Type";"frame,shape,size,Type";"charcol-black:#3b1200,vertical,24x36,fine-art-paper";"";"";"";"";"";"";"0";"0";"0";"0";"5";"1";"";"0";"0";"";"0000-00-00";"";"";"2";""
"";"";"69";"";"";"color,radio,color,radio";"frame,Shape,size,Type";"frame,shape,size,Type";"charcol-white:#e3fffe,vertical,24x36,fine-art-paper";"";"";"";"";"";"";"0";"0";"0";"0";"5";"1";"";"0";"0";"";"0000-00-00";"";"";"2";""
"";"";"69";"";"";"color,radio,color,radio";"frame,Shape,size,Type";"frame,shape,size,Type";"pine-wood:#a3afff,vertical,24x36,fine-art-paper";"";"";"";"";"";"";"0";"0";"0";"0";"5";"1";"";"0";"0";"";"0000-00-00";"";"";"2";""
"";"";"69";"";"";"color,radio,color,radio";"frame,Shape,size,Type";"frame,shape,size,Type";"none:#62ff43,vertical,30x45,fine-art-paper";"";"";"";"";"";"";"0";"0";"0";"0";"5";"1";"";"0";"0";"";"0000-00-00";"";"";"2";""
"";"";"69";"";"";"color,radio,color,radio";"frame,Shape,size,Type";"frame,shape,size,Type";"natural-wood:#ffd083,vertical,30x45,fine-art-paper";"";"";"";"";"";"";"0";"0";"0";"0";"5";"1";"";"0";"0";"";"0000-00-00";"";"";"2";""
"";"";"69";"";"";"color,radio,color,radio";"frame,Shape,size,Type";"frame,shape,size,Type";"dark-wood:#ce6600,vertical,30x45,fine-art-paper";"";"";"";"";"";"";"0";"0";"0";"0";"5";"1";"";"0";"0";"";"0000-00-00";"";"";"2";""
"";"";"69";"";"";"color,radio,color,radio";"frame,Shape,size,Type";"frame,shape,size,Type";"charcol-black:#3b1200,vertical,30x45,fine-art-paper";"";"";"";"";"";"";"0";"0";"0";"0";"5";"1";"";"0";"0";"";"0000-00-00";"";"";"2";""
"";"";"69";"";"";"color,radio,color,radio";"frame,Shape,size,Type";"frame,shape,size,Type";"charcol-white:#e3fffe,vertical,30x45,fine-art-paper";"";"";"";"";"";"";"0";"0";"0";"0";"5";"1";"";"0";"0";"";"0000-00-00";"";"";"2";""
"";"";"69";"";"";"color,radio,color,radio";"frame,Shape,size,Type";"frame,shape,size,Type";"pine-wood:#a3afff,vertical,30x45,fine-art-paper";"";"";"";"";"";"";"0";"0";"0";"0";"5";"1";"";"0";"0";"";"0000-00-00";"";"";"2";""
"";"";"72";"";"";"color,radio,color,radio";"frame,Shape,size,Type";"frame,shape,size,Type";"none:#62ff43,vertical,10x15,canvas";"";"";"";"";"";"";"0";"0";"0";"0";"5";"1";"";"0";"0";"1";"0000-00-00";"";"";"2";""
"";"";"72";"";"";"color,radio,color,radio";"frame,Shape,size,Type";"frame,shape,size,Type";"natural-wood:#ffd083,vertical,10x15,canvas";"";"";"";"";"";"";"0";"0";"0";"0";"5";"1";"";"0";"0";"";"0000-00-00";"";"";"2";""
"";"";"72";"";"";"color,radio,color,radio";"frame,Shape,size,Type";"frame,shape,size,Type";"dark-wood:#ce6600,vertical,10x15,canvas";"";"";"";"";"";"";"0";"0";"0";"0";"5";"1";"";"0";"0";"";"0000-00-00";"";"";"2";""
"";"";"72";"";"";"color,radio,color,radio";"frame,Shape,size,Type";"frame,shape,size,Type";"charcol-black:#3b1200,vertical,10x15,canvas";"";"";"";"";"";"";"0";"0";"0";"0";"5";"1";"";"0";"0";"";"0000-00-00";"";"";"2";""
"";"";"72";"";"";"color,radio,color,radio";"frame,Shape,size,Type";"frame,shape,size,Type";"charcol-white:#e3fffe,vertical,10x15,canvas";"";"";"";"";"";"";"0";"0";"0";"0";"5";"1";"";"0";"0";"";"0000-00-00";"";"";"2";""
"";"";"72";"";"";"color,radio,color,radio";"frame,Shape,size,Type";"frame,shape,size,Type";"pine-wood:#a3afff,vertical,10x15,canvas";"";"";"";"";"";"";"0";"0";"0";"0";"5";"1";"";"0";"0";"";"0000-00-00";"";"";"2";""
"";"";"72";"";"";"color,radio,color,radio";"frame,Shape,size,Type";"frame,shape,size,Type";"none:#62ff43,vertical,12x18,canvas";"";"";"";"";"";"";"0";"0";"0";"0";"5";"1";"";"0";"0";"";"0000-00-00";"";"";"2";""
"";"";"72";"";"";"color,radio,color,radio";"frame,Shape,size,Type";"frame,shape,size,Type";"natural-wood:#ffd083,vertical,12x18,canvas";"";"";"";"";"";"";"0";"0";"0";"0";"5";"1";"";"0";"0";"";"0000-00-00";"";"";"2";""
"";"";"72";"";"";"color,radio,color,radio";"frame,Shape,size,Type";"frame,shape,size,Type";"dark-wood:#ce6600,vertical,12x18,canvas";"";"";"";"";"";"";"0";"0";"0";"0";"5";"1";"";"0";"0";"";"0000-00-00";"";"";"2";""
"";"";"72";"";"";"color,radio,color,radio";"frame,Shape,size,Type";"frame,shape,size,Type";"charcol-black:#3b1200,vertical,12x18,canvas";"";"";"";"";"";"";"0";"0";"0";"0";"5";"1";"";"0";"0";"";"0000-00-00";"";"";"2";""
"";"";"72";"";"";"color,radio,color,radio";"frame,Shape,size,Type";"frame,shape,size,Type";"charcol-white:#e3fffe,vertical,12x18,canvas";"";"";"";"";"";"";"0";"0";"0";"0";"5";"1";"";"0";"0";"";"0000-00-00";"";"";"2";""
"";"";"72";"";"";"color,radio,color,radio";"frame,Shape,size,Type";"frame,shape,size,Type";"pine-wood:#a3afff,vertical,12x18,canvas";"";"";"";"";"";"";"0";"0";"0";"0";"5";"1";"";"0";"0";"";"0000-00-00";"";"";"2";""
"";"";"72";"";"";"color,radio,color,radio";"frame,Shape,size,Type";"frame,shape,size,Type";"none:#62ff43,vertical,16x24,canvas";"";"";"";"";"";"";"0";"0";"0";"0";"5";"1";"";"0";"0";"";"0000-00-00";"";"";"2";""
"";"";"72";"";"";"color,radio,color,radio";"frame,Shape,size,Type";"frame,shape,size,Type";"natural-wood:#ffd083,vertical,16x24,canvas";"";"";"";"";"";"";"0";"0";"0";"0";"5";"1";"";"0";"0";"";"0000-00-00";"";"";"2";""
"";"";"72";"";"";"color,radio,color,radio";"frame,Shape,size,Type";"frame,shape,size,Type";"dark-wood:#ce6600,vertical,16x24,canvas";"";"";"";"";"";"";"0";"0";"0";"0";"5";"1";"";"0";"0";"";"0000-00-00";"";"";"2";""
"";"";"72";"";"";"color,radio,color,radio";"frame,Shape,size,Type";"frame,shape,size,Type";"charcol-black:#3b1200,vertical,16x24,canvas";"";"";"";"";"";"";"0";"0";"0";"0";"5";"1";"";"0";"0";"";"0000-00-00";"";"";"2";""
"";"";"72";"";"";"color,radio,color,radio";"frame,Shape,size,Type";"frame,shape,size,Type";"charcol-white:#e3fffe,vertical,16x24,canvas";"";"";"";"";"";"";"0";"0";"0";"0";"5";"1";"";"0";"0";"";"0000-00-00";"";"";"2";""
"";"";"72";"";"";"color,radio,color,radio";"frame,Shape,size,Type";"frame,shape,size,Type";"pine-wood:#a3afff,vertical,16x24,canvas";"";"";"";"";"";"";"0";"0";"0";"0";"5";"1";"";"0";"0";"";"0000-00-00";"";"";"2";""
"";"";"72";"";"";"color,radio,color,radio";"frame,Shape,size,Type";"frame,shape,size,Type";"none:#62ff43,vertical,20x30,canvas";"";"";"";"";"";"";"0";"0";"0";"0";"5";"1";"";"0";"0";"";"0000-00-00";"";"";"2";""
"";"";"72";"";"";"color,radio,color,radio";"frame,Shape,size,Type";"frame,shape,size,Type";"natural-wood:#ffd083,vertical,20x30,canvas";"";"";"";"";"";"";"0";"0";"0";"0";"5";"1";"";"0";"0";"";"0000-00-00";"";"";"2";""
"";"";"72";"";"";"color,radio,color,radio";"frame,Shape,size,Type";"frame,shape,size,Type";"dark-wood:#ce6600,vertical,20x30,canvas";"";"";"";"";"";"";"0";"0";"0";"0";"5";"1";"";"0";"0";"";"0000-00-00";"";"";"2";""
"";"";"72";"";"";"color,radio,color,radio";"frame,Shape,size,Type";"frame,shape,size,Type";"charcol-black:#3b1200,vertical,20x30,canvas";"";"";"";"";"";"";"0";"0";"0";"0";"5";"1";"";"0";"0";"";"0000-00-00";"";"";"2";""
"";"";"72";"";"";"color,radio,color,radio";"frame,Shape,size,Type";"frame,shape,size,Type";"charcol-white:#e3fffe,vertical,20x30,canvas";"";"";"";"";"";"";"0";"0";"0";"0";"5";"1";"";"0";"0";"";"0000-00-00";"";"";"2";""
"";"";"72";"";"";"color,radio,color,radio";"frame,Shape,size,Type";"frame,shape,size,Type";"pine-wood:#a3afff,vertical,20x30,canvas";"";"";"";"";"";"";"0";"0";"0";"0";"5";"1";"";"0";"0";"";"0000-00-00";"";"";"2";""
"";"";"72";"";"";"color,radio,color,radio";"frame,Shape,size,Type";"frame,shape,size,Type";"none:#62ff43,vertical,24x36,canvas";"";"";"";"";"";"";"0";"0";"0";"0";"5";"1";"";"0";"0";"";"0000-00-00";"";"";"2";""
"";"";"72";"";"";"color,radio,color,radio";"frame,Shape,size,Type";"frame,shape,size,Type";"natural-wood:#ffd083,vertical,24x36,canvas";"";"";"";"";"";"";"0";"0";"0";"0";"5";"1";"";"0";"0";"";"0000-00-00";"";"";"2";""
"";"";"72";"";"";"color,radio,color,radio";"frame,Shape,size,Type";"frame,shape,size,Type";"dark-wood:#ce6600,vertical,24x36,canvas";"";"";"";"";"";"";"0";"0";"0";"0";"5";"1";"";"0";"0";"";"0000-00-00";"";"";"2";""
"";"";"72";"";"";"color,radio,color,radio";"frame,Shape,size,Type";"frame,shape,size,Type";"charcol-black:#3b1200,vertical,24x36,canvas";"";"";"";"";"";"";"0";"0";"0";"0";"5";"1";"";"0";"0";"";"0000-00-00";"";"";"2";""
"";"";"72";"";"";"color,radio,color,radio";"frame,Shape,size,Type";"frame,shape,size,Type";"charcol-white:#e3fffe,vertical,24x36,canvas";"";"";"";"";"";"";"0";"0";"0";"0";"5";"1";"";"0";"0";"";"0000-00-00";"";"";"2";""
"";"";"72";"";"";"color,radio,color,radio";"frame,Shape,size,Type";"frame,shape,size,Type";"pine-wood:#a3afff,vertical,24x36,canvas";"";"";"";"";"";"";"0";"0";"0";"0";"5";"1";"";"0";"0";"";"0000-00-00";"";"";"2";""
"";"";"72";"";"";"color,radio,color,radio";"frame,Shape,size,Type";"frame,shape,size,Type";"none:#62ff43,vertical,30x45,canvas";"";"";"";"";"";"";"0";"0";"0";"0";"5";"1";"";"0";"0";"";"0000-00-00";"";"";"2";""
"";"";"72";"";"";"color,radio,color,radio";"frame,Shape,size,Type";"frame,shape,size,Type";"natural-wood:#ffd083,vertical,30x45,canvas";"";"";"";"";"";"";"0";"0";"0";"0";"5";"1";"";"0";"0";"";"0000-00-00";"";"";"2";""
"";"";"72";"";"";"color,radio,color,radio";"frame,Shape,size,Type";"frame,shape,size,Type";"dark-wood:#ce6600,vertical,30x45,canvas";"";"";"";"";"";"";"0";"0";"0";"0";"5";"1";"";"0";"0";"";"0000-00-00";"";"";"2";""
"";"";"72";"";"";"color,radio,color,radio";"frame,Shape,size,Type";"frame,shape,size,Type";"charcol-black:#3b1200,vertical,30x45,canvas";"";"";"";"";"";"";"0";"0";"0";"0";"5";"1";"";"0";"0";"";"0000-00-00";"";"";"2";""
"";"";"72";"";"";"color,radio,color,radio";"frame,Shape,size,Type";"frame,shape,size,Type";"charcol-white:#e3fffe,vertical,30x45,canvas";"";"";"";"";"";"";"0";"0";"0";"0";"5";"1";"";"0";"0";"";"0000-00-00";"";"";"2";""
"";"";"72";"";"";"color,radio,color,radio";"frame,Shape,size,Type";"frame,shape,size,Type";"pine-wood:#a3afff,vertical,30x45,canvas";"";"";"";"";"";"";"0";"0";"0";"0";"5";"1";"";"0";"0";"";"0000-00-00";"";"";"2";""
"";"";"72";"";"";"color,radio,color,radio";"frame,Shape,size,Type";"frame,shape,size,Type";"none:#62ff43,vertical,10x15,fine-art-paper";"";"";"";"";"";"";"0";"0";"0";"0";"5";"1";"";"0";"0";"";"0000-00-00";"";"";"2";""
"";"";"72";"";"";"color,radio,color,radio";"frame,Shape,size,Type";"frame,shape,size,Type";"natural-wood:#ffd083,vertical,10x15,fine-art-paper";"";"";"";"";"";"";"0";"0";"0";"0";"5";"1";"";"0";"0";"";"0000-00-00";"";"";"2";""
"";"";"72";"";"";"color,radio,color,radio";"frame,Shape,size,Type";"frame,shape,size,Type";"dark-wood:#ce6600,vertical,10x15,fine-art-paper";"";"";"";"";"";"";"0";"0";"0";"0";"5";"1";"";"0";"0";"";"0000-00-00";"";"";"2";""
"";"";"72";"";"";"color,radio,color,radio";"frame,Shape,size,Type";"frame,shape,size,Type";"charcol-black:#3b1200,vertical,10x15,fine-art-paper";"";"";"";"";"";"";"0";"0";"0";"0";"5";"1";"";"0";"0";"";"0000-00-00";"";"";"2";""
"";"";"72";"";"";"color,radio,color,radio";"frame,Shape,size,Type";"frame,shape,size,Type";"charcol-white:#e3fffe,vertical,10x15,fine-art-paper";"";"";"";"";"";"";"0";"0";"0";"0";"5";"1";"";"0";"0";"";"0000-00-00";"";"";"2";""
"";"";"72";"";"";"color,radio,color,radio";"frame,Shape,size,Type";"frame,shape,size,Type";"pine-wood:#a3afff,vertical,10x15,fine-art-paper";"";"";"";"";"";"";"0";"0";"0";"0";"5";"1";"";"0";"0";"";"0000-00-00";"";"";"2";""
"";"";"72";"";"";"color,radio,color,radio";"frame,Shape,size,Type";"frame,shape,size,Type";"none:#62ff43,vertical,12x18,fine-art-paper";"";"";"";"";"";"";"0";"0";"0";"0";"5";"1";"";"0";"0";"";"0000-00-00";"";"";"2";""
"";"";"72";"";"";"color,radio,color,radio";"frame,Shape,size,Type";"frame,shape,size,Type";"natural-wood:#ffd083,vertical,12x18,fine-art-paper";"";"";"";"";"";"";"0";"0";"0";"0";"5";"1";"";"0";"0";"";"0000-00-00";"";"";"2";""
"";"";"72";"";"";"color,radio,color,radio";"frame,Shape,size,Type";"frame,shape,size,Type";"dark-wood:#ce6600,vertical,12x18,fine-art-paper";"";"";"";"";"";"";"0";"0";"0";"0";"5";"1";"";"0";"0";"";"0000-00-00";"";"";"2";""
"";"";"72";"";"";"color,radio,color,radio";"frame,Shape,size,Type";"frame,shape,size,Type";"charcol-black:#3b1200,vertical,12x18,fine-art-paper";"";"";"";"";"";"";"0";"0";"0";"0";"5";"1";"";"0";"0";"";"0000-00-00";"";"";"2";""
"";"";"72";"";"";"color,radio,color,radio";"frame,Shape,size,Type";"frame,shape,size,Type";"charcol-white:#e3fffe,vertical,12x18,fine-art-paper";"";"";"";"";"";"";"0";"0";"0";"0";"5";"1";"";"0";"0";"";"0000-00-00";"";"";"2";""
"";"";"72";"";"";"color,radio,color,radio";"frame,Shape,size,Type";"frame,shape,size,Type";"pine-wood:#a3afff,vertical,12x18,fine-art-paper";"";"";"";"";"";"";"0";"0";"0";"0";"5";"1";"";"0";"0";"";"0000-00-00";"";"";"2";""
"";"";"72";"";"";"color,radio,color,radio";"frame,Shape,size,Type";"frame,shape,size,Type";"none:#62ff43,vertical,16x24,fine-art-paper";"";"";"";"";"";"";"0";"0";"0";"0";"5";"1";"";"0";"0";"";"0000-00-00";"";"";"2";""
"";"";"72";"";"";"color,radio,color,radio";"frame,Shape,size,Type";"frame,shape,size,Type";"natural-wood:#ffd083,vertical,16x24,fine-art-paper";"";"";"";"";"";"";"0";"0";"0";"0";"5";"1";"";"0";"0";"";"0000-00-00";"";"";"2";""
"";"";"72";"";"";"color,radio,color,radio";"frame,Shape,size,Type";"frame,shape,size,Type";"dark-wood:#ce6600,vertical,16x24,fine-art-paper";"";"";"";"";"";"";"0";"0";"0";"0";"5";"1";"";"0";"0";"";"0000-00-00";"";"";"2";""
"";"";"72";"";"";"color,radio,color,radio";"frame,Shape,size,Type";"frame,shape,size,Type";"charcol-black:#3b1200,vertical,16x24,fine-art-paper";"";"";"";"";"";"";"0";"0";"0";"0";"5";"1";"";"0";"0";"";"0000-00-00";"";"";"2";""
"";"";"72";"";"";"color,radio,color,radio";"frame,Shape,size,Type";"frame,shape,size,Type";"charcol-white:#e3fffe,vertical,16x24,fine-art-paper";"";"";"";"";"";"";"0";"0";"0";"0";"5";"1";"";"0";"0";"";"0000-00-00";"";"";"2";""
"";"";"72";"";"";"color,radio,color,radio";"frame,Shape,size,Type";"frame,shape,size,Type";"pine-wood:#a3afff,vertical,16x24,fine-art-paper";"";"";"";"";"";"";"0";"0";"0";"0";"5";"1";"";"0";"0";"";"0000-00-00";"";"";"2";""
"";"";"72";"";"";"color,radio,color,radio";"frame,Shape,size,Type";"frame,shape,size,Type";"none:#62ff43,vertical,20x30,fine-art-paper";"";"";"";"";"";"";"0";"0";"0";"0";"5";"1";"";"0";"0";"";"0000-00-00";"";"";"2";""
"";"";"72";"";"";"color,radio,color,radio";"frame,Shape,size,Type";"frame,shape,size,Type";"natural-wood:#ffd083,vertical,20x30,fine-art-paper";"";"";"";"";"";"";"0";"0";"0";"0";"5";"1";"";"0";"0";"";"0000-00-00";"";"";"2";""
"";"";"72";"";"";"color,radio,color,radio";"frame,Shape,size,Type";"frame,shape,size,Type";"dark-wood:#ce6600,vertical,20x30,fine-art-paper";"";"";"";"";"";"";"0";"0";"0";"0";"5";"1";"";"0";"0";"";"0000-00-00";"";"";"2";""
"";"";"72";"";"";"color,radio,color,radio";"frame,Shape,size,Type";"frame,shape,size,Type";"charcol-black:#3b1200,vertical,20x30,fine-art-paper";"";"";"";"";"";"";"0";"0";"0";"0";"5";"1";"";"0";"0";"";"0000-00-00";"";"";"2";""
"";"";"72";"";"";"color,radio,color,radio";"frame,Shape,size,Type";"frame,shape,size,Type";"charcol-white:#e3fffe,vertical,20x30,fine-art-paper";"";"";"";"";"";"";"0";"0";"0";"0";"5";"1";"";"0";"0";"";"0000-00-00";"";"";"2";""
"";"";"72";"";"";"color,radio,color,radio";"frame,Shape,size,Type";"frame,shape,size,Type";"pine-wood:#a3afff,vertical,20x30,fine-art-paper";"";"";"";"";"";"";"0";"0";"0";"0";"5";"1";"";"0";"0";"";"0000-00-00";"";"";"2";""
"";"";"72";"";"";"color,radio,color,radio";"frame,Shape,size,Type";"frame,shape,size,Type";"none:#62ff43,vertical,24x36,fine-art-paper";"";"";"";"";"";"";"0";"0";"0";"0";"5";"1";"";"0";"0";"";"0000-00-00";"";"";"2";""
"";"";"72";"";"";"color,radio,color,radio";"frame,Shape,size,Type";"frame,shape,size,Type";"natural-wood:#ffd083,vertical,24x36,fine-art-paper";"";"";"";"";"";"";"0";"0";"0";"0";"5";"1";"";"0";"0";"";"0000-00-00";"";"";"2";""
"";"";"72";"";"";"color,radio,color,radio";"frame,Shape,size,Type";"frame,shape,size,Type";"dark-wood:#ce6600,vertical,24x36,fine-art-paper";"";"";"";"";"";"";"0";"0";"0";"0";"5";"1";"";"0";"0";"";"0000-00-00";"";"";"2";""
"";"";"72";"";"";"color,radio,color,radio";"frame,Shape,size,Type";"frame,shape,size,Type";"charcol-black:#3b1200,vertical,24x36,fine-art-paper";"";"";"";"";"";"";"0";"0";"0";"0";"5";"1";"";"0";"0";"";"0000-00-00";"";"";"2";""
"";"";"72";"";"";"color,radio,color,radio";"frame,Shape,size,Type";"frame,shape,size,Type";"charcol-white:#e3fffe,vertical,24x36,fine-art-paper";"";"";"";"";"";"";"0";"0";"0";"0";"5";"1";"";"0";"0";"";"0000-00-00";"";"";"2";""
"";"";"72";"";"";"color,radio,color,radio";"frame,Shape,size,Type";"frame,shape,size,Type";"pine-wood:#a3afff,vertical,24x36,fine-art-paper";"";"";"";"";"";"";"0";"0";"0";"0";"5";"1";"";"0";"0";"";"0000-00-00";"";"";"2";""
"";"";"72";"";"";"color,radio,color,radio";"frame,Shape,size,Type";"frame,shape,size,Type";"none:#62ff43,vertical,30x45,fine-art-paper";"";"";"";"";"";"";"0";"0";"0";"0";"5";"1";"";"0";"0";"";"0000-00-00";"";"";"2";""
"";"";"72";"";"";"color,radio,color,radio";"frame,Shape,size,Type";"frame,shape,size,Type";"natural-wood:#ffd083,vertical,30x45,fine-art-paper";"";"";"";"";"";"";"0";"0";"0";"0";"5";"1";"";"0";"0";"";"0000-00-00";"";"";"2";""
"";"";"72";"";"";"color,radio,color,radio";"frame,Shape,size,Type";"frame,shape,size,Type";"dark-wood:#ce6600,vertical,30x45,fine-art-paper";"";"";"";"";"";"";"0";"0";"0";"0";"5";"1";"";"0";"0";"";"0000-00-00";"";"";"2";""
"";"";"72";"";"";"color,radio,color,radio";"frame,Shape,size,Type";"frame,shape,size,Type";"charcol-black:#3b1200,vertical,30x45,fine-art-paper";"";"";"";"";"";"";"0";"0";"0";"0";"5";"1";"";"0";"0";"";"0000-00-00";"";"";"2";""
"";"";"72";"";"";"color,radio,color,radio";"frame,Shape,size,Type";"frame,shape,size,Type";"charcol-white:#e3fffe,vertical,30x45,fine-art-paper";"";"";"";"";"";"";"0";"0";"0";"0";"5";"1";"";"0";"0";"";"0000-00-00";"";"";"2";""
"";"";"72";"";"";"color,radio,color,radio";"frame,Shape,size,Type";"frame,shape,size,Type";"pine-wood:#a3afff,vertical,30x45,fine-art-paper";"";"";"";"";"";"";"0";"0";"0";"0";"5";"1";"";"0";"0";"";"0000-00-00";"";"";"2";""
"";"";"75";"";"";"color,radio,color,radio";"frame,Shape,size,Type";"frame,shape,size,Type";"none:#62ff43,vertical,10x15,canvas";"";"";"";"";"";"";"0";"0";"0";"0";"5";"1";"";"0";"0";"1";"0000-00-00";"";"";"2";""
"";"";"75";"";"";"color,radio,color,radio";"frame,Shape,size,Type";"frame,shape,size,Type";"natural-wood:#ffd083,vertical,10x15,canvas";"";"";"";"";"";"";"0";"0";"0";"0";"5";"1";"";"0";"0";"";"0000-00-00";"";"";"2";""
"";"";"75";"";"";"color,radio,color,radio";"frame,Shape,size,Type";"frame,shape,size,Type";"dark-wood:#ce6600,vertical,10x15,canvas";"";"";"";"";"";"";"0";"0";"0";"0";"5";"1";"";"0";"0";"";"0000-00-00";"";"";"2";""
"";"";"75";"";"";"color,radio,color,radio";"frame,Shape,size,Type";"frame,shape,size,Type";"charcol-black:#3b1200,vertical,10x15,canvas";"";"";"";"";"";"";"0";"0";"0";"0";"5";"1";"";"0";"0";"";"0000-00-00";"";"";"2";""
"";"";"75";"";"";"color,radio,color,radio";"frame,Shape,size,Type";"frame,shape,size,Type";"charcol-white:#e3fffe,vertical,10x15,canvas";"";"";"";"";"";"";"0";"0";"0";"0";"5";"1";"";"0";"0";"";"0000-00-00";"";"";"2";""
"";"";"75";"";"";"color,radio,color,radio";"frame,Shape,size,Type";"frame,shape,size,Type";"pine-wood:#a3afff,vertical,10x15,canvas";"";"";"";"";"";"";"0";"0";"0";"0";"5";"1";"";"0";"0";"";"0000-00-00";"";"";"2";""
"";"";"75";"";"";"color,radio,color,radio";"frame,Shape,size,Type";"frame,shape,size,Type";"none:#62ff43,vertical,12x18,canvas";"";"";"";"";"";"";"0";"0";"0";"0";"5";"1";"";"0";"0";"";"0000-00-00";"";"";"2";""
"";"";"75";"";"";"color,radio,color,radio";"frame,Shape,size,Type";"frame,shape,size,Type";"natural-wood:#ffd083,vertical,12x18,canvas";"";"";"";"";"";"";"0";"0";"0";"0";"5";"1";"";"0";"0";"";"0000-00-00";"";"";"2";""
"";"";"75";"";"";"color,radio,color,radio";"frame,Shape,size,Type";"frame,shape,size,Type";"dark-wood:#ce6600,vertical,12x18,canvas";"";"";"";"";"";"";"0";"0";"0";"0";"5";"1";"";"0";"0";"";"0000-00-00";"";"";"2";""
"";"";"75";"";"";"color,radio,color,radio";"frame,Shape,size,Type";"frame,shape,size,Type";"charcol-black:#3b1200,vertical,12x18,canvas";"";"";"";"";"";"";"0";"0";"0";"0";"5";"1";"";"0";"0";"";"0000-00-00";"";"";"2";""
"";"";"75";"";"";"color,radio,color,radio";"frame,Shape,size,Type";"frame,shape,size,Type";"charcol-white:#e3fffe,vertical,12x18,canvas";"";"";"";"";"";"";"0";"0";"0";"0";"5";"1";"";"0";"0";"";"0000-00-00";"";"";"2";""
"";"";"75";"";"";"color,radio,color,radio";"frame,Shape,size,Type";"frame,shape,size,Type";"pine-wood:#a3afff,vertical,12x18,canvas";"";"";"";"";"";"";"0";"0";"0";"0";"5";"1";"";"0";"0";"";"0000-00-00";"";"";"2";""
"";"";"75";"";"";"color,radio,color,radio";"frame,Shape,size,Type";"frame,shape,size,Type";"none:#62ff43,vertical,16x24,canvas";"";"";"";"";"";"";"0";"0";"0";"0";"5";"1";"";"0";"0";"";"0000-00-00";"";"";"2";""
"";"";"75";"";"";"color,radio,color,radio";"frame,Shape,size,Type";"frame,shape,size,Type";"natural-wood:#ffd083,vertical,16x24,canvas";"";"";"";"";"";"";"0";"0";"0";"0";"5";"1";"";"0";"0";"";"0000-00-00";"";"";"2";""
"";"";"75";"";"";"color,radio,color,radio";"frame,Shape,size,Type";"frame,shape,size,Type";"dark-wood:#ce6600,vertical,16x24,canvas";"";"";"";"";"";"";"0";"0";"0";"0";"5";"1";"";"0";"0";"";"0000-00-00";"";"";"2";""
"";"";"75";"";"";"color,radio,color,radio";"frame,Shape,size,Type";"frame,shape,size,Type";"charcol-black:#3b1200,vertical,16x24,canvas";"";"";"";"";"";"";"0";"0";"0";"0";"5";"1";"";"0";"0";"";"0000-00-00";"";"";"2";""
"";"";"75";"";"";"color,radio,color,radio";"frame,Shape,size,Type";"frame,shape,size,Type";"charcol-white:#e3fffe,vertical,16x24,canvas";"";"";"";"";"";"";"0";"0";"0";"0";"5";"1";"";"0";"0";"";"0000-00-00";"";"";"2";""
"";"";"75";"";"";"color,radio,color,radio";"frame,Shape,size,Type";"frame,shape,size,Type";"pine-wood:#a3afff,vertical,16x24,canvas";"";"";"";"";"";"";"0";"0";"0";"0";"5";"1";"";"0";"0";"";"0000-00-00";"";"";"2";""
"";"";"75";"";"";"color,radio,color,radio";"frame,Shape,size,Type";"frame,shape,size,Type";"none:#62ff43,vertical,20x30,canvas";"";"";"";"";"";"";"0";"0";"0";"0";"5";"1";"";"0";"0";"";"0000-00-00";"";"";"2";""
"";"";"75";"";"";"color,radio,color,radio";"frame,Shape,size,Type";"frame,shape,size,Type";"natural-wood:#ffd083,vertical,20x30,canvas";"";"";"";"";"";"";"0";"0";"0";"0";"5";"1";"";"0";"0";"";"0000-00-00";"";"";"2";""
"";"";"75";"";"";"color,radio,color,radio";"frame,Shape,size,Type";"frame,shape,size,Type";"dark-wood:#ce6600,vertical,20x30,canvas";"";"";"";"";"";"";"0";"0";"0";"0";"5";"1";"";"0";"0";"";"0000-00-00";"";"";"2";""
"";"";"75";"";"";"color,radio,color,radio";"frame,Shape,size,Type";"frame,shape,size,Type";"charcol-black:#3b1200,vertical,20x30,canvas";"";"";"";"";"";"";"0";"0";"0";"0";"5";"1";"";"0";"0";"";"0000-00-00";"";"";"2";""
"";"";"75";"";"";"color,radio,color,radio";"frame,Shape,size,Type";"frame,shape,size,Type";"charcol-white:#e3fffe,vertical,20x30,canvas";"";"";"";"";"";"";"0";"0";"0";"0";"5";"1";"";"0";"0";"";"0000-00-00";"";"";"2";""
"";"";"75";"";"";"color,radio,color,radio";"frame,Shape,size,Type";"frame,shape,size,Type";"pine-wood:#a3afff,vertical,20x30,canvas";"";"";"";"";"";"";"0";"0";"0";"0";"5";"1";"";"0";"0";"";"0000-00-00";"";"";"2";""
"";"";"75";"";"";"color,radio,color,radio";"frame,Shape,size,Type";"frame,shape,size,Type";"none:#62ff43,vertical,24x36,canvas";"";"";"";"";"";"";"0";"0";"0";"0";"5";"1";"";"0";"0";"";"0000-00-00";"";"";"2";""
"";"";"75";"";"";"color,radio,color,radio";"frame,Shape,size,Type";"frame,shape,size,Type";"natural-wood:#ffd083,vertical,24x36,canvas";"";"";"";"";"";"";"0";"0";"0";"0";"5";"1";"";"0";"0";"";"0000-00-00";"";"";"2";""
"";"";"75";"";"";"color,radio,color,radio";"frame,Shape,size,Type";"frame,shape,size,Type";"dark-wood:#ce6600,vertical,24x36,canvas";"";"";"";"";"";"";"0";"0";"0";"0";"5";"1";"";"0";"0";"";"0000-00-00";"";"";"2";""
"";"";"75";"";"";"color,radio,color,radio";"frame,Shape,size,Type";"frame,shape,size,Type";"charcol-black:#3b1200,vertical,24x36,canvas";"";"";"";"";"";"";"0";"0";"0";"0";"5";"1";"";"0";"0";"";"0000-00-00";"";"";"2";""
"";"";"75";"";"";"color,radio,color,radio";"frame,Shape,size,Type";"frame,shape,size,Type";"charcol-white:#e3fffe,vertical,24x36,canvas";"";"";"";"";"";"";"0";"0";"0";"0";"5";"1";"";"0";"0";"";"0000-00-00";"";"";"2";""
"";"";"75";"";"";"color,radio,color,radio";"frame,Shape,size,Type";"frame,shape,size,Type";"pine-wood:#a3afff,vertical,24x36,canvas";"";"";"";"";"";"";"0";"0";"0";"0";"5";"1";"";"0";"0";"";"0000-00-00";"";"";"2";""
"";"";"75";"";"";"color,radio,color,radio";"frame,Shape,size,Type";"frame,shape,size,Type";"none:#62ff43,vertical,30x45,canvas";"";"";"";"";"";"";"0";"0";"0";"0";"5";"1";"";"0";"0";"";"0000-00-00";"";"";"2";""
"";"";"75";"";"";"color,radio,color,radio";"frame,Shape,size,Type";"frame,shape,size,Type";"natural-wood:#ffd083,vertical,30x45,canvas";"";"";"";"";"";"";"0";"0";"0";"0";"5";"1";"";"0";"0";"";"0000-00-00";"";"";"2";""
"";"";"75";"";"";"color,radio,color,radio";"frame,Shape,size,Type";"frame,shape,size,Type";"dark-wood:#ce6600,vertical,30x45,canvas";"";"";"";"";"";"";"0";"0";"0";"0";"5";"1";"";"0";"0";"";"0000-00-00";"";"";"2";""
"";"";"75";"";"";"color,radio,color,radio";"frame,Shape,size,Type";"frame,shape,size,Type";"charcol-black:#3b1200,vertical,30x45,canvas";"";"";"";"";"";"";"0";"0";"0";"0";"5";"1";"";"0";"0";"";"0000-00-00";"";"";"2";""
"";"";"75";"";"";"color,radio,color,radio";"frame,Shape,size,Type";"frame,shape,size,Type";"charcol-white:#e3fffe,vertical,30x45,canvas";"";"";"";"";"";"";"0";"0";"0";"0";"5";"1";"";"0";"0";"";"0000-00-00";"";"";"2";""
"";"";"75";"";"";"color,radio,color,radio";"frame,Shape,size,Type";"frame,shape,size,Type";"pine-wood:#a3afff,vertical,30x45,canvas";"";"";"";"";"";"";"0";"0";"0";"0";"5";"1";"";"0";"0";"";"0000-00-00";"";"";"2";""
"";"";"75";"";"";"color,radio,color,radio";"frame,Shape,size,Type";"frame,shape,size,Type";"none:#62ff43,vertical,10x15,fine-art-paper";"";"";"";"";"";"";"0";"0";"0";"0";"5";"1";"";"0";"0";"";"0000-00-00";"";"";"2";""
"";"";"75";"";"";"color,radio,color,radio";"frame,Shape,size,Type";"frame,shape,size,Type";"natural-wood:#ffd083,vertical,10x15,fine-art-paper";"";"";"";"";"";"";"0";"0";"0";"0";"5";"1";"";"0";"0";"";"0000-00-00";"";"";"2";""
"";"";"75";"";"";"color,radio,color,radio";"frame,Shape,size,Type";"frame,shape,size,Type";"dark-wood:#ce6600,vertical,10x15,fine-art-paper";"";"";"";"";"";"";"0";"0";"0";"0";"5";"1";"";"0";"0";"";"0000-00-00";"";"";"2";""
"";"";"75";"";"";"color,radio,color,radio";"frame,Shape,size,Type";"frame,shape,size,Type";"charcol-black:#3b1200,vertical,10x15,fine-art-paper";"";"";"";"";"";"";"0";"0";"0";"0";"5";"1";"";"0";"0";"";"0000-00-00";"";"";"2";""
"";"";"75";"";"";"color,radio,color,radio";"frame,Shape,size,Type";"frame,shape,size,Type";"charcol-white:#e3fffe,vertical,10x15,fine-art-paper";"";"";"";"";"";"";"0";"0";"0";"0";"5";"1";"";"0";"0";"";"0000-00-00";"";"";"2";""
"";"";"75";"";"";"color,radio,color,radio";"frame,Shape,size,Type";"frame,shape,size,Type";"pine-wood:#a3afff,vertical,10x15,fine-art-paper";"";"";"";"";"";"";"0";"0";"0";"0";"5";"1";"";"0";"0";"";"0000-00-00";"";"";"2";""
"";"";"75";"";"";"color,radio,color,radio";"frame,Shape,size,Type";"frame,shape,size,Type";"none:#62ff43,vertical,12x18,fine-art-paper";"";"";"";"";"";"";"0";"0";"0";"0";"5";"1";"";"0";"0";"";"0000-00-00";"";"";"2";""
"";"";"75";"";"";"color,radio,color,radio";"frame,Shape,size,Type";"frame,shape,size,Type";"natural-wood:#ffd083,vertical,12x18,fine-art-paper";"";"";"";"";"";"";"0";"0";"0";"0";"5";"1";"";"0";"0";"";"0000-00-00";"";"";"2";""
"";"";"75";"";"";"color,radio,color,radio";"frame,Shape,size,Type";"frame,shape,size,Type";"dark-wood:#ce6600,vertical,12x18,fine-art-paper";"";"";"";"";"";"";"0";"0";"0";"0";"5";"1";"";"0";"0";"";"0000-00-00";"";"";"2";""
"";"";"75";"";"";"color,radio,color,radio";"frame,Shape,size,Type";"frame,shape,size,Type";"charcol-black:#3b1200,vertical,12x18,fine-art-paper";"";"";"";"";"";"";"0";"0";"0";"0";"5";"1";"";"0";"0";"";"0000-00-00";"";"";"2";""
"";"";"75";"";"";"color,radio,color,radio";"frame,Shape,size,Type";"frame,shape,size,Type";"charcol-white:#e3fffe,vertical,12x18,fine-art-paper";"";"";"";"";"";"";"0";"0";"0";"0";"5";"1";"";"0";"0";"";"0000-00-00";"";"";"2";""
"";"";"75";"";"";"color,radio,color,radio";"frame,Shape,size,Type";"frame,shape,size,Type";"pine-wood:#a3afff,vertical,12x18,fine-art-paper";"";"";"";"";"";"";"0";"0";"0";"0";"5";"1";"";"0";"0";"";"0000-00-00";"";"";"2";""
"";"";"75";"";"";"color,radio,color,radio";"frame,Shape,size,Type";"frame,shape,size,Type";"none:#62ff43,vertical,16x24,fine-art-paper";"";"";"";"";"";"";"0";"0";"0";"0";"5";"1";"";"0";"0";"";"0000-00-00";"";"";"2";""
"";"";"75";"";"";"color,radio,color,radio";"frame,Shape,size,Type";"frame,shape,size,Type";"natural-wood:#ffd083,vertical,16x24,fine-art-paper";"";"";"";"";"";"";"0";"0";"0";"0";"5";"1";"";"0";"0";"";"0000-00-00";"";"";"2";""
"";"";"75";"";"";"color,radio,color,radio";"frame,Shape,size,Type";"frame,shape,size,Type";"dark-wood:#ce6600,vertical,16x24,fine-art-paper";"";"";"";"";"";"";"0";"0";"0";"0";"5";"1";"";"0";"0";"";"0000-00-00";"";"";"2";""
"";"";"75";"";"";"color,radio,color,radio";"frame,Shape,size,Type";"frame,shape,size,Type";"charcol-black:#3b1200,vertical,16x24,fine-art-paper";"";"";"";"";"";"";"0";"0";"0";"0";"5";"1";"";"0";"0";"";"0000-00-00";"";"";"2";""
"";"";"75";"";"";"color,radio,color,radio";"frame,Shape,size,Type";"frame,shape,size,Type";"charcol-white:#e3fffe,vertical,16x24,fine-art-paper";"";"";"";"";"";"";"0";"0";"0";"0";"5";"1";"";"0";"0";"";"0000-00-00";"";"";"2";""
"";"";"75";"";"";"color,radio,color,radio";"frame,Shape,size,Type";"frame,shape,size,Type";"pine-wood:#a3afff,vertical,16x24,fine-art-paper";"";"";"";"";"";"";"0";"0";"0";"0";"5";"1";"";"0";"0";"";"0000-00-00";"";"";"2";""
"";"";"75";"";"";"color,radio,color,radio";"frame,Shape,size,Type";"frame,shape,size,Type";"none:#62ff43,vertical,20x30,fine-art-paper";"";"";"";"";"";"";"0";"0";"0";"0";"5";"1";"";"0";"0";"";"0000-00-00";"";"";"2";""
"";"";"75";"";"";"color,radio,color,radio";"frame,Shape,size,Type";"frame,shape,size,Type";"natural-wood:#ffd083,vertical,20x30,fine-art-paper";"";"";"";"";"";"";"0";"0";"0";"0";"5";"1";"";"0";"0";"";"0000-00-00";"";"";"2";""
"";"";"75";"";"";"color,radio,color,radio";"frame,Shape,size,Type";"frame,shape,size,Type";"dark-wood:#ce6600,vertical,20x30,fine-art-paper";"";"";"";"";"";"";"0";"0";"0";"0";"5";"1";"";"0";"0";"";"0000-00-00";"";"";"2";""
"";"";"75";"";"";"color,radio,color,radio";"frame,Shape,size,Type";"frame,shape,size,Type";"charcol-black:#3b1200,vertical,20x30,fine-art-paper";"";"";"";"";"";"";"0";"0";"0";"0";"5";"1";"";"0";"0";"";"0000-00-00";"";"";"2";""
"";"";"75";"";"";"color,radio,color,radio";"frame,Shape,size,Type";"frame,shape,size,Type";"charcol-white:#e3fffe,vertical,20x30,fine-art-paper";"";"";"";"";"";"";"0";"0";"0";"0";"5";"1";"";"0";"0";"";"0000-00-00";"";"";"2";""
"";"";"75";"";"";"color,radio,color,radio";"frame,Shape,size,Type";"frame,shape,size,Type";"pine-wood:#a3afff,vertical,20x30,fine-art-paper";"";"";"";"";"";"";"0";"0";"0";"0";"5";"1";"";"0";"0";"";"0000-00-00";"";"";"2";""
"";"";"75";"";"";"color,radio,color,radio";"frame,Shape,size,Type";"frame,shape,size,Type";"none:#62ff43,vertical,24x36,fine-art-paper";"";"";"";"";"";"";"0";"0";"0";"0";"5";"1";"";"0";"0";"";"0000-00-00";"";"";"2";""
"";"";"75";"";"";"color,radio,color,radio";"frame,Shape,size,Type";"frame,shape,size,Type";"natural-wood:#ffd083,vertical,24x36,fine-art-paper";"";"";"";"";"";"";"0";"0";"0";"0";"5";"1";"";"0";"0";"";"0000-00-00";"";"";"2";""
"";"";"75";"";"";"color,radio,color,radio";"frame,Shape,size,Type";"frame,shape,size,Type";"dark-wood:#ce6600,vertical,24x36,fine-art-paper";"";"";"";"";"";"";"0";"0";"0";"0";"5";"1";"";"0";"0";"";"0000-00-00";"";"";"2";""
"";"";"75";"";"";"color,radio,color,radio";"frame,Shape,size,Type";"frame,shape,size,Type";"charcol-black:#3b1200,vertical,24x36,fine-art-paper";"";"";"";"";"";"";"0";"0";"0";"0";"5";"1";"";"0";"0";"";"0000-00-00";"";"";"2";""
"";"";"75";"";"";"color,radio,color,radio";"frame,Shape,size,Type";"frame,shape,size,Type";"charcol-white:#e3fffe,vertical,24x36,fine-art-paper";"";"";"";"";"";"";"0";"0";"0";"0";"5";"1";"";"0";"0";"";"0000-00-00";"";"";"2";""
"";"";"75";"";"";"color,radio,color,radio";"frame,Shape,size,Type";"frame,shape,size,Type";"pine-wood:#a3afff,vertical,24x36,fine-art-paper";"";"";"";"";"";"";"0";"0";"0";"0";"5";"1";"";"0";"0";"";"0000-00-00";"";"";"2";""
"";"";"75";"";"";"color,radio,color,radio";"frame,Shape,size,Type";"frame,shape,size,Type";"none:#62ff43,vertical,30x45,fine-art-paper";"";"";"";"";"";"";"0";"0";"0";"0";"5";"1";"";"0";"0";"";"0000-00-00";"";"";"2";""
"";"";"75";"";"";"color,radio,color,radio";"frame,Shape,size,Type";"frame,shape,size,Type";"natural-wood:#ffd083,vertical,30x45,fine-art-paper";"";"";"";"";"";"";"0";"0";"0";"0";"5";"1";"";"0";"0";"";"0000-00-00";"";"";"2";""
"";"";"75";"";"";"color,radio,color,radio";"frame,Shape,size,Type";"frame,shape,size,Type";"dark-wood:#ce6600,vertical,30x45,fine-art-paper";"";"";"";"";"";"";"0";"0";"0";"0";"5";"1";"";"0";"0";"";"0000-00-00";"";"";"2";""
"";"";"75";"";"";"color,radio,color,radio";"frame,Shape,size,Type";"frame,shape,size,Type";"charcol-black:#3b1200,vertical,30x45,fine-art-paper";"";"";"";"";"";"";"0";"0";"0";"0";"5";"1";"";"0";"0";"";"0000-00-00";"";"";"2";""
"";"";"75";"";"";"color,radio,color,radio";"frame,Shape,size,Type";"frame,shape,size,Type";"charcol-white:#e3fffe,vertical,30x45,fine-art-paper";"";"";"";"";"";"";"0";"0";"0";"0";"5";"1";"";"0";"0";"";"0000-00-00";"";"";"2";""
"";"";"75";"";"";"color,radio,color,radio";"frame,Shape,size,Type";"frame,shape,size,Type";"pine-wood:#a3afff,vertical,30x45,fine-art-paper";"";"";"";"";"";"";"0";"0";"0";"0";"5";"1";"";"0";"0";"";"0000-00-00";"";"";"2";""
"";"";"78";"";"";"color,radio,color,radio";"frame,Shape,size,Type";"frame,shape,size,Type";"none:#62ff43,vertical,10x15,canvas";"";"";"";"";"";"";"0";"0";"0";"0";"5";"1";"";"0";"0";"1";"0000-00-00";"";"";"2";""
"";"";"78";"";"";"color,radio,color,radio";"frame,Shape,size,Type";"frame,shape,size,Type";"natural-wood:#ffd083,vertical,10x15,canvas";"";"";"";"";"";"";"0";"0";"0";"0";"5";"1";"";"0";"0";"";"0000-00-00";"";"";"2";""
"";"";"78";"";"";"color,radio,color,radio";"frame,Shape,size,Type";"frame,shape,size,Type";"dark-wood:#ce6600,vertical,10x15,canvas";"";"";"";"";"";"";"0";"0";"0";"0";"5";"1";"";"0";"0";"";"0000-00-00";"";"";"2";""
"";"";"78";"";"";"color,radio,color,radio";"frame,Shape,size,Type";"frame,shape,size,Type";"charcol-black:#3b1200,vertical,10x15,canvas";"";"";"";"";"";"";"0";"0";"0";"0";"5";"1";"";"0";"0";"";"0000-00-00";"";"";"2";""
"";"";"78";"";"";"color,radio,color,radio";"frame,Shape,size,Type";"frame,shape,size,Type";"charcol-white:#e3fffe,vertical,10x15,canvas";"";"";"";"";"";"";"0";"0";"0";"0";"5";"1";"";"0";"0";"";"0000-00-00";"";"";"2";""
"";"";"78";"";"";"color,radio,color,radio";"frame,Shape,size,Type";"frame,shape,size,Type";"pine-wood:#a3afff,vertical,10x15,canvas";"";"";"";"";"";"";"0";"0";"0";"0";"5";"1";"";"0";"0";"";"0000-00-00";"";"";"2";""
"";"";"78";"";"";"color,radio,color,radio";"frame,Shape,size,Type";"frame,shape,size,Type";"none:#62ff43,vertical,12x18,canvas";"";"";"";"";"";"";"0";"0";"0";"0";"5";"1";"";"0";"0";"";"0000-00-00";"";"";"2";""
"";"";"78";"";"";"color,radio,color,radio";"frame,Shape,size,Type";"frame,shape,size,Type";"natural-wood:#ffd083,vertical,12x18,canvas";"";"";"";"";"";"";"0";"0";"0";"0";"5";"1";"";"0";"0";"";"0000-00-00";"";"";"2";""
"";"";"78";"";"";"color,radio,color,radio";"frame,Shape,size,Type";"frame,shape,size,Type";"dark-wood:#ce6600,vertical,12x18,canvas";"";"";"";"";"";"";"0";"0";"0";"0";"5";"1";"";"0";"0";"";"0000-00-00";"";"";"2";""
"";"";"78";"";"";"color,radio,color,radio";"frame,Shape,size,Type";"frame,shape,size,Type";"charcol-black:#3b1200,vertical,12x18,canvas";"";"";"";"";"";"";"0";"0";"0";"0";"5";"1";"";"0";"0";"";"0000-00-00";"";"";"2";""
"";"";"78";"";"";"color,radio,color,radio";"frame,Shape,size,Type";"frame,shape,size,Type";"charcol-white:#e3fffe,vertical,12x18,canvas";"";"";"";"";"";"";"0";"0";"0";"0";"5";"1";"";"0";"0";"";"0000-00-00";"";"";"2";""
"";"";"78";"";"";"color,radio,color,radio";"frame,Shape,size,Type";"frame,shape,size,Type";"pine-wood:#a3afff,vertical,12x18,canvas";"";"";"";"";"";"";"0";"0";"0";"0";"5";"1";"";"0";"0";"";"0000-00-00";"";"";"2";""
"";"";"78";"";"";"color,radio,color,radio";"frame,Shape,size,Type";"frame,shape,size,Type";"none:#62ff43,vertical,16x24,canvas";"";"";"";"";"";"";"0";"0";"0";"0";"5";"1";"";"0";"0";"";"0000-00-00";"";"";"2";""
"";"";"78";"";"";"color,radio,color,radio";"frame,Shape,size,Type";"frame,shape,size,Type";"natural-wood:#ffd083,vertical,16x24,canvas";"";"";"";"";"";"";"0";"0";"0";"0";"5";"1";"";"0";"0";"";"0000-00-00";"";"";"2";""
"";"";"78";"";"";"color,radio,color,radio";"frame,Shape,size,Type";"frame,shape,size,Type";"dark-wood:#ce6600,vertical,16x24,canvas";"";"";"";"";"";"";"0";"0";"0";"0";"5";"1";"";"0";"0";"";"0000-00-00";"";"";"2";""
"";"";"78";"";"";"color,radio,color,radio";"frame,Shape,size,Type";"frame,shape,size,Type";"charcol-black:#3b1200,vertical,16x24,canvas";"";"";"";"";"";"";"0";"0";"0";"0";"5";"1";"";"0";"0";"";"0000-00-00";"";"";"2";""
"";"";"78";"";"";"color,radio,color,radio";"frame,Shape,size,Type";"frame,shape,size,Type";"charcol-white:#e3fffe,vertical,16x24,canvas";"";"";"";"";"";"";"0";"0";"0";"0";"5";"1";"";"0";"0";"";"0000-00-00";"";"";"2";""
"";"";"78";"";"";"color,radio,color,radio";"frame,Shape,size,Type";"frame,shape,size,Type";"pine-wood:#a3afff,vertical,16x24,canvas";"";"";"";"";"";"";"0";"0";"0";"0";"5";"1";"";"0";"0";"";"0000-00-00";"";"";"2";""
"";"";"78";"";"";"color,radio,color,radio";"frame,Shape,size,Type";"frame,shape,size,Type";"none:#62ff43,vertical,20x30,canvas";"";"";"";"";"";"";"0";"0";"0";"0";"5";"1";"";"0";"0";"";"0000-00-00";"";"";"2";""
"";"";"78";"";"";"color,radio,color,radio";"frame,Shape,size,Type";"frame,shape,size,Type";"natural-wood:#ffd083,vertical,20x30,canvas";"";"";"";"";"";"";"0";"0";"0";"0";"5";"1";"";"0";"0";"";"0000-00-00";"";"";"2";""
"";"";"78";"";"";"color,radio,color,radio";"frame,Shape,size,Type";"frame,shape,size,Type";"dark-wood:#ce6600,vertical,20x30,canvas";"";"";"";"";"";"";"0";"0";"0";"0";"5";"1";"";"0";"0";"";"0000-00-00";"";"";"2";""
"";"";"78";"";"";"color,radio,color,radio";"frame,Shape,size,Type";"frame,shape,size,Type";"charcol-black:#3b1200,vertical,20x30,canvas";"";"";"";"";"";"";"0";"0";"0";"0";"5";"1";"";"0";"0";"";"0000-00-00";"";"";"2";""
"";"";"78";"";"";"color,radio,color,radio";"frame,Shape,size,Type";"frame,shape,size,Type";"charcol-white:#e3fffe,vertical,20x30,canvas";"";"";"";"";"";"";"0";"0";"0";"0";"5";"1";"";"0";"0";"";"0000-00-00";"";"";"2";""
"";"";"78";"";"";"color,radio,color,radio";"frame,Shape,size,Type";"frame,shape,size,Type";"pine-wood:#a3afff,vertical,20x30,canvas";"";"";"";"";"";"";"0";"0";"0";"0";"5";"1";"";"0";"0";"";"0000-00-00";"";"";"2";""
"";"";"78";"";"";"color,radio,color,radio";"frame,Shape,size,Type";"frame,shape,size,Type";"none:#62ff43,vertical,24x36,canvas";"";"";"";"";"";"";"0";"0";"0";"0";"5";"1";"";"0";"0";"";"0000-00-00";"";"";"2";""
"";"";"78";"";"";"color,radio,color,radio";"frame,Shape,size,Type";"frame,shape,size,Type";"natural-wood:#ffd083,vertical,24x36,canvas";"";"";"";"";"";"";"0";"0";"0";"0";"5";"1";"";"0";"0";"";"0000-00-00";"";"";"2";""
"";"";"78";"";"";"color,radio,color,radio";"frame,Shape,size,Type";"frame,shape,size,Type";"dark-wood:#ce6600,vertical,24x36,canvas";"";"";"";"";"";"";"0";"0";"0";"0";"5";"1";"";"0";"0";"";"0000-00-00";"";"";"2";""
"";"";"78";"";"";"color,radio,color,radio";"frame,Shape,size,Type";"frame,shape,size,Type";"charcol-black:#3b1200,vertical,24x36,canvas";"";"";"";"";"";"";"0";"0";"0";"0";"5";"1";"";"0";"0";"";"0000-00-00";"";"";"2";""
"";"";"78";"";"";"color,radio,color,radio";"frame,Shape,size,Type";"frame,shape,size,Type";"charcol-white:#e3fffe,vertical,24x36,canvas";"";"";"";"";"";"";"0";"0";"0";"0";"5";"1";"";"0";"0";"";"0000-00-00";"";"";"2";""
"";"";"78";"";"";"color,radio,color,radio";"frame,Shape,size,Type";"frame,shape,size,Type";"pine-wood:#a3afff,vertical,24x36,canvas";"";"";"";"";"";"";"0";"0";"0";"0";"5";"1";"";"0";"0";"";"0000-00-00";"";"";"2";""
"";"";"78";"";"";"color,radio,color,radio";"frame,Shape,size,Type";"frame,shape,size,Type";"none:#62ff43,vertical,30x45,canvas";"";"";"";"";"";"";"0";"0";"0";"0";"5";"1";"";"0";"0";"";"0000-00-00";"";"";"2";""
"";"";"78";"";"";"color,radio,color,radio";"frame,Shape,size,Type";"frame,shape,size,Type";"natural-wood:#ffd083,vertical,30x45,canvas";"";"";"";"";"";"";"0";"0";"0";"0";"5";"1";"";"0";"0";"";"0000-00-00";"";"";"2";""
"";"";"78";"";"";"color,radio,color,radio";"frame,Shape,size,Type";"frame,shape,size,Type";"dark-wood:#ce6600,vertical,30x45,canvas";"";"";"";"";"";"";"0";"0";"0";"0";"5";"1";"";"0";"0";"";"0000-00-00";"";"";"2";""
"";"";"78";"";"";"color,radio,color,radio";"frame,Shape,size,Type";"frame,shape,size,Type";"charcol-black:#3b1200,vertical,30x45,canvas";"";"";"";"";"";"";"0";"0";"0";"0";"5";"1";"";"0";"0";"";"0000-00-00";"";"";"2";""
"";"";"78";"";"";"color,radio,color,radio";"frame,Shape,size,Type";"frame,shape,size,Type";"charcol-white:#e3fffe,vertical,30x45,canvas";"";"";"";"";"";"";"0";"0";"0";"0";"5";"1";"";"0";"0";"";"0000-00-00";"";"";"2";""
"";"";"78";"";"";"color,radio,color,radio";"frame,Shape,size,Type";"frame,shape,size,Type";"pine-wood:#a3afff,vertical,30x45,canvas";"";"";"";"";"";"";"0";"0";"0";"0";"5";"1";"";"0";"0";"";"0000-00-00";"";"";"2";""
"";"";"78";"";"";"color,radio,color,radio";"frame,Shape,size,Type";"frame,shape,size,Type";"none:#62ff43,vertical,10x15,fine-art-paper";"";"";"";"";"";"";"0";"0";"0";"0";"5";"1";"";"0";"0";"";"0000-00-00";"";"";"2";""
"";"";"78";"";"";"color,radio,color,radio";"frame,Shape,size,Type";"frame,shape,size,Type";"natural-wood:#ffd083,vertical,10x15,fine-art-paper";"";"";"";"";"";"";"0";"0";"0";"0";"5";"1";"";"0";"0";"";"0000-00-00";"";"";"2";""
"";"";"78";"";"";"color,radio,color,radio";"frame,Shape,size,Type";"frame,shape,size,Type";"dark-wood:#ce6600,vertical,10x15,fine-art-paper";"";"";"";"";"";"";"0";"0";"0";"0";"5";"1";"";"0";"0";"";"0000-00-00";"";"";"2";""
"";"";"78";"";"";"color,radio,color,radio";"frame,Shape,size,Type";"frame,shape,size,Type";"charcol-black:#3b1200,vertical,10x15,fine-art-paper";"";"";"";"";"";"";"0";"0";"0";"0";"5";"1";"";"0";"0";"";"0000-00-00";"";"";"2";""
"";"";"78";"";"";"color,radio,color,radio";"frame,Shape,size,Type";"frame,shape,size,Type";"charcol-white:#e3fffe,vertical,10x15,fine-art-paper";"";"";"";"";"";"";"0";"0";"0";"0";"5";"1";"";"0";"0";"";"0000-00-00";"";"";"2";""
"";"";"78";"";"";"color,radio,color,radio";"frame,Shape,size,Type";"frame,shape,size,Type";"pine-wood:#a3afff,vertical,10x15,fine-art-paper";"";"";"";"";"";"";"0";"0";"0";"0";"5";"1";"";"0";"0";"";"0000-00-00";"";"";"2";""
"";"";"78";"";"";"color,radio,color,radio";"frame,Shape,size,Type";"frame,shape,size,Type";"none:#62ff43,vertical,12x18,fine-art-paper";"";"";"";"";"";"";"0";"0";"0";"0";"5";"1";"";"0";"0";"";"0000-00-00";"";"";"2";""
"";"";"78";"";"";"color,radio,color,radio";"frame,Shape,size,Type";"frame,shape,size,Type";"natural-wood:#ffd083,vertical,12x18,fine-art-paper";"";"";"";"";"";"";"0";"0";"0";"0";"5";"1";"";"0";"0";"";"0000-00-00";"";"";"2";""
"";"";"78";"";"";"color,radio,color,radio";"frame,Shape,size,Type";"frame,shape,size,Type";"dark-wood:#ce6600,vertical,12x18,fine-art-paper";"";"";"";"";"";"";"0";"0";"0";"0";"5";"1";"";"0";"0";"";"0000-00-00";"";"";"2";""
"";"";"78";"";"";"color,radio,color,radio";"frame,Shape,size,Type";"frame,shape,size,Type";"charcol-black:#3b1200,vertical,12x18,fine-art-paper";"";"";"";"";"";"";"0";"0";"0";"0";"5";"1";"";"0";"0";"";"0000-00-00";"";"";"2";""
"";"";"78";"";"";"color,radio,color,radio";"frame,Shape,size,Type";"frame,shape,size,Type";"charcol-white:#e3fffe,vertical,12x18,fine-art-paper";"";"";"";"";"";"";"0";"0";"0";"0";"5";"1";"";"0";"0";"";"0000-00-00";"";"";"2";""
"";"";"78";"";"";"color,radio,color,radio";"frame,Shape,size,Type";"frame,shape,size,Type";"pine-wood:#a3afff,vertical,12x18,fine-art-paper";"";"";"";"";"";"";"0";"0";"0";"0";"5";"1";"";"0";"0";"";"0000-00-00";"";"";"2";""
"";"";"78";"";"";"color,radio,color,radio";"frame,Shape,size,Type";"frame,shape,size,Type";"none:#62ff43,vertical,16x24,fine-art-paper";"";"";"";"";"";"";"0";"0";"0";"0";"5";"1";"";"0";"0";"";"0000-00-00";"";"";"2";""
"";"";"78";"";"";"color,radio,color,radio";"frame,Shape,size,Type";"frame,shape,size,Type";"natural-wood:#ffd083,vertical,16x24,fine-art-paper";"";"";"";"";"";"";"0";"0";"0";"0";"5";"1";"";"0";"0";"";"0000-00-00";"";"";"2";""
"";"";"78";"";"";"color,radio,color,radio";"frame,Shape,size,Type";"frame,shape,size,Type";"dark-wood:#ce6600,vertical,16x24,fine-art-paper";"";"";"";"";"";"";"0";"0";"0";"0";"5";"1";"";"0";"0";"";"0000-00-00";"";"";"2";""
"";"";"78";"";"";"color,radio,color,radio";"frame,Shape,size,Type";"frame,shape,size,Type";"charcol-black:#3b1200,vertical,16x24,fine-art-paper";"";"";"";"";"";"";"0";"0";"0";"0";"5";"1";"";"0";"0";"";"0000-00-00";"";"";"2";""
"";"";"78";"";"";"color,radio,color,radio";"frame,Shape,size,Type";"frame,shape,size,Type";"charcol-white:#e3fffe,vertical,16x24,fine-art-paper";"";"";"";"";"";"";"0";"0";"0";"0";"5";"1";"";"0";"0";"";"0000-00-00";"";"";"2";""
"";"";"78";"";"";"color,radio,color,radio";"frame,Shape,size,Type";"frame,shape,size,Type";"pine-wood:#a3afff,vertical,16x24,fine-art-paper";"";"";"";"";"";"";"0";"0";"0";"0";"5";"1";"";"0";"0";"";"0000-00-00";"";"";"2";""
"";"";"78";"";"";"color,radio,color,radio";"frame,Shape,size,Type";"frame,shape,size,Type";"none:#62ff43,vertical,20x30,fine-art-paper";"";"";"";"";"";"";"0";"0";"0";"0";"5";"1";"";"0";"0";"";"0000-00-00";"";"";"2";""
"";"";"78";"";"";"color,radio,color,radio";"frame,Shape,size,Type";"frame,shape,size,Type";"natural-wood:#ffd083,vertical,20x30,fine-art-paper";"";"";"";"";"";"";"0";"0";"0";"0";"5";"1";"";"0";"0";"";"0000-00-00";"";"";"2";""
"";"";"78";"";"";"color,radio,color,radio";"frame,Shape,size,Type";"frame,shape,size,Type";"dark-wood:#ce6600,vertical,20x30,fine-art-paper";"";"";"";"";"";"";"0";"0";"0";"0";"5";"1";"";"0";"0";"";"0000-00-00";"";"";"2";""
"";"";"78";"";"";"color,radio,color,radio";"frame,Shape,size,Type";"frame,shape,size,Type";"charcol-black:#3b1200,vertical,20x30,fine-art-paper";"";"";"";"";"";"";"0";"0";"0";"0";"5";"1";"";"0";"0";"";"0000-00-00";"";"";"2";""
"";"";"78";"";"";"color,radio,color,radio";"frame,Shape,size,Type";"frame,shape,size,Type";"charcol-white:#e3fffe,vertical,20x30,fine-art-paper";"";"";"";"";"";"";"0";"0";"0";"0";"5";"1";"";"0";"0";"";"0000-00-00";"";"";"2";""
"";"";"78";"";"";"color,radio,color,radio";"frame,Shape,size,Type";"frame,shape,size,Type";"pine-wood:#a3afff,vertical,20x30,fine-art-paper";"";"";"";"";"";"";"0";"0";"0";"0";"5";"1";"";"0";"0";"";"0000-00-00";"";"";"2";""
"";"";"78";"";"";"color,radio,color,radio";"frame,Shape,size,Type";"frame,shape,size,Type";"none:#62ff43,vertical,24x36,fine-art-paper";"";"";"";"";"";"";"0";"0";"0";"0";"5";"1";"";"0";"0";"";"0000-00-00";"";"";"2";""
"";"";"78";"";"";"color,radio,color,radio";"frame,Shape,size,Type";"frame,shape,size,Type";"natural-wood:#ffd083,vertical,24x36,fine-art-paper";"";"";"";"";"";"";"0";"0";"0";"0";"5";"1";"";"0";"0";"";"0000-00-00";"";"";"2";""
"";"";"78";"";"";"color,radio,color,radio";"frame,Shape,size,Type";"frame,shape,size,Type";"dark-wood:#ce6600,vertical,24x36,fine-art-paper";"";"";"";"";"";"";"0";"0";"0";"0";"5";"1";"";"0";"0";"";"0000-00-00";"";"";"2";""
"";"";"78";"";"";"color,radio,color,radio";"frame,Shape,size,Type";"frame,shape,size,Type";"charcol-black:#3b1200,vertical,24x36,fine-art-paper";"";"";"";"";"";"";"0";"0";"0";"0";"5";"1";"";"0";"0";"";"0000-00-00";"";"";"2";""
"";"";"78";"";"";"color,radio,color,radio";"frame,Shape,size,Type";"frame,shape,size,Type";"charcol-white:#e3fffe,vertical,24x36,fine-art-paper";"";"";"";"";"";"";"0";"0";"0";"0";"5";"1";"";"0";"0";"";"0000-00-00";"";"";"2";""
"";"";"78";"";"";"color,radio,color,radio";"frame,Shape,size,Type";"frame,shape,size,Type";"pine-wood:#a3afff,vertical,24x36,fine-art-paper";"";"";"";"";"";"";"0";"0";"0";"0";"5";"1";"";"0";"0";"";"0000-00-00";"";"";"2";""
"";"";"78";"";"";"color,radio,color,radio";"frame,Shape,size,Type";"frame,shape,size,Type";"none:#62ff43,vertical,30x45,fine-art-paper";"";"";"";"";"";"";"0";"0";"0";"0";"5";"1";"";"0";"0";"";"0000-00-00";"";"";"2";""
"";"";"78";"";"";"color,radio,color,radio";"frame,Shape,size,Type";"frame,shape,size,Type";"natural-wood:#ffd083,vertical,30x45,fine-art-paper";"";"";"";"";"";"";"0";"0";"0";"0";"5";"1";"";"0";"0";"";"0000-00-00";"";"";"2";""
"";"";"78";"";"";"color,radio,color,radio";"frame,Shape,size,Type";"frame,shape,size,Type";"dark-wood:#ce6600,vertical,30x45,fine-art-paper";"";"";"";"";"";"";"0";"0";"0";"0";"5";"1";"";"0";"0";"";"0000-00-00";"";"";"2";""
"";"";"78";"";"";"color,radio,color,radio";"frame,Shape,size,Type";"frame,shape,size,Type";"charcol-black:#3b1200,vertical,30x45,fine-art-paper";"";"";"";"";"";"";"0";"0";"0";"0";"5";"1";"";"0";"0";"";"0000-00-00";"";"";"2";""
"";"";"78";"";"";"color,radio,color,radio";"frame,Shape,size,Type";"frame,shape,size,Type";"charcol-white:#e3fffe,vertical,30x45,fine-art-paper";"";"";"";"";"";"";"0";"0";"0";"0";"5";"1";"";"0";"0";"";"0000-00-00";"";"";"2";""
"";"";"78";"";"";"color,radio,color,radio";"frame,Shape,size,Type";"frame,shape,size,Type";"pine-wood:#a3afff,vertical,30x45,fine-art-paper";"";"";"";"";"";"";"0";"0";"0";"0";"5";"1";"";"0";"0";"";"0000-00-00";"";"";"2";""
"";"";"81";"";"";"color,radio,color,radio";"frame,Shape,size,Type";"frame,shape,size,Type";"none:#62ff43,vertical,10x15,canvas";"";"";"";"";"";"";"0";"0";"0";"0";"5";"1";"";"0";"0";"1";"0000-00-00";"";"";"2";""
"";"";"81";"";"";"color,radio,color,radio";"frame,Shape,size,Type";"frame,shape,size,Type";"natural-wood:#ffd083,vertical,10x15,canvas";"";"";"";"";"";"";"0";"0";"0";"0";"5";"1";"";"0";"0";"";"0000-00-00";"";"";"2";""
"";"";"81";"";"";"color,radio,color,radio";"frame,Shape,size,Type";"frame,shape,size,Type";"dark-wood:#ce6600,vertical,10x15,canvas";"";"";"";"";"";"";"0";"0";"0";"0";"5";"1";"";"0";"0";"";"0000-00-00";"";"";"2";""
"";"";"81";"";"";"color,radio,color,radio";"frame,Shape,size,Type";"frame,shape,size,Type";"charcol-black:#3b1200,vertical,10x15,canvas";"";"";"";"";"";"";"0";"0";"0";"0";"5";"1";"";"0";"0";"";"0000-00-00";"";"";"2";""
"";"";"81";"";"";"color,radio,color,radio";"frame,Shape,size,Type";"frame,shape,size,Type";"charcol-white:#e3fffe,vertical,10x15,canvas";"";"";"";"";"";"";"0";"0";"0";"0";"5";"1";"";"0";"0";"";"0000-00-00";"";"";"2";""
"";"";"81";"";"";"color,radio,color,radio";"frame,Shape,size,Type";"frame,shape,size,Type";"pine-wood:#a3afff,vertical,10x15,canvas";"";"";"";"";"";"";"0";"0";"0";"0";"5";"1";"";"0";"0";"";"0000-00-00";"";"";"2";""
"";"";"81";"";"";"color,radio,color,radio";"frame,Shape,size,Type";"frame,shape,size,Type";"none:#62ff43,vertical,12x18,canvas";"";"";"";"";"";"";"0";"0";"0";"0";"5";"1";"";"0";"0";"";"0000-00-00";"";"";"2";""
"";"";"81";"";"";"color,radio,color,radio";"frame,Shape,size,Type";"frame,shape,size,Type";"natural-wood:#ffd083,vertical,12x18,canvas";"";"";"";"";"";"";"0";"0";"0";"0";"5";"1";"";"0";"0";"";"0000-00-00";"";"";"2";""
"";"";"81";"";"";"color,radio,color,radio";"frame,Shape,size,Type";"frame,shape,size,Type";"dark-wood:#ce6600,vertical,12x18,canvas";"";"";"";"";"";"";"0";"0";"0";"0";"5";"1";"";"0";"0";"";"0000-00-00";"";"";"2";""
"";"";"81";"";"";"color,radio,color,radio";"frame,Shape,size,Type";"frame,shape,size,Type";"charcol-black:#3b1200,vertical,12x18,canvas";"";"";"";"";"";"";"0";"0";"0";"0";"5";"1";"";"0";"0";"";"0000-00-00";"";"";"2";""
"";"";"81";"";"";"color,radio,color,radio";"frame,Shape,size,Type";"frame,shape,size,Type";"charcol-white:#e3fffe,vertical,12x18,canvas";"";"";"";"";"";"";"0";"0";"0";"0";"5";"1";"";"0";"0";"";"0000-00-00";"";"";"2";""
"";"";"81";"";"";"color,radio,color,radio";"frame,Shape,size,Type";"frame,shape,size,Type";"pine-wood:#a3afff,vertical,12x18,canvas";"";"";"";"";"";"";"0";"0";"0";"0";"5";"1";"";"0";"0";"";"0000-00-00";"";"";"2";""
"";"";"81";"";"";"color,radio,color,radio";"frame,Shape,size,Type";"frame,shape,size,Type";"none:#62ff43,vertical,16x24,canvas";"";"";"";"";"";"";"0";"0";"0";"0";"5";"1";"";"0";"0";"";"0000-00-00";"";"";"2";""
"";"";"81";"";"";"color,radio,color,radio";"frame,Shape,size,Type";"frame,shape,size,Type";"natural-wood:#ffd083,vertical,16x24,canvas";"";"";"";"";"";"";"0";"0";"0";"0";"5";"1";"";"0";"0";"";"0000-00-00";"";"";"2";""
"";"";"81";"";"";"color,radio,color,radio";"frame,Shape,size,Type";"frame,shape,size,Type";"dark-wood:#ce6600,vertical,16x24,canvas";"";"";"";"";"";"";"0";"0";"0";"0";"5";"1";"";"0";"0";"";"0000-00-00";"";"";"2";""
"";"";"81";"";"";"color,radio,color,radio";"frame,Shape,size,Type";"frame,shape,size,Type";"charcol-black:#3b1200,vertical,16x24,canvas";"";"";"";"";"";"";"0";"0";"0";"0";"5";"1";"";"0";"0";"";"0000-00-00";"";"";"2";""
"";"";"81";"";"";"color,radio,color,radio";"frame,Shape,size,Type";"frame,shape,size,Type";"charcol-white:#e3fffe,vertical,16x24,canvas";"";"";"";"";"";"";"0";"0";"0";"0";"5";"1";"";"0";"0";"";"0000-00-00";"";"";"2";""
"";"";"81";"";"";"color,radio,color,radio";"frame,Shape,size,Type";"frame,shape,size,Type";"pine-wood:#a3afff,vertical,16x24,canvas";"";"";"";"";"";"";"0";"0";"0";"0";"5";"1";"";"0";"0";"";"0000-00-00";"";"";"2";""
"";"";"81";"";"";"color,radio,color,radio";"frame,Shape,size,Type";"frame,shape,size,Type";"none:#62ff43,vertical,20x30,canvas";"";"";"";"";"";"";"0";"0";"0";"0";"5";"1";"";"0";"0";"";"0000-00-00";"";"";"2";""
"";"";"81";"";"";"color,radio,color,radio";"frame,Shape,size,Type";"frame,shape,size,Type";"natural-wood:#ffd083,vertical,20x30,canvas";"";"";"";"";"";"";"0";"0";"0";"0";"5";"1";"";"0";"0";"";"0000-00-00";"";"";"2";""
"";"";"81";"";"";"color,radio,color,radio";"frame,Shape,size,Type";"frame,shape,size,Type";"dark-wood:#ce6600,vertical,20x30,canvas";"";"";"";"";"";"";"0";"0";"0";"0";"5";"1";"";"0";"0";"";"0000-00-00";"";"";"2";""
"";"";"81";"";"";"color,radio,color,radio";"frame,Shape,size,Type";"frame,shape,size,Type";"charcol-black:#3b1200,vertical,20x30,canvas";"";"";"";"";"";"";"0";"0";"0";"0";"5";"1";"";"0";"0";"";"0000-00-00";"";"";"2";""
"";"";"81";"";"";"color,radio,color,radio";"frame,Shape,size,Type";"frame,shape,size,Type";"charcol-white:#e3fffe,vertical,20x30,canvas";"";"";"";"";"";"";"0";"0";"0";"0";"5";"1";"";"0";"0";"";"0000-00-00";"";"";"2";""
"";"";"81";"";"";"color,radio,color,radio";"frame,Shape,size,Type";"frame,shape,size,Type";"pine-wood:#a3afff,vertical,20x30,canvas";"";"";"";"";"";"";"0";"0";"0";"0";"5";"1";"";"0";"0";"";"0000-00-00";"";"";"2";""
"";"";"81";"";"";"color,radio,color,radio";"frame,Shape,size,Type";"frame,shape,size,Type";"none:#62ff43,vertical,24x36,canvas";"";"";"";"";"";"";"0";"0";"0";"0";"5";"1";"";"0";"0";"";"0000-00-00";"";"";"2";""
"";"";"81";"";"";"color,radio,color,radio";"frame,Shape,size,Type";"frame,shape,size,Type";"natural-wood:#ffd083,vertical,24x36,canvas";"";"";"";"";"";"";"0";"0";"0";"0";"5";"1";"";"0";"0";"";"0000-00-00";"";"";"2";""
"";"";"81";"";"";"color,radio,color,radio";"frame,Shape,size,Type";"frame,shape,size,Type";"dark-wood:#ce6600,vertical,24x36,canvas";"";"";"";"";"";"";"0";"0";"0";"0";"5";"1";"";"0";"0";"";"0000-00-00";"";"";"2";""
"";"";"81";"";"";"color,radio,color,radio";"frame,Shape,size,Type";"frame,shape,size,Type";"charcol-black:#3b1200,vertical,24x36,canvas";"";"";"";"";"";"";"0";"0";"0";"0";"5";"1";"";"0";"0";"";"0000-00-00";"";"";"2";""
"";"";"81";"";"";"color,radio,color,radio";"frame,Shape,size,Type";"frame,shape,size,Type";"charcol-white:#e3fffe,vertical,24x36,canvas";"";"";"";"";"";"";"0";"0";"0";"0";"5";"1";"";"0";"0";"";"0000-00-00";"";"";"2";""
"";"";"81";"";"";"color,radio,color,radio";"frame,Shape,size,Type";"frame,shape,size,Type";"pine-wood:#a3afff,vertical,24x36,canvas";"";"";"";"";"";"";"0";"0";"0";"0";"5";"1";"";"0";"0";"";"0000-00-00";"";"";"2";""
"";"";"81";"";"";"color,radio,color,radio";"frame,Shape,size,Type";"frame,shape,size,Type";"none:#62ff43,vertical,30x45,canvas";"";"";"";"";"";"";"0";"0";"0";"0";"5";"1";"";"0";"0";"";"0000-00-00";"";"";"2";""
"";"";"81";"";"";"color,radio,color,radio";"frame,Shape,size,Type";"frame,shape,size,Type";"natural-wood:#ffd083,vertical,30x45,canvas";"";"";"";"";"";"";"0";"0";"0";"0";"5";"1";"";"0";"0";"";"0000-00-00";"";"";"2";""
"";"";"81";"";"";"color,radio,color,radio";"frame,Shape,size,Type";"frame,shape,size,Type";"dark-wood:#ce6600,vertical,30x45,canvas";"";"";"";"";"";"";"0";"0";"0";"0";"5";"1";"";"0";"0";"";"0000-00-00";"";"";"2";""
"";"";"81";"";"";"color,radio,color,radio";"frame,Shape,size,Type";"frame,shape,size,Type";"charcol-black:#3b1200,vertical,30x45,canvas";"";"";"";"";"";"";"0";"0";"0";"0";"5";"1";"";"0";"0";"";"0000-00-00";"";"";"2";""
"";"";"81";"";"";"color,radio,color,radio";"frame,Shape,size,Type";"frame,shape,size,Type";"charcol-white:#e3fffe,vertical,30x45,canvas";"";"";"";"";"";"";"0";"0";"0";"0";"5";"1";"";"0";"0";"";"0000-00-00";"";"";"2";""
"";"";"81";"";"";"color,radio,color,radio";"frame,Shape,size,Type";"frame,shape,size,Type";"pine-wood:#a3afff,vertical,30x45,canvas";"";"";"";"";"";"";"0";"0";"0";"0";"5";"1";"";"0";"0";"";"0000-00-00";"";"";"2";""
"";"";"81";"";"";"color,radio,color,radio";"frame,Shape,size,Type";"frame,shape,size,Type";"none:#62ff43,vertical,10x15,fine-art-paper";"";"";"";"";"";"";"0";"0";"0";"0";"5";"1";"";"0";"0";"";"0000-00-00";"";"";"2";""
"";"";"81";"";"";"color,radio,color,radio";"frame,Shape,size,Type";"frame,shape,size,Type";"natural-wood:#ffd083,vertical,10x15,fine-art-paper";"";"";"";"";"";"";"0";"0";"0";"0";"5";"1";"";"0";"0";"";"0000-00-00";"";"";"2";""
"";"";"81";"";"";"color,radio,color,radio";"frame,Shape,size,Type";"frame,shape,size,Type";"dark-wood:#ce6600,vertical,10x15,fine-art-paper";"";"";"";"";"";"";"0";"0";"0";"0";"5";"1";"";"0";"0";"";"0000-00-00";"";"";"2";""
"";"";"81";"";"";"color,radio,color,radio";"frame,Shape,size,Type";"frame,shape,size,Type";"charcol-black:#3b1200,vertical,10x15,fine-art-paper";"";"";"";"";"";"";"0";"0";"0";"0";"5";"1";"";"0";"0";"";"0000-00-00";"";"";"2";""
"";"";"81";"";"";"color,radio,color,radio";"frame,Shape,size,Type";"frame,shape,size,Type";"charcol-white:#e3fffe,vertical,10x15,fine-art-paper";"";"";"";"";"";"";"0";"0";"0";"0";"5";"1";"";"0";"0";"";"0000-00-00";"";"";"2";""
"";"";"81";"";"";"color,radio,color,radio";"frame,Shape,size,Type";"frame,shape,size,Type";"pine-wood:#a3afff,vertical,10x15,fine-art-paper";"";"";"";"";"";"";"0";"0";"0";"0";"5";"1";"";"0";"0";"";"0000-00-00";"";"";"2";""
"";"";"81";"";"";"color,radio,color,radio";"frame,Shape,size,Type";"frame,shape,size,Type";"none:#62ff43,vertical,12x18,fine-art-paper";"";"";"";"";"";"";"0";"0";"0";"0";"5";"1";"";"0";"0";"";"0000-00-00";"";"";"2";""
"";"";"81";"";"";"color,radio,color,radio";"frame,Shape,size,Type";"frame,shape,size,Type";"natural-wood:#ffd083,vertical,12x18,fine-art-paper";"";"";"";"";"";"";"0";"0";"0";"0";"5";"1";"";"0";"0";"";"0000-00-00";"";"";"2";""
"";"";"81";"";"";"color,radio,color,radio";"frame,Shape,size,Type";"frame,shape,size,Type";"dark-wood:#ce6600,vertical,12x18,fine-art-paper";"";"";"";"";"";"";"0";"0";"0";"0";"5";"1";"";"0";"0";"";"0000-00-00";"";"";"2";""
"";"";"81";"";"";"color,radio,color,radio";"frame,Shape,size,Type";"frame,shape,size,Type";"charcol-black:#3b1200,vertical,12x18,fine-art-paper";"";"";"";"";"";"";"0";"0";"0";"0";"5";"1";"";"0";"0";"";"0000-00-00";"";"";"2";""
"";"";"81";"";"";"color,radio,color,radio";"frame,Shape,size,Type";"frame,shape,size,Type";"charcol-white:#e3fffe,vertical,12x18,fine-art-paper";"";"";"";"";"";"";"0";"0";"0";"0";"5";"1";"";"0";"0";"";"0000-00-00";"";"";"2";""
"";"";"81";"";"";"color,radio,color,radio";"frame,Shape,size,Type";"frame,shape,size,Type";"pine-wood:#a3afff,vertical,12x18,fine-art-paper";"";"";"";"";"";"";"0";"0";"0";"0";"5";"1";"";"0";"0";"";"0000-00-00";"";"";"2";""
"";"";"81";"";"";"color,radio,color,radio";"frame,Shape,size,Type";"frame,shape,size,Type";"none:#62ff43,vertical,16x24,fine-art-paper";"";"";"";"";"";"";"0";"0";"0";"0";"5";"1";"";"0";"0";"";"0000-00-00";"";"";"2";""
"";"";"81";"";"";"color,radio,color,radio";"frame,Shape,size,Type";"frame,shape,size,Type";"natural-wood:#ffd083,vertical,16x24,fine-art-paper";"";"";"";"";"";"";"0";"0";"0";"0";"5";"1";"";"0";"0";"";"0000-00-00";"";"";"2";""
"";"";"81";"";"";"color,radio,color,radio";"frame,Shape,size,Type";"frame,shape,size,Type";"dark-wood:#ce6600,vertical,16x24,fine-art-paper";"";"";"";"";"";"";"0";"0";"0";"0";"5";"1";"";"0";"0";"";"0000-00-00";"";"";"2";""
"";"";"81";"";"";"color,radio,color,radio";"frame,Shape,size,Type";"frame,shape,size,Type";"charcol-black:#3b1200,vertical,16x24,fine-art-paper";"";"";"";"";"";"";"0";"0";"0";"0";"5";"1";"";"0";"0";"";"0000-00-00";"";"";"2";""
"";"";"81";"";"";"color,radio,color,radio";"frame,Shape,size,Type";"frame,shape,size,Type";"charcol-white:#e3fffe,vertical,16x24,fine-art-paper";"";"";"";"";"";"";"0";"0";"0";"0";"5";"1";"";"0";"0";"";"0000-00-00";"";"";"2";""
"";"";"81";"";"";"color,radio,color,radio";"frame,Shape,size,Type";"frame,shape,size,Type";"pine-wood:#a3afff,vertical,16x24,fine-art-paper";"";"";"";"";"";"";"0";"0";"0";"0";"5";"1";"";"0";"0";"";"0000-00-00";"";"";"2";""
"";"";"81";"";"";"color,radio,color,radio";"frame,Shape,size,Type";"frame,shape,size,Type";"none:#62ff43,vertical,20x30,fine-art-paper";"";"";"";"";"";"";"0";"0";"0";"0";"5";"1";"";"0";"0";"";"0000-00-00";"";"";"2";""
"";"";"81";"";"";"color,radio,color,radio";"frame,Shape,size,Type";"frame,shape,size,Type";"natural-wood:#ffd083,vertical,20x30,fine-art-paper";"";"";"";"";"";"";"0";"0";"0";"0";"5";"1";"";"0";"0";"";"0000-00-00";"";"";"2";""
"";"";"81";"";"";"color,radio,color,radio";"frame,Shape,size,Type";"frame,shape,size,Type";"dark-wood:#ce6600,vertical,20x30,fine-art-paper";"";"";"";"";"";"";"0";"0";"0";"0";"5";"1";"";"0";"0";"";"0000-00-00";"";"";"2";""
"";"";"81";"";"";"color,radio,color,radio";"frame,Shape,size,Type";"frame,shape,size,Type";"charcol-black:#3b1200,vertical,20x30,fine-art-paper";"";"";"";"";"";"";"0";"0";"0";"0";"5";"1";"";"0";"0";"";"0000-00-00";"";"";"2";""
"";"";"81";"";"";"color,radio,color,radio";"frame,Shape,size,Type";"frame,shape,size,Type";"charcol-white:#e3fffe,vertical,20x30,fine-art-paper";"";"";"";"";"";"";"0";"0";"0";"0";"5";"1";"";"0";"0";"";"0000-00-00";"";"";"2";""
"";"";"81";"";"";"color,radio,color,radio";"frame,Shape,size,Type";"frame,shape,size,Type";"pine-wood:#a3afff,vertical,20x30,fine-art-paper";"";"";"";"";"";"";"0";"0";"0";"0";"5";"1";"";"0";"0";"";"0000-00-00";"";"";"2";""
"";"";"81";"";"";"color,radio,color,radio";"frame,Shape,size,Type";"frame,shape,size,Type";"none:#62ff43,vertical,24x36,fine-art-paper";"";"";"";"";"";"";"0";"0";"0";"0";"5";"1";"";"0";"0";"";"0000-00-00";"";"";"2";""
"";"";"81";"";"";"color,radio,color,radio";"frame,Shape,size,Type";"frame,shape,size,Type";"natural-wood:#ffd083,vertical,24x36,fine-art-paper";"";"";"";"";"";"";"0";"0";"0";"0";"5";"1";"";"0";"0";"";"0000-00-00";"";"";"2";""
"";"";"81";"";"";"color,radio,color,radio";"frame,Shape,size,Type";"frame,shape,size,Type";"dark-wood:#ce6600,vertical,24x36,fine-art-paper";"";"";"";"";"";"";"0";"0";"0";"0";"5";"1";"";"0";"0";"";"0000-00-00";"";"";"2";""
"";"";"81";"";"";"color,radio,color,radio";"frame,Shape,size,Type";"frame,shape,size,Type";"charcol-black:#3b1200,vertical,24x36,fine-art-paper";"";"";"";"";"";"";"0";"0";"0";"0";"5";"1";"";"0";"0";"";"0000-00-00";"";"";"2";""
"";"";"81";"";"";"color,radio,color,radio";"frame,Shape,size,Type";"frame,shape,size,Type";"charcol-white:#e3fffe,vertical,24x36,fine-art-paper";"";"";"";"";"";"";"0";"0";"0";"0";"5";"1";"";"0";"0";"";"0000-00-00";"";"";"2";""
"";"";"81";"";"";"color,radio,color,radio";"frame,Shape,size,Type";"frame,shape,size,Type";"pine-wood:#a3afff,vertical,24x36,fine-art-paper";"";"";"";"";"";"";"0";"0";"0";"0";"5";"1";"";"0";"0";"";"0000-00-00";"";"";"2";""
"";"";"81";"";"";"color,radio,color,radio";"frame,Shape,size,Type";"frame,shape,size,Type";"none:#62ff43,vertical,30x45,fine-art-paper";"";"";"";"";"";"";"0";"0";"0";"0";"5";"1";"";"0";"0";"";"0000-00-00";"";"";"2";""
"";"";"81";"";"";"color,radio,color,radio";"frame,Shape,size,Type";"frame,shape,size,Type";"natural-wood:#ffd083,vertical,30x45,fine-art-paper";"";"";"";"";"";"";"0";"0";"0";"0";"5";"1";"";"0";"0";"";"0000-00-00";"";"";"2";""
"";"";"81";"";"";"color,radio,color,radio";"frame,Shape,size,Type";"frame,shape,size,Type";"dark-wood:#ce6600,vertical,30x45,fine-art-paper";"";"";"";"";"";"";"0";"0";"0";"0";"5";"1";"";"0";"0";"";"0000-00-00";"";"";"2";""
"";"";"81";"";"";"color,radio,color,radio";"frame,Shape,size,Type";"frame,shape,size,Type";"charcol-black:#3b1200,vertical,30x45,fine-art-paper";"";"";"";"";"";"";"0";"0";"0";"0";"5";"1";"";"0";"0";"";"0000-00-00";"";"";"2";""
"";"";"81";"";"";"color,radio,color,radio";"frame,Shape,size,Type";"frame,shape,size,Type";"charcol-white:#e3fffe,vertical,30x45,fine-art-paper";"";"";"";"";"";"";"0";"0";"0";"0";"5";"1";"";"0";"0";"";"0000-00-00";"";"";"2";""
"";"";"81";"";"";"color,radio,color,radio";"frame,Shape,size,Type";"frame,shape,size,Type";"pine-wood:#a3afff,vertical,30x45,fine-art-paper";"";"";"";"";"";"";"0";"0";"0";"0";"5";"1";"";"0";"0";"";"0000-00-00";"";"";"2";""
"";"";"84";"";"";"color,radio,color,radio";"frame,Shape,size,Type";"frame,shape,size,Type";"none:#62ff43,vertical,10x15,canvas";"";"";"";"";"";"";"0";"0";"0";"0";"5";"1";"";"0";"0";"1";"0000-00-00";"";"";"2";""
"";"";"84";"";"";"color,radio,color,radio";"frame,Shape,size,Type";"frame,shape,size,Type";"natural-wood:#ffd083,vertical,10x15,canvas";"";"";"";"";"";"";"0";"0";"0";"0";"5";"1";"";"0";"0";"";"0000-00-00";"";"";"2";""
"";"";"84";"";"";"color,radio,color,radio";"frame,Shape,size,Type";"frame,shape,size,Type";"dark-wood:#ce6600,vertical,10x15,canvas";"";"";"";"";"";"";"0";"0";"0";"0";"5";"1";"";"0";"0";"";"0000-00-00";"";"";"2";""
"";"";"84";"";"";"color,radio,color,radio";"frame,Shape,size,Type";"frame,shape,size,Type";"charcol-black:#3b1200,vertical,10x15,canvas";"";"";"";"";"";"";"0";"0";"0";"0";"5";"1";"";"0";"0";"";"0000-00-00";"";"";"2";""
"";"";"84";"";"";"color,radio,color,radio";"frame,Shape,size,Type";"frame,shape,size,Type";"charcol-white:#e3fffe,vertical,10x15,canvas";"";"";"";"";"";"";"0";"0";"0";"0";"5";"1";"";"0";"0";"";"0000-00-00";"";"";"2";""
"";"";"84";"";"";"color,radio,color,radio";"frame,Shape,size,Type";"frame,shape,size,Type";"pine-wood:#a3afff,vertical,10x15,canvas";"";"";"";"";"";"";"0";"0";"0";"0";"5";"1";"";"0";"0";"";"0000-00-00";"";"";"2";""
"";"";"84";"";"";"color,radio,color,radio";"frame,Shape,size,Type";"frame,shape,size,Type";"none:#62ff43,vertical,12x18,canvas";"";"";"";"";"";"";"0";"0";"0";"0";"5";"1";"";"0";"0";"";"0000-00-00";"";"";"2";""
"";"";"84";"";"";"color,radio,color,radio";"frame,Shape,size,Type";"frame,shape,size,Type";"natural-wood:#ffd083,vertical,12x18,canvas";"";"";"";"";"";"";"0";"0";"0";"0";"5";"1";"";"0";"0";"";"0000-00-00";"";"";"2";""
"";"";"84";"";"";"color,radio,color,radio";"frame,Shape,size,Type";"frame,shape,size,Type";"dark-wood:#ce6600,vertical,12x18,canvas";"";"";"";"";"";"";"0";"0";"0";"0";"5";"1";"";"0";"0";"";"0000-00-00";"";"";"2";""
"";"";"84";"";"";"color,radio,color,radio";"frame,Shape,size,Type";"frame,shape,size,Type";"charcol-black:#3b1200,vertical,12x18,canvas";"";"";"";"";"";"";"0";"0";"0";"0";"5";"1";"";"0";"0";"";"0000-00-00";"";"";"2";""
"";"";"84";"";"";"color,radio,color,radio";"frame,Shape,size,Type";"frame,shape,size,Type";"charcol-white:#e3fffe,vertical,12x18,canvas";"";"";"";"";"";"";"0";"0";"0";"0";"5";"1";"";"0";"0";"";"0000-00-00";"";"";"2";""
"";"";"84";"";"";"color,radio,color,radio";"frame,Shape,size,Type";"frame,shape,size,Type";"pine-wood:#a3afff,vertical,12x18,canvas";"";"";"";"";"";"";"0";"0";"0";"0";"5";"1";"";"0";"0";"";"0000-00-00";"";"";"2";""
"";"";"84";"";"";"color,radio,color,radio";"frame,Shape,size,Type";"frame,shape,size,Type";"none:#62ff43,vertical,16x24,canvas";"";"";"";"";"";"";"0";"0";"0";"0";"5";"1";"";"0";"0";"";"0000-00-00";"";"";"2";""
"";"";"84";"";"";"color,radio,color,radio";"frame,Shape,size,Type";"frame,shape,size,Type";"natural-wood:#ffd083,vertical,16x24,canvas";"";"";"";"";"";"";"0";"0";"0";"0";"5";"1";"";"0";"0";"";"0000-00-00";"";"";"2";""
"";"";"84";"";"";"color,radio,color,radio";"frame,Shape,size,Type";"frame,shape,size,Type";"dark-wood:#ce6600,vertical,16x24,canvas";"";"";"";"";"";"";"0";"0";"0";"0";"5";"1";"";"0";"0";"";"0000-00-00";"";"";"2";""
"";"";"84";"";"";"color,radio,color,radio";"frame,Shape,size,Type";"frame,shape,size,Type";"charcol-black:#3b1200,vertical,16x24,canvas";"";"";"";"";"";"";"0";"0";"0";"0";"5";"1";"";"0";"0";"";"0000-00-00";"";"";"2";""
"";"";"84";"";"";"color,radio,color,radio";"frame,Shape,size,Type";"frame,shape,size,Type";"charcol-white:#e3fffe,vertical,16x24,canvas";"";"";"";"";"";"";"0";"0";"0";"0";"5";"1";"";"0";"0";"";"0000-00-00";"";"";"2";""
"";"";"84";"";"";"color,radio,color,radio";"frame,Shape,size,Type";"frame,shape,size,Type";"pine-wood:#a3afff,vertical,16x24,canvas";"";"";"";"";"";"";"0";"0";"0";"0";"5";"1";"";"0";"0";"";"0000-00-00";"";"";"2";""
"";"";"84";"";"";"color,radio,color,radio";"frame,Shape,size,Type";"frame,shape,size,Type";"none:#62ff43,vertical,20x30,canvas";"";"";"";"";"";"";"0";"0";"0";"0";"5";"1";"";"0";"0";"";"0000-00-00";"";"";"2";""
"";"";"84";"";"";"color,radio,color,radio";"frame,Shape,size,Type";"frame,shape,size,Type";"natural-wood:#ffd083,vertical,20x30,canvas";"";"";"";"";"";"";"0";"0";"0";"0";"5";"1";"";"0";"0";"";"0000-00-00";"";"";"2";""
"";"";"84";"";"";"color,radio,color,radio";"frame,Shape,size,Type";"frame,shape,size,Type";"dark-wood:#ce6600,vertical,20x30,canvas";"";"";"";"";"";"";"0";"0";"0";"0";"5";"1";"";"0";"0";"";"0000-00-00";"";"";"2";""
"";"";"84";"";"";"color,radio,color,radio";"frame,Shape,size,Type";"frame,shape,size,Type";"charcol-black:#3b1200,vertical,20x30,canvas";"";"";"";"";"";"";"0";"0";"0";"0";"5";"1";"";"0";"0";"";"0000-00-00";"";"";"2";""
"";"";"84";"";"";"color,radio,color,radio";"frame,Shape,size,Type";"frame,shape,size,Type";"charcol-white:#e3fffe,vertical,20x30,canvas";"";"";"";"";"";"";"0";"0";"0";"0";"5";"1";"";"0";"0";"";"0000-00-00";"";"";"2";""
"";"";"84";"";"";"color,radio,color,radio";"frame,Shape,size,Type";"frame,shape,size,Type";"pine-wood:#a3afff,vertical,20x30,canvas";"";"";"";"";"";"";"0";"0";"0";"0";"5";"1";"";"0";"0";"";"0000-00-00";"";"";"2";""
"";"";"84";"";"";"color,radio,color,radio";"frame,Shape,size,Type";"frame,shape,size,Type";"none:#62ff43,vertical,24x36,canvas";"";"";"";"";"";"";"0";"0";"0";"0";"5";"1";"";"0";"0";"";"0000-00-00";"";"";"2";""
"";"";"84";"";"";"color,radio,color,radio";"frame,Shape,size,Type";"frame,shape,size,Type";"natural-wood:#ffd083,vertical,24x36,canvas";"";"";"";"";"";"";"0";"0";"0";"0";"5";"1";"";"0";"0";"";"0000-00-00";"";"";"2";""
"";"";"84";"";"";"color,radio,color,radio";"frame,Shape,size,Type";"frame,shape,size,Type";"dark-wood:#ce6600,vertical,24x36,canvas";"";"";"";"";"";"";"0";"0";"0";"0";"5";"1";"";"0";"0";"";"0000-00-00";"";"";"2";""
"";"";"84";"";"";"color,radio,color,radio";"frame,Shape,size,Type";"frame,shape,size,Type";"charcol-black:#3b1200,vertical,24x36,canvas";"";"";"";"";"";"";"0";"0";"0";"0";"5";"1";"";"0";"0";"";"0000-00-00";"";"";"2";""
"";"";"84";"";"";"color,radio,color,radio";"frame,Shape,size,Type";"frame,shape,size,Type";"charcol-white:#e3fffe,vertical,24x36,canvas";"";"";"";"";"";"";"0";"0";"0";"0";"5";"1";"";"0";"0";"";"0000-00-00";"";"";"2";""
"";"";"84";"";"";"color,radio,color,radio";"frame,Shape,size,Type";"frame,shape,size,Type";"pine-wood:#a3afff,vertical,24x36,canvas";"";"";"";"";"";"";"0";"0";"0";"0";"5";"1";"";"0";"0";"";"0000-00-00";"";"";"2";""
"";"";"84";"";"";"color,radio,color,radio";"frame,Shape,size,Type";"frame,shape,size,Type";"none:#62ff43,vertical,30x45,canvas";"";"";"";"";"";"";"0";"0";"0";"0";"5";"1";"";"0";"0";"";"0000-00-00";"";"";"2";""
"";"";"84";"";"";"color,radio,color,radio";"frame,Shape,size,Type";"frame,shape,size,Type";"natural-wood:#ffd083,vertical,30x45,canvas";"";"";"";"";"";"";"0";"0";"0";"0";"5";"1";"";"0";"0";"";"0000-00-00";"";"";"2";""
"";"";"84";"";"";"color,radio,color,radio";"frame,Shape,size,Type";"frame,shape,size,Type";"dark-wood:#ce6600,vertical,30x45,canvas";"";"";"";"";"";"";"0";"0";"0";"0";"5";"1";"";"0";"0";"";"0000-00-00";"";"";"2";""
"";"";"84";"";"";"color,radio,color,radio";"frame,Shape,size,Type";"frame,shape,size,Type";"charcol-black:#3b1200,vertical,30x45,canvas";"";"";"";"";"";"";"0";"0";"0";"0";"5";"1";"";"0";"0";"";"0000-00-00";"";"";"2";""
"";"";"84";"";"";"color,radio,color,radio";"frame,Shape,size,Type";"frame,shape,size,Type";"charcol-white:#e3fffe,vertical,30x45,canvas";"";"";"";"";"";"";"0";"0";"0";"0";"5";"1";"";"0";"0";"";"0000-00-00";"";"";"2";""
"";"";"84";"";"";"color,radio,color,radio";"frame,Shape,size,Type";"frame,shape,size,Type";"pine-wood:#a3afff,vertical,30x45,canvas";"";"";"";"";"";"";"0";"0";"0";"0";"5";"1";"";"0";"0";"";"0000-00-00";"";"";"2";""
"";"";"84";"";"";"color,radio,color,radio";"frame,Shape,size,Type";"frame,shape,size,Type";"none:#62ff43,vertical,10x15,fine-art-paper";"";"";"";"";"";"";"0";"0";"0";"0";"5";"1";"";"0";"0";"";"0000-00-00";"";"";"2";""
"";"";"84";"";"";"color,radio,color,radio";"frame,Shape,size,Type";"frame,shape,size,Type";"natural-wood:#ffd083,vertical,10x15,fine-art-paper";"";"";"";"";"";"";"0";"0";"0";"0";"5";"1";"";"0";"0";"";"0000-00-00";"";"";"2";""
"";"";"84";"";"";"color,radio,color,radio";"frame,Shape,size,Type";"frame,shape,size,Type";"dark-wood:#ce6600,vertical,10x15,fine-art-paper";"";"";"";"";"";"";"0";"0";"0";"0";"5";"1";"";"0";"0";"";"0000-00-00";"";"";"2";""
"";"";"84";"";"";"color,radio,color,radio";"frame,Shape,size,Type";"frame,shape,size,Type";"charcol-black:#3b1200,vertical,10x15,fine-art-paper";"";"";"";"";"";"";"0";"0";"0";"0";"5";"1";"";"0";"0";"";"0000-00-00";"";"";"2";""
"";"";"84";"";"";"color,radio,color,radio";"frame,Shape,size,Type";"frame,shape,size,Type";"charcol-white:#e3fffe,vertical,10x15,fine-art-paper";"";"";"";"";"";"";"0";"0";"0";"0";"5";"1";"";"0";"0";"";"0000-00-00";"";"";"2";""
"";"";"84";"";"";"color,radio,color,radio";"frame,Shape,size,Type";"frame,shape,size,Type";"pine-wood:#a3afff,vertical,10x15,fine-art-paper";"";"";"";"";"";"";"0";"0";"0";"0";"5";"1";"";"0";"0";"";"0000-00-00";"";"";"2";""
"";"";"84";"";"";"color,radio,color,radio";"frame,Shape,size,Type";"frame,shape,size,Type";"none:#62ff43,vertical,12x18,fine-art-paper";"";"";"";"";"";"";"0";"0";"0";"0";"5";"1";"";"0";"0";"";"0000-00-00";"";"";"2";""
"";"";"84";"";"";"color,radio,color,radio";"frame,Shape,size,Type";"frame,shape,size,Type";"natural-wood:#ffd083,vertical,12x18,fine-art-paper";"";"";"";"";"";"";"0";"0";"0";"0";"5";"1";"";"0";"0";"";"0000-00-00";"";"";"2";""
"";"";"84";"";"";"color,radio,color,radio";"frame,Shape,size,Type";"frame,shape,size,Type";"dark-wood:#ce6600,vertical,12x18,fine-art-paper";"";"";"";"";"";"";"0";"0";"0";"0";"5";"1";"";"0";"0";"";"0000-00-00";"";"";"2";""
"";"";"84";"";"";"color,radio,color,radio";"frame,Shape,size,Type";"frame,shape,size,Type";"charcol-black:#3b1200,vertical,12x18,fine-art-paper";"";"";"";"";"";"";"0";"0";"0";"0";"5";"1";"";"0";"0";"";"0000-00-00";"";"";"2";""
"";"";"84";"";"";"color,radio,color,radio";"frame,Shape,size,Type";"frame,shape,size,Type";"charcol-white:#e3fffe,vertical,12x18,fine-art-paper";"";"";"";"";"";"";"0";"0";"0";"0";"5";"1";"";"0";"0";"";"0000-00-00";"";"";"2";""
"";"";"84";"";"";"color,radio,color,radio";"frame,Shape,size,Type";"frame,shape,size,Type";"pine-wood:#a3afff,vertical,12x18,fine-art-paper";"";"";"";"";"";"";"0";"0";"0";"0";"5";"1";"";"0";"0";"";"0000-00-00";"";"";"2";""
"";"";"84";"";"";"color,radio,color,radio";"frame,Shape,size,Type";"frame,shape,size,Type";"none:#62ff43,vertical,16x24,fine-art-paper";"";"";"";"";"";"";"0";"0";"0";"0";"5";"1";"";"0";"0";"";"0000-00-00";"";"";"2";""
"";"";"84";"";"";"color,radio,color,radio";"frame,Shape,size,Type";"frame,shape,size,Type";"natural-wood:#ffd083,vertical,16x24,fine-art-paper";"";"";"";"";"";"";"0";"0";"0";"0";"5";"1";"";"0";"0";"";"0000-00-00";"";"";"2";""
"";"";"84";"";"";"color,radio,color,radio";"frame,Shape,size,Type";"frame,shape,size,Type";"dark-wood:#ce6600,vertical,16x24,fine-art-paper";"";"";"";"";"";"";"0";"0";"0";"0";"5";"1";"";"0";"0";"";"0000-00-00";"";"";"2";""
"";"";"84";"";"";"color,radio,color,radio";"frame,Shape,size,Type";"frame,shape,size,Type";"charcol-black:#3b1200,vertical,16x24,fine-art-paper";"";"";"";"";"";"";"0";"0";"0";"0";"5";"1";"";"0";"0";"";"0000-00-00";"";"";"2";""
"";"";"84";"";"";"color,radio,color,radio";"frame,Shape,size,Type";"frame,shape,size,Type";"charcol-white:#e3fffe,vertical,16x24,fine-art-paper";"";"";"";"";"";"";"0";"0";"0";"0";"5";"1";"";"0";"0";"";"0000-00-00";"";"";"2";""
"";"";"84";"";"";"color,radio,color,radio";"frame,Shape,size,Type";"frame,shape,size,Type";"pine-wood:#a3afff,vertical,16x24,fine-art-paper";"";"";"";"";"";"";"0";"0";"0";"0";"5";"1";"";"0";"0";"";"0000-00-00";"";"";"2";""
"";"";"84";"";"";"color,radio,color,radio";"frame,Shape,size,Type";"frame,shape,size,Type";"none:#62ff43,vertical,20x30,fine-art-paper";"";"";"";"";"";"";"0";"0";"0";"0";"5";"1";"";"0";"0";"";"0000-00-00";"";"";"2";""
"";"";"84";"";"";"color,radio,color,radio";"frame,Shape,size,Type";"frame,shape,size,Type";"natural-wood:#ffd083,vertical,20x30,fine-art-paper";"";"";"";"";"";"";"0";"0";"0";"0";"5";"1";"";"0";"0";"";"0000-00-00";"";"";"2";""
"";"";"84";"";"";"color,radio,color,radio";"frame,Shape,size,Type";"frame,shape,size,Type";"dark-wood:#ce6600,vertical,20x30,fine-art-paper";"";"";"";"";"";"";"0";"0";"0";"0";"5";"1";"";"0";"0";"";"0000-00-00";"";"";"2";""
"";"";"84";"";"";"color,radio,color,radio";"frame,Shape,size,Type";"frame,shape,size,Type";"charcol-black:#3b1200,vertical,20x30,fine-art-paper";"";"";"";"";"";"";"0";"0";"0";"0";"5";"1";"";"0";"0";"";"0000-00-00";"";"";"2";""
"";"";"84";"";"";"color,radio,color,radio";"frame,Shape,size,Type";"frame,shape,size,Type";"charcol-white:#e3fffe,vertical,20x30,fine-art-paper";"";"";"";"";"";"";"0";"0";"0";"0";"5";"1";"";"0";"0";"";"0000-00-00";"";"";"2";""
"";"";"84";"";"";"color,radio,color,radio";"frame,Shape,size,Type";"frame,shape,size,Type";"pine-wood:#a3afff,vertical,20x30,fine-art-paper";"";"";"";"";"";"";"0";"0";"0";"0";"5";"1";"";"0";"0";"";"0000-00-00";"";"";"2";""
"";"";"84";"";"";"color,radio,color,radio";"frame,Shape,size,Type";"frame,shape,size,Type";"none:#62ff43,vertical,24x36,fine-art-paper";"";"";"";"";"";"";"0";"0";"0";"0";"5";"1";"";"0";"0";"";"0000-00-00";"";"";"2";""
"";"";"84";"";"";"color,radio,color,radio";"frame,Shape,size,Type";"frame,shape,size,Type";"natural-wood:#ffd083,vertical,24x36,fine-art-paper";"";"";"";"";"";"";"0";"0";"0";"0";"5";"1";"";"0";"0";"";"0000-00-00";"";"";"2";""
"";"";"84";"";"";"color,radio,color,radio";"frame,Shape,size,Type";"frame,shape,size,Type";"dark-wood:#ce6600,vertical,24x36,fine-art-paper";"";"";"";"";"";"";"0";"0";"0";"0";"5";"1";"";"0";"0";"";"0000-00-00";"";"";"2";""
"";"";"84";"";"";"color,radio,color,radio";"frame,Shape,size,Type";"frame,shape,size,Type";"charcol-black:#3b1200,vertical,24x36,fine-art-paper";"";"";"";"";"";"";"0";"0";"0";"0";"5";"1";"";"0";"0";"";"0000-00-00";"";"";"2";""
"";"";"84";"";"";"color,radio,color,radio";"frame,Shape,size,Type";"frame,shape,size,Type";"charcol-white:#e3fffe,vertical,24x36,fine-art-paper";"";"";"";"";"";"";"0";"0";"0";"0";"5";"1";"";"0";"0";"";"0000-00-00";"";"";"2";""
"";"";"84";"";"";"color,radio,color,radio";"frame,Shape,size,Type";"frame,shape,size,Type";"pine-wood:#a3afff,vertical,24x36,fine-art-paper";"";"";"";"";"";"";"0";"0";"0";"0";"5";"1";"";"0";"0";"";"0000-00-00";"";"";"2";""
"";"";"84";"";"";"color,radio,color,radio";"frame,Shape,size,Type";"frame,shape,size,Type";"none:#62ff43,vertical,30x45,fine-art-paper";"";"";"";"";"";"";"0";"0";"0";"0";"5";"1";"";"0";"0";"";"0000-00-00";"";"";"2";""
"";"";"84";"";"";"color,radio,color,radio";"frame,Shape,size,Type";"frame,shape,size,Type";"natural-wood:#ffd083,vertical,30x45,fine-art-paper";"";"";"";"";"";"";"0";"0";"0";"0";"5";"1";"";"0";"0";"";"0000-00-00";"";"";"2";""
"";"";"84";"";"";"color,radio,color,radio";"frame,Shape,size,Type";"frame,shape,size,Type";"dark-wood:#ce6600,vertical,30x45,fine-art-paper";"";"";"";"";"";"";"0";"0";"0";"0";"5";"1";"";"0";"0";"";"0000-00-00";"";"";"2";""
"";"";"84";"";"";"color,radio,color,radio";"frame,Shape,size,Type";"frame,shape,size,Type";"charcol-black:#3b1200,vertical,30x45,fine-art-paper";"";"";"";"";"";"";"0";"0";"0";"0";"5";"1";"";"0";"0";"";"0000-00-00";"";"";"2";""
"";"";"84";"";"";"color,radio,color,radio";"frame,Shape,size,Type";"frame,shape,size,Type";"charcol-white:#e3fffe,vertical,30x45,fine-art-paper";"";"";"";"";"";"";"0";"0";"0";"0";"5";"1";"";"0";"0";"";"0000-00-00";"";"";"2";""
"";"";"84";"";"";"color,radio,color,radio";"frame,Shape,size,Type";"frame,shape,size,Type";"pine-wood:#a3afff,vertical,30x45,fine-art-paper";"";"";"";"";"";"";"0";"0";"0";"0";"5";"1";"";"0";"0";"";"0000-00-00";"";"";"2";""
"";"";"87";"";"";"color,radio,color,radio";"frame,Shape,size,Type";"frame,shape,size,Type";"none:#62ff43,vertical,10x15,canvas";"";"";"";"";"";"";"0";"0";"0";"0";"5";"1";"";"0";"0";"1";"0000-00-00";"";"";"2";""
"";"";"87";"";"";"color,radio,color,radio";"frame,Shape,size,Type";"frame,shape,size,Type";"natural-wood:#ffd083,vertical,10x15,canvas";"";"";"";"";"";"";"0";"0";"0";"0";"5";"1";"";"0";"0";"";"0000-00-00";"";"";"2";""
"";"";"87";"";"";"color,radio,color,radio";"frame,Shape,size,Type";"frame,shape,size,Type";"dark-wood:#ce6600,vertical,10x15,canvas";"";"";"";"";"";"";"0";"0";"0";"0";"5";"1";"";"0";"0";"";"0000-00-00";"";"";"2";""
"";"";"87";"";"";"color,radio,color,radio";"frame,Shape,size,Type";"frame,shape,size,Type";"charcol-black:#3b1200,vertical,10x15,canvas";"";"";"";"";"";"";"0";"0";"0";"0";"5";"1";"";"0";"0";"";"0000-00-00";"";"";"2";""
"";"";"87";"";"";"color,radio,color,radio";"frame,Shape,size,Type";"frame,shape,size,Type";"charcol-white:#e3fffe,vertical,10x15,canvas";"";"";"";"";"";"";"0";"0";"0";"0";"5";"1";"";"0";"0";"";"0000-00-00";"";"";"2";""
"";"";"87";"";"";"color,radio,color,radio";"frame,Shape,size,Type";"frame,shape,size,Type";"pine-wood:#a3afff,vertical,10x15,canvas";"";"";"";"";"";"";"0";"0";"0";"0";"5";"1";"";"0";"0";"";"0000-00-00";"";"";"2";""
"";"";"87";"";"";"color,radio,color,radio";"frame,Shape,size,Type";"frame,shape,size,Type";"none:#62ff43,vertical,12x18,canvas";"";"";"";"";"";"";"0";"0";"0";"0";"5";"1";"";"0";"0";"";"0000-00-00";"";"";"2";""
"";"";"87";"";"";"color,radio,color,radio";"frame,Shape,size,Type";"frame,shape,size,Type";"natural-wood:#ffd083,vertical,12x18,canvas";"";"";"";"";"";"";"0";"0";"0";"0";"5";"1";"";"0";"0";"";"0000-00-00";"";"";"2";""
"";"";"87";"";"";"color,radio,color,radio";"frame,Shape,size,Type";"frame,shape,size,Type";"dark-wood:#ce6600,vertical,12x18,canvas";"";"";"";"";"";"";"0";"0";"0";"0";"5";"1";"";"0";"0";"";"0000-00-00";"";"";"2";""
"";"";"87";"";"";"color,radio,color,radio";"frame,Shape,size,Type";"frame,shape,size,Type";"charcol-black:#3b1200,vertical,12x18,canvas";"";"";"";"";"";"";"0";"0";"0";"0";"5";"1";"";"0";"0";"";"0000-00-00";"";"";"2";""
"";"";"87";"";"";"color,radio,color,radio";"frame,Shape,size,Type";"frame,shape,size,Type";"charcol-white:#e3fffe,vertical,12x18,canvas";"";"";"";"";"";"";"0";"0";"0";"0";"5";"1";"";"0";"0";"";"0000-00-00";"";"";"2";""
"";"";"87";"";"";"color,radio,color,radio";"frame,Shape,size,Type";"frame,shape,size,Type";"pine-wood:#a3afff,vertical,12x18,canvas";"";"";"";"";"";"";"0";"0";"0";"0";"5";"1";"";"0";"0";"";"0000-00-00";"";"";"2";""
"";"";"87";"";"";"color,radio,color,radio";"frame,Shape,size,Type";"frame,shape,size,Type";"none:#62ff43,vertical,16x24,canvas";"";"";"";"";"";"";"0";"0";"0";"0";"5";"1";"";"0";"0";"";"0000-00-00";"";"";"2";""
"";"";"87";"";"";"color,radio,color,radio";"frame,Shape,size,Type";"frame,shape,size,Type";"natural-wood:#ffd083,vertical,16x24,canvas";"";"";"";"";"";"";"0";"0";"0";"0";"5";"1";"";"0";"0";"";"0000-00-00";"";"";"2";""
"";"";"87";"";"";"color,radio,color,radio";"frame,Shape,size,Type";"frame,shape,size,Type";"dark-wood:#ce6600,vertical,16x24,canvas";"";"";"";"";"";"";"0";"0";"0";"0";"5";"1";"";"0";"0";"";"0000-00-00";"";"";"2";""
"";"";"87";"";"";"color,radio,color,radio";"frame,Shape,size,Type";"frame,shape,size,Type";"charcol-black:#3b1200,vertical,16x24,canvas";"";"";"";"";"";"";"0";"0";"0";"0";"5";"1";"";"0";"0";"";"0000-00-00";"";"";"2";""
"";"";"87";"";"";"color,radio,color,radio";"frame,Shape,size,Type";"frame,shape,size,Type";"charcol-white:#e3fffe,vertical,16x24,canvas";"";"";"";"";"";"";"0";"0";"0";"0";"5";"1";"";"0";"0";"";"0000-00-00";"";"";"2";""
"";"";"87";"";"";"color,radio,color,radio";"frame,Shape,size,Type";"frame,shape,size,Type";"pine-wood:#a3afff,vertical,16x24,canvas";"";"";"";"";"";"";"0";"0";"0";"0";"5";"1";"";"0";"0";"";"0000-00-00";"";"";"2";""
"";"";"87";"";"";"color,radio,color,radio";"frame,Shape,size,Type";"frame,shape,size,Type";"none:#62ff43,vertical,20x30,canvas";"";"";"";"";"";"";"0";"0";"0";"0";"5";"1";"";"0";"0";"";"0000-00-00";"";"";"2";""
"";"";"87";"";"";"color,radio,color,radio";"frame,Shape,size,Type";"frame,shape,size,Type";"natural-wood:#ffd083,vertical,20x30,canvas";"";"";"";"";"";"";"0";"0";"0";"0";"5";"1";"";"0";"0";"";"0000-00-00";"";"";"2";""
"";"";"87";"";"";"color,radio,color,radio";"frame,Shape,size,Type";"frame,shape,size,Type";"dark-wood:#ce6600,vertical,20x30,canvas";"";"";"";"";"";"";"0";"0";"0";"0";"5";"1";"";"0";"0";"";"0000-00-00";"";"";"2";""
"";"";"87";"";"";"color,radio,color,radio";"frame,Shape,size,Type";"frame,shape,size,Type";"charcol-black:#3b1200,vertical,20x30,canvas";"";"";"";"";"";"";"0";"0";"0";"0";"5";"1";"";"0";"0";"";"0000-00-00";"";"";"2";""
"";"";"87";"";"";"color,radio,color,radio";"frame,Shape,size,Type";"frame,shape,size,Type";"charcol-white:#e3fffe,vertical,20x30,canvas";"";"";"";"";"";"";"0";"0";"0";"0";"5";"1";"";"0";"0";"";"0000-00-00";"";"";"2";""
"";"";"87";"";"";"color,radio,color,radio";"frame,Shape,size,Type";"frame,shape,size,Type";"pine-wood:#a3afff,vertical,20x30,canvas";"";"";"";"";"";"";"0";"0";"0";"0";"5";"1";"";"0";"0";"";"0000-00-00";"";"";"2";""
"";"";"87";"";"";"color,radio,color,radio";"frame,Shape,size,Type";"frame,shape,size,Type";"none:#62ff43,vertical,24x36,canvas";"";"";"";"";"";"";"0";"0";"0";"0";"5";"1";"";"0";"0";"";"0000-00-00";"";"";"2";""
"";"";"87";"";"";"color,radio,color,radio";"frame,Shape,size,Type";"frame,shape,size,Type";"natural-wood:#ffd083,vertical,24x36,canvas";"";"";"";"";"";"";"0";"0";"0";"0";"5";"1";"";"0";"0";"";"0000-00-00";"";"";"2";""
"";"";"87";"";"";"color,radio,color,radio";"frame,Shape,size,Type";"frame,shape,size,Type";"dark-wood:#ce6600,vertical,24x36,canvas";"";"";"";"";"";"";"0";"0";"0";"0";"5";"1";"";"0";"0";"";"0000-00-00";"";"";"2";""
"";"";"87";"";"";"color,radio,color,radio";"frame,Shape,size,Type";"frame,shape,size,Type";"charcol-black:#3b1200,vertical,24x36,canvas";"";"";"";"";"";"";"0";"0";"0";"0";"5";"1";"";"0";"0";"";"0000-00-00";"";"";"2";""
"";"";"87";"";"";"color,radio,color,radio";"frame,Shape,size,Type";"frame,shape,size,Type";"charcol-white:#e3fffe,vertical,24x36,canvas";"";"";"";"";"";"";"0";"0";"0";"0";"5";"1";"";"0";"0";"";"0000-00-00";"";"";"2";""
"";"";"87";"";"";"color,radio,color,radio";"frame,Shape,size,Type";"frame,shape,size,Type";"pine-wood:#a3afff,vertical,24x36,canvas";"";"";"";"";"";"";"0";"0";"0";"0";"5";"1";"";"0";"0";"";"0000-00-00";"";"";"2";""
"";"";"87";"";"";"color,radio,color,radio";"frame,Shape,size,Type";"frame,shape,size,Type";"none:#62ff43,vertical,30x45,canvas";"";"";"";"";"";"";"0";"0";"0";"0";"5";"1";"";"0";"0";"";"0000-00-00";"";"";"2";""
"";"";"87";"";"";"color,radio,color,radio";"frame,Shape,size,Type";"frame,shape,size,Type";"natural-wood:#ffd083,vertical,30x45,canvas";"";"";"";"";"";"";"0";"0";"0";"0";"5";"1";"";"0";"0";"";"0000-00-00";"";"";"2";""
"";"";"87";"";"";"color,radio,color,radio";"frame,Shape,size,Type";"frame,shape,size,Type";"dark-wood:#ce6600,vertical,30x45,canvas";"";"";"";"";"";"";"0";"0";"0";"0";"5";"1";"";"0";"0";"";"0000-00-00";"";"";"2";""
"";"";"87";"";"";"color,radio,color,radio";"frame,Shape,size,Type";"frame,shape,size,Type";"charcol-black:#3b1200,vertical,30x45,canvas";"";"";"";"";"";"";"0";"0";"0";"0";"5";"1";"";"0";"0";"";"0000-00-00";"";"";"2";""
"";"";"87";"";"";"color,radio,color,radio";"frame,Shape,size,Type";"frame,shape,size,Type";"charcol-white:#e3fffe,vertical,30x45,canvas";"";"";"";"";"";"";"0";"0";"0";"0";"5";"1";"";"0";"0";"";"0000-00-00";"";"";"2";""
"";"";"87";"";"";"color,radio,color,radio";"frame,Shape,size,Type";"frame,shape,size,Type";"pine-wood:#a3afff,vertical,30x45,canvas";"";"";"";"";"";"";"0";"0";"0";"0";"5";"1";"";"0";"0";"";"0000-00-00";"";"";"2";""
"";"";"87";"";"";"color,radio,color,radio";"frame,Shape,size,Type";"frame,shape,size,Type";"none:#62ff43,vertical,10x15,fine-art-paper";"";"";"";"";"";"";"0";"0";"0";"0";"5";"1";"";"0";"0";"";"0000-00-00";"";"";"2";""
"";"";"87";"";"";"color,radio,color,radio";"frame,Shape,size,Type";"frame,shape,size,Type";"natural-wood:#ffd083,vertical,10x15,fine-art-paper";"";"";"";"";"";"";"0";"0";"0";"0";"5";"1";"";"0";"0";"";"0000-00-00";"";"";"2";""
"";"";"87";"";"";"color,radio,color,radio";"frame,Shape,size,Type";"frame,shape,size,Type";"dark-wood:#ce6600,vertical,10x15,fine-art-paper";"";"";"";"";"";"";"0";"0";"0";"0";"5";"1";"";"0";"0";"";"0000-00-00";"";"";"2";""
"";"";"87";"";"";"color,radio,color,radio";"frame,Shape,size,Type";"frame,shape,size,Type";"charcol-black:#3b1200,vertical,10x15,fine-art-paper";"";"";"";"";"";"";"0";"0";"0";"0";"5";"1";"";"0";"0";"";"0000-00-00";"";"";"2";""
"";"";"87";"";"";"color,radio,color,radio";"frame,Shape,size,Type";"frame,shape,size,Type";"charcol-white:#e3fffe,vertical,10x15,fine-art-paper";"";"";"";"";"";"";"0";"0";"0";"0";"5";"1";"";"0";"0";"";"0000-00-00";"";"";"2";""
"";"";"87";"";"";"color,radio,color,radio";"frame,Shape,size,Type";"frame,shape,size,Type";"pine-wood:#a3afff,vertical,10x15,fine-art-paper";"";"";"";"";"";"";"0";"0";"0";"0";"5";"1";"";"0";"0";"";"0000-00-00";"";"";"2";""
"";"";"87";"";"";"color,radio,color,radio";"frame,Shape,size,Type";"frame,shape,size,Type";"none:#62ff43,vertical,12x18,fine-art-paper";"";"";"";"";"";"";"0";"0";"0";"0";"5";"1";"";"0";"0";"";"0000-00-00";"";"";"2";""
"";"";"87";"";"";"color,radio,color,radio";"frame,Shape,size,Type";"frame,shape,size,Type";"natural-wood:#ffd083,vertical,12x18,fine-art-paper";"";"";"";"";"";"";"0";"0";"0";"0";"5";"1";"";"0";"0";"";"0000-00-00";"";"";"2";""
"";"";"87";"";"";"color,radio,color,radio";"frame,Shape,size,Type";"frame,shape,size,Type";"dark-wood:#ce6600,vertical,12x18,fine-art-paper";"";"";"";"";"";"";"0";"0";"0";"0";"5";"1";"";"0";"0";"";"0000-00-00";"";"";"2";""
"";"";"87";"";"";"color,radio,color,radio";"frame,Shape,size,Type";"frame,shape,size,Type";"charcol-black:#3b1200,vertical,12x18,fine-art-paper";"";"";"";"";"";"";"0";"0";"0";"0";"5";"1";"";"0";"0";"";"0000-00-00";"";"";"2";""
"";"";"87";"";"";"color,radio,color,radio";"frame,Shape,size,Type";"frame,shape,size,Type";"charcol-white:#e3fffe,vertical,12x18,fine-art-paper";"";"";"";"";"";"";"0";"0";"0";"0";"5";"1";"";"0";"0";"";"0000-00-00";"";"";"2";""
"";"";"87";"";"";"color,radio,color,radio";"frame,Shape,size,Type";"frame,shape,size,Type";"pine-wood:#a3afff,vertical,12x18,fine-art-paper";"";"";"";"";"";"";"0";"0";"0";"0";"5";"1";"";"0";"0";"";"0000-00-00";"";"";"2";""
"";"";"87";"";"";"color,radio,color,radio";"frame,Shape,size,Type";"frame,shape,size,Type";"none:#62ff43,vertical,16x24,fine-art-paper";"";"";"";"";"";"";"0";"0";"0";"0";"5";"1";"";"0";"0";"";"0000-00-00";"";"";"2";""
"";"";"87";"";"";"color,radio,color,radio";"frame,Shape,size,Type";"frame,shape,size,Type";"natural-wood:#ffd083,vertical,16x24,fine-art-paper";"";"";"";"";"";"";"0";"0";"0";"0";"5";"1";"";"0";"0";"";"0000-00-00";"";"";"2";""
"";"";"87";"";"";"color,radio,color,radio";"frame,Shape,size,Type";"frame,shape,size,Type";"dark-wood:#ce6600,vertical,16x24,fine-art-paper";"";"";"";"";"";"";"0";"0";"0";"0";"5";"1";"";"0";"0";"";"0000-00-00";"";"";"2";""
"";"";"87";"";"";"color,radio,color,radio";"frame,Shape,size,Type";"frame,shape,size,Type";"charcol-black:#3b1200,vertical,16x24,fine-art-paper";"";"";"";"";"";"";"0";"0";"0";"0";"5";"1";"";"0";"0";"";"0000-00-00";"";"";"2";""
"";"";"87";"";"";"color,radio,color,radio";"frame,Shape,size,Type";"frame,shape,size,Type";"charcol-white:#e3fffe,vertical,16x24,fine-art-paper";"";"";"";"";"";"";"0";"0";"0";"0";"5";"1";"";"0";"0";"";"0000-00-00";"";"";"2";""
"";"";"87";"";"";"color,radio,color,radio";"frame,Shape,size,Type";"frame,shape,size,Type";"pine-wood:#a3afff,vertical,16x24,fine-art-paper";"";"";"";"";"";"";"0";"0";"0";"0";"5";"1";"";"0";"0";"";"0000-00-00";"";"";"2";""
"";"";"87";"";"";"color,radio,color,radio";"frame,Shape,size,Type";"frame,shape,size,Type";"none:#62ff43,vertical,20x30,fine-art-paper";"";"";"";"";"";"";"0";"0";"0";"0";"5";"1";"";"0";"0";"";"0000-00-00";"";"";"2";""
"";"";"87";"";"";"color,radio,color,radio";"frame,Shape,size,Type";"frame,shape,size,Type";"natural-wood:#ffd083,vertical,20x30,fine-art-paper";"";"";"";"";"";"";"0";"0";"0";"0";"5";"1";"";"0";"0";"";"0000-00-00";"";"";"2";""
"";"";"87";"";"";"color,radio,color,radio";"frame,Shape,size,Type";"frame,shape,size,Type";"dark-wood:#ce6600,vertical,20x30,fine-art-paper";"";"";"";"";"";"";"0";"0";"0";"0";"5";"1";"";"0";"0";"";"0000-00-00";"";"";"2";""
"";"";"87";"";"";"color,radio,color,radio";"frame,Shape,size,Type";"frame,shape,size,Type";"charcol-black:#3b1200,vertical,20x30,fine-art-paper";"";"";"";"";"";"";"0";"0";"0";"0";"5";"1";"";"0";"0";"";"0000-00-00";"";"";"2";""
"";"";"87";"";"";"color,radio,color,radio";"frame,Shape,size,Type";"frame,shape,size,Type";"charcol-white:#e3fffe,vertical,20x30,fine-art-paper";"";"";"";"";"";"";"0";"0";"0";"0";"5";"1";"";"0";"0";"";"0000-00-00";"";"";"2";""
"";"";"87";"";"";"color,radio,color,radio";"frame,Shape,size,Type";"frame,shape,size,Type";"pine-wood:#a3afff,vertical,20x30,fine-art-paper";"";"";"";"";"";"";"0";"0";"0";"0";"5";"1";"";"0";"0";"";"0000-00-00";"";"";"2";""
"";"";"87";"";"";"color,radio,color,radio";"frame,Shape,size,Type";"frame,shape,size,Type";"none:#62ff43,vertical,24x36,fine-art-paper";"";"";"";"";"";"";"0";"0";"0";"0";"5";"1";"";"0";"0";"";"0000-00-00";"";"";"2";""
"";"";"87";"";"";"color,radio,color,radio";"frame,Shape,size,Type";"frame,shape,size,Type";"natural-wood:#ffd083,vertical,24x36,fine-art-paper";"";"";"";"";"";"";"0";"0";"0";"0";"5";"1";"";"0";"0";"";"0000-00-00";"";"";"2";""
"";"";"87";"";"";"color,radio,color,radio";"frame,Shape,size,Type";"frame,shape,size,Type";"dark-wood:#ce6600,vertical,24x36,fine-art-paper";"";"";"";"";"";"";"0";"0";"0";"0";"5";"1";"";"0";"0";"";"0000-00-00";"";"";"2";""
"";"";"87";"";"";"color,radio,color,radio";"frame,Shape,size,Type";"frame,shape,size,Type";"charcol-black:#3b1200,vertical,24x36,fine-art-paper";"";"";"";"";"";"";"0";"0";"0";"0";"5";"1";"";"0";"0";"";"0000-00-00";"";"";"2";""
"";"";"87";"";"";"color,radio,color,radio";"frame,Shape,size,Type";"frame,shape,size,Type";"charcol-white:#e3fffe,vertical,24x36,fine-art-paper";"";"";"";"";"";"";"0";"0";"0";"0";"5";"1";"";"0";"0";"";"0000-00-00";"";"";"2";""
"";"";"87";"";"";"color,radio,color,radio";"frame,Shape,size,Type";"frame,shape,size,Type";"pine-wood:#a3afff,vertical,24x36,fine-art-paper";"";"";"";"";"";"";"0";"0";"0";"0";"5";"1";"";"0";"0";"";"0000-00-00";"";"";"2";""
"";"";"87";"";"";"color,radio,color,radio";"frame,Shape,size,Type";"frame,shape,size,Type";"none:#62ff43,vertical,30x45,fine-art-paper";"";"";"";"";"";"";"0";"0";"0";"0";"5";"1";"";"0";"0";"";"0000-00-00";"";"";"2";""
"";"";"87";"";"";"color,radio,color,radio";"frame,Shape,size,Type";"frame,shape,size,Type";"natural-wood:#ffd083,vertical,30x45,fine-art-paper";"";"";"";"";"";"";"0";"0";"0";"0";"5";"1";"";"0";"0";"";"0000-00-00";"";"";"2";""
"";"";"87";"";"";"color,radio,color,radio";"frame,Shape,size,Type";"frame,shape,size,Type";"dark-wood:#ce6600,vertical,30x45,fine-art-paper";"";"";"";"";"";"";"0";"0";"0";"0";"5";"1";"";"0";"0";"";"0000-00-00";"";"";"2";""
"";"";"87";"";"";"color,radio,color,radio";"frame,Shape,size,Type";"frame,shape,size,Type";"charcol-black:#3b1200,vertical,30x45,fine-art-paper";"";"";"";"";"";"";"0";"0";"0";"0";"5";"1";"";"0";"0";"";"0000-00-00";"";"";"2";""
"";"";"87";"";"";"color,radio,color,radio";"frame,Shape,size,Type";"frame,shape,size,Type";"charcol-white:#e3fffe,vertical,30x45,fine-art-paper";"";"";"";"";"";"";"0";"0";"0";"0";"5";"1";"";"0";"0";"";"0000-00-00";"";"";"2";""
"";"";"87";"";"";"color,radio,color,radio";"frame,Shape,size,Type";"frame,shape,size,Type";"pine-wood:#a3afff,vertical,30x45,fine-art-paper";"";"";"";"";"";"";"0";"0";"0";"0";"5";"1";"";"0";"0";"";"0000-00-00";"";"";"2";""
"";"";"90";"";"";"color,radio,color,radio";"frame,Shape,size,Type";"frame,shape,size,Type";"none:#62ff43,vertical,10x15,canvas";"";"";"";"";"";"";"0";"0";"0";"0";"5";"1";"";"0";"0";"1";"0000-00-00";"";"";"2";""
"";"";"90";"";"";"color,radio,color,radio";"frame,Shape,size,Type";"frame,shape,size,Type";"natural-wood:#ffd083,vertical,10x15,canvas";"";"";"";"";"";"";"0";"0";"0";"0";"5";"1";"";"0";"0";"";"0000-00-00";"";"";"2";""
"";"";"90";"";"";"color,radio,color,radio";"frame,Shape,size,Type";"frame,shape,size,Type";"dark-wood:#ce6600,vertical,10x15,canvas";"";"";"";"";"";"";"0";"0";"0";"0";"5";"1";"";"0";"0";"";"0000-00-00";"";"";"2";""
"";"";"90";"";"";"color,radio,color,radio";"frame,Shape,size,Type";"frame,shape,size,Type";"charcol-black:#3b1200,vertical,10x15,canvas";"";"";"";"";"";"";"0";"0";"0";"0";"5";"1";"";"0";"0";"";"0000-00-00";"";"";"2";""
"";"";"90";"";"";"color,radio,color,radio";"frame,Shape,size,Type";"frame,shape,size,Type";"charcol-white:#e3fffe,vertical,10x15,canvas";"";"";"";"";"";"";"0";"0";"0";"0";"5";"1";"";"0";"0";"";"0000-00-00";"";"";"2";""
"";"";"90";"";"";"color,radio,color,radio";"frame,Shape,size,Type";"frame,shape,size,Type";"pine-wood:#a3afff,vertical,10x15,canvas";"";"";"";"";"";"";"0";"0";"0";"0";"5";"1";"";"0";"0";"";"0000-00-00";"";"";"2";""
"";"";"90";"";"";"color,radio,color,radio";"frame,Shape,size,Type";"frame,shape,size,Type";"none:#62ff43,vertical,12x18,canvas";"";"";"";"";"";"";"0";"0";"0";"0";"5";"1";"";"0";"0";"";"0000-00-00";"";"";"2";""
"";"";"90";"";"";"color,radio,color,radio";"frame,Shape,size,Type";"frame,shape,size,Type";"natural-wood:#ffd083,vertical,12x18,canvas";"";"";"";"";"";"";"0";"0";"0";"0";"5";"1";"";"0";"0";"";"0000-00-00";"";"";"2";""
"";"";"90";"";"";"color,radio,color,radio";"frame,Shape,size,Type";"frame,shape,size,Type";"dark-wood:#ce6600,vertical,12x18,canvas";"";"";"";"";"";"";"0";"0";"0";"0";"5";"1";"";"0";"0";"";"0000-00-00";"";"";"2";""
"";"";"90";"";"";"color,radio,color,radio";"frame,Shape,size,Type";"frame,shape,size,Type";"charcol-black:#3b1200,vertical,12x18,canvas";"";"";"";"";"";"";"0";"0";"0";"0";"5";"1";"";"0";"0";"";"0000-00-00";"";"";"2";""
"";"";"90";"";"";"color,radio,color,radio";"frame,Shape,size,Type";"frame,shape,size,Type";"charcol-white:#e3fffe,vertical,12x18,canvas";"";"";"";"";"";"";"0";"0";"0";"0";"5";"1";"";"0";"0";"";"0000-00-00";"";"";"2";""
"";"";"90";"";"";"color,radio,color,radio";"frame,Shape,size,Type";"frame,shape,size,Type";"pine-wood:#a3afff,vertical,12x18,canvas";"";"";"";"";"";"";"0";"0";"0";"0";"5";"1";"";"0";"0";"";"0000-00-00";"";"";"2";""
"";"";"90";"";"";"color,radio,color,radio";"frame,Shape,size,Type";"frame,shape,size,Type";"none:#62ff43,vertical,16x24,canvas";"";"";"";"";"";"";"0";"0";"0";"0";"5";"1";"";"0";"0";"";"0000-00-00";"";"";"2";""
"";"";"90";"";"";"color,radio,color,radio";"frame,Shape,size,Type";"frame,shape,size,Type";"natural-wood:#ffd083,vertical,16x24,canvas";"";"";"";"";"";"";"0";"0";"0";"0";"5";"1";"";"0";"0";"";"0000-00-00";"";"";"2";""
"";"";"90";"";"";"color,radio,color,radio";"frame,Shape,size,Type";"frame,shape,size,Type";"dark-wood:#ce6600,vertical,16x24,canvas";"";"";"";"";"";"";"0";"0";"0";"0";"5";"1";"";"0";"0";"";"0000-00-00";"";"";"2";""
"";"";"90";"";"";"color,radio,color,radio";"frame,Shape,size,Type";"frame,shape,size,Type";"charcol-black:#3b1200,vertical,16x24,canvas";"";"";"";"";"";"";"0";"0";"0";"0";"5";"1";"";"0";"0";"";"0000-00-00";"";"";"2";""
"";"";"90";"";"";"color,radio,color,radio";"frame,Shape,size,Type";"frame,shape,size,Type";"charcol-white:#e3fffe,vertical,16x24,canvas";"";"";"";"";"";"";"0";"0";"0";"0";"5";"1";"";"0";"0";"";"0000-00-00";"";"";"2";""
"";"";"90";"";"";"color,radio,color,radio";"frame,Shape,size,Type";"frame,shape,size,Type";"pine-wood:#a3afff,vertical,16x24,canvas";"";"";"";"";"";"";"0";"0";"0";"0";"5";"1";"";"0";"0";"";"0000-00-00";"";"";"2";""
"";"";"90";"";"";"color,radio,color,radio";"frame,Shape,size,Type";"frame,shape,size,Type";"none:#62ff43,vertical,20x30,canvas";"";"";"";"";"";"";"0";"0";"0";"0";"5";"1";"";"0";"0";"";"0000-00-00";"";"";"2";""
"";"";"90";"";"";"color,radio,color,radio";"frame,Shape,size,Type";"frame,shape,size,Type";"natural-wood:#ffd083,vertical,20x30,canvas";"";"";"";"";"";"";"0";"0";"0";"0";"5";"1";"";"0";"0";"";"0000-00-00";"";"";"2";""
"";"";"90";"";"";"color,radio,color,radio";"frame,Shape,size,Type";"frame,shape,size,Type";"dark-wood:#ce6600,vertical,20x30,canvas";"";"";"";"";"";"";"0";"0";"0";"0";"5";"1";"";"0";"0";"";"0000-00-00";"";"";"2";""
"";"";"90";"";"";"color,radio,color,radio";"frame,Shape,size,Type";"frame,shape,size,Type";"charcol-black:#3b1200,vertical,20x30,canvas";"";"";"";"";"";"";"0";"0";"0";"0";"5";"1";"";"0";"0";"";"0000-00-00";"";"";"2";""
"";"";"90";"";"";"color,radio,color,radio";"frame,Shape,size,Type";"frame,shape,size,Type";"charcol-white:#e3fffe,vertical,20x30,canvas";"";"";"";"";"";"";"0";"0";"0";"0";"5";"1";"";"0";"0";"";"0000-00-00";"";"";"2";""
"";"";"90";"";"";"color,radio,color,radio";"frame,Shape,size,Type";"frame,shape,size,Type";"pine-wood:#a3afff,vertical,20x30,canvas";"";"";"";"";"";"";"0";"0";"0";"0";"5";"1";"";"0";"0";"";"0000-00-00";"";"";"2";""
"";"";"90";"";"";"color,radio,color,radio";"frame,Shape,size,Type";"frame,shape,size,Type";"none:#62ff43,vertical,24x36,canvas";"";"";"";"";"";"";"0";"0";"0";"0";"5";"1";"";"0";"0";"";"0000-00-00";"";"";"2";""
"";"";"90";"";"";"color,radio,color,radio";"frame,Shape,size,Type";"frame,shape,size,Type";"natural-wood:#ffd083,vertical,24x36,canvas";"";"";"";"";"";"";"0";"0";"0";"0";"5";"1";"";"0";"0";"";"0000-00-00";"";"";"2";""
"";"";"90";"";"";"color,radio,color,radio";"frame,Shape,size,Type";"frame,shape,size,Type";"dark-wood:#ce6600,vertical,24x36,canvas";"";"";"";"";"";"";"0";"0";"0";"0";"5";"1";"";"0";"0";"";"0000-00-00";"";"";"2";""
"";"";"90";"";"";"color,radio,color,radio";"frame,Shape,size,Type";"frame,shape,size,Type";"charcol-black:#3b1200,vertical,24x36,canvas";"";"";"";"";"";"";"0";"0";"0";"0";"5";"1";"";"0";"0";"";"0000-00-00";"";"";"2";""
"";"";"90";"";"";"color,radio,color,radio";"frame,Shape,size,Type";"frame,shape,size,Type";"charcol-white:#e3fffe,vertical,24x36,canvas";"";"";"";"";"";"";"0";"0";"0";"0";"5";"1";"";"0";"0";"";"0000-00-00";"";"";"2";""
"";"";"90";"";"";"color,radio,color,radio";"frame,Shape,size,Type";"frame,shape,size,Type";"pine-wood:#a3afff,vertical,24x36,canvas";"";"";"";"";"";"";"0";"0";"0";"0";"5";"1";"";"0";"0";"";"0000-00-00";"";"";"2";""
"";"";"90";"";"";"color,radio,color,radio";"frame,Shape,size,Type";"frame,shape,size,Type";"none:#62ff43,vertical,30x45,canvas";"";"";"";"";"";"";"0";"0";"0";"0";"5";"1";"";"0";"0";"";"0000-00-00";"";"";"2";""
"";"";"90";"";"";"color,radio,color,radio";"frame,Shape,size,Type";"frame,shape,size,Type";"natural-wood:#ffd083,vertical,30x45,canvas";"";"";"";"";"";"";"0";"0";"0";"0";"5";"1";"";"0";"0";"";"0000-00-00";"";"";"2";""
"";"";"90";"";"";"color,radio,color,radio";"frame,Shape,size,Type";"frame,shape,size,Type";"dark-wood:#ce6600,vertical,30x45,canvas";"";"";"";"";"";"";"0";"0";"0";"0";"5";"1";"";"0";"0";"";"0000-00-00";"";"";"2";""
"";"";"90";"";"";"color,radio,color,radio";"frame,Shape,size,Type";"frame,shape,size,Type";"charcol-black:#3b1200,vertical,30x45,canvas";"";"";"";"";"";"";"0";"0";"0";"0";"5";"1";"";"0";"0";"";"0000-00-00";"";"";"2";""
"";"";"90";"";"";"color,radio,color,radio";"frame,Shape,size,Type";"frame,shape,size,Type";"charcol-white:#e3fffe,vertical,30x45,canvas";"";"";"";"";"";"";"0";"0";"0";"0";"5";"1";"";"0";"0";"";"0000-00-00";"";"";"2";""
"";"";"90";"";"";"color,radio,color,radio";"frame,Shape,size,Type";"frame,shape,size,Type";"pine-wood:#a3afff,vertical,30x45,canvas";"";"";"";"";"";"";"0";"0";"0";"0";"5";"1";"";"0";"0";"";"0000-00-00";"";"";"2";""
"";"";"90";"";"";"color,radio,color,radio";"frame,Shape,size,Type";"frame,shape,size,Type";"none:#62ff43,vertical,10x15,fine-art-paper";"";"";"";"";"";"";"0";"0";"0";"0";"5";"1";"";"0";"0";"";"0000-00-00";"";"";"2";""
"";"";"90";"";"";"color,radio,color,radio";"frame,Shape,size,Type";"frame,shape,size,Type";"natural-wood:#ffd083,vertical,10x15,fine-art-paper";"";"";"";"";"";"";"0";"0";"0";"0";"5";"1";"";"0";"0";"";"0000-00-00";"";"";"2";""
"";"";"90";"";"";"color,radio,color,radio";"frame,Shape,size,Type";"frame,shape,size,Type";"dark-wood:#ce6600,vertical,10x15,fine-art-paper";"";"";"";"";"";"";"0";"0";"0";"0";"5";"1";"";"0";"0";"";"0000-00-00";"";"";"2";""
"";"";"90";"";"";"color,radio,color,radio";"frame,Shape,size,Type";"frame,shape,size,Type";"charcol-black:#3b1200,vertical,10x15,fine-art-paper";"";"";"";"";"";"";"0";"0";"0";"0";"5";"1";"";"0";"0";"";"0000-00-00";"";"";"2";""
"";"";"90";"";"";"color,radio,color,radio";"frame,Shape,size,Type";"frame,shape,size,Type";"charcol-white:#e3fffe,vertical,10x15,fine-art-paper";"";"";"";"";"";"";"0";"0";"0";"0";"5";"1";"";"0";"0";"";"0000-00-00";"";"";"2";""
"";"";"90";"";"";"color,radio,color,radio";"frame,Shape,size,Type";"frame,shape,size,Type";"pine-wood:#a3afff,vertical,10x15,fine-art-paper";"";"";"";"";"";"";"0";"0";"0";"0";"5";"1";"";"0";"0";"";"0000-00-00";"";"";"2";""
"";"";"90";"";"";"color,radio,color,radio";"frame,Shape,size,Type";"frame,shape,size,Type";"none:#62ff43,vertical,12x18,fine-art-paper";"";"";"";"";"";"";"0";"0";"0";"0";"5";"1";"";"0";"0";"";"0000-00-00";"";"";"2";""
"";"";"90";"";"";"color,radio,color,radio";"frame,Shape,size,Type";"frame,shape,size,Type";"natural-wood:#ffd083,vertical,12x18,fine-art-paper";"";"";"";"";"";"";"0";"0";"0";"0";"5";"1";"";"0";"0";"";"0000-00-00";"";"";"2";""
"";"";"90";"";"";"color,radio,color,radio";"frame,Shape,size,Type";"frame,shape,size,Type";"dark-wood:#ce6600,vertical,12x18,fine-art-paper";"";"";"";"";"";"";"0";"0";"0";"0";"5";"1";"";"0";"0";"";"0000-00-00";"";"";"2";""
"";"";"90";"";"";"color,radio,color,radio";"frame,Shape,size,Type";"frame,shape,size,Type";"charcol-black:#3b1200,vertical,12x18,fine-art-paper";"";"";"";"";"";"";"0";"0";"0";"0";"5";"1";"";"0";"0";"";"0000-00-00";"";"";"2";""
"";"";"90";"";"";"color,radio,color,radio";"frame,Shape,size,Type";"frame,shape,size,Type";"charcol-white:#e3fffe,vertical,12x18,fine-art-paper";"";"";"";"";"";"";"0";"0";"0";"0";"5";"1";"";"0";"0";"";"0000-00-00";"";"";"2";""
"";"";"90";"";"";"color,radio,color,radio";"frame,Shape,size,Type";"frame,shape,size,Type";"pine-wood:#a3afff,vertical,12x18,fine-art-paper";"";"";"";"";"";"";"0";"0";"0";"0";"5";"1";"";"0";"0";"";"0000-00-00";"";"";"2";""
"";"";"90";"";"";"color,radio,color,radio";"frame,Shape,size,Type";"frame,shape,size,Type";"none:#62ff43,vertical,16x24,fine-art-paper";"";"";"";"";"";"";"0";"0";"0";"0";"5";"1";"";"0";"0";"";"0000-00-00";"";"";"2";""
"";"";"90";"";"";"color,radio,color,radio";"frame,Shape,size,Type";"frame,shape,size,Type";"natural-wood:#ffd083,vertical,16x24,fine-art-paper";"";"";"";"";"";"";"0";"0";"0";"0";"5";"1";"";"0";"0";"";"0000-00-00";"";"";"2";""
"";"";"90";"";"";"color,radio,color,radio";"frame,Shape,size,Type";"frame,shape,size,Type";"dark-wood:#ce6600,vertical,16x24,fine-art-paper";"";"";"";"";"";"";"0";"0";"0";"0";"5";"1";"";"0";"0";"";"0000-00-00";"";"";"2";""
"";"";"90";"";"";"color,radio,color,radio";"frame,Shape,size,Type";"frame,shape,size,Type";"charcol-black:#3b1200,vertical,16x24,fine-art-paper";"";"";"";"";"";"";"0";"0";"0";"0";"5";"1";"";"0";"0";"";"0000-00-00";"";"";"2";""
"";"";"90";"";"";"color,radio,color,radio";"frame,Shape,size,Type";"frame,shape,size,Type";"charcol-white:#e3fffe,vertical,16x24,fine-art-paper";"";"";"";"";"";"";"0";"0";"0";"0";"5";"1";"";"0";"0";"";"0000-00-00";"";"";"2";""
"";"";"90";"";"";"color,radio,color,radio";"frame,Shape,size,Type";"frame,shape,size,Type";"pine-wood:#a3afff,vertical,16x24,fine-art-paper";"";"";"";"";"";"";"0";"0";"0";"0";"5";"1";"";"0";"0";"";"0000-00-00";"";"";"2";""
"";"";"90";"";"";"color,radio,color,radio";"frame,Shape,size,Type";"frame,shape,size,Type";"none:#62ff43,vertical,20x30,fine-art-paper";"";"";"";"";"";"";"0";"0";"0";"0";"5";"1";"";"0";"0";"";"0000-00-00";"";"";"2";""
"";"";"90";"";"";"color,radio,color,radio";"frame,Shape,size,Type";"frame,shape,size,Type";"natural-wood:#ffd083,vertical,20x30,fine-art-paper";"";"";"";"";"";"";"0";"0";"0";"0";"5";"1";"";"0";"0";"";"0000-00-00";"";"";"2";""
"";"";"90";"";"";"color,radio,color,radio";"frame,Shape,size,Type";"frame,shape,size,Type";"dark-wood:#ce6600,vertical,20x30,fine-art-paper";"";"";"";"";"";"";"0";"0";"0";"0";"5";"1";"";"0";"0";"";"0000-00-00";"";"";"2";""
"";"";"90";"";"";"color,radio,color,radio";"frame,Shape,size,Type";"frame,shape,size,Type";"charcol-black:#3b1200,vertical,20x30,fine-art-paper";"";"";"";"";"";"";"0";"0";"0";"0";"5";"1";"";"0";"0";"";"0000-00-00";"";"";"2";""
"";"";"90";"";"";"color,radio,color,radio";"frame,Shape,size,Type";"frame,shape,size,Type";"charcol-white:#e3fffe,vertical,20x30,fine-art-paper";"";"";"";"";"";"";"0";"0";"0";"0";"5";"1";"";"0";"0";"";"0000-00-00";"";"";"2";""
"";"";"90";"";"";"color,radio,color,radio";"frame,Shape,size,Type";"frame,shape,size,Type";"pine-wood:#a3afff,vertical,20x30,fine-art-paper";"";"";"";"";"";"";"0";"0";"0";"0";"5";"1";"";"0";"0";"";"0000-00-00";"";"";"2";""
"";"";"90";"";"";"color,radio,color,radio";"frame,Shape,size,Type";"frame,shape,size,Type";"none:#62ff43,vertical,24x36,fine-art-paper";"";"";"";"";"";"";"0";"0";"0";"0";"5";"1";"";"0";"0";"";"0000-00-00";"";"";"2";""
"";"";"90";"";"";"color,radio,color,radio";"frame,Shape,size,Type";"frame,shape,size,Type";"natural-wood:#ffd083,vertical,24x36,fine-art-paper";"";"";"";"";"";"";"0";"0";"0";"0";"5";"1";"";"0";"0";"";"0000-00-00";"";"";"2";""
"";"";"90";"";"";"color,radio,color,radio";"frame,Shape,size,Type";"frame,shape,size,Type";"dark-wood:#ce6600,vertical,24x36,fine-art-paper";"";"";"";"";"";"";"0";"0";"0";"0";"5";"1";"";"0";"0";"";"0000-00-00";"";"";"2";""
"";"";"90";"";"";"color,radio,color,radio";"frame,Shape,size,Type";"frame,shape,size,Type";"charcol-black:#3b1200,vertical,24x36,fine-art-paper";"";"";"";"";"";"";"0";"0";"0";"0";"5";"1";"";"0";"0";"";"0000-00-00";"";"";"2";""
"";"";"90";"";"";"color,radio,color,radio";"frame,Shape,size,Type";"frame,shape,size,Type";"charcol-white:#e3fffe,vertical,24x36,fine-art-paper";"";"";"";"";"";"";"0";"0";"0";"0";"5";"1";"";"0";"0";"";"0000-00-00";"";"";"2";""
"";"";"90";"";"";"color,radio,color,radio";"frame,Shape,size,Type";"frame,shape,size,Type";"pine-wood:#a3afff,vertical,24x36,fine-art-paper";"";"";"";"";"";"";"0";"0";"0";"0";"5";"1";"";"0";"0";"";"0000-00-00";"";"";"2";""
"";"";"90";"";"";"color,radio,color,radio";"frame,Shape,size,Type";"frame,shape,size,Type";"none:#62ff43,vertical,30x45,fine-art-paper";"";"";"";"";"";"";"0";"0";"0";"0";"5";"1";"";"0";"0";"";"0000-00-00";"";"";"2";""
"";"";"90";"";"";"color,radio,color,radio";"frame,Shape,size,Type";"frame,shape,size,Type";"natural-wood:#ffd083,vertical,30x45,fine-art-paper";"";"";"";"";"";"";"0";"0";"0";"0";"5";"1";"";"0";"0";"";"0000-00-00";"";"";"2";""
"";"";"90";"";"";"color,radio,color,radio";"frame,Shape,size,Type";"frame,shape,size,Type";"dark-wood:#ce6600,vertical,30x45,fine-art-paper";"";"";"";"";"";"";"0";"0";"0";"0";"5";"1";"";"0";"0";"";"0000-00-00";"";"";"2";""
"";"";"90";"";"";"color,radio,color,radio";"frame,Shape,size,Type";"frame,shape,size,Type";"charcol-black:#3b1200,vertical,30x45,fine-art-paper";"";"";"";"";"";"";"0";"0";"0";"0";"5";"1";"";"0";"0";"";"0000-00-00";"";"";"2";""
"";"";"90";"";"";"color,radio,color,radio";"frame,Shape,size,Type";"frame,shape,size,Type";"charcol-white:#e3fffe,vertical,30x45,fine-art-paper";"";"";"";"";"";"";"0";"0";"0";"0";"5";"1";"";"0";"0";"";"0000-00-00";"";"";"2";""
"";"";"90";"";"";"color,radio,color,radio";"frame,Shape,size,Type";"frame,shape,size,Type";"pine-wood:#a3afff,vertical,30x45,fine-art-paper";"";"";"";"";"";"";"0";"0";"0";"0";"5";"1";"";"0";"0";"";"0000-00-00";"";"";"2";""
"";"";"93";"";"";"color,radio,color,radio";"frame,Shape,size,Type";"frame,shape,size,Type";"none:#62ff43,vertical,10x15,canvas";"";"";"";"";"";"";"0";"0";"0";"0";"5";"1";"";"0";"0";"1";"0000-00-00";"";"";"2";""
"";"";"93";"";"";"color,radio,color,radio";"frame,Shape,size,Type";"frame,shape,size,Type";"natural-wood:#ffd083,vertical,10x15,canvas";"";"";"";"";"";"";"0";"0";"0";"0";"5";"1";"";"0";"0";"";"0000-00-00";"";"";"2";""
"";"";"93";"";"";"color,radio,color,radio";"frame,Shape,size,Type";"frame,shape,size,Type";"dark-wood:#ce6600,vertical,10x15,canvas";"";"";"";"";"";"";"0";"0";"0";"0";"5";"1";"";"0";"0";"";"0000-00-00";"";"";"2";""
"";"";"93";"";"";"color,radio,color,radio";"frame,Shape,size,Type";"frame,shape,size,Type";"charcol-black:#3b1200,vertical,10x15,canvas";"";"";"";"";"";"";"0";"0";"0";"0";"5";"1";"";"0";"0";"";"0000-00-00";"";"";"2";""
"";"";"93";"";"";"color,radio,color,radio";"frame,Shape,size,Type";"frame,shape,size,Type";"charcol-white:#e3fffe,vertical,10x15,canvas";"";"";"";"";"";"";"0";"0";"0";"0";"5";"1";"";"0";"0";"";"0000-00-00";"";"";"2";""
"";"";"93";"";"";"color,radio,color,radio";"frame,Shape,size,Type";"frame,shape,size,Type";"pine-wood:#a3afff,vertical,10x15,canvas";"";"";"";"";"";"";"0";"0";"0";"0";"5";"1";"";"0";"0";"";"0000-00-00";"";"";"2";""
"";"";"93";"";"";"color,radio,color,radio";"frame,Shape,size,Type";"frame,shape,size,Type";"none:#62ff43,vertical,12x18,canvas";"";"";"";"";"";"";"0";"0";"0";"0";"5";"1";"";"0";"0";"";"0000-00-00";"";"";"2";""
"";"";"93";"";"";"color,radio,color,radio";"frame,Shape,size,Type";"frame,shape,size,Type";"natural-wood:#ffd083,vertical,12x18,canvas";"";"";"";"";"";"";"0";"0";"0";"0";"5";"1";"";"0";"0";"";"0000-00-00";"";"";"2";""
"";"";"93";"";"";"color,radio,color,radio";"frame,Shape,size,Type";"frame,shape,size,Type";"dark-wood:#ce6600,vertical,12x18,canvas";"";"";"";"";"";"";"0";"0";"0";"0";"5";"1";"";"0";"0";"";"0000-00-00";"";"";"2";""
"";"";"93";"";"";"color,radio,color,radio";"frame,Shape,size,Type";"frame,shape,size,Type";"charcol-black:#3b1200,vertical,12x18,canvas";"";"";"";"";"";"";"0";"0";"0";"0";"5";"1";"";"0";"0";"";"0000-00-00";"";"";"2";""
"";"";"93";"";"";"color,radio,color,radio";"frame,Shape,size,Type";"frame,shape,size,Type";"charcol-white:#e3fffe,vertical,12x18,canvas";"";"";"";"";"";"";"0";"0";"0";"0";"5";"1";"";"0";"0";"";"0000-00-00";"";"";"2";""
"";"";"93";"";"";"color,radio,color,radio";"frame,Shape,size,Type";"frame,shape,size,Type";"pine-wood:#a3afff,vertical,12x18,canvas";"";"";"";"";"";"";"0";"0";"0";"0";"5";"1";"";"0";"0";"";"0000-00-00";"";"";"2";""
"";"";"93";"";"";"color,radio,color,radio";"frame,Shape,size,Type";"frame,shape,size,Type";"none:#62ff43,vertical,16x24,canvas";"";"";"";"";"";"";"0";"0";"0";"0";"5";"1";"";"0";"0";"";"0000-00-00";"";"";"2";""
"";"";"93";"";"";"color,radio,color,radio";"frame,Shape,size,Type";"frame,shape,size,Type";"natural-wood:#ffd083,vertical,16x24,canvas";"";"";"";"";"";"";"0";"0";"0";"0";"5";"1";"";"0";"0";"";"0000-00-00";"";"";"2";""
"";"";"93";"";"";"color,radio,color,radio";"frame,Shape,size,Type";"frame,shape,size,Type";"dark-wood:#ce6600,vertical,16x24,canvas";"";"";"";"";"";"";"0";"0";"0";"0";"5";"1";"";"0";"0";"";"0000-00-00";"";"";"2";""
"";"";"93";"";"";"color,radio,color,radio";"frame,Shape,size,Type";"frame,shape,size,Type";"charcol-black:#3b1200,vertical,16x24,canvas";"";"";"";"";"";"";"0";"0";"0";"0";"5";"1";"";"0";"0";"";"0000-00-00";"";"";"2";""
"";"";"93";"";"";"color,radio,color,radio";"frame,Shape,size,Type";"frame,shape,size,Type";"charcol-white:#e3fffe,vertical,16x24,canvas";"";"";"";"";"";"";"0";"0";"0";"0";"5";"1";"";"0";"0";"";"0000-00-00";"";"";"2";""
"";"";"93";"";"";"color,radio,color,radio";"frame,Shape,size,Type";"frame,shape,size,Type";"pine-wood:#a3afff,vertical,16x24,canvas";"";"";"";"";"";"";"0";"0";"0";"0";"5";"1";"";"0";"0";"";"0000-00-00";"";"";"2";""
"";"";"93";"";"";"color,radio,color,radio";"frame,Shape,size,Type";"frame,shape,size,Type";"none:#62ff43,vertical,20x30,canvas";"";"";"";"";"";"";"0";"0";"0";"0";"5";"1";"";"0";"0";"";"0000-00-00";"";"";"2";""
"";"";"93";"";"";"color,radio,color,radio";"frame,Shape,size,Type";"frame,shape,size,Type";"natural-wood:#ffd083,vertical,20x30,canvas";"";"";"";"";"";"";"0";"0";"0";"0";"5";"1";"";"0";"0";"";"0000-00-00";"";"";"2";""
"";"";"93";"";"";"color,radio,color,radio";"frame,Shape,size,Type";"frame,shape,size,Type";"dark-wood:#ce6600,vertical,20x30,canvas";"";"";"";"";"";"";"0";"0";"0";"0";"5";"1";"";"0";"0";"";"0000-00-00";"";"";"2";""
"";"";"93";"";"";"color,radio,color,radio";"frame,Shape,size,Type";"frame,shape,size,Type";"charcol-black:#3b1200,vertical,20x30,canvas";"";"";"";"";"";"";"0";"0";"0";"0";"5";"1";"";"0";"0";"";"0000-00-00";"";"";"2";""
"";"";"93";"";"";"color,radio,color,radio";"frame,Shape,size,Type";"frame,shape,size,Type";"charcol-white:#e3fffe,vertical,20x30,canvas";"";"";"";"";"";"";"0";"0";"0";"0";"5";"1";"";"0";"0";"";"0000-00-00";"";"";"2";""
"";"";"93";"";"";"color,radio,color,radio";"frame,Shape,size,Type";"frame,shape,size,Type";"pine-wood:#a3afff,vertical,20x30,canvas";"";"";"";"";"";"";"0";"0";"0";"0";"5";"1";"";"0";"0";"";"0000-00-00";"";"";"2";""
"";"";"93";"";"";"color,radio,color,radio";"frame,Shape,size,Type";"frame,shape,size,Type";"none:#62ff43,vertical,24x36,canvas";"";"";"";"";"";"";"0";"0";"0";"0";"5";"1";"";"0";"0";"";"0000-00-00";"";"";"2";""
"";"";"93";"";"";"color,radio,color,radio";"frame,Shape,size,Type";"frame,shape,size,Type";"natural-wood:#ffd083,vertical,24x36,canvas";"";"";"";"";"";"";"0";"0";"0";"0";"5";"1";"";"0";"0";"";"0000-00-00";"";"";"2";""
"";"";"93";"";"";"color,radio,color,radio";"frame,Shape,size,Type";"frame,shape,size,Type";"dark-wood:#ce6600,vertical,24x36,canvas";"";"";"";"";"";"";"0";"0";"0";"0";"5";"1";"";"0";"0";"";"0000-00-00";"";"";"2";""
"";"";"93";"";"";"color,radio,color,radio";"frame,Shape,size,Type";"frame,shape,size,Type";"charcol-black:#3b1200,vertical,24x36,canvas";"";"";"";"";"";"";"0";"0";"0";"0";"5";"1";"";"0";"0";"";"0000-00-00";"";"";"2";""
"";"";"93";"";"";"color,radio,color,radio";"frame,Shape,size,Type";"frame,shape,size,Type";"charcol-white:#e3fffe,vertical,24x36,canvas";"";"";"";"";"";"";"0";"0";"0";"0";"5";"1";"";"0";"0";"";"0000-00-00";"";"";"2";""
"";"";"93";"";"";"color,radio,color,radio";"frame,Shape,size,Type";"frame,shape,size,Type";"pine-wood:#a3afff,vertical,24x36,canvas";"";"";"";"";"";"";"0";"0";"0";"0";"5";"1";"";"0";"0";"";"0000-00-00";"";"";"2";""
"";"";"93";"";"";"color,radio,color,radio";"frame,Shape,size,Type";"frame,shape,size,Type";"none:#62ff43,vertical,30x45,canvas";"";"";"";"";"";"";"0";"0";"0";"0";"5";"1";"";"0";"0";"";"0000-00-00";"";"";"2";""
"";"";"93";"";"";"color,radio,color,radio";"frame,Shape,size,Type";"frame,shape,size,Type";"natural-wood:#ffd083,vertical,30x45,canvas";"";"";"";"";"";"";"0";"0";"0";"0";"5";"1";"";"0";"0";"";"0000-00-00";"";"";"2";""
"";"";"93";"";"";"color,radio,color,radio";"frame,Shape,size,Type";"frame,shape,size,Type";"dark-wood:#ce6600,vertical,30x45,canvas";"";"";"";"";"";"";"0";"0";"0";"0";"5";"1";"";"0";"0";"";"0000-00-00";"";"";"2";""
"";"";"93";"";"";"color,radio,color,radio";"frame,Shape,size,Type";"frame,shape,size,Type";"charcol-black:#3b1200,vertical,30x45,canvas";"";"";"";"";"";"";"0";"0";"0";"0";"5";"1";"";"0";"0";"";"0000-00-00";"";"";"2";""
"";"";"93";"";"";"color,radio,color,radio";"frame,Shape,size,Type";"frame,shape,size,Type";"charcol-white:#e3fffe,vertical,30x45,canvas";"";"";"";"";"";"";"0";"0";"0";"0";"5";"1";"";"0";"0";"";"0000-00-00";"";"";"2";""
"";"";"93";"";"";"color,radio,color,radio";"frame,Shape,size,Type";"frame,shape,size,Type";"pine-wood:#a3afff,vertical,30x45,canvas";"";"";"";"";"";"";"0";"0";"0";"0";"5";"1";"";"0";"0";"";"0000-00-00";"";"";"2";""
"";"";"93";"";"";"color,radio,color,radio";"frame,Shape,size,Type";"frame,shape,size,Type";"none:#62ff43,vertical,10x15,fine-art-paper";"";"";"";"";"";"";"0";"0";"0";"0";"5";"1";"";"0";"0";"";"0000-00-00";"";"";"2";""
"";"";"93";"";"";"color,radio,color,radio";"frame,Shape,size,Type";"frame,shape,size,Type";"natural-wood:#ffd083,vertical,10x15,fine-art-paper";"";"";"";"";"";"";"0";"0";"0";"0";"5";"1";"";"0";"0";"";"0000-00-00";"";"";"2";""
"";"";"93";"";"";"color,radio,color,radio";"frame,Shape,size,Type";"frame,shape,size,Type";"dark-wood:#ce6600,vertical,10x15,fine-art-paper";"";"";"";"";"";"";"0";"0";"0";"0";"5";"1";"";"0";"0";"";"0000-00-00";"";"";"2";""
"";"";"93";"";"";"color,radio,color,radio";"frame,Shape,size,Type";"frame,shape,size,Type";"charcol-black:#3b1200,vertical,10x15,fine-art-paper";"";"";"";"";"";"";"0";"0";"0";"0";"5";"1";"";"0";"0";"";"0000-00-00";"";"";"2";""
"";"";"93";"";"";"color,radio,color,radio";"frame,Shape,size,Type";"frame,shape,size,Type";"charcol-white:#e3fffe,vertical,10x15,fine-art-paper";"";"";"";"";"";"";"0";"0";"0";"0";"5";"1";"";"0";"0";"";"0000-00-00";"";"";"2";""
"";"";"93";"";"";"color,radio,color,radio";"frame,Shape,size,Type";"frame,shape,size,Type";"pine-wood:#a3afff,vertical,10x15,fine-art-paper";"";"";"";"";"";"";"0";"0";"0";"0";"5";"1";"";"0";"0";"";"0000-00-00";"";"";"2";""
"";"";"93";"";"";"color,radio,color,radio";"frame,Shape,size,Type";"frame,shape,size,Type";"none:#62ff43,vertical,12x18,fine-art-paper";"";"";"";"";"";"";"0";"0";"0";"0";"5";"1";"";"0";"0";"";"0000-00-00";"";"";"2";""
"";"";"93";"";"";"color,radio,color,radio";"frame,Shape,size,Type";"frame,shape,size,Type";"natural-wood:#ffd083,vertical,12x18,fine-art-paper";"";"";"";"";"";"";"0";"0";"0";"0";"5";"1";"";"0";"0";"";"0000-00-00";"";"";"2";""
"";"";"93";"";"";"color,radio,color,radio";"frame,Shape,size,Type";"frame,shape,size,Type";"dark-wood:#ce6600,vertical,12x18,fine-art-paper";"";"";"";"";"";"";"0";"0";"0";"0";"5";"1";"";"0";"0";"";"0000-00-00";"";"";"2";""
"";"";"93";"";"";"color,radio,color,radio";"frame,Shape,size,Type";"frame,shape,size,Type";"charcol-black:#3b1200,vertical,12x18,fine-art-paper";"";"";"";"";"";"";"0";"0";"0";"0";"5";"1";"";"0";"0";"";"0000-00-00";"";"";"2";""
"";"";"93";"";"";"color,radio,color,radio";"frame,Shape,size,Type";"frame,shape,size,Type";"charcol-white:#e3fffe,vertical,12x18,fine-art-paper";"";"";"";"";"";"";"0";"0";"0";"0";"5";"1";"";"0";"0";"";"0000-00-00";"";"";"2";""
"";"";"93";"";"";"color,radio,color,radio";"frame,Shape,size,Type";"frame,shape,size,Type";"pine-wood:#a3afff,vertical,12x18,fine-art-paper";"";"";"";"";"";"";"0";"0";"0";"0";"5";"1";"";"0";"0";"";"0000-00-00";"";"";"2";""
"";"";"93";"";"";"color,radio,color,radio";"frame,Shape,size,Type";"frame,shape,size,Type";"none:#62ff43,vertical,16x24,fine-art-paper";"";"";"";"";"";"";"0";"0";"0";"0";"5";"1";"";"0";"0";"";"0000-00-00";"";"";"2";""
"";"";"93";"";"";"color,radio,color,radio";"frame,Shape,size,Type";"frame,shape,size,Type";"natural-wood:#ffd083,vertical,16x24,fine-art-paper";"";"";"";"";"";"";"0";"0";"0";"0";"5";"1";"";"0";"0";"";"0000-00-00";"";"";"2";""
"";"";"93";"";"";"color,radio,color,radio";"frame,Shape,size,Type";"frame,shape,size,Type";"dark-wood:#ce6600,vertical,16x24,fine-art-paper";"";"";"";"";"";"";"0";"0";"0";"0";"5";"1";"";"0";"0";"";"0000-00-00";"";"";"2";""
"";"";"93";"";"";"color,radio,color,radio";"frame,Shape,size,Type";"frame,shape,size,Type";"charcol-black:#3b1200,vertical,16x24,fine-art-paper";"";"";"";"";"";"";"0";"0";"0";"0";"5";"1";"";"0";"0";"";"0000-00-00";"";"";"2";""
"";"";"93";"";"";"color,radio,color,radio";"frame,Shape,size,Type";"frame,shape,size,Type";"charcol-white:#e3fffe,vertical,16x24,fine-art-paper";"";"";"";"";"";"";"0";"0";"0";"0";"5";"1";"";"0";"0";"";"0000-00-00";"";"";"2";""
"";"";"93";"";"";"color,radio,color,radio";"frame,Shape,size,Type";"frame,shape,size,Type";"pine-wood:#a3afff,vertical,16x24,fine-art-paper";"";"";"";"";"";"";"0";"0";"0";"0";"5";"1";"";"0";"0";"";"0000-00-00";"";"";"2";""
"";"";"93";"";"";"color,radio,color,radio";"frame,Shape,size,Type";"frame,shape,size,Type";"none:#62ff43,vertical,20x30,fine-art-paper";"";"";"";"";"";"";"0";"0";"0";"0";"5";"1";"";"0";"0";"";"0000-00-00";"";"";"2";""
"";"";"93";"";"";"color,radio,color,radio";"frame,Shape,size,Type";"frame,shape,size,Type";"natural-wood:#ffd083,vertical,20x30,fine-art-paper";"";"";"";"";"";"";"0";"0";"0";"0";"5";"1";"";"0";"0";"";"0000-00-00";"";"";"2";""
"";"";"93";"";"";"color,radio,color,radio";"frame,Shape,size,Type";"frame,shape,size,Type";"dark-wood:#ce6600,vertical,20x30,fine-art-paper";"";"";"";"";"";"";"0";"0";"0";"0";"5";"1";"";"0";"0";"";"0000-00-00";"";"";"2";""
"";"";"93";"";"";"color,radio,color,radio";"frame,Shape,size,Type";"frame,shape,size,Type";"charcol-black:#3b1200,vertical,20x30,fine-art-paper";"";"";"";"";"";"";"0";"0";"0";"0";"5";"1";"";"0";"0";"";"0000-00-00";"";"";"2";""
"";"";"93";"";"";"color,radio,color,radio";"frame,Shape,size,Type";"frame,shape,size,Type";"charcol-white:#e3fffe,vertical,20x30,fine-art-paper";"";"";"";"";"";"";"0";"0";"0";"0";"5";"1";"";"0";"0";"";"0000-00-00";"";"";"2";""
"";"";"93";"";"";"color,radio,color,radio";"frame,Shape,size,Type";"frame,shape,size,Type";"pine-wood:#a3afff,vertical,20x30,fine-art-paper";"";"";"";"";"";"";"0";"0";"0";"0";"5";"1";"";"0";"0";"";"0000-00-00";"";"";"2";""
"";"";"93";"";"";"color,radio,color,radio";"frame,Shape,size,Type";"frame,shape,size,Type";"none:#62ff43,vertical,24x36,fine-art-paper";"";"";"";"";"";"";"0";"0";"0";"0";"5";"1";"";"0";"0";"";"0000-00-00";"";"";"2";""
"";"";"93";"";"";"color,radio,color,radio";"frame,Shape,size,Type";"frame,shape,size,Type";"natural-wood:#ffd083,vertical,24x36,fine-art-paper";"";"";"";"";"";"";"0";"0";"0";"0";"5";"1";"";"0";"0";"";"0000-00-00";"";"";"2";""
"";"";"93";"";"";"color,radio,color,radio";"frame,Shape,size,Type";"frame,shape,size,Type";"dark-wood:#ce6600,vertical,24x36,fine-art-paper";"";"";"";"";"";"";"0";"0";"0";"0";"5";"1";"";"0";"0";"";"0000-00-00";"";"";"2";""
"";"";"93";"";"";"color,radio,color,radio";"frame,Shape,size,Type";"frame,shape,size,Type";"charcol-black:#3b1200,vertical,24x36,fine-art-paper";"";"";"";"";"";"";"0";"0";"0";"0";"5";"1";"";"0";"0";"";"0000-00-00";"";"";"2";""
"";"";"93";"";"";"color,radio,color,radio";"frame,Shape,size,Type";"frame,shape,size,Type";"charcol-white:#e3fffe,vertical,24x36,fine-art-paper";"";"";"";"";"";"";"0";"0";"0";"0";"5";"1";"";"0";"0";"";"0000-00-00";"";"";"2";""
"";"";"93";"";"";"color,radio,color,radio";"frame,Shape,size,Type";"frame,shape,size,Type";"pine-wood:#a3afff,vertical,24x36,fine-art-paper";"";"";"";"";"";"";"0";"0";"0";"0";"5";"1";"";"0";"0";"";"0000-00-00";"";"";"2";""
"";"";"93";"";"";"color,radio,color,radio";"frame,Shape,size,Type";"frame,shape,size,Type";"none:#62ff43,vertical,30x45,fine-art-paper";"";"";"";"";"";"";"0";"0";"0";"0";"5";"1";"";"0";"0";"";"0000-00-00";"";"";"2";""
"";"";"93";"";"";"color,radio,color,radio";"frame,Shape,size,Type";"frame,shape,size,Type";"natural-wood:#ffd083,vertical,30x45,fine-art-paper";"";"";"";"";"";"";"0";"0";"0";"0";"5";"1";"";"0";"0";"";"0000-00-00";"";"";"2";""
"";"";"93";"";"";"color,radio,color,radio";"frame,Shape,size,Type";"frame,shape,size,Type";"dark-wood:#ce6600,vertical,30x45,fine-art-paper";"";"";"";"";"";"";"0";"0";"0";"0";"5";"1";"";"0";"0";"";"0000-00-00";"";"";"2";""
"";"";"93";"";"";"color,radio,color,radio";"frame,Shape,size,Type";"frame,shape,size,Type";"charcol-black:#3b1200,vertical,30x45,fine-art-paper";"";"";"";"";"";"";"0";"0";"0";"0";"5";"1";"";"0";"0";"";"0000-00-00";"";"";"2";""
"";"";"93";"";"";"color,radio,color,radio";"frame,Shape,size,Type";"frame,shape,size,Type";"charcol-white:#e3fffe,vertical,30x45,fine-art-paper";"";"";"";"";"";"";"0";"0";"0";"0";"5";"1";"";"0";"0";"";"0000-00-00";"";"";"2";""
"";"";"93";"";"";"color,radio,color,radio";"frame,Shape,size,Type";"frame,shape,size,Type";"pine-wood:#a3afff,vertical,30x45,fine-art-paper";"";"";"";"";"";"";"0";"0";"0";"0";"5";"1";"";"0";"0";"";"0000-00-00";"";"";"2";""
"";"";"96";"";"";"color,radio,color,radio";"frame,Shape,size,Type";"frame,shape,size,Type";"none:#62ff43,vertical,10x15,canvas";"";"";"";"";"";"";"0";"0";"0";"0";"5";"1";"";"0";"0";"1";"0000-00-00";"";"";"2";""
"";"";"96";"";"";"color,radio,color,radio";"frame,Shape,size,Type";"frame,shape,size,Type";"natural-wood:#ffd083,vertical,10x15,canvas";"";"";"";"";"";"";"0";"0";"0";"0";"5";"1";"";"0";"0";"";"0000-00-00";"";"";"2";""
"";"";"96";"";"";"color,radio,color,radio";"frame,Shape,size,Type";"frame,shape,size,Type";"dark-wood:#ce6600,vertical,10x15,canvas";"";"";"";"";"";"";"0";"0";"0";"0";"5";"1";"";"0";"0";"";"0000-00-00";"";"";"2";""
"";"";"96";"";"";"color,radio,color,radio";"frame,Shape,size,Type";"frame,shape,size,Type";"charcol-black:#3b1200,vertical,10x15,canvas";"";"";"";"";"";"";"0";"0";"0";"0";"5";"1";"";"0";"0";"";"0000-00-00";"";"";"2";""
"";"";"96";"";"";"color,radio,color,radio";"frame,Shape,size,Type";"frame,shape,size,Type";"charcol-white:#e3fffe,vertical,10x15,canvas";"";"";"";"";"";"";"0";"0";"0";"0";"5";"1";"";"0";"0";"";"0000-00-00";"";"";"2";""
"";"";"96";"";"";"color,radio,color,radio";"frame,Shape,size,Type";"frame,shape,size,Type";"pine-wood:#a3afff,vertical,10x15,canvas";"";"";"";"";"";"";"0";"0";"0";"0";"5";"1";"";"0";"0";"";"0000-00-00";"";"";"2";""
"";"";"96";"";"";"color,radio,color,radio";"frame,Shape,size,Type";"frame,shape,size,Type";"none:#62ff43,vertical,12x18,canvas";"";"";"";"";"";"";"0";"0";"0";"0";"5";"1";"";"0";"0";"";"0000-00-00";"";"";"2";""
"";"";"96";"";"";"color,radio,color,radio";"frame,Shape,size,Type";"frame,shape,size,Type";"natural-wood:#ffd083,vertical,12x18,canvas";"";"";"";"";"";"";"0";"0";"0";"0";"5";"1";"";"0";"0";"";"0000-00-00";"";"";"2";""
"";"";"96";"";"";"color,radio,color,radio";"frame,Shape,size,Type";"frame,shape,size,Type";"dark-wood:#ce6600,vertical,12x18,canvas";"";"";"";"";"";"";"0";"0";"0";"0";"5";"1";"";"0";"0";"";"0000-00-00";"";"";"2";""
"";"";"96";"";"";"color,radio,color,radio";"frame,Shape,size,Type";"frame,shape,size,Type";"charcol-black:#3b1200,vertical,12x18,canvas";"";"";"";"";"";"";"0";"0";"0";"0";"5";"1";"";"0";"0";"";"0000-00-00";"";"";"2";""
"";"";"96";"";"";"color,radio,color,radio";"frame,Shape,size,Type";"frame,shape,size,Type";"charcol-white:#e3fffe,vertical,12x18,canvas";"";"";"";"";"";"";"0";"0";"0";"0";"5";"1";"";"0";"0";"";"0000-00-00";"";"";"2";""
"";"";"96";"";"";"color,radio,color,radio";"frame,Shape,size,Type";"frame,shape,size,Type";"pine-wood:#a3afff,vertical,12x18,canvas";"";"";"";"";"";"";"0";"0";"0";"0";"5";"1";"";"0";"0";"";"0000-00-00";"";"";"2";""
"";"";"96";"";"";"color,radio,color,radio";"frame,Shape,size,Type";"frame,shape,size,Type";"none:#62ff43,vertical,16x24,canvas";"";"";"";"";"";"";"0";"0";"0";"0";"5";"1";"";"0";"0";"";"0000-00-00";"";"";"2";""
"";"";"96";"";"";"color,radio,color,radio";"frame,Shape,size,Type";"frame,shape,size,Type";"natural-wood:#ffd083,vertical,16x24,canvas";"";"";"";"";"";"";"0";"0";"0";"0";"5";"1";"";"0";"0";"";"0000-00-00";"";"";"2";""
"";"";"96";"";"";"color,radio,color,radio";"frame,Shape,size,Type";"frame,shape,size,Type";"dark-wood:#ce6600,vertical,16x24,canvas";"";"";"";"";"";"";"0";"0";"0";"0";"5";"1";"";"0";"0";"";"0000-00-00";"";"";"2";""
"";"";"96";"";"";"color,radio,color,radio";"frame,Shape,size,Type";"frame,shape,size,Type";"charcol-black:#3b1200,vertical,16x24,canvas";"";"";"";"";"";"";"0";"0";"0";"0";"5";"1";"";"0";"0";"";"0000-00-00";"";"";"2";""
"";"";"96";"";"";"color,radio,color,radio";"frame,Shape,size,Type";"frame,shape,size,Type";"charcol-white:#e3fffe,vertical,16x24,canvas";"";"";"";"";"";"";"0";"0";"0";"0";"5";"1";"";"0";"0";"";"0000-00-00";"";"";"2";""
"";"";"96";"";"";"color,radio,color,radio";"frame,Shape,size,Type";"frame,shape,size,Type";"pine-wood:#a3afff,vertical,16x24,canvas";"";"";"";"";"";"";"0";"0";"0";"0";"5";"1";"";"0";"0";"";"0000-00-00";"";"";"2";""
"";"";"96";"";"";"color,radio,color,radio";"frame,Shape,size,Type";"frame,shape,size,Type";"none:#62ff43,vertical,20x30,canvas";"";"";"";"";"";"";"0";"0";"0";"0";"5";"1";"";"0";"0";"";"0000-00-00";"";"";"2";""
"";"";"96";"";"";"color,radio,color,radio";"frame,Shape,size,Type";"frame,shape,size,Type";"natural-wood:#ffd083,vertical,20x30,canvas";"";"";"";"";"";"";"0";"0";"0";"0";"5";"1";"";"0";"0";"";"0000-00-00";"";"";"2";""
"";"";"96";"";"";"color,radio,color,radio";"frame,Shape,size,Type";"frame,shape,size,Type";"dark-wood:#ce6600,vertical,20x30,canvas";"";"";"";"";"";"";"0";"0";"0";"0";"5";"1";"";"0";"0";"";"0000-00-00";"";"";"2";""
"";"";"96";"";"";"color,radio,color,radio";"frame,Shape,size,Type";"frame,shape,size,Type";"charcol-black:#3b1200,vertical,20x30,canvas";"";"";"";"";"";"";"0";"0";"0";"0";"5";"1";"";"0";"0";"";"0000-00-00";"";"";"2";""
"";"";"96";"";"";"color,radio,color,radio";"frame,Shape,size,Type";"frame,shape,size,Type";"charcol-white:#e3fffe,vertical,20x30,canvas";"";"";"";"";"";"";"0";"0";"0";"0";"5";"1";"";"0";"0";"";"0000-00-00";"";"";"2";""
"";"";"96";"";"";"color,radio,color,radio";"frame,Shape,size,Type";"frame,shape,size,Type";"pine-wood:#a3afff,vertical,20x30,canvas";"";"";"";"";"";"";"0";"0";"0";"0";"5";"1";"";"0";"0";"";"0000-00-00";"";"";"2";""
"";"";"96";"";"";"color,radio,color,radio";"frame,Shape,size,Type";"frame,shape,size,Type";"none:#62ff43,vertical,24x36,canvas";"";"";"";"";"";"";"0";"0";"0";"0";"5";"1";"";"0";"0";"";"0000-00-00";"";"";"2";""
"";"";"96";"";"";"color,radio,color,radio";"frame,Shape,size,Type";"frame,shape,size,Type";"natural-wood:#ffd083,vertical,24x36,canvas";"";"";"";"";"";"";"0";"0";"0";"0";"5";"1";"";"0";"0";"";"0000-00-00";"";"";"2";""
"";"";"96";"";"";"color,radio,color,radio";"frame,Shape,size,Type";"frame,shape,size,Type";"dark-wood:#ce6600,vertical,24x36,canvas";"";"";"";"";"";"";"0";"0";"0";"0";"5";"1";"";"0";"0";"";"0000-00-00";"";"";"2";""
"";"";"96";"";"";"color,radio,color,radio";"frame,Shape,size,Type";"frame,shape,size,Type";"charcol-black:#3b1200,vertical,24x36,canvas";"";"";"";"";"";"";"0";"0";"0";"0";"5";"1";"";"0";"0";"";"0000-00-00";"";"";"2";""
"";"";"96";"";"";"color,radio,color,radio";"frame,Shape,size,Type";"frame,shape,size,Type";"charcol-white:#e3fffe,vertical,24x36,canvas";"";"";"";"";"";"";"0";"0";"0";"0";"5";"1";"";"0";"0";"";"0000-00-00";"";"";"2";""
"";"";"96";"";"";"color,radio,color,radio";"frame,Shape,size,Type";"frame,shape,size,Type";"pine-wood:#a3afff,vertical,24x36,canvas";"";"";"";"";"";"";"0";"0";"0";"0";"5";"1";"";"0";"0";"";"0000-00-00";"";"";"2";""
"";"";"96";"";"";"color,radio,color,radio";"frame,Shape,size,Type";"frame,shape,size,Type";"none:#62ff43,vertical,30x45,canvas";"";"";"";"";"";"";"0";"0";"0";"0";"5";"1";"";"0";"0";"";"0000-00-00";"";"";"2";""
"";"";"96";"";"";"color,radio,color,radio";"frame,Shape,size,Type";"frame,shape,size,Type";"natural-wood:#ffd083,vertical,30x45,canvas";"";"";"";"";"";"";"0";"0";"0";"0";"5";"1";"";"0";"0";"";"0000-00-00";"";"";"2";""
"";"";"96";"";"";"color,radio,color,radio";"frame,Shape,size,Type";"frame,shape,size,Type";"dark-wood:#ce6600,vertical,30x45,canvas";"";"";"";"";"";"";"0";"0";"0";"0";"5";"1";"";"0";"0";"";"0000-00-00";"";"";"2";""
"";"";"96";"";"";"color,radio,color,radio";"frame,Shape,size,Type";"frame,shape,size,Type";"charcol-black:#3b1200,vertical,30x45,canvas";"";"";"";"";"";"";"0";"0";"0";"0";"5";"1";"";"0";"0";"";"0000-00-00";"";"";"2";""
"";"";"96";"";"";"color,radio,color,radio";"frame,Shape,size,Type";"frame,shape,size,Type";"charcol-white:#e3fffe,vertical,30x45,canvas";"";"";"";"";"";"";"0";"0";"0";"0";"5";"1";"";"0";"0";"";"0000-00-00";"";"";"2";""
"";"";"96";"";"";"color,radio,color,radio";"frame,Shape,size,Type";"frame,shape,size,Type";"pine-wood:#a3afff,vertical,30x45,canvas";"";"";"";"";"";"";"0";"0";"0";"0";"5";"1";"";"0";"0";"";"0000-00-00";"";"";"2";""
"";"";"96";"";"";"color,radio,color,radio";"frame,Shape,size,Type";"frame,shape,size,Type";"none:#62ff43,vertical,10x15,fine-art-paper";"";"";"";"";"";"";"0";"0";"0";"0";"5";"1";"";"0";"0";"";"0000-00-00";"";"";"2";""
"";"";"96";"";"";"color,radio,color,radio";"frame,Shape,size,Type";"frame,shape,size,Type";"natural-wood:#ffd083,vertical,10x15,fine-art-paper";"";"";"";"";"";"";"0";"0";"0";"0";"5";"1";"";"0";"0";"";"0000-00-00";"";"";"2";""
"";"";"96";"";"";"color,radio,color,radio";"frame,Shape,size,Type";"frame,shape,size,Type";"dark-wood:#ce6600,vertical,10x15,fine-art-paper";"";"";"";"";"";"";"0";"0";"0";"0";"5";"1";"";"0";"0";"";"0000-00-00";"";"";"2";""
"";"";"96";"";"";"color,radio,color,radio";"frame,Shape,size,Type";"frame,shape,size,Type";"charcol-black:#3b1200,vertical,10x15,fine-art-paper";"";"";"";"";"";"";"0";"0";"0";"0";"5";"1";"";"0";"0";"";"0000-00-00";"";"";"2";""
"";"";"96";"";"";"color,radio,color,radio";"frame,Shape,size,Type";"frame,shape,size,Type";"charcol-white:#e3fffe,vertical,10x15,fine-art-paper";"";"";"";"";"";"";"0";"0";"0";"0";"5";"1";"";"0";"0";"";"0000-00-00";"";"";"2";""
"";"";"96";"";"";"color,radio,color,radio";"frame,Shape,size,Type";"frame,shape,size,Type";"pine-wood:#a3afff,vertical,10x15,fine-art-paper";"";"";"";"";"";"";"0";"0";"0";"0";"5";"1";"";"0";"0";"";"0000-00-00";"";"";"2";""
"";"";"96";"";"";"color,radio,color,radio";"frame,Shape,size,Type";"frame,shape,size,Type";"none:#62ff43,vertical,12x18,fine-art-paper";"";"";"";"";"";"";"0";"0";"0";"0";"5";"1";"";"0";"0";"";"0000-00-00";"";"";"2";""
"";"";"96";"";"";"color,radio,color,radio";"frame,Shape,size,Type";"frame,shape,size,Type";"natural-wood:#ffd083,vertical,12x18,fine-art-paper";"";"";"";"";"";"";"0";"0";"0";"0";"5";"1";"";"0";"0";"";"0000-00-00";"";"";"2";""
"";"";"96";"";"";"color,radio,color,radio";"frame,Shape,size,Type";"frame,shape,size,Type";"dark-wood:#ce6600,vertical,12x18,fine-art-paper";"";"";"";"";"";"";"0";"0";"0";"0";"5";"1";"";"0";"0";"";"0000-00-00";"";"";"2";""
"";"";"96";"";"";"color,radio,color,radio";"frame,Shape,size,Type";"frame,shape,size,Type";"charcol-black:#3b1200,vertical,12x18,fine-art-paper";"";"";"";"";"";"";"0";"0";"0";"0";"5";"1";"";"0";"0";"";"0000-00-00";"";"";"2";""
"";"";"96";"";"";"color,radio,color,radio";"frame,Shape,size,Type";"frame,shape,size,Type";"charcol-white:#e3fffe,vertical,12x18,fine-art-paper";"";"";"";"";"";"";"0";"0";"0";"0";"5";"1";"";"0";"0";"";"0000-00-00";"";"";"2";""
"";"";"96";"";"";"color,radio,color,radio";"frame,Shape,size,Type";"frame,shape,size,Type";"pine-wood:#a3afff,vertical,12x18,fine-art-paper";"";"";"";"";"";"";"0";"0";"0";"0";"5";"1";"";"0";"0";"";"0000-00-00";"";"";"2";""
"";"";"96";"";"";"color,radio,color,radio";"frame,Shape,size,Type";"frame,shape,size,Type";"none:#62ff43,vertical,16x24,fine-art-paper";"";"";"";"";"";"";"0";"0";"0";"0";"5";"1";"";"0";"0";"";"0000-00-00";"";"";"2";""
"";"";"96";"";"";"color,radio,color,radio";"frame,Shape,size,Type";"frame,shape,size,Type";"natural-wood:#ffd083,vertical,16x24,fine-art-paper";"";"";"";"";"";"";"0";"0";"0";"0";"5";"1";"";"0";"0";"";"0000-00-00";"";"";"2";""
"";"";"96";"";"";"color,radio,color,radio";"frame,Shape,size,Type";"frame,shape,size,Type";"dark-wood:#ce6600,vertical,16x24,fine-art-paper";"";"";"";"";"";"";"0";"0";"0";"0";"5";"1";"";"0";"0";"";"0000-00-00";"";"";"2";""
"";"";"96";"";"";"color,radio,color,radio";"frame,Shape,size,Type";"frame,shape,size,Type";"charcol-black:#3b1200,vertical,16x24,fine-art-paper";"";"";"";"";"";"";"0";"0";"0";"0";"5";"1";"";"0";"0";"";"0000-00-00";"";"";"2";""
"";"";"96";"";"";"color,radio,color,radio";"frame,Shape,size,Type";"frame,shape,size,Type";"charcol-white:#e3fffe,vertical,16x24,fine-art-paper";"";"";"";"";"";"";"0";"0";"0";"0";"5";"1";"";"0";"0";"";"0000-00-00";"";"";"2";""
"";"";"96";"";"";"color,radio,color,radio";"frame,Shape,size,Type";"frame,shape,size,Type";"pine-wood:#a3afff,vertical,16x24,fine-art-paper";"";"";"";"";"";"";"0";"0";"0";"0";"5";"1";"";"0";"0";"";"0000-00-00";"";"";"2";""
"";"";"96";"";"";"color,radio,color,radio";"frame,Shape,size,Type";"frame,shape,size,Type";"none:#62ff43,vertical,20x30,fine-art-paper";"";"";"";"";"";"";"0";"0";"0";"0";"5";"1";"";"0";"0";"";"0000-00-00";"";"";"2";""
"";"";"96";"";"";"color,radio,color,radio";"frame,Shape,size,Type";"frame,shape,size,Type";"natural-wood:#ffd083,vertical,20x30,fine-art-paper";"";"";"";"";"";"";"0";"0";"0";"0";"5";"1";"";"0";"0";"";"0000-00-00";"";"";"2";""
"";"";"96";"";"";"color,radio,color,radio";"frame,Shape,size,Type";"frame,shape,size,Type";"dark-wood:#ce6600,vertical,20x30,fine-art-paper";"";"";"";"";"";"";"0";"0";"0";"0";"5";"1";"";"0";"0";"";"0000-00-00";"";"";"2";""
"";"";"96";"";"";"color,radio,color,radio";"frame,Shape,size,Type";"frame,shape,size,Type";"charcol-black:#3b1200,vertical,20x30,fine-art-paper";"";"";"";"";"";"";"0";"0";"0";"0";"5";"1";"";"0";"0";"";"0000-00-00";"";"";"2";""
"";"";"96";"";"";"color,radio,color,radio";"frame,Shape,size,Type";"frame,shape,size,Type";"charcol-white:#e3fffe,vertical,20x30,fine-art-paper";"";"";"";"";"";"";"0";"0";"0";"0";"5";"1";"";"0";"0";"";"0000-00-00";"";"";"2";""
"";"";"96";"";"";"color,radio,color,radio";"frame,Shape,size,Type";"frame,shape,size,Type";"pine-wood:#a3afff,vertical,20x30,fine-art-paper";"";"";"";"";"";"";"0";"0";"0";"0";"5";"1";"";"0";"0";"";"0000-00-00";"";"";"2";""
"";"";"96";"";"";"color,radio,color,radio";"frame,Shape,size,Type";"frame,shape,size,Type";"none:#62ff43,vertical,24x36,fine-art-paper";"";"";"";"";"";"";"0";"0";"0";"0";"5";"1";"";"0";"0";"";"0000-00-00";"";"";"2";""
"";"";"96";"";"";"color,radio,color,radio";"frame,Shape,size,Type";"frame,shape,size,Type";"natural-wood:#ffd083,vertical,24x36,fine-art-paper";"";"";"";"";"";"";"0";"0";"0";"0";"5";"1";"";"0";"0";"";"0000-00-00";"";"";"2";""
"";"";"96";"";"";"color,radio,color,radio";"frame,Shape,size,Type";"frame,shape,size,Type";"dark-wood:#ce6600,vertical,24x36,fine-art-paper";"";"";"";"";"";"";"0";"0";"0";"0";"5";"1";"";"0";"0";"";"0000-00-00";"";"";"2";""
"";"";"96";"";"";"color,radio,color,radio";"frame,Shape,size,Type";"frame,shape,size,Type";"charcol-black:#3b1200,vertical,24x36,fine-art-paper";"";"";"";"";"";"";"0";"0";"0";"0";"5";"1";"";"0";"0";"";"0000-00-00";"";"";"2";""
"";"";"96";"";"";"color,radio,color,radio";"frame,Shape,size,Type";"frame,shape,size,Type";"charcol-white:#e3fffe,vertical,24x36,fine-art-paper";"";"";"";"";"";"";"0";"0";"0";"0";"5";"1";"";"0";"0";"";"0000-00-00";"";"";"2";""
"";"";"96";"";"";"color,radio,color,radio";"frame,Shape,size,Type";"frame,shape,size,Type";"pine-wood:#a3afff,vertical,24x36,fine-art-paper";"";"";"";"";"";"";"0";"0";"0";"0";"5";"1";"";"0";"0";"";"0000-00-00";"";"";"2";""
"";"";"96";"";"";"color,radio,color,radio";"frame,Shape,size,Type";"frame,shape,size,Type";"none:#62ff43,vertical,30x45,fine-art-paper";"";"";"";"";"";"";"0";"0";"0";"0";"5";"1";"";"0";"0";"";"0000-00-00";"";"";"2";""
"";"";"96";"";"";"color,radio,color,radio";"frame,Shape,size,Type";"frame,shape,size,Type";"natural-wood:#ffd083,vertical,30x45,fine-art-paper";"";"";"";"";"";"";"0";"0";"0";"0";"5";"1";"";"0";"0";"";"0000-00-00";"";"";"2";""
"";"";"96";"";"";"color,radio,color,radio";"frame,Shape,size,Type";"frame,shape,size,Type";"dark-wood:#ce6600,vertical,30x45,fine-art-paper";"";"";"";"";"";"";"0";"0";"0";"0";"5";"1";"";"0";"0";"";"0000-00-00";"";"";"2";""
"";"";"96";"";"";"color,radio,color,radio";"frame,Shape,size,Type";"frame,shape,size,Type";"charcol-black:#3b1200,vertical,30x45,fine-art-paper";"";"";"";"";"";"";"0";"0";"0";"0";"5";"1";"";"0";"0";"";"0000-00-00";"";"";"2";""
"";"";"96";"";"";"color,radio,color,radio";"frame,Shape,size,Type";"frame,shape,size,Type";"charcol-white:#e3fffe,vertical,30x45,fine-art-paper";"";"";"";"";"";"";"0";"0";"0";"0";"5";"1";"";"0";"0";"";"0000-00-00";"";"";"2";""
"";"";"96";"";"";"color,radio,color,radio";"frame,Shape,size,Type";"frame,shape,size,Type";"pine-wood:#a3afff,vertical,30x45,fine-art-paper";"";"";"";"";"";"";"0";"0";"0";"0";"5";"1";"";"0";"0";"";"0000-00-00";"";"";"2";""
"";"";"99";"";"";"color,radio,color,radio";"frame,Shape,size,Type";"frame,shape,size,Type";"none:#62ff43,vertical,10x15,canvas";"";"";"";"";"";"";"0";"0";"0";"0";"5";"1";"";"0";"0";"1";"0000-00-00";"";"";"2";""
"";"";"99";"";"";"color,radio,color,radio";"frame,Shape,size,Type";"frame,shape,size,Type";"natural-wood:#ffd083,vertical,10x15,canvas";"";"";"";"";"";"";"0";"0";"0";"0";"5";"1";"";"0";"0";"";"0000-00-00";"";"";"2";""
"";"";"99";"";"";"color,radio,color,radio";"frame,Shape,size,Type";"frame,shape,size,Type";"dark-wood:#ce6600,vertical,10x15,canvas";"";"";"";"";"";"";"0";"0";"0";"0";"5";"1";"";"0";"0";"";"0000-00-00";"";"";"2";""
"";"";"99";"";"";"color,radio,color,radio";"frame,Shape,size,Type";"frame,shape,size,Type";"charcol-black:#3b1200,vertical,10x15,canvas";"";"";"";"";"";"";"0";"0";"0";"0";"5";"1";"";"0";"0";"";"0000-00-00";"";"";"2";""
"";"";"99";"";"";"color,radio,color,radio";"frame,Shape,size,Type";"frame,shape,size,Type";"charcol-white:#e3fffe,vertical,10x15,canvas";"";"";"";"";"";"";"0";"0";"0";"0";"5";"1";"";"0";"0";"";"0000-00-00";"";"";"2";""
"";"";"99";"";"";"color,radio,color,radio";"frame,Shape,size,Type";"frame,shape,size,Type";"pine-wood:#a3afff,vertical,10x15,canvas";"";"";"";"";"";"";"0";"0";"0";"0";"5";"1";"";"0";"0";"";"0000-00-00";"";"";"2";""
"";"";"99";"";"";"color,radio,color,radio";"frame,Shape,size,Type";"frame,shape,size,Type";"none:#62ff43,vertical,12x18,canvas";"";"";"";"";"";"";"0";"0";"0";"0";"5";"1";"";"0";"0";"";"0000-00-00";"";"";"2";""
"";"";"99";"";"";"color,radio,color,radio";"frame,Shape,size,Type";"frame,shape,size,Type";"natural-wood:#ffd083,vertical,12x18,canvas";"";"";"";"";"";"";"0";"0";"0";"0";"5";"1";"";"0";"0";"";"0000-00-00";"";"";"2";""
"";"";"99";"";"";"color,radio,color,radio";"frame,Shape,size,Type";"frame,shape,size,Type";"dark-wood:#ce6600,vertical,12x18,canvas";"";"";"";"";"";"";"0";"0";"0";"0";"5";"1";"";"0";"0";"";"0000-00-00";"";"";"2";""
"";"";"99";"";"";"color,radio,color,radio";"frame,Shape,size,Type";"frame,shape,size,Type";"charcol-black:#3b1200,vertical,12x18,canvas";"";"";"";"";"";"";"0";"0";"0";"0";"5";"1";"";"0";"0";"";"0000-00-00";"";"";"2";""
"";"";"99";"";"";"color,radio,color,radio";"frame,Shape,size,Type";"frame,shape,size,Type";"charcol-white:#e3fffe,vertical,12x18,canvas";"";"";"";"";"";"";"0";"0";"0";"0";"5";"1";"";"0";"0";"";"0000-00-00";"";"";"2";""
"";"";"99";"";"";"color,radio,color,radio";"frame,Shape,size,Type";"frame,shape,size,Type";"pine-wood:#a3afff,vertical,12x18,canvas";"";"";"";"";"";"";"0";"0";"0";"0";"5";"1";"";"0";"0";"";"0000-00-00";"";"";"2";""
"";"";"99";"";"";"color,radio,color,radio";"frame,Shape,size,Type";"frame,shape,size,Type";"none:#62ff43,vertical,16x24,canvas";"";"";"";"";"";"";"0";"0";"0";"0";"5";"1";"";"0";"0";"";"0000-00-00";"";"";"2";""
"";"";"99";"";"";"color,radio,color,radio";"frame,Shape,size,Type";"frame,shape,size,Type";"natural-wood:#ffd083,vertical,16x24,canvas";"";"";"";"";"";"";"0";"0";"0";"0";"5";"1";"";"0";"0";"";"0000-00-00";"";"";"2";""
"";"";"99";"";"";"color,radio,color,radio";"frame,Shape,size,Type";"frame,shape,size,Type";"dark-wood:#ce6600,vertical,16x24,canvas";"";"";"";"";"";"";"0";"0";"0";"0";"5";"1";"";"0";"0";"";"0000-00-00";"";"";"2";""
"";"";"99";"";"";"color,radio,color,radio";"frame,Shape,size,Type";"frame,shape,size,Type";"charcol-black:#3b1200,vertical,16x24,canvas";"";"";"";"";"";"";"0";"0";"0";"0";"5";"1";"";"0";"0";"";"0000-00-00";"";"";"2";""
"";"";"99";"";"";"color,radio,color,radio";"frame,Shape,size,Type";"frame,shape,size,Type";"charcol-white:#e3fffe,vertical,16x24,canvas";"";"";"";"";"";"";"0";"0";"0";"0";"5";"1";"";"0";"0";"";"0000-00-00";"";"";"2";""
"";"";"99";"";"";"color,radio,color,radio";"frame,Shape,size,Type";"frame,shape,size,Type";"pine-wood:#a3afff,vertical,16x24,canvas";"";"";"";"";"";"";"0";"0";"0";"0";"5";"1";"";"0";"0";"";"0000-00-00";"";"";"2";""
"";"";"99";"";"";"color,radio,color,radio";"frame,Shape,size,Type";"frame,shape,size,Type";"none:#62ff43,vertical,20x30,canvas";"";"";"";"";"";"";"0";"0";"0";"0";"5";"1";"";"0";"0";"";"0000-00-00";"";"";"2";""
"";"";"99";"";"";"color,radio,color,radio";"frame,Shape,size,Type";"frame,shape,size,Type";"natural-wood:#ffd083,vertical,20x30,canvas";"";"";"";"";"";"";"0";"0";"0";"0";"5";"1";"";"0";"0";"";"0000-00-00";"";"";"2";""
"";"";"99";"";"";"color,radio,color,radio";"frame,Shape,size,Type";"frame,shape,size,Type";"dark-wood:#ce6600,vertical,20x30,canvas";"";"";"";"";"";"";"0";"0";"0";"0";"5";"1";"";"0";"0";"";"0000-00-00";"";"";"2";""
"";"";"99";"";"";"color,radio,color,radio";"frame,Shape,size,Type";"frame,shape,size,Type";"charcol-black:#3b1200,vertical,20x30,canvas";"";"";"";"";"";"";"0";"0";"0";"0";"5";"1";"";"0";"0";"";"0000-00-00";"";"";"2";""
"";"";"99";"";"";"color,radio,color,radio";"frame,Shape,size,Type";"frame,shape,size,Type";"charcol-white:#e3fffe,vertical,20x30,canvas";"";"";"";"";"";"";"0";"0";"0";"0";"5";"1";"";"0";"0";"";"0000-00-00";"";"";"2";""
"";"";"99";"";"";"color,radio,color,radio";"frame,Shape,size,Type";"frame,shape,size,Type";"pine-wood:#a3afff,vertical,20x30,canvas";"";"";"";"";"";"";"0";"0";"0";"0";"5";"1";"";"0";"0";"";"0000-00-00";"";"";"2";""
"";"";"99";"";"";"color,radio,color,radio";"frame,Shape,size,Type";"frame,shape,size,Type";"none:#62ff43,vertical,24x36,canvas";"";"";"";"";"";"";"0";"0";"0";"0";"5";"1";"";"0";"0";"";"0000-00-00";"";"";"2";""
"";"";"99";"";"";"color,radio,color,radio";"frame,Shape,size,Type";"frame,shape,size,Type";"natural-wood:#ffd083,vertical,24x36,canvas";"";"";"";"";"";"";"0";"0";"0";"0";"5";"1";"";"0";"0";"";"0000-00-00";"";"";"2";""
"";"";"99";"";"";"color,radio,color,radio";"frame,Shape,size,Type";"frame,shape,size,Type";"dark-wood:#ce6600,vertical,24x36,canvas";"";"";"";"";"";"";"0";"0";"0";"0";"5";"1";"";"0";"0";"";"0000-00-00";"";"";"2";""
"";"";"99";"";"";"color,radio,color,radio";"frame,Shape,size,Type";"frame,shape,size,Type";"charcol-black:#3b1200,vertical,24x36,canvas";"";"";"";"";"";"";"0";"0";"0";"0";"5";"1";"";"0";"0";"";"0000-00-00";"";"";"2";""
"";"";"99";"";"";"color,radio,color,radio";"frame,Shape,size,Type";"frame,shape,size,Type";"charcol-white:#e3fffe,vertical,24x36,canvas";"";"";"";"";"";"";"0";"0";"0";"0";"5";"1";"";"0";"0";"";"0000-00-00";"";"";"2";""
"";"";"99";"";"";"color,radio,color,radio";"frame,Shape,size,Type";"frame,shape,size,Type";"pine-wood:#a3afff,vertical,24x36,canvas";"";"";"";"";"";"";"0";"0";"0";"0";"5";"1";"";"0";"0";"";"0000-00-00";"";"";"2";""
"";"";"99";"";"";"color,radio,color,radio";"frame,Shape,size,Type";"frame,shape,size,Type";"none:#62ff43,vertical,30x45,canvas";"";"";"";"";"";"";"0";"0";"0";"0";"5";"1";"";"0";"0";"";"0000-00-00";"";"";"2";""
"";"";"99";"";"";"color,radio,color,radio";"frame,Shape,size,Type";"frame,shape,size,Type";"natural-wood:#ffd083,vertical,30x45,canvas";"";"";"";"";"";"";"0";"0";"0";"0";"5";"1";"";"0";"0";"";"0000-00-00";"";"";"2";""
"";"";"99";"";"";"color,radio,color,radio";"frame,Shape,size,Type";"frame,shape,size,Type";"dark-wood:#ce6600,vertical,30x45,canvas";"";"";"";"";"";"";"0";"0";"0";"0";"5";"1";"";"0";"0";"";"0000-00-00";"";"";"2";""
"";"";"99";"";"";"color,radio,color,radio";"frame,Shape,size,Type";"frame,shape,size,Type";"charcol-black:#3b1200,vertical,30x45,canvas";"";"";"";"";"";"";"0";"0";"0";"0";"5";"1";"";"0";"0";"";"0000-00-00";"";"";"2";""
"";"";"99";"";"";"color,radio,color,radio";"frame,Shape,size,Type";"frame,shape,size,Type";"charcol-white:#e3fffe,vertical,30x45,canvas";"";"";"";"";"";"";"0";"0";"0";"0";"5";"1";"";"0";"0";"";"0000-00-00";"";"";"2";""
"";"";"99";"";"";"color,radio,color,radio";"frame,Shape,size,Type";"frame,shape,size,Type";"pine-wood:#a3afff,vertical,30x45,canvas";"";"";"";"";"";"";"0";"0";"0";"0";"5";"1";"";"0";"0";"";"0000-00-00";"";"";"2";""
"";"";"99";"";"";"color,radio,color,radio";"frame,Shape,size,Type";"frame,shape,size,Type";"none:#62ff43,vertical,10x15,fine-art-paper";"";"";"";"";"";"";"0";"0";"0";"0";"5";"1";"";"0";"0";"";"0000-00-00";"";"";"2";""
"";"";"99";"";"";"color,radio,color,radio";"frame,Shape,size,Type";"frame,shape,size,Type";"natural-wood:#ffd083,vertical,10x15,fine-art-paper";"";"";"";"";"";"";"0";"0";"0";"0";"5";"1";"";"0";"0";"";"0000-00-00";"";"";"2";""
"";"";"99";"";"";"color,radio,color,radio";"frame,Shape,size,Type";"frame,shape,size,Type";"dark-wood:#ce6600,vertical,10x15,fine-art-paper";"";"";"";"";"";"";"0";"0";"0";"0";"5";"1";"";"0";"0";"";"0000-00-00";"";"";"2";""
"";"";"99";"";"";"color,radio,color,radio";"frame,Shape,size,Type";"frame,shape,size,Type";"charcol-black:#3b1200,vertical,10x15,fine-art-paper";"";"";"";"";"";"";"0";"0";"0";"0";"5";"1";"";"0";"0";"";"0000-00-00";"";"";"2";""
"";"";"99";"";"";"color,radio,color,radio";"frame,Shape,size,Type";"frame,shape,size,Type";"charcol-white:#e3fffe,vertical,10x15,fine-art-paper";"";"";"";"";"";"";"0";"0";"0";"0";"5";"1";"";"0";"0";"";"0000-00-00";"";"";"2";""
"";"";"99";"";"";"color,radio,color,radio";"frame,Shape,size,Type";"frame,shape,size,Type";"pine-wood:#a3afff,vertical,10x15,fine-art-paper";"";"";"";"";"";"";"0";"0";"0";"0";"5";"1";"";"0";"0";"";"0000-00-00";"";"";"2";""
"";"";"99";"";"";"color,radio,color,radio";"frame,Shape,size,Type";"frame,shape,size,Type";"none:#62ff43,vertical,12x18,fine-art-paper";"";"";"";"";"";"";"0";"0";"0";"0";"5";"1";"";"0";"0";"";"0000-00-00";"";"";"2";""
"";"";"99";"";"";"color,radio,color,radio";"frame,Shape,size,Type";"frame,shape,size,Type";"natural-wood:#ffd083,vertical,12x18,fine-art-paper";"";"";"";"";"";"";"0";"0";"0";"0";"5";"1";"";"0";"0";"";"0000-00-00";"";"";"2";""
"";"";"99";"";"";"color,radio,color,radio";"frame,Shape,size,Type";"frame,shape,size,Type";"dark-wood:#ce6600,vertical,12x18,fine-art-paper";"";"";"";"";"";"";"0";"0";"0";"0";"5";"1";"";"0";"0";"";"0000-00-00";"";"";"2";""
"";"";"99";"";"";"color,radio,color,radio";"frame,Shape,size,Type";"frame,shape,size,Type";"charcol-black:#3b1200,vertical,12x18,fine-art-paper";"";"";"";"";"";"";"0";"0";"0";"0";"5";"1";"";"0";"0";"";"0000-00-00";"";"";"2";""
"";"";"99";"";"";"color,radio,color,radio";"frame,Shape,size,Type";"frame,shape,size,Type";"charcol-white:#e3fffe,vertical,12x18,fine-art-paper";"";"";"";"";"";"";"0";"0";"0";"0";"5";"1";"";"0";"0";"";"0000-00-00";"";"";"2";""
"";"";"99";"";"";"color,radio,color,radio";"frame,Shape,size,Type";"frame,shape,size,Type";"pine-wood:#a3afff,vertical,12x18,fine-art-paper";"";"";"";"";"";"";"0";"0";"0";"0";"5";"1";"";"0";"0";"";"0000-00-00";"";"";"2";""
"";"";"99";"";"";"color,radio,color,radio";"frame,Shape,size,Type";"frame,shape,size,Type";"none:#62ff43,vertical,16x24,fine-art-paper";"";"";"";"";"";"";"0";"0";"0";"0";"5";"1";"";"0";"0";"";"0000-00-00";"";"";"2";""
"";"";"99";"";"";"color,radio,color,radio";"frame,Shape,size,Type";"frame,shape,size,Type";"natural-wood:#ffd083,vertical,16x24,fine-art-paper";"";"";"";"";"";"";"0";"0";"0";"0";"5";"1";"";"0";"0";"";"0000-00-00";"";"";"2";""
"";"";"99";"";"";"color,radio,color,radio";"frame,Shape,size,Type";"frame,shape,size,Type";"dark-wood:#ce6600,vertical,16x24,fine-art-paper";"";"";"";"";"";"";"0";"0";"0";"0";"5";"1";"";"0";"0";"";"0000-00-00";"";"";"2";""
"";"";"99";"";"";"color,radio,color,radio";"frame,Shape,size,Type";"frame,shape,size,Type";"charcol-black:#3b1200,vertical,16x24,fine-art-paper";"";"";"";"";"";"";"0";"0";"0";"0";"5";"1";"";"0";"0";"";"0000-00-00";"";"";"2";""
"";"";"99";"";"";"color,radio,color,radio";"frame,Shape,size,Type";"frame,shape,size,Type";"charcol-white:#e3fffe,vertical,16x24,fine-art-paper";"";"";"";"";"";"";"0";"0";"0";"0";"5";"1";"";"0";"0";"";"0000-00-00";"";"";"2";""
"";"";"99";"";"";"color,radio,color,radio";"frame,Shape,size,Type";"frame,shape,size,Type";"pine-wood:#a3afff,vertical,16x24,fine-art-paper";"";"";"";"";"";"";"0";"0";"0";"0";"5";"1";"";"0";"0";"";"0000-00-00";"";"";"2";""
"";"";"99";"";"";"color,radio,color,radio";"frame,Shape,size,Type";"frame,shape,size,Type";"none:#62ff43,vertical,20x30,fine-art-paper";"";"";"";"";"";"";"0";"0";"0";"0";"5";"1";"";"0";"0";"";"0000-00-00";"";"";"2";""
"";"";"99";"";"";"color,radio,color,radio";"frame,Shape,size,Type";"frame,shape,size,Type";"natural-wood:#ffd083,vertical,20x30,fine-art-paper";"";"";"";"";"";"";"0";"0";"0";"0";"5";"1";"";"0";"0";"";"0000-00-00";"";"";"2";""
"";"";"99";"";"";"color,radio,color,radio";"frame,Shape,size,Type";"frame,shape,size,Type";"dark-wood:#ce6600,vertical,20x30,fine-art-paper";"";"";"";"";"";"";"0";"0";"0";"0";"5";"1";"";"0";"0";"";"0000-00-00";"";"";"2";""
"";"";"99";"";"";"color,radio,color,radio";"frame,Shape,size,Type";"frame,shape,size,Type";"charcol-black:#3b1200,vertical,20x30,fine-art-paper";"";"";"";"";"";"";"0";"0";"0";"0";"5";"1";"";"0";"0";"";"0000-00-00";"";"";"2";""
"";"";"99";"";"";"color,radio,color,radio";"frame,Shape,size,Type";"frame,shape,size,Type";"charcol-white:#e3fffe,vertical,20x30,fine-art-paper";"";"";"";"";"";"";"0";"0";"0";"0";"5";"1";"";"0";"0";"";"0000-00-00";"";"";"2";""
"";"";"99";"";"";"color,radio,color,radio";"frame,Shape,size,Type";"frame,shape,size,Type";"pine-wood:#a3afff,vertical,20x30,fine-art-paper";"";"";"";"";"";"";"0";"0";"0";"0";"5";"1";"";"0";"0";"";"0000-00-00";"";"";"2";""
"";"";"99";"";"";"color,radio,color,radio";"frame,Shape,size,Type";"frame,shape,size,Type";"none:#62ff43,vertical,24x36,fine-art-paper";"";"";"";"";"";"";"0";"0";"0";"0";"5";"1";"";"0";"0";"";"0000-00-00";"";"";"2";""
"";"";"99";"";"";"color,radio,color,radio";"frame,Shape,size,Type";"frame,shape,size,Type";"natural-wood:#ffd083,vertical,24x36,fine-art-paper";"";"";"";"";"";"";"0";"0";"0";"0";"5";"1";"";"0";"0";"";"0000-00-00";"";"";"2";""
"";"";"99";"";"";"color,radio,color,radio";"frame,Shape,size,Type";"frame,shape,size,Type";"dark-wood:#ce6600,vertical,24x36,fine-art-paper";"";"";"";"";"";"";"0";"0";"0";"0";"5";"1";"";"0";"0";"";"0000-00-00";"";"";"2";""
"";"";"99";"";"";"color,radio,color,radio";"frame,Shape,size,Type";"frame,shape,size,Type";"charcol-black:#3b1200,vertical,24x36,fine-art-paper";"";"";"";"";"";"";"0";"0";"0";"0";"5";"1";"";"0";"0";"";"0000-00-00";"";"";"2";""
"";"";"99";"";"";"color,radio,color,radio";"frame,Shape,size,Type";"frame,shape,size,Type";"charcol-white:#e3fffe,vertical,24x36,fine-art-paper";"";"";"";"";"";"";"0";"0";"0";"0";"5";"1";"";"0";"0";"";"0000-00-00";"";"";"2";""
"";"";"99";"";"";"color,radio,color,radio";"frame,Shape,size,Type";"frame,shape,size,Type";"pine-wood:#a3afff,vertical,24x36,fine-art-paper";"";"";"";"";"";"";"0";"0";"0";"0";"5";"1";"";"0";"0";"";"0000-00-00";"";"";"2";""
"";"";"99";"";"";"color,radio,color,radio";"frame,Shape,size,Type";"frame,shape,size,Type";"none:#62ff43,vertical,30x45,fine-art-paper";"";"";"";"";"";"";"0";"0";"0";"0";"5";"1";"";"0";"0";"";"0000-00-00";"";"";"2";""
"";"";"99";"";"";"color,radio,color,radio";"frame,Shape,size,Type";"frame,shape,size,Type";"natural-wood:#ffd083,vertical,30x45,fine-art-paper";"";"";"";"";"";"";"0";"0";"0";"0";"5";"1";"";"0";"0";"";"0000-00-00";"";"";"2";""
"";"";"99";"";"";"color,radio,color,radio";"frame,Shape,size,Type";"frame,shape,size,Type";"dark-wood:#ce6600,vertical,30x45,fine-art-paper";"";"";"";"";"";"";"0";"0";"0";"0";"5";"1";"";"0";"0";"";"0000-00-00";"";"";"2";""
"";"";"99";"";"";"color,radio,color,radio";"frame,Shape,size,Type";"frame,shape,size,Type";"charcol-black:#3b1200,vertical,30x45,fine-art-paper";"";"";"";"";"";"";"0";"0";"0";"0";"5";"1";"";"0";"0";"";"0000-00-00";"";"";"2";""
"";"";"99";"";"";"color,radio,color,radio";"frame,Shape,size,Type";"frame,shape,size,Type";"charcol-white:#e3fffe,vertical,30x45,fine-art-paper";"";"";"";"";"";"";"0";"0";"0";"0";"5";"1";"";"0";"0";"";"0000-00-00";"";"";"2";""
"";"";"99";"";"";"color,radio,color,radio";"frame,Shape,size,Type";"frame,shape,size,Type";"pine-wood:#a3afff,vertical,30x45,fine-art-paper";"";"";"";"";"";"";"0";"0";"0";"0";"5";"1";"";"0";"0";"";"0000-00-00";"";"";"2";""
"";"";"102";"";"";"color,radio,color,radio";"frame,Shape,size,Type";"frame,shape,size,Type";"none:#62ff43,vertical,10x15,canvas";"";"";"";"";"";"";"0";"0";"0";"0";"5";"1";"";"0";"0";"1";"0000-00-00";"";"";"2";""
"";"";"102";"";"";"color,radio,color,radio";"frame,Shape,size,Type";"frame,shape,size,Type";"natural-wood:#ffd083,vertical,10x15,canvas";"";"";"";"";"";"";"0";"0";"0";"0";"5";"1";"";"0";"0";"";"0000-00-00";"";"";"2";""
"";"";"102";"";"";"color,radio,color,radio";"frame,Shape,size,Type";"frame,shape,size,Type";"dark-wood:#ce6600,vertical,10x15,canvas";"";"";"";"";"";"";"0";"0";"0";"0";"5";"1";"";"0";"0";"";"0000-00-00";"";"";"2";""
"";"";"102";"";"";"color,radio,color,radio";"frame,Shape,size,Type";"frame,shape,size,Type";"charcol-black:#3b1200,vertical,10x15,canvas";"";"";"";"";"";"";"0";"0";"0";"0";"5";"1";"";"0";"0";"";"0000-00-00";"";"";"2";""
"";"";"102";"";"";"color,radio,color,radio";"frame,Shape,size,Type";"frame,shape,size,Type";"charcol-white:#e3fffe,vertical,10x15,canvas";"";"";"";"";"";"";"0";"0";"0";"0";"5";"1";"";"0";"0";"";"0000-00-00";"";"";"2";""
"";"";"102";"";"";"color,radio,color,radio";"frame,Shape,size,Type";"frame,shape,size,Type";"pine-wood:#a3afff,vertical,10x15,canvas";"";"";"";"";"";"";"0";"0";"0";"0";"5";"1";"";"0";"0";"";"0000-00-00";"";"";"2";""
"";"";"102";"";"";"color,radio,color,radio";"frame,Shape,size,Type";"frame,shape,size,Type";"none:#62ff43,vertical,12x18,canvas";"";"";"";"";"";"";"0";"0";"0";"0";"5";"1";"";"0";"0";"";"0000-00-00";"";"";"2";""
"";"";"102";"";"";"color,radio,color,radio";"frame,Shape,size,Type";"frame,shape,size,Type";"natural-wood:#ffd083,vertical,12x18,canvas";"";"";"";"";"";"";"0";"0";"0";"0";"5";"1";"";"0";"0";"";"0000-00-00";"";"";"2";""
"";"";"102";"";"";"color,radio,color,radio";"frame,Shape,size,Type";"frame,shape,size,Type";"dark-wood:#ce6600,vertical,12x18,canvas";"";"";"";"";"";"";"0";"0";"0";"0";"5";"1";"";"0";"0";"";"0000-00-00";"";"";"2";""
"";"";"102";"";"";"color,radio,color,radio";"frame,Shape,size,Type";"frame,shape,size,Type";"charcol-black:#3b1200,vertical,12x18,canvas";"";"";"";"";"";"";"0";"0";"0";"0";"5";"1";"";"0";"0";"";"0000-00-00";"";"";"2";""
"";"";"102";"";"";"color,radio,color,radio";"frame,Shape,size,Type";"frame,shape,size,Type";"charcol-white:#e3fffe,vertical,12x18,canvas";"";"";"";"";"";"";"0";"0";"0";"0";"5";"1";"";"0";"0";"";"0000-00-00";"";"";"2";""
"";"";"102";"";"";"color,radio,color,radio";"frame,Shape,size,Type";"frame,shape,size,Type";"pine-wood:#a3afff,vertical,12x18,canvas";"";"";"";"";"";"";"0";"0";"0";"0";"5";"1";"";"0";"0";"";"0000-00-00";"";"";"2";""
"";"";"102";"";"";"color,radio,color,radio";"frame,Shape,size,Type";"frame,shape,size,Type";"none:#62ff43,vertical,16x24,canvas";"";"";"";"";"";"";"0";"0";"0";"0";"5";"1";"";"0";"0";"";"0000-00-00";"";"";"2";""
"";"";"102";"";"";"color,radio,color,radio";"frame,Shape,size,Type";"frame,shape,size,Type";"natural-wood:#ffd083,vertical,16x24,canvas";"";"";"";"";"";"";"0";"0";"0";"0";"5";"1";"";"0";"0";"";"0000-00-00";"";"";"2";""
"";"";"102";"";"";"color,radio,color,radio";"frame,Shape,size,Type";"frame,shape,size,Type";"dark-wood:#ce6600,vertical,16x24,canvas";"";"";"";"";"";"";"0";"0";"0";"0";"5";"1";"";"0";"0";"";"0000-00-00";"";"";"2";""
"";"";"102";"";"";"color,radio,color,radio";"frame,Shape,size,Type";"frame,shape,size,Type";"charcol-black:#3b1200,vertical,16x24,canvas";"";"";"";"";"";"";"0";"0";"0";"0";"5";"1";"";"0";"0";"";"0000-00-00";"";"";"2";""
"";"";"102";"";"";"color,radio,color,radio";"frame,Shape,size,Type";"frame,shape,size,Type";"charcol-white:#e3fffe,vertical,16x24,canvas";"";"";"";"";"";"";"0";"0";"0";"0";"5";"1";"";"0";"0";"";"0000-00-00";"";"";"2";""
"";"";"102";"";"";"color,radio,color,radio";"frame,Shape,size,Type";"frame,shape,size,Type";"pine-wood:#a3afff,vertical,16x24,canvas";"";"";"";"";"";"";"0";"0";"0";"0";"5";"1";"";"0";"0";"";"0000-00-00";"";"";"2";""
"";"";"102";"";"";"color,radio,color,radio";"frame,Shape,size,Type";"frame,shape,size,Type";"none:#62ff43,vertical,20x30,canvas";"";"";"";"";"";"";"0";"0";"0";"0";"5";"1";"";"0";"0";"";"0000-00-00";"";"";"2";""
"";"";"102";"";"";"color,radio,color,radio";"frame,Shape,size,Type";"frame,shape,size,Type";"natural-wood:#ffd083,vertical,20x30,canvas";"";"";"";"";"";"";"0";"0";"0";"0";"5";"1";"";"0";"0";"";"0000-00-00";"";"";"2";""
"";"";"102";"";"";"color,radio,color,radio";"frame,Shape,size,Type";"frame,shape,size,Type";"dark-wood:#ce6600,vertical,20x30,canvas";"";"";"";"";"";"";"0";"0";"0";"0";"5";"1";"";"0";"0";"";"0000-00-00";"";"";"2";""
"";"";"102";"";"";"color,radio,color,radio";"frame,Shape,size,Type";"frame,shape,size,Type";"charcol-black:#3b1200,vertical,20x30,canvas";"";"";"";"";"";"";"0";"0";"0";"0";"5";"1";"";"0";"0";"";"0000-00-00";"";"";"2";""
"";"";"102";"";"";"color,radio,color,radio";"frame,Shape,size,Type";"frame,shape,size,Type";"charcol-white:#e3fffe,vertical,20x30,canvas";"";"";"";"";"";"";"0";"0";"0";"0";"5";"1";"";"0";"0";"";"0000-00-00";"";"";"2";""
"";"";"102";"";"";"color,radio,color,radio";"frame,Shape,size,Type";"frame,shape,size,Type";"pine-wood:#a3afff,vertical,20x30,canvas";"";"";"";"";"";"";"0";"0";"0";"0";"5";"1";"";"0";"0";"";"0000-00-00";"";"";"2";""
"";"";"102";"";"";"color,radio,color,radio";"frame,Shape,size,Type";"frame,shape,size,Type";"none:#62ff43,vertical,24x36,canvas";"";"";"";"";"";"";"0";"0";"0";"0";"5";"1";"";"0";"0";"";"0000-00-00";"";"";"2";""
"";"";"102";"";"";"color,radio,color,radio";"frame,Shape,size,Type";"frame,shape,size,Type";"natural-wood:#ffd083,vertical,24x36,canvas";"";"";"";"";"";"";"0";"0";"0";"0";"5";"1";"";"0";"0";"";"0000-00-00";"";"";"2";""
"";"";"102";"";"";"color,radio,color,radio";"frame,Shape,size,Type";"frame,shape,size,Type";"dark-wood:#ce6600,vertical,24x36,canvas";"";"";"";"";"";"";"0";"0";"0";"0";"5";"1";"";"0";"0";"";"0000-00-00";"";"";"2";""
"";"";"102";"";"";"color,radio,color,radio";"frame,Shape,size,Type";"frame,shape,size,Type";"charcol-black:#3b1200,vertical,24x36,canvas";"";"";"";"";"";"";"0";"0";"0";"0";"5";"1";"";"0";"0";"";"0000-00-00";"";"";"2";""
"";"";"102";"";"";"color,radio,color,radio";"frame,Shape,size,Type";"frame,shape,size,Type";"charcol-white:#e3fffe,vertical,24x36,canvas";"";"";"";"";"";"";"0";"0";"0";"0";"5";"1";"";"0";"0";"";"0000-00-00";"";"";"2";""
"";"";"102";"";"";"color,radio,color,radio";"frame,Shape,size,Type";"frame,shape,size,Type";"pine-wood:#a3afff,vertical,24x36,canvas";"";"";"";"";"";"";"0";"0";"0";"0";"5";"1";"";"0";"0";"";"0000-00-00";"";"";"2";""
"";"";"102";"";"";"color,radio,color,radio";"frame,Shape,size,Type";"frame,shape,size,Type";"none:#62ff43,vertical,30x45,canvas";"";"";"";"";"";"";"0";"0";"0";"0";"5";"1";"";"0";"0";"";"0000-00-00";"";"";"2";""
"";"";"102";"";"";"color,radio,color,radio";"frame,Shape,size,Type";"frame,shape,size,Type";"natural-wood:#ffd083,vertical,30x45,canvas";"";"";"";"";"";"";"0";"0";"0";"0";"5";"1";"";"0";"0";"";"0000-00-00";"";"";"2";""
"";"";"102";"";"";"color,radio,color,radio";"frame,Shape,size,Type";"frame,shape,size,Type";"dark-wood:#ce6600,vertical,30x45,canvas";"";"";"";"";"";"";"0";"0";"0";"0";"5";"1";"";"0";"0";"";"0000-00-00";"";"";"2";""
"";"";"102";"";"";"color,radio,color,radio";"frame,Shape,size,Type";"frame,shape,size,Type";"charcol-black:#3b1200,vertical,30x45,canvas";"";"";"";"";"";"";"0";"0";"0";"0";"5";"1";"";"0";"0";"";"0000-00-00";"";"";"2";""
"";"";"102";"";"";"color,radio,color,radio";"frame,Shape,size,Type";"frame,shape,size,Type";"charcol-white:#e3fffe,vertical,30x45,canvas";"";"";"";"";"";"";"0";"0";"0";"0";"5";"1";"";"0";"0";"";"0000-00-00";"";"";"2";""
"";"";"102";"";"";"color,radio,color,radio";"frame,Shape,size,Type";"frame,shape,size,Type";"pine-wood:#a3afff,vertical,30x45,canvas";"";"";"";"";"";"";"0";"0";"0";"0";"5";"1";"";"0";"0";"";"0000-00-00";"";"";"2";""
"";"";"102";"";"";"color,radio,color,radio";"frame,Shape,size,Type";"frame,shape,size,Type";"none:#62ff43,vertical,10x15,fine-art-paper";"";"";"";"";"";"";"0";"0";"0";"0";"5";"1";"";"0";"0";"";"0000-00-00";"";"";"2";""
"";"";"102";"";"";"color,radio,color,radio";"frame,Shape,size,Type";"frame,shape,size,Type";"natural-wood:#ffd083,vertical,10x15,fine-art-paper";"";"";"";"";"";"";"0";"0";"0";"0";"5";"1";"";"0";"0";"";"0000-00-00";"";"";"2";""
"";"";"102";"";"";"color,radio,color,radio";"frame,Shape,size,Type";"frame,shape,size,Type";"dark-wood:#ce6600,vertical,10x15,fine-art-paper";"";"";"";"";"";"";"0";"0";"0";"0";"5";"1";"";"0";"0";"";"0000-00-00";"";"";"2";""
"";"";"102";"";"";"color,radio,color,radio";"frame,Shape,size,Type";"frame,shape,size,Type";"charcol-black:#3b1200,vertical,10x15,fine-art-paper";"";"";"";"";"";"";"0";"0";"0";"0";"5";"1";"";"0";"0";"";"0000-00-00";"";"";"2";""
"";"";"102";"";"";"color,radio,color,radio";"frame,Shape,size,Type";"frame,shape,size,Type";"charcol-white:#e3fffe,vertical,10x15,fine-art-paper";"";"";"";"";"";"";"0";"0";"0";"0";"5";"1";"";"0";"0";"";"0000-00-00";"";"";"2";""
"";"";"102";"";"";"color,radio,color,radio";"frame,Shape,size,Type";"frame,shape,size,Type";"pine-wood:#a3afff,vertical,10x15,fine-art-paper";"";"";"";"";"";"";"0";"0";"0";"0";"5";"1";"";"0";"0";"";"0000-00-00";"";"";"2";""
"";"";"102";"";"";"color,radio,color,radio";"frame,Shape,size,Type";"frame,shape,size,Type";"none:#62ff43,vertical,12x18,fine-art-paper";"";"";"";"";"";"";"0";"0";"0";"0";"5";"1";"";"0";"0";"";"0000-00-00";"";"";"2";""
"";"";"102";"";"";"color,radio,color,radio";"frame,Shape,size,Type";"frame,shape,size,Type";"natural-wood:#ffd083,vertical,12x18,fine-art-paper";"";"";"";"";"";"";"0";"0";"0";"0";"5";"1";"";"0";"0";"";"0000-00-00";"";"";"2";""
"";"";"102";"";"";"color,radio,color,radio";"frame,Shape,size,Type";"frame,shape,size,Type";"dark-wood:#ce6600,vertical,12x18,fine-art-paper";"";"";"";"";"";"";"0";"0";"0";"0";"5";"1";"";"0";"0";"";"0000-00-00";"";"";"2";""
"";"";"102";"";"";"color,radio,color,radio";"frame,Shape,size,Type";"frame,shape,size,Type";"charcol-black:#3b1200,vertical,12x18,fine-art-paper";"";"";"";"";"";"";"0";"0";"0";"0";"5";"1";"";"0";"0";"";"0000-00-00";"";"";"2";""
"";"";"102";"";"";"color,radio,color,radio";"frame,Shape,size,Type";"frame,shape,size,Type";"charcol-white:#e3fffe,vertical,12x18,fine-art-paper";"";"";"";"";"";"";"0";"0";"0";"0";"5";"1";"";"0";"0";"";"0000-00-00";"";"";"2";""
"";"";"102";"";"";"color,radio,color,radio";"frame,Shape,size,Type";"frame,shape,size,Type";"pine-wood:#a3afff,vertical,12x18,fine-art-paper";"";"";"";"";"";"";"0";"0";"0";"0";"5";"1";"";"0";"0";"";"0000-00-00";"";"";"2";""
"";"";"102";"";"";"color,radio,color,radio";"frame,Shape,size,Type";"frame,shape,size,Type";"none:#62ff43,vertical,16x24,fine-art-paper";"";"";"";"";"";"";"0";"0";"0";"0";"5";"1";"";"0";"0";"";"0000-00-00";"";"";"2";""
"";"";"102";"";"";"color,radio,color,radio";"frame,Shape,size,Type";"frame,shape,size,Type";"natural-wood:#ffd083,vertical,16x24,fine-art-paper";"";"";"";"";"";"";"0";"0";"0";"0";"5";"1";"";"0";"0";"";"0000-00-00";"";"";"2";""
"";"";"102";"";"";"color,radio,color,radio";"frame,Shape,size,Type";"frame,shape,size,Type";"dark-wood:#ce6600,vertical,16x24,fine-art-paper";"";"";"";"";"";"";"0";"0";"0";"0";"5";"1";"";"0";"0";"";"0000-00-00";"";"";"2";""
"";"";"102";"";"";"color,radio,color,radio";"frame,Shape,size,Type";"frame,shape,size,Type";"charcol-black:#3b1200,vertical,16x24,fine-art-paper";"";"";"";"";"";"";"0";"0";"0";"0";"5";"1";"";"0";"0";"";"0000-00-00";"";"";"2";""
"";"";"102";"";"";"color,radio,color,radio";"frame,Shape,size,Type";"frame,shape,size,Type";"charcol-white:#e3fffe,vertical,16x24,fine-art-paper";"";"";"";"";"";"";"0";"0";"0";"0";"5";"1";"";"0";"0";"";"0000-00-00";"";"";"2";""
"";"";"102";"";"";"color,radio,color,radio";"frame,Shape,size,Type";"frame,shape,size,Type";"pine-wood:#a3afff,vertical,16x24,fine-art-paper";"";"";"";"";"";"";"0";"0";"0";"0";"5";"1";"";"0";"0";"";"0000-00-00";"";"";"2";""
"";"";"102";"";"";"color,radio,color,radio";"frame,Shape,size,Type";"frame,shape,size,Type";"none:#62ff43,vertical,20x30,fine-art-paper";"";"";"";"";"";"";"0";"0";"0";"0";"5";"1";"";"0";"0";"";"0000-00-00";"";"";"2";""
"";"";"102";"";"";"color,radio,color,radio";"frame,Shape,size,Type";"frame,shape,size,Type";"natural-wood:#ffd083,vertical,20x30,fine-art-paper";"";"";"";"";"";"";"0";"0";"0";"0";"5";"1";"";"0";"0";"";"0000-00-00";"";"";"2";""
"";"";"102";"";"";"color,radio,color,radio";"frame,Shape,size,Type";"frame,shape,size,Type";"dark-wood:#ce6600,vertical,20x30,fine-art-paper";"";"";"";"";"";"";"0";"0";"0";"0";"5";"1";"";"0";"0";"";"0000-00-00";"";"";"2";""
"";"";"102";"";"";"color,radio,color,radio";"frame,Shape,size,Type";"frame,shape,size,Type";"charcol-black:#3b1200,vertical,20x30,fine-art-paper";"";"";"";"";"";"";"0";"0";"0";"0";"5";"1";"";"0";"0";"";"0000-00-00";"";"";"2";""
"";"";"102";"";"";"color,radio,color,radio";"frame,Shape,size,Type";"frame,shape,size,Type";"charcol-white:#e3fffe,vertical,20x30,fine-art-paper";"";"";"";"";"";"";"0";"0";"0";"0";"5";"1";"";"0";"0";"";"0000-00-00";"";"";"2";""
"";"";"102";"";"";"color,radio,color,radio";"frame,Shape,size,Type";"frame,shape,size,Type";"pine-wood:#a3afff,vertical,20x30,fine-art-paper";"";"";"";"";"";"";"0";"0";"0";"0";"5";"1";"";"0";"0";"";"0000-00-00";"";"";"2";""
"";"";"102";"";"";"color,radio,color,radio";"frame,Shape,size,Type";"frame,shape,size,Type";"none:#62ff43,vertical,24x36,fine-art-paper";"";"";"";"";"";"";"0";"0";"0";"0";"5";"1";"";"0";"0";"";"0000-00-00";"";"";"2";""
"";"";"102";"";"";"color,radio,color,radio";"frame,Shape,size,Type";"frame,shape,size,Type";"natural-wood:#ffd083,vertical,24x36,fine-art-paper";"";"";"";"";"";"";"0";"0";"0";"0";"5";"1";"";"0";"0";"";"0000-00-00";"";"";"2";""
"";"";"102";"";"";"color,radio,color,radio";"frame,Shape,size,Type";"frame,shape,size,Type";"dark-wood:#ce6600,vertical,24x36,fine-art-paper";"";"";"";"";"";"";"0";"0";"0";"0";"5";"1";"";"0";"0";"";"0000-00-00";"";"";"2";""
"";"";"102";"";"";"color,radio,color,radio";"frame,Shape,size,Type";"frame,shape,size,Type";"charcol-black:#3b1200,vertical,24x36,fine-art-paper";"";"";"";"";"";"";"0";"0";"0";"0";"5";"1";"";"0";"0";"";"0000-00-00";"";"";"2";""
"";"";"102";"";"";"color,radio,color,radio";"frame,Shape,size,Type";"frame,shape,size,Type";"charcol-white:#e3fffe,vertical,24x36,fine-art-paper";"";"";"";"";"";"";"0";"0";"0";"0";"5";"1";"";"0";"0";"";"0000-00-00";"";"";"2";""
"";"";"102";"";"";"color,radio,color,radio";"frame,Shape,size,Type";"frame,shape,size,Type";"pine-wood:#a3afff,vertical,24x36,fine-art-paper";"";"";"";"";"";"";"0";"0";"0";"0";"5";"1";"";"0";"0";"";"0000-00-00";"";"";"2";""
"";"";"102";"";"";"color,radio,color,radio";"frame,Shape,size,Type";"frame,shape,size,Type";"none:#62ff43,vertical,30x45,fine-art-paper";"";"";"";"";"";"";"0";"0";"0";"0";"5";"1";"";"0";"0";"";"0000-00-00";"";"";"2";""
"";"";"102";"";"";"color,radio,color,radio";"frame,Shape,size,Type";"frame,shape,size,Type";"natural-wood:#ffd083,vertical,30x45,fine-art-paper";"";"";"";"";"";"";"0";"0";"0";"0";"5";"1";"";"0";"0";"";"0000-00-00";"";"";"2";""
"";"";"102";"";"";"color,radio,color,radio";"frame,Shape,size,Type";"frame,shape,size,Type";"dark-wood:#ce6600,vertical,30x45,fine-art-paper";"";"";"";"";"";"";"0";"0";"0";"0";"5";"1";"";"0";"0";"";"0000-00-00";"";"";"2";""
"";"";"102";"";"";"color,radio,color,radio";"frame,Shape,size,Type";"frame,shape,size,Type";"charcol-black:#3b1200,vertical,30x45,fine-art-paper";"";"";"";"";"";"";"0";"0";"0";"0";"5";"1";"";"0";"0";"";"0000-00-00";"";"";"2";""
"";"";"102";"";"";"color,radio,color,radio";"frame,Shape,size,Type";"frame,shape,size,Type";"charcol-white:#e3fffe,vertical,30x45,fine-art-paper";"";"";"";"";"";"";"0";"0";"0";"0";"5";"1";"";"0";"0";"";"0000-00-00";"";"";"2";""
"";"";"102";"";"";"color,radio,color,radio";"frame,Shape,size,Type";"frame,shape,size,Type";"pine-wood:#a3afff,vertical,30x45,fine-art-paper";"";"";"";"";"";"";"0";"0";"0";"0";"5";"1";"";"0";"0";"";"0000-00-00";"";"";"2";""
"";"";"105";"";"";"color,radio,color,radio";"frame,Shape,size,Type";"frame,shape,size,Type";"none:#62ff43,vertical,10x15,canvas";"";"";"";"";"";"";"0";"0";"0";"0";"5";"1";"";"0";"0";"1";"0000-00-00";"";"";"2";""
"";"";"105";"";"";"color,radio,color,radio";"frame,Shape,size,Type";"frame,shape,size,Type";"natural-wood:#ffd083,vertical,10x15,canvas";"";"";"";"";"";"";"0";"0";"0";"0";"5";"1";"";"0";"0";"";"0000-00-00";"";"";"2";""
"";"";"105";"";"";"color,radio,color,radio";"frame,Shape,size,Type";"frame,shape,size,Type";"dark-wood:#ce6600,vertical,10x15,canvas";"";"";"";"";"";"";"0";"0";"0";"0";"5";"1";"";"0";"0";"";"0000-00-00";"";"";"2";""
"";"";"105";"";"";"color,radio,color,radio";"frame,Shape,size,Type";"frame,shape,size,Type";"charcol-black:#3b1200,vertical,10x15,canvas";"";"";"";"";"";"";"0";"0";"0";"0";"5";"1";"";"0";"0";"";"0000-00-00";"";"";"2";""
"";"";"105";"";"";"color,radio,color,radio";"frame,Shape,size,Type";"frame,shape,size,Type";"charcol-white:#e3fffe,vertical,10x15,canvas";"";"";"";"";"";"";"0";"0";"0";"0";"5";"1";"";"0";"0";"";"0000-00-00";"";"";"2";""
"";"";"105";"";"";"color,radio,color,radio";"frame,Shape,size,Type";"frame,shape,size,Type";"pine-wood:#a3afff,vertical,10x15,canvas";"";"";"";"";"";"";"0";"0";"0";"0";"5";"1";"";"0";"0";"";"0000-00-00";"";"";"2";""
"";"";"105";"";"";"color,radio,color,radio";"frame,Shape,size,Type";"frame,shape,size,Type";"none:#62ff43,vertical,12x18,canvas";"";"";"";"";"";"";"0";"0";"0";"0";"5";"1";"";"0";"0";"";"0000-00-00";"";"";"2";""
"";"";"105";"";"";"color,radio,color,radio";"frame,Shape,size,Type";"frame,shape,size,Type";"natural-wood:#ffd083,vertical,12x18,canvas";"";"";"";"";"";"";"0";"0";"0";"0";"5";"1";"";"0";"0";"";"0000-00-00";"";"";"2";""
"";"";"105";"";"";"color,radio,color,radio";"frame,Shape,size,Type";"frame,shape,size,Type";"dark-wood:#ce6600,vertical,12x18,canvas";"";"";"";"";"";"";"0";"0";"0";"0";"5";"1";"";"0";"0";"";"0000-00-00";"";"";"2";""
"";"";"105";"";"";"color,radio,color,radio";"frame,Shape,size,Type";"frame,shape,size,Type";"charcol-black:#3b1200,vertical,12x18,canvas";"";"";"";"";"";"";"0";"0";"0";"0";"5";"1";"";"0";"0";"";"0000-00-00";"";"";"2";""
"";"";"105";"";"";"color,radio,color,radio";"frame,Shape,size,Type";"frame,shape,size,Type";"charcol-white:#e3fffe,vertical,12x18,canvas";"";"";"";"";"";"";"0";"0";"0";"0";"5";"1";"";"0";"0";"";"0000-00-00";"";"";"2";""
"";"";"105";"";"";"color,radio,color,radio";"frame,Shape,size,Type";"frame,shape,size,Type";"pine-wood:#a3afff,vertical,12x18,canvas";"";"";"";"";"";"";"0";"0";"0";"0";"5";"1";"";"0";"0";"";"0000-00-00";"";"";"2";""
"";"";"105";"";"";"color,radio,color,radio";"frame,Shape,size,Type";"frame,shape,size,Type";"none:#62ff43,vertical,16x24,canvas";"";"";"";"";"";"";"0";"0";"0";"0";"5";"1";"";"0";"0";"";"0000-00-00";"";"";"2";""
"";"";"105";"";"";"color,radio,color,radio";"frame,Shape,size,Type";"frame,shape,size,Type";"natural-wood:#ffd083,vertical,16x24,canvas";"";"";"";"";"";"";"0";"0";"0";"0";"5";"1";"";"0";"0";"";"0000-00-00";"";"";"2";""
"";"";"105";"";"";"color,radio,color,radio";"frame,Shape,size,Type";"frame,shape,size,Type";"dark-wood:#ce6600,vertical,16x24,canvas";"";"";"";"";"";"";"0";"0";"0";"0";"5";"1";"";"0";"0";"";"0000-00-00";"";"";"2";""
"";"";"105";"";"";"color,radio,color,radio";"frame,Shape,size,Type";"frame,shape,size,Type";"charcol-black:#3b1200,vertical,16x24,canvas";"";"";"";"";"";"";"0";"0";"0";"0";"5";"1";"";"0";"0";"";"0000-00-00";"";"";"2";""
"";"";"105";"";"";"color,radio,color,radio";"frame,Shape,size,Type";"frame,shape,size,Type";"charcol-white:#e3fffe,vertical,16x24,canvas";"";"";"";"";"";"";"0";"0";"0";"0";"5";"1";"";"0";"0";"";"0000-00-00";"";"";"2";""
"";"";"105";"";"";"color,radio,color,radio";"frame,Shape,size,Type";"frame,shape,size,Type";"pine-wood:#a3afff,vertical,16x24,canvas";"";"";"";"";"";"";"0";"0";"0";"0";"5";"1";"";"0";"0";"";"0000-00-00";"";"";"2";""
"";"";"105";"";"";"color,radio,color,radio";"frame,Shape,size,Type";"frame,shape,size,Type";"none:#62ff43,vertical,20x30,canvas";"";"";"";"";"";"";"0";"0";"0";"0";"5";"1";"";"0";"0";"";"0000-00-00";"";"";"2";""
"";"";"105";"";"";"color,radio,color,radio";"frame,Shape,size,Type";"frame,shape,size,Type";"natural-wood:#ffd083,vertical,20x30,canvas";"";"";"";"";"";"";"0";"0";"0";"0";"5";"1";"";"0";"0";"";"0000-00-00";"";"";"2";""
"";"";"105";"";"";"color,radio,color,radio";"frame,Shape,size,Type";"frame,shape,size,Type";"dark-wood:#ce6600,vertical,20x30,canvas";"";"";"";"";"";"";"0";"0";"0";"0";"5";"1";"";"0";"0";"";"0000-00-00";"";"";"2";""
"";"";"105";"";"";"color,radio,color,radio";"frame,Shape,size,Type";"frame,shape,size,Type";"charcol-black:#3b1200,vertical,20x30,canvas";"";"";"";"";"";"";"0";"0";"0";"0";"5";"1";"";"0";"0";"";"0000-00-00";"";"";"2";""
"";"";"105";"";"";"color,radio,color,radio";"frame,Shape,size,Type";"frame,shape,size,Type";"charcol-white:#e3fffe,vertical,20x30,canvas";"";"";"";"";"";"";"0";"0";"0";"0";"5";"1";"";"0";"0";"";"0000-00-00";"";"";"2";""
"";"";"105";"";"";"color,radio,color,radio";"frame,Shape,size,Type";"frame,shape,size,Type";"pine-wood:#a3afff,vertical,20x30,canvas";"";"";"";"";"";"";"0";"0";"0";"0";"5";"1";"";"0";"0";"";"0000-00-00";"";"";"2";""
"";"";"105";"";"";"color,radio,color,radio";"frame,Shape,size,Type";"frame,shape,size,Type";"none:#62ff43,vertical,24x36,canvas";"";"";"";"";"";"";"0";"0";"0";"0";"5";"1";"";"0";"0";"";"0000-00-00";"";"";"2";""
"";"";"105";"";"";"color,radio,color,radio";"frame,Shape,size,Type";"frame,shape,size,Type";"natural-wood:#ffd083,vertical,24x36,canvas";"";"";"";"";"";"";"0";"0";"0";"0";"5";"1";"";"0";"0";"";"0000-00-00";"";"";"2";""
"";"";"105";"";"";"color,radio,color,radio";"frame,Shape,size,Type";"frame,shape,size,Type";"dark-wood:#ce6600,vertical,24x36,canvas";"";"";"";"";"";"";"0";"0";"0";"0";"5";"1";"";"0";"0";"";"0000-00-00";"";"";"2";""
"";"";"105";"";"";"color,radio,color,radio";"frame,Shape,size,Type";"frame,shape,size,Type";"charcol-black:#3b1200,vertical,24x36,canvas";"";"";"";"";"";"";"0";"0";"0";"0";"5";"1";"";"0";"0";"";"0000-00-00";"";"";"2";""
"";"";"105";"";"";"color,radio,color,radio";"frame,Shape,size,Type";"frame,shape,size,Type";"charcol-white:#e3fffe,vertical,24x36,canvas";"";"";"";"";"";"";"0";"0";"0";"0";"5";"1";"";"0";"0";"";"0000-00-00";"";"";"2";""
"";"";"105";"";"";"color,radio,color,radio";"frame,Shape,size,Type";"frame,shape,size,Type";"pine-wood:#a3afff,vertical,24x36,canvas";"";"";"";"";"";"";"0";"0";"0";"0";"5";"1";"";"0";"0";"";"0000-00-00";"";"";"2";""
"";"";"105";"";"";"color,radio,color,radio";"frame,Shape,size,Type";"frame,shape,size,Type";"none:#62ff43,vertical,30x45,canvas";"";"";"";"";"";"";"0";"0";"0";"0";"5";"1";"";"0";"0";"";"0000-00-00";"";"";"2";""
"";"";"105";"";"";"color,radio,color,radio";"frame,Shape,size,Type";"frame,shape,size,Type";"natural-wood:#ffd083,vertical,30x45,canvas";"";"";"";"";"";"";"0";"0";"0";"0";"5";"1";"";"0";"0";"";"0000-00-00";"";"";"2";""
"";"";"105";"";"";"color,radio,color,radio";"frame,Shape,size,Type";"frame,shape,size,Type";"dark-wood:#ce6600,vertical,30x45,canvas";"";"";"";"";"";"";"0";"0";"0";"0";"5";"1";"";"0";"0";"";"0000-00-00";"";"";"2";""
"";"";"105";"";"";"color,radio,color,radio";"frame,Shape,size,Type";"frame,shape,size,Type";"charcol-black:#3b1200,vertical,30x45,canvas";"";"";"";"";"";"";"0";"0";"0";"0";"5";"1";"";"0";"0";"";"0000-00-00";"";"";"2";""
"";"";"105";"";"";"color,radio,color,radio";"frame,Shape,size,Type";"frame,shape,size,Type";"charcol-white:#e3fffe,vertical,30x45,canvas";"";"";"";"";"";"";"0";"0";"0";"0";"5";"1";"";"0";"0";"";"0000-00-00";"";"";"2";""
"";"";"105";"";"";"color,radio,color,radio";"frame,Shape,size,Type";"frame,shape,size,Type";"pine-wood:#a3afff,vertical,30x45,canvas";"";"";"";"";"";"";"0";"0";"0";"0";"5";"1";"";"0";"0";"";"0000-00-00";"";"";"2";""
"";"";"105";"";"";"color,radio,color,radio";"frame,Shape,size,Type";"frame,shape,size,Type";"none:#62ff43,vertical,10x15,fine-art-paper";"";"";"";"";"";"";"0";"0";"0";"0";"5";"1";"";"0";"0";"";"0000-00-00";"";"";"2";""
"";"";"105";"";"";"color,radio,color,radio";"frame,Shape,size,Type";"frame,shape,size,Type";"natural-wood:#ffd083,vertical,10x15,fine-art-paper";"";"";"";"";"";"";"0";"0";"0";"0";"5";"1";"";"0";"0";"";"0000-00-00";"";"";"2";""
"";"";"105";"";"";"color,radio,color,radio";"frame,Shape,size,Type";"frame,shape,size,Type";"dark-wood:#ce6600,vertical,10x15,fine-art-paper";"";"";"";"";"";"";"0";"0";"0";"0";"5";"1";"";"0";"0";"";"0000-00-00";"";"";"2";""
"";"";"105";"";"";"color,radio,color,radio";"frame,Shape,size,Type";"frame,shape,size,Type";"charcol-black:#3b1200,vertical,10x15,fine-art-paper";"";"";"";"";"";"";"0";"0";"0";"0";"5";"1";"";"0";"0";"";"0000-00-00";"";"";"2";""
"";"";"105";"";"";"color,radio,color,radio";"frame,Shape,size,Type";"frame,shape,size,Type";"charcol-white:#e3fffe,vertical,10x15,fine-art-paper";"";"";"";"";"";"";"0";"0";"0";"0";"5";"1";"";"0";"0";"";"0000-00-00";"";"";"2";""
"";"";"105";"";"";"color,radio,color,radio";"frame,Shape,size,Type";"frame,shape,size,Type";"pine-wood:#a3afff,vertical,10x15,fine-art-paper";"";"";"";"";"";"";"0";"0";"0";"0";"5";"1";"";"0";"0";"";"0000-00-00";"";"";"2";""
"";"";"105";"";"";"color,radio,color,radio";"frame,Shape,size,Type";"frame,shape,size,Type";"none:#62ff43,vertical,12x18,fine-art-paper";"";"";"";"";"";"";"0";"0";"0";"0";"5";"1";"";"0";"0";"";"0000-00-00";"";"";"2";""
"";"";"105";"";"";"color,radio,color,radio";"frame,Shape,size,Type";"frame,shape,size,Type";"natural-wood:#ffd083,vertical,12x18,fine-art-paper";"";"";"";"";"";"";"0";"0";"0";"0";"5";"1";"";"0";"0";"";"0000-00-00";"";"";"2";""
"";"";"105";"";"";"color,radio,color,radio";"frame,Shape,size,Type";"frame,shape,size,Type";"dark-wood:#ce6600,vertical,12x18,fine-art-paper";"";"";"";"";"";"";"0";"0";"0";"0";"5";"1";"";"0";"0";"";"0000-00-00";"";"";"2";""
"";"";"105";"";"";"color,radio,color,radio";"frame,Shape,size,Type";"frame,shape,size,Type";"charcol-black:#3b1200,vertical,12x18,fine-art-paper";"";"";"";"";"";"";"0";"0";"0";"0";"5";"1";"";"0";"0";"";"0000-00-00";"";"";"2";""
"";"";"105";"";"";"color,radio,color,radio";"frame,Shape,size,Type";"frame,shape,size,Type";"charcol-white:#e3fffe,vertical,12x18,fine-art-paper";"";"";"";"";"";"";"0";"0";"0";"0";"5";"1";"";"0";"0";"";"0000-00-00";"";"";"2";""
"";"";"105";"";"";"color,radio,color,radio";"frame,Shape,size,Type";"frame,shape,size,Type";"pine-wood:#a3afff,vertical,12x18,fine-art-paper";"";"";"";"";"";"";"0";"0";"0";"0";"5";"1";"";"0";"0";"";"0000-00-00";"";"";"2";""
"";"";"105";"";"";"color,radio,color,radio";"frame,Shape,size,Type";"frame,shape,size,Type";"none:#62ff43,vertical,16x24,fine-art-paper";"";"";"";"";"";"";"0";"0";"0";"0";"5";"1";"";"0";"0";"";"0000-00-00";"";"";"2";""
"";"";"105";"";"";"color,radio,color,radio";"frame,Shape,size,Type";"frame,shape,size,Type";"natural-wood:#ffd083,vertical,16x24,fine-art-paper";"";"";"";"";"";"";"0";"0";"0";"0";"5";"1";"";"0";"0";"";"0000-00-00";"";"";"2";""
"";"";"105";"";"";"color,radio,color,radio";"frame,Shape,size,Type";"frame,shape,size,Type";"dark-wood:#ce6600,vertical,16x24,fine-art-paper";"";"";"";"";"";"";"0";"0";"0";"0";"5";"1";"";"0";"0";"";"0000-00-00";"";"";"2";""
"";"";"105";"";"";"color,radio,color,radio";"frame,Shape,size,Type";"frame,shape,size,Type";"charcol-black:#3b1200,vertical,16x24,fine-art-paper";"";"";"";"";"";"";"0";"0";"0";"0";"5";"1";"";"0";"0";"";"0000-00-00";"";"";"2";""
"";"";"105";"";"";"color,radio,color,radio";"frame,Shape,size,Type";"frame,shape,size,Type";"charcol-white:#e3fffe,vertical,16x24,fine-art-paper";"";"";"";"";"";"";"0";"0";"0";"0";"5";"1";"";"0";"0";"";"0000-00-00";"";"";"2";""
"";"";"105";"";"";"color,radio,color,radio";"frame,Shape,size,Type";"frame,shape,size,Type";"pine-wood:#a3afff,vertical,16x24,fine-art-paper";"";"";"";"";"";"";"0";"0";"0";"0";"5";"1";"";"0";"0";"";"0000-00-00";"";"";"2";""
"";"";"105";"";"";"color,radio,color,radio";"frame,Shape,size,Type";"frame,shape,size,Type";"none:#62ff43,vertical,20x30,fine-art-paper";"";"";"";"";"";"";"0";"0";"0";"0";"5";"1";"";"0";"0";"";"0000-00-00";"";"";"2";""
"";"";"105";"";"";"color,radio,color,radio";"frame,Shape,size,Type";"frame,shape,size,Type";"natural-wood:#ffd083,vertical,20x30,fine-art-paper";"";"";"";"";"";"";"0";"0";"0";"0";"5";"1";"";"0";"0";"";"0000-00-00";"";"";"2";""
"";"";"105";"";"";"color,radio,color,radio";"frame,Shape,size,Type";"frame,shape,size,Type";"dark-wood:#ce6600,vertical,20x30,fine-art-paper";"";"";"";"";"";"";"0";"0";"0";"0";"5";"1";"";"0";"0";"";"0000-00-00";"";"";"2";""
"";"";"105";"";"";"color,radio,color,radio";"frame,Shape,size,Type";"frame,shape,size,Type";"charcol-black:#3b1200,vertical,20x30,fine-art-paper";"";"";"";"";"";"";"0";"0";"0";"0";"5";"1";"";"0";"0";"";"0000-00-00";"";"";"2";""
"";"";"105";"";"";"color,radio,color,radio";"frame,Shape,size,Type";"frame,shape,size,Type";"charcol-white:#e3fffe,vertical,20x30,fine-art-paper";"";"";"";"";"";"";"0";"0";"0";"0";"5";"1";"";"0";"0";"";"0000-00-00";"";"";"2";""
"";"";"105";"";"";"color,radio,color,radio";"frame,Shape,size,Type";"frame,shape,size,Type";"pine-wood:#a3afff,vertical,20x30,fine-art-paper";"";"";"";"";"";"";"0";"0";"0";"0";"5";"1";"";"0";"0";"";"0000-00-00";"";"";"2";""
"";"";"105";"";"";"color,radio,color,radio";"frame,Shape,size,Type";"frame,shape,size,Type";"none:#62ff43,vertical,24x36,fine-art-paper";"";"";"";"";"";"";"0";"0";"0";"0";"5";"1";"";"0";"0";"";"0000-00-00";"";"";"2";""
"";"";"105";"";"";"color,radio,color,radio";"frame,Shape,size,Type";"frame,shape,size,Type";"natural-wood:#ffd083,vertical,24x36,fine-art-paper";"";"";"";"";"";"";"0";"0";"0";"0";"5";"1";"";"0";"0";"";"0000-00-00";"";"";"2";""
"";"";"105";"";"";"color,radio,color,radio";"frame,Shape,size,Type";"frame,shape,size,Type";"dark-wood:#ce6600,vertical,24x36,fine-art-paper";"";"";"";"";"";"";"0";"0";"0";"0";"5";"1";"";"0";"0";"";"0000-00-00";"";"";"2";""
"";"";"105";"";"";"color,radio,color,radio";"frame,Shape,size,Type";"frame,shape,size,Type";"charcol-black:#3b1200,vertical,24x36,fine-art-paper";"";"";"";"";"";"";"0";"0";"0";"0";"5";"1";"";"0";"0";"";"0000-00-00";"";"";"2";""
"";"";"105";"";"";"color,radio,color,radio";"frame,Shape,size,Type";"frame,shape,size,Type";"charcol-white:#e3fffe,vertical,24x36,fine-art-paper";"";"";"";"";"";"";"0";"0";"0";"0";"5";"1";"";"0";"0";"";"0000-00-00";"";"";"2";""
"";"";"105";"";"";"color,radio,color,radio";"frame,Shape,size,Type";"frame,shape,size,Type";"pine-wood:#a3afff,vertical,24x36,fine-art-paper";"";"";"";"";"";"";"0";"0";"0";"0";"5";"1";"";"0";"0";"";"0000-00-00";"";"";"2";""
"";"";"105";"";"";"color,radio,color,radio";"frame,Shape,size,Type";"frame,shape,size,Type";"none:#62ff43,vertical,30x45,fine-art-paper";"";"";"";"";"";"";"0";"0";"0";"0";"5";"1";"";"0";"0";"";"0000-00-00";"";"";"2";""
"";"";"105";"";"";"color,radio,color,radio";"frame,Shape,size,Type";"frame,shape,size,Type";"natural-wood:#ffd083,vertical,30x45,fine-art-paper";"";"";"";"";"";"";"0";"0";"0";"0";"5";"1";"";"0";"0";"";"0000-00-00";"";"";"2";""
"";"";"105";"";"";"color,radio,color,radio";"frame,Shape,size,Type";"frame,shape,size,Type";"dark-wood:#ce6600,vertical,30x45,fine-art-paper";"";"";"";"";"";"";"0";"0";"0";"0";"5";"1";"";"0";"0";"";"0000-00-00";"";"";"2";""
"";"";"105";"";"";"color,radio,color,radio";"frame,Shape,size,Type";"frame,shape,size,Type";"charcol-black:#3b1200,vertical,30x45,fine-art-paper";"";"";"";"";"";"";"0";"0";"0";"0";"5";"1";"";"0";"0";"";"0000-00-00";"";"";"2";""
"";"";"105";"";"";"color,radio,color,radio";"frame,Shape,size,Type";"frame,shape,size,Type";"charcol-white:#e3fffe,vertical,30x45,fine-art-paper";"";"";"";"";"";"";"0";"0";"0";"0";"5";"1";"";"0";"0";"";"0000-00-00";"";"";"2";""
"";"";"105";"";"";"color,radio,color,radio";"frame,Shape,size,Type";"frame,shape,size,Type";"pine-wood:#a3afff,vertical,30x45,fine-art-paper";"";"";"";"";"";"";"0";"0";"0";"0";"5";"1";"";"0";"0";"";"0000-00-00";"";"";"2";""
