"Category ID";"Active (0 = No, 1 = Yes)";"Name";"Parent Category ID";"Parent Category Name";"Description";"Rewritten URL";"Meta Title";"Meta Keywords";"Meta Description";"Position";"Image URL";"Creation Date";"Group Names (x,y,z...)";"Group Reductions (x,y,z...)"
"3";"1";"New Arrival";"2";"home";"";"new-arrival";"New Arrival Paintings & Art Collection | Right Art Uk";"";"";"0";"";"11/17/2025 11:02";"Visitor,Customer,Guest";""
"4";"1";"Style";"2";"home";"";"style";"Paintings & Wall Art Style | Right Art Uk";"";"";"0";"";"11/17/2025 11:02";"Visitor,Customer,Guest";""
"5";"1";"Subjects";"2";"home";"";"subjects";"";"";"";"";"";"";"Visitor,Customer,Guest";""
"6";"1";"Artist paintings";"2";"home";"";"artist";"Artist paintings & Art Collection| Right Art Uk";"";"";"";"";"";"Visitor,Customer,Guest";""
"7";"0";"Type";"2";"home";"";"type";"";"";"";"";"";"";"Visitor,Customer,Guest";""
"8";"1";"Color";"2";"home";"";"color";"";"";"";"";"";"";"Visitor,Customer,Guest";""
"9";"1";"Rooms";"2";"home";"";"rooms";"";"";"";"";"";"";"Visitor,Customer,Guest";""
"10";"1";"Collection";"2";"home";"";"collection";"";"";"";"";"";"";"Visitor,Customer,Guest";""
"11";"1";"Abstract Art";"4";"Style";"Get lost in our Abstract Art Collection & Paintings, where color, movement and shape come together in bold, modern ways. Every piece is picked for its feeling and story – some are calm and minimal, others are full of energy and drama. This is the kind of art that doesn’t just sit on a wall; it shifts the mood and invites you to pause, look closer and notice something new each time.
 
 We carefully curate this abstract art collection so you can buy art online with confidence. Instead of scrolling through endless options, you’ll find a focused selection with strong composition, emotion and a fresh, contemporary vibe. Whether you love soft, dreamy shades or striking, high-contrast designs, you’ll discover abstract wall art that feels personal and true to your style.
 
 Made for both longtime art lovers and new collectors, this collection is all about that instant connection – when a piece just “clicks” with you. Take your time, explore the gallery and follow your instinct. Find and buy abstract wall art that feels like it was made for you and brings a little extra inspiration into your everyday life.";"abstract";"Abstract Art Collection & Paintings| Right Art Uk";"";"Shop our Abstract Art Paintings & Wall Art collection. Curated pieces full of color, movement and emotion for your unique style.";"";"";"";"Visitor,Customer,Guest";""
"12";"1";"Modern Art";"4";"Style";"Step into our Modern Art Collection & Paintings, where every piece is selected to spark emotion and start conversations. This curated art collection brings together bold shapes, clean lines, and powerful colors to capture the energy of today’s world. Some artworks feel calm and minimal, others feel loud and full of movement, but each one is chosen to help you express your own personality and story through art.
 
 Whether you’re just starting to buy art or adding to a growing collection, this range is made for modern taste and a fresh mindset. You’ll find statement pieces, subtle designs, and everything in between, all carefully picked so you don’t have to scroll through endless options. Our goal is simple: to make buying modern wall art online easy, inspiring, and enjoyable, while giving you access to a thoughtful, handpicked selection you can trust.";"modern";"Modern Art Collection & Paintings| Right Art Uk";"";"Discover bold modern art paintings & wall art in our curated collection. Shop unique pieces that express your style and elevate your space.";"";"";"";"Visitor,Customer,Guest";""
"13";"1";"Line Art";"4";"Style";"Discover our Line Art Collection & Paintings, a carefully curated selection for people who love clean lines, calm energy, and modern style. Inside this collection, you’ll find minimalist faces, abstract figures, flowing shapes, and expressive lines that tell a story with just a few strokes. Every piece is chosen to feel balanced, stylish, and easy to connect with, whether you love gentle, dreamy moods or bold, confident energy.
 
 This is more than just wall art for sale – it’s a curated art collection designed to help you find pieces that match your taste without endless scrolling. Each artwork is picked for its emotion, attitude, and strong visual impact, making it simple to buy art online that feels personal and meaningful. If you enjoy modern design, subtle expression, and art that feels both trendy and timeless, this line art collection is made for you.";"line";"Line Art Collection & Paintings| Right Art Uk";"";"Shop our curated Line Art Paintings & Wall Art collection – minimalist, modern, and expressive pieces to match your unique style.";"";"";"";"Visitor,Customer,Guest";""
"14";"1";"silhouette paintings";"4";"Style";"Our Silhouette Paintings & Art Collection is all about mood, contrast, and story. Inside this curated collection, you’ll find striking silhouettes of people, nature, cityscapes, animals, and abstract shapes, all set against bold skies, soft gradients, and dreamy backgrounds. Each piece plays with light and shadow to create a dramatic, almost cinematic feel that instantly draws the eye and sparks the imagination. These artworks are chosen to speak to people who love minimal style with strong emotion.
 
 Every artwork in this collection is handpicked to make buying art online feel easy, inspiring, and meaningful. You’ll find calming, romantic, mysterious, and empowering silhouettes that feel modern yet timeless. This is not just random wall art – it’s a carefully built, curated art collection designed to help you find the perfect piece that matches your vibe and personal story. If you’re looking to shop silhouette wall art that feels unique, expressive, and full of character, this is the place to explore and discover your next favorite piece.";"silhouette";"silhouette paintings & Art Collection| Right Art Uk";"";"Shop curated Silhouette Paintings & Wall Art. Emotional, modern silhouettes and bold statement pieces. Discover and buy unique wall art online.";"";"";"";"Visitor,Customer,Guest";""
"15";"1";"Modern Fine Art";"4";"Style";"Our Modern Fine Art Collection & Paintings is made for people who love clean lines, bold ideas, and a fresh, contemporary feel. Inside this curated collection you’ll find everything from abstract shapes and color-focused pieces to modern portraits, minimal forms, and statement graphic art. Each artwork is chosen to feel current and stylish, with a balance of calm, energy, and personality that fits a modern lifestyle and mindset.
 
 This is a carefully built curated art collection, not random pieces. Every work is selected to make buying art online simple, enjoyable, and inspiring. You’ll discover art that feels powerful, elegant, and expressive – pieces that tell a story, reflect your taste, and make you feel something every time you look at them. If you’re searching for modern wall art and fine art paintings for sale that are unique, high-quality, and designed with intention, this collection is the perfect place to explore and find your next favorite piece.";"modern-fine";"Modern Fine Art Collection & Paintings| Right Art Uk";"";"Discover curated Modern Fine Art Paintings & Wall Art. Shop modern, expressive pieces and buy unique fine art online for your personal collection.";"";"";"";"Visitor,Customer,Guest";""
"16";"1";"Anime paintings";"4";"Style";"Step into our Anime Paintings & Art Collection, where bold color, iconic characters, and playful stories come together in one curated space. This is the place for fans who want to buy art that actually feels like them – from cute and cozy scenes to powerful, dramatic moments straight out of your favorite shows and childhood memories. Every piece is chosen to spark nostalgia, joy, and a little bit of escapism, whether you’re all about classic anime heroes, chibi characters, or fun cartoon vibes.
 
 This curated art collection is designed for people who live and breathe anime, gaming, and pop culture. You’ll find expressive faces, dynamic poses, and story-rich worlds that bring emotion and personality to your walls. We handpick each artwork so you don’t have to scroll forever – it’s all killer, no filler. Whether you’re starting your first anime wall art setup or adding a new favorite to your collection, this is where your fandom and art taste meet in the best way";"anime";"Anime paintings & Art Collection| Right Art Uk";"";"Curated Anime & Cartoon Paintings & Wall Art collection for fans. Shop bold, nostalgic designs and buy anime-inspired art online.";"";"";"";"Visitor,Customer,Guest";""
"17";"1";"Cartoon paintings";"4";"Style";"Step into our Cartoon Paintings & Art Collection, where bold color, iconic characters, and playful stories come together in one curated space. This is the place for fans who want to buy art that actually feels like them – from cute and cozy scenes to powerful, dramatic moments straight out of your favorite shows and childhood memories. Every piece is chosen to spark nostalgia, joy, and a little bit of escapism, whether you’re all about classic anime heroes, chibi characters, or fun cartoon vibes.
 
 This curated art collection is designed for people who live and breathe anime, gaming, and pop culture. You’ll find expressive faces, dynamic poses, and story-rich worlds that bring emotion and personality to your walls. We handpick each artwork so you don’t have to scroll forever – it’s all killer, no filler. Whether you’re starting your first anime wall art setup or adding a new favorite to your collection, this is where your fandom and art taste meet in the best way";"cartoon";"Cartoon paintings & Art Collection| Right Art Uk";"";"Curated Anime & Cartoon Paintings & Wall Art collection for fans. Shop bold, nostalgic designs and buy anime-inspired art online.";"";"";"";"Visitor,Customer,Guest";""
"18";"1";"Digital Art";"4";"Style";"Discover our Digital Art Collection & Paintings, a curated mix of bold, modern visuals and soft, dreamy designs. Each artwork is handpicked to tell a story – from abstract shapes and futuristic vibes to calm nature scenes and minimal line art. This is the place for people who love buying art that feels fresh, stylish, and full of personality. Whether you like bright statement pieces or subtle, aesthetic designs, you’ll find something here that speaks to your taste and mood.
 
 Our Digital Art Paintings & Wall Art collection is carefully built like a gallery you can scroll through, with every piece chosen for balance, color harmony, and emotional impact. These artworks are ideal for anyone searching for a trusted, curated art collection instead of random prints online. You can explore themes like modern luxury, urban energy, peaceful nature, dreamy fantasy, and powerful portraits – all in one place. Shopping here makes it easy to discover artwork that matches your style, values, and lifestyle, so you can invest in meaningful art you’ll enjoy and feel proud to own for years.";"digital";"Digital Art Collection & Paintings| Right Art Uk";"";"Shop curated digital art paintings & wall art – modern, emotional, and stylish pieces for art lovers who want meaningful, high-quality designs.";"";"";"";"Visitor,Customer,Guest";""
"19";"1";"Street Art";"4";"Style";"Our Street Art Collection & Paintings brings the rush of the city straight into your art lineup. Here you’ll find bold, high-energy pieces inspired by alley walls, subway stations, music, youth culture, and everyday life in motion. This curated art collection is all about attitude, color, and strong visual impact—perfect for anyone who loves urban style and wants to buy art that really says something.
 
 Inside this collection, you’ll discover expressive graffiti tags, powerful characters, punchy slogans, abstract shapes, and playful pop-culture twists. Some artworks feel loud, rebellious, and raw; others are more nostalgic, dreamy, or surprisingly tender. Each piece is carefully selected so you can shop street art online with confidence, knowing every design has its own story, vibe, and mood. Browse the full range to find the graffiti wall art that matches your personality, adds edge to your art collection, and makes your space feel uniquely yours.
 
 Whether you’re building a fresh, modern art collection or searching for that one statement piece, this street art gallery is thoughtfully curated to give you choice without the overwhelm. Every artwork is handpicked to highlight creativity, authenticity, and the bold spirit of the streets.";"street";"Street Art Collection & Paintings| Right Art Uk";"";"Explore bold street art and graffiti wall art. Curated collection to buy unique urban pieces that express your style.";"";"";"";"Visitor,Customer,Guest";""
"20";"1";"Graffiti paintings";"4";"Style";"Our Graffiti Paintings & Art Collection brings the rush of the city straight into your art lineup. Here you’ll find bold, high-energy pieces inspired by alley walls, subway stations, music, youth culture, and everyday life in motion. This curated art collection is all about attitude, color, and strong visual impact—perfect for anyone who loves urban style and wants to buy art that really says something.
 
 Inside this collection, you’ll discover expressive graffiti tags, powerful characters, punchy slogans, abstract shapes, and playful pop-culture twists. Some artworks feel loud, rebellious, and raw; others are more nostalgic, dreamy, or surprisingly tender. Each piece is carefully selected so you can shop street art online with confidence, knowing every design has its own story, vibe, and mood. Browse the full range to find the graffiti wall art that matches your personality, adds edge to your art collection, and makes your space feel uniquely yours.
 
 Whether you’re building a fresh, modern art collection or searching for that one statement piece, this street art gallery is thoughtfully curated to give you choice without the overwhelm. Every artwork is handpicked to highlight creativity, authenticity, and the bold spirit of the streets.";"graffiti";"Graffiti paintings & Art Collection| Right Art Uk";"";"Explore bold street art and graffiti wall art. Curated collection to buy unique urban pieces that express your style.";"";"";"";"Visitor,Customer,Guest";""
"21";"1";"Photographs paintings";"4";"Style";"Step into our Photography Paintings & Art Collection, where every piece feels like a story frozen in time. Here you’ll find art inspired by powerful photographs – dramatic city streets, calm nature scenes, dreamy portraits, travel moments, abstract light trails, and more. Each artwork is chosen for its strong visual impact, emotional depth, and the way it captures real-life moments in a cinematic, almost “still frame” style.
 
 This curated art collection is perfect for anyone who loves realistic details, bold compositions, and modern visual storytelling. Whether you’re looking to buy art that feels personal, expressive, or simply eye-catching, these photography-inspired pieces offer a mix of moody, vibrant, minimal, and dramatic looks. We carefully select every design so you can shop wall art online with confidence, knowing each piece has been handpicked for quality, style, and emotion. Discover art that doesn’t just decorate your space, but stays with you like a favorite memory.";"photographs";"Photographs paintings & Art Collection| Right Art Uk";"";"Discover photography-inspired paintings & wall art. Shop a curated art collection of expressive, modern pieces and buy wall art online with confidence.";"";"";"";"Visitor,Customer,Guest";""
"22";"1";"Geometric paintings";"5";"Subjects";"Geometry Paintings & Art Collection is all about clean lines, bold shapes, and colors that instantly catch the eye. This curated art collection brings together pieces inspired by circles, triangles, grids, and abstract patterns, creating a modern and stylish visual rhythm. Each artwork is chosen to feel balanced yet energetic, perfect for anyone who loves structure, symmetry, and a bit of playful contrast in their art.
 
 Inside this collection, you’ll find geometric wall art that ranges from soft, minimal designs to strong, statement pieces with high impact. Some works focus on calming, repeated patterns, while others explore broken shapes and dynamic angles that feel fresh and surprising. Every piece is carefully selected to help you buy art that reflects your taste, whether you’re into contemporary design, abstract style, or bold color blocking. Think of this as your go-to place for thoughtfully curated art, where each work is chosen to spark emotion, start conversations, and make your collection feel truly unique.";"geometric";"Geometric paintings & Art Collection| Right Art Uk";"";"Discover bold geometry paintings and wall art in a curated collection that makes buying modern, abstract art online simple and inspiring.";"";"";"";"Visitor,Customer,Guest";""
"23";"1";"Pop Art";"4";"Style";"Step into our Pop Art Collection & Paintings, where bold color, playful graphics, and iconic culture collide. Here you’ll find eye-catching portraits, comic-style scenes, neon-inspired typography, and pop culture mashups that feel fun, fresh, and instantly memorable. Each artwork is chosen to bring that cool, gallery-style attitude you love from classic and modern pop art, all in one easy place to browse and buy art online.
 
 This curated art collection is designed for people who want their walls to make a statement. From striking close-up faces and retro poster vibes to graphic patterns and witty visual jokes, every piece has personality. We carefully handpick each artwork so you can shop pop art paintings for sale with confidence, knowing the style, quality, and mood all work together. Explore the collection, find the pieces that match your vibe, and build a pop art wall that feels bold, stylish, and uniquely you.";"pop";"Pop Art Collection & Paintings| Right Art Uk";"";"Discover bold Pop Art paintings & wall art in our curated collection. Shop vibrant, collectible pieces and buy pop art online with confidence.";"";"";"";"Visitor,Customer,Guest";""
"24";"1";"Classic Art";"4";"Style";"Step into our Classic Art Collection & Paintings, where timeless style meets a carefully curated selection of masterpieces. Here you’ll find graceful portraits, grand historical scenes, dreamy landscapes, and elegant still life pieces inspired by famous eras of art history. Each artwork is chosen to bring that classic, museum-style feeling into your life, with rich details, balanced composition, and a sense of quiet luxury that never goes out of fashion.
 
 This curated art collection is perfect for anyone who loves heritage, culture, and storytelling through art. From romantic scenes and dramatic silhouettes to serene nature views and refined architectural themes, every piece is picked to create a mood of depth, elegance, and calm. Whether you’re looking to buy classic wall art online, build a personal art collection, or simply add a touch of old-world charm to your space, this is where you’ll discover art that feels special, meaningful, and made to be treasured for years.";"classic";"Classic Art Collection & Paintings| Right Art Uk";"";"Shop our Classic Art Paintings & Wall Art collection – timeless, curated masterpieces for art lovers looking to buy elegant classic wall art online.";"";"";"";"Visitor,Customer,Guest";""
"25";"1";"Fine Art";"4";"Style";"Step into our Fine Art Collection & Paintings, where every piece is chosen to tell a story and spark emotion. Here you’ll find a mix of bold abstract art, calming nature scenes, expressive portraits, and modern statement pieces that speak to different moods and personalities. Each artwork is carefully selected to feel timeless yet fresh, giving you the chance to buy art that truly connects with you, not just fill a wall.
 
 This curated art collection is all about feeling something when you look at it—peace, joy, nostalgia, power, or quiet reflection. We focus on meaningful details, balanced composition, and strong visual impact so that every artwork feels like a special find. Whether you’re building your first art collection or adding to an existing one, this is a place to discover unique fine art wall art, thoughtfully brought together to make choosing the right piece easier, inspiring, and enjoyable.";"fine";"Fine Art Collection & Paintings| Right Art Uk";"";"Shop Fine Art Paintings & Wall Art – a curated collection of emotive pieces to buy online and grow your personal art collection.";"";"";"";"Visitor,Customer,Guest";""
"26";"1";"Minimalist paintings";"4";"Style";"Minimalist Paintings & Art Collection is all about calm, clarity, and clean design. This curated art collection brings together carefully chosen pieces with simple lines, soft contrasts, and balanced shapes. Inside this collection, you’ll find abstract forms, subtle gradients, monochrome designs, and gentle color palettes that feel modern, airy, and thoughtfully stripped back. Every artwork is selected to create a feeling of peace, focus, and quiet confidence.
 
 Whether you’re looking to buy art that feels modern, stylish, and uncluttered, or to build a cohesive curated art collection, this minimalist wall art range is designed to make your choice easy. Each piece is chosen to work beautifully on its own or as part of a set, so you can collect artworks that reflect a refined, contemporary taste. Explore the collection and discover pieces that speak through simplicity, leaving space for your own story and lifestyle.";"minimalist";"Minimalist paintings & Art Collection| Right Art Uk";"";"Curated minimalist art paintings & wall art collection. Shop calm, modern pieces and buy timeless designs to express your style.";"";"";"";"Visitor,Customer,Guest";""
"27";"1";"Realism paintings";"4";"Style";"Step into our Realism Paintings & Art Collection, where every piece feels true to life. This curated gallery is all about detail, emotion, and stories you can almost step into. Here you’ll find lifelike portraits, everyday moments, city streets, nature scenes, and still-life compositions that look strikingly real. Each artwork is carefully selected for its clarity, depth, and the way it captures light, shadow, and expression in a believable way.
 
 This realism art collection is designed for people who love art that feels honest and relatable. You’ll see faces that seem to look back at you, landscapes that feel familiar, and quiet scenes that hold a deeper meaning the longer you look. Our goal is to offer a thoughtful, high-quality selection so you can confidently buy art online, knowing every piece in this curated collection has been handpicked for impact, emotion, and timeless appeal.";"realism";"Realism paintings & Art Collection| Right Art Uk";"";"Explore our Realism Paintings & Wall Art collection, a curated gallery of lifelike scenes and portraits ready to buy online.";"";"";"";"Visitor,Customer,Guest";""
"28";"1";"Impressionist paintings";"4";"Style";"Step into our Impressionist Paintings & Art Collection, where every piece captures a fleeting moment of light, color, and emotion. Here you’ll find dreamy landscapes, soft garden scenes, glowing city streets, peaceful seascapes, and tender everyday moments. Each artwork is chosen to bring that gentle, blurred, “caught in the moment” feeling that makes Impressionist art so loved around the world.
 
 This curated art collection is perfect for art lovers who want to buy art online that feels poetic, emotional, and timeless. From romantic silhouettes at sunset to sunlit fields and misty mornings, every piece in this collection is selected for its mood, harmony, and storytelling. We focus on quality, beauty, and variety, so you can explore Impressionist wall art that truly speaks to you and reflects your personal taste with confidence.";"impressionist";"Impressionist paintings & Art Collection| Right Art Uk";"";"Explore our curated Impressionist art and wall art collection. Shop emotive, light-filled artworks and buy art online with confidence.";"";"";"";"Visitor,Customer,Guest";""
"29";"1";"Vintage paintings";"4";"Style";"Step into our Vintage Paintings & Art Collection, where every piece feels like a story from another time. This curated art collection is all about classic charm, soft nostalgia, and timeless style. Each artwork is carefully chosen to bring you that warm, vintage feeling people love when they buy art that truly speaks to them.
 
 Inside this collection, you’ll find dreamy landscapes, elegant portraits, romantic florals, classic city views, and charming everyday scenes inspired by past eras. The colors, details, and moods are all picked to give you a sense of comfort, history, and emotion in one place. It’s the ideal spot if you’re looking for vintage wall art with character, soul, and personality.
 
 Every piece in this vintage art collection is thoughtfully selected so you don’t have to scroll forever to find “the one.” Whether you’re building your first curated art wall or adding to an existing collection, this is where you can confidently buy vintage-inspired art online that feels special, meaningful, and uniquely you.";"vintage";"Vintage paintings & Art Collection| Right Art Uk";"";"Shop our Vintage Paintings & Wall Art collection – handpicked, nostalgic art pieces to buy online, full of charm, story and soul.";"";"";"";"Visitor,Customer,Guest";""
"30";"1";"Calligraphy paintings";"4";"Style";"Discover our Calligraphy Paintings & Art Collection, a curated range of elegant scripts, modern minimalist designs, and bold statement pieces. Each artwork blends timeless lettering with a fresh, contemporary feel to create a calm, uplifting mood. Inside this collection you’ll find classic flowing calligraphy, modern calligraphy quotes, sacred verses, inspiring words, and abstract layouts built around meaningful text and symbols.
 
 Every piece is carefully selected so you can shop art that feels personal and full of intention. Whether you’re drawn to soft, peaceful designs or strong, high-contrast compositions, this calligraphy wall art collection makes it easy to buy art that truly speaks to you. Browse with confidence, knowing each design is part of a thoughtfully curated art collection focused on beauty, balance, and emotional impact.";"calligraphy";"Calligraphy paintings & Art Collection| Right Art Uk";"";"Shop our curated Calligraphy Paintings & Wall Art collection – elegant, meaningful designs to buy online and express your style with art.";"";"";"";"Visitor,Customer,Guest";""
"31";"0";"Adult & Erotic paintings";"5";"Subjects";"Discover a bold, intimate world inside our Adult & Erotic Paintings & Art Collection, where sensuality meets artistic expression. This curated selection brings together artworks that celebrate desire, confidence, human connection, and the beauty of the body in a refined, artistic way. Each piece is chosen for the mood it creates—sometimes playful, sometimes mysterious, sometimes deeply emotional—making this collection feel both captivating and empowering.
 
 Within this collection, you’ll find a range of sensual themes: romantic silhouettes, passionate storytelling, confident poses, moody abstracts inspired by human chemistry, and tastefully provocative compositions that spark curiosity. Every artwork is selected to evoke feeling and invite the viewer into a more personal, expressive side of art. Whether someone is exploring bold statement pieces or subtle erotic aesthetics, this collection brings a unique blend of style, emotion, and artistic depth.
 
 Perfect for anyone looking to buy expressive art online or explore a thoughtfully curated art collection, this section brings together pieces that embrace passion, elegance, and individuality.";"adult-and-erotic";"Adult & Erotic paintings & Art Collection| Right Art Uk";"";"Explore a curated collection of adult and erotic art featuring sensual, expressive, and emotionally rich pieces. Shop bold, captivating artworks online.";"";"";"";"Visitor,Customer,Guest";""
"32";"1";"Animals paintings";"5";"Subjects";"Discover the heart of our Animals Paintings & Art Collection, a curated selection created for art lovers who connect deeply with the beauty and spirit of the animal world. This collection brings together expressive pieces celebrating wildlife, pets, and nature’s most fascinating creatures. From powerful portrayals of majestic animals to gentle, emotional scenes full of personality, every artwork is chosen to spark curiosity and wonder.
 
 Inside this collection, shoppers will find a diverse range of animal-themed art—from bold, dramatic portrayals of wild creatures to calming, intimate studies that highlight character and emotion. Each piece is selected for its ability to tell a story, making this collection a perfect destination for anyone looking to buy meaningful art or explore thoughtfully curated artwork online. Whether you're drawn to fierce energy, soft charm, or symbolic imagery, this collection offers a rich mix designed to inspire connection and uplift any personal art journey.";"animals";"Animals paintings & Art Collection| Right Art Uk";"";"Explore our curated Animals Paintings & Art Collection featuring expressive wildlife and pet art. Shop unique animal-themed artwork crafted to inspire.";"";"";"";"Visitor,Customer,Guest";""
"33";"1";"Culture & History paintings";"5";"Subjects";"Explore the Culture & History Paintings & Art Collection, a curated selection filled with stories, symbols, and powerful moments from across eras and civilizations. This collection brings together artworks that highlight traditions, ancient legends, cultural icons, historical scenes, and timeless human experiences. Each piece invites viewers to step into another world, offering a sense of depth, nostalgia, and connection that goes beyond visual beauty.
 
 Inside this collection, you’ll find art inspired by historic events, cultural rituals, mythological narratives, royal heritage, and influential figures who shaped societies. These pieces are thoughtfully chosen to help art lovers discover meaningful visuals that spark curiosity and emotion. Whether you're browsing to buy art online or exploring curated art collections, this category is designed to give you a rich and immersive experience. Every artwork here carries its own identity, celebrating the diversity and evolution of global culture in a captivating, modern style.";"culture-and-history";"Culture & History paintings & Art Collection| Right Art Uk";"";"Discover our Culture & History Art Collection—meaningful, story-rich artworks inspired by traditions, legends, and iconic moments. Shop unique curated pieces.";"";"";"";"Visitor,Customer,Guest";""
"34";"1";"Emotions & Advocacy paintings";"5";"Subjects";"Discover the heart of our Emotions & Advocacy Paintings & Art Collection, a curated selection created to spark inner reflection and meaningful conversation. This collection brings together artwork that expresses courage, vulnerability, hope, and the many layers of the human experience. Each piece is chosen for its ability to speak directly to the viewer, capturing feelings that are powerful, raw, and deeply relatable.
 
 Inside this collection, you’ll find emotionally charged portraits, impactful narrative pieces, and expressive contemporary art that highlight themes like identity, unity, resilience, and social awareness. These artworks go beyond visuals—they tell stories, challenge perspectives, and inspire connection. For collectors who love meaningful art or anyone looking to buy art with purpose, this collection offers a thoughtful blend of pieces that stand out for their depth and message.
 
 Whether you’re drawn to bold advocacy themes or gentle emotional storytelling, this curated art collection brings together works that are moving, empowering, and designed to leave a lasting impression.";"emotions-and-advocacy";"Emotions & Advocacy paintings & Art Collection| Right Art Uk";"";"Explore our Emotions & Advocacy Art Collection—powerful, story-driven artwork curated to inspire, connect, and spark meaningful reflection.";"";"";"";"Visitor,Customer,Guest";""
"35";"1";"Nature paintings";"5";"Subjects";"Step into our Nature Paintings & Art Collection, a curated selection created for art lovers who want to bring the calm, wild beauty of the outdoors into their lives. This collection highlights the peaceful mood of forests, mountains, rivers, sunlit fields, and dramatic skies—each artwork chosen for the emotions it evokes and the sense of connection it creates. Whether someone is drawn to quiet landscapes, vibrant botanicals, misty horizons, or lush green scenery, this collection offers a range of nature-themed pieces that capture the soul of the natural world.
 
 Every artwork in this collection is thoughtfully curated to help buyers discover pieces that feel alive with color, detail, and atmosphere. The designs follow the theme of nature in all its forms—gentle, powerful, refreshing, and endlessly inspiring. For collectors searching for meaningful art to buy online, this selection brings together the best nature-inspired visuals in one place, making it easy to explore a unified, calming, and expressive art collection crafted for today’s modern aesthetic.";"nature";"Nature paintings & Art Collection| Right Art Uk";"";"Explore our curated Nature Paintings & Art Collection featuring calming landscapes, botanicals, and scenic artworks. Find inspiring nature-themed art to buy online.";"";"";"";"Visitor,Customer,Guest";""
"36";"1";"Object & Still Life paintings";"5";"Subjects";"Discover the charm of everyday beauty in our Object & Still Life Paintings & Art Collection, a curated selection designed for art lovers who appreciate detail, balance, and quiet emotion. This collection brings together pieces that celebrate form, texture, and composition—showcasing objects, florals, food studies, vessels, and meaningful arrangements that capture small moments with big impact. Each artwork highlights the poetry of simple things, inviting viewers to slow down and notice the elegance hidden in daily life.
 
 Inside this collection, you’ll find a wide range of still-life themes: soft botanical setups, minimalist object studies, vibrant fruit compositions, vintage-inspired arrangements, modern table scenes, and thoughtful visual stories created through carefully placed elements. Every piece is chosen for its mood, harmony, and expressive character, offering art buyers a meaningful and stylish way to explore the world of still-life aesthetics. This curated art collection is ideal for anyone seeking refined, collectible artworks that blend timeless appeal with contemporary style.";"object-and-still-life";"Object & Still Life paintings & Art Collection| Right Art Uk";"";"Explore our curated Object & Still Life art collection—thoughtful, expressive pieces featuring objects, botanicals, and modern still-life scenes.";"";"";"";"Visitor,Customer,Guest";""
"37";"0";"People & Portraits paintings";"5";"Subjects";"Discover the heart of human expression inside our People & Portraits Paintings & Art Collection, a curated selection that celebrates character, emotion, and storytelling. This collection brings together artworks that highlight unique faces, diverse personalities, and powerful human moments. Each piece captures mood and presence in a way that draws you in, making this one of our most soul-connecting curated art collections for anyone looking to buy art online with meaning.
 
 Browse portraits full of quiet confidence, expressive gestures, cultural depth, and modern interpretations of the human form. From bold contemporary styles to soft, emotive character studies, every artwork in this collection is chosen to spark connection and inspire imagination. These pieces go beyond simple likeness—they reflect stories, feelings, and the beauty of individuality, making this collection a standout destination for art lovers seeking thoughtful, human-centered creations.
 
 Whether you're expanding your art collection or searching for a captivating piece that speaks to your personal taste, the People & Portraits collection offers a rich, inviting mix of character-driven artwork that feels warm, alive, and curated with intention.";"people-and-portraits";"People & Portraits paintings & Art Collection| Right Art Uk";"";"Explore our curated People & Portraits art collection filled with expressive, character-rich portrait paintings crafted to inspire emotion and connection.";"";"";"";"Visitor,Customer,Guest";""
"38";"1";"Places and Cityscape paintings";"5";"Subjects";"Discover the spirit of urban life with our Places and Cityscape Paintings & Art Collection, a curated selection designed for anyone who loves the energy, rhythm, and quiet beauty found in the world’s most iconic locations. Inside this collection, you’ll find expressive city skylines, charming street scenes, bustling marketplaces, scenic landmarks, and atmospheric travel-inspired artworks. Each piece captures the feeling of being there—whether it’s the glow of a busy downtown night or the calm charm of a hidden alleyway.
 
 This collection is thoughtfully assembled to bring together artworks that celebrate movement, culture, architecture, and the stories cities hold. Every painting is chosen for its mood and emotional pull, helping viewers feel the excitement of exploration or the nostalgia of memorable places. Ideal for art lovers searching for unique pieces that reflect adventure, wanderlust, and the character of real-world settings, this curated selection makes it easy to buy art online that truly connects.
 
 Explore a gallery built for those who appreciate meaningful details, world travel, and finely curated art collections centered around the beauty of places—both near and far.";"places-and-cityscape";"Places and Cityscape paintings & Art Collection| Right Art Uk";"";"Explore our curated Places & Cityscape Paintings Collection featuring expressive urban scenes, skylines, and travel-inspired art. Perfect for city lovers.";"";"";"";"Visitor,Customer,Guest";""
"39";"1";"Quotes paintings";"5";"Subjects";"Discover a curated selection of inspiring quotes paintings and art crafted to bring meaning, emotion, and personality into any collection. This handpicked range focuses on expressive words paired with artistic visuals, creating pieces that feel both modern and deeply personal. Each artwork is designed to spark reflection, motivation, and emotional connection, making this collection a favorite for anyone who loves meaningful art.
 
 Inside the Quotes Paintings & Art Collection, you’ll find uplifting sayings, bold statement pieces, minimalist word art, motivational quotes, poetic lines, and expressive typography designs. Every piece is chosen for its ability to create a mood—whether calm, empowering, or creatively charged. This collection is perfect for shoppers looking to buy art that speaks to their values, fuels their mindset, and adds a touch of story to their curated art collections. Thoughtfully arranged, this gallery brings together visuals and words that stay with you long after you’ve seen them.";"quotes";"Quotes paintings & Art Collection| Right Art Uk";"";"Explore our curated Quotes Paintings & Art Collection—motivational, modern, and expressive word art designed to inspire every art lover.";"";"";"";"Visitor,Customer,Guest";""
"40";"1";"Religion and Myth paintings";"5";"Subjects";"Discover the depth and wonder inside our Religion and Myth Paintings & Art Collection, a curated selection that brings timeless stories, legendary symbols, and spiritual themes to life. This collection gathers artworks inspired by ancient beliefs, heroic myths, divine figures, and cultural legends—each piece chosen for its emotional impact and thoughtful storytelling. Whether you’re drawn to dramatic mythic scenes, peaceful spiritual imagery, or symbolic interpretations of well-known tales, this collection offers a rich world of meaning and inspiration.
 
 Every artwork in this curated art collection is designed to spark reflection and connect you with stories that have shaped cultures for centuries. The mood ranges from powerful and dramatic to calm and mystical, giving buyers a unique mix of expressive and collectible art. If you’re looking to buy art online that carries depth, history, and imagination, this collection delivers a memorable experience filled with character and cultural significance.
 
 Explore pieces that celebrate belief, heroism, symbolism, and the mystery of the unseen—carefully gathered to offer a meaningful and engaging journey for any art lover.";"religion-and-myth";"Religion and Myth paintings & Art Collection| Right Art Uk";"";"Explore our Religion and Myth art collection—curated, meaningful, and full of symbolic stories. Find expressive, collectible artwork inspired by legend and faith.";"";"";"";"Visitor,Customer,Guest";""
"41";"1";"Scenic & Landscape paintings";"5";"Subjects";"Step into our Scenic & Landscape paintings collection, a curated space designed for anyone who loves art that captures the quiet power of nature. Here, you’ll find sweeping mountain views, peaceful forests, dreamy coastlines, open fields, glowing sunsets, and atmospheric horizons—each piece chosen to spark calm, curiosity, and a sense of escape. This collection brings together artworks that highlight the beauty of wide-open spaces and the timeless charm of natural scenery, giving you a chance to bring the outside world into your everyday life through thoughtful, expressive visuals.
 
 Every artwork in this collection is handpicked to create a mood—whether it’s soothing, energizing, or deeply nostalgic. These scenic pieces are perfect for art lovers who want to buy artwork that feels meaningful, transports the mind, and adds emotional depth to their personal art collection. With a mix of tranquil views, dramatic landscapes, and serene nature moments, this is a place where you can discover art that speaks to your love for nature and beautifully curated visuals.";"scenic-and-landscape";"Scenic & Landscape paintings & Art Collection| Right Art Uk";"";"Explore our Scenic & Landscape paintings collection—curated nature-inspired art featuring mountains, coastlines, forests, and serene scenic views.";"";"";"";"Visitor,Customer,Guest";""
"42";"1";"Abstract & Geometric paintings";"5";"Subjects";"Explore a curated world of Abstract & Geometric paintings crafted to spark curiosity and visual excitement. This collection brings together artworks built on shapes, patterns, and expressive forms that speak through movement rather than literal subjects. Each piece is selected for its bold character, modern energy, and the way it plays with balance, contrast, and rhythm. Buyers looking for unique art will find everything from soft, dream-like abstractions to sharp geometric designs that feel clean, contemporary, and full of intention.
 
 Inside this collection, you’ll discover a wide range of styles—fluid color fields, structured compositions, layered minimalism, and striking pattern-driven pieces. These artworks invite viewers to interpret freely, offering a sense of mystery and emotional depth while keeping a sleek, modern feel. Every painting in this curated art collection is chosen to inspire, add personality, and connect with people who appreciate creative expression beyond traditional subjects. If you’re looking to buy art that feels fresh, bold, and thoughtfully assembled, this is the perfect place to explore.";"abstract-and-geometric";"Abstract & Geometric paintings & Art Collection| Right Art Uk";"";"A curated collection of Abstract & Geometric paintings featuring bold shapes, modern designs, and expressive artworks. Explore and buy unique contemporary art.";"";"";"";"Visitor,Customer,Guest";""
"43";"1";"Space & Astronomy paintings";"5";"Subjects";"Discover a curated collection of Space & Astronomy paintings designed for anyone who loves the beauty of the cosmos. This selection brings together artworks inspired by galaxies, nebula clouds, star clusters, lunar landscapes, and dreamy night skies. Each piece captures the awe of looking into something bigger than ourselves, offering a sense of mystery, depth, and wonder. This collection celebrates the colors of distant universes, the calm of the moon, and the powerful energy of exploding stars—perfect for those who want art that feels both imaginative and emotionally rich.
 
 Every artwork in this collection is carefully chosen to reflect the magic of space exploration and the endless curiosity it inspires. Whether you’re drawn to peaceful stargazing scenes, bold planetary views, or vibrant cosmic formations, you’ll find pieces that feel immersive and inspiring. This is a space where art lovers and collectors can explore unique celestial themes and discover pieces that make them feel connected to the universe. It’s a thoughtful, modern collection made for people who appreciate meaningful art and love browsing curated art selections online.";"space-and-astronomy";"Space & Astronomy paintings & Art Collection| Right Art Uk";"";"Explore our curated Space & Astronomy art collection featuring galaxy, moon, and cosmic-themed paintings designed to inspire wonder and imagination.";"";"";"";"Visitor,Customer,Guest";""
"44";"1";"Work And Daily Life paintings";"5";"Subjects";"Discover the heart of everyday moments through our Work and Daily Life paintings, a curated art collection that celebrates the beauty found in simple routines. Each piece captures real human stories—commutes, conversations, quiet pauses, and the rhythm of daily hustle—turning familiar scenes into meaningful visual experiences. These artworks bring a warm, relatable energy that feels both modern and timeless, making them perfect for anyone who loves art that reflects real life.
 
 Inside this collection, you’ll find expressive scenes of people at work, markets alive with motion, street-life interactions, calm morning rituals, and charming snapshots of ordinary activities. Every artwork is thoughtfully selected to highlight emotion, character, and the subtle details that make daily life special. Whether you’re exploring curated art collections or looking to buy meaningful art online, this gallery offers pieces that speak to authenticity, connection, and the shared moments that shape our world.";"work-and-daily-life";"Work And Daily Life paintings & Art Collection| Right Art Uk";"";"Explore curated Work and Daily Life paintings that capture real moments, human stories, and everyday emotions. Buy meaningful art from our collection.";"";"";"";"Visitor,Customer,Guest";""
"45";"0";"Literature & Drama paintings";"5";"Subjects";"Discover our Literature & Drama paintings collection—an art selection inspired by iconic stories, memorable characters, and the emotional depth of theatrical moments. Each piece is chosen for its ability to translate written and performed narratives into rich visual experiences, capturing the tension, passion, and imagination that make great storytelling so powerful. This curated art collection is built for viewers who love expressive scenes, symbolic details, and artworks that feel alive with meaning.
 
 Inside this collection, you’ll find artworks influenced by classic literature, modern novels, poetic themes, dramatic expressions, and theatrical moods. Expect visual interpretations of mythic heroes, emotional monologues, timeless dialogues, and symbolic worlds shaped by narrative energy. These pieces invite you to feel the suspense, wonder, and intensity that define unforgettable stories, making them a compelling choice for anyone looking to buy expressive art with character and depth.
 
 Each artwork in this collection is selected with care to offer a blend of emotion-driven scenes and artistic storytelling. Whether you're drawn to bold dramatic moments or subtle literary symbolism, this curated gallery brings together pieces that speak to imagination, emotion, and the beauty of narrative-inspired art.";"literature-and-drama";"Literature & Drama paintings & Art Collection| Right Art Uk";"";"Explore Literature & Drama paintings—story-inspired, emotional, and expressive art in a curated collection perfect for storytelling lovers.";"";"";"";"Visitor,Customer,Guest";""
"46";"0";"Movies & Pop Culture paintings";"5";"Subjects";"Discover the excitement of our Movies & Pop Culture paintings collection, where iconic characters, unforgettable scenes, and modern fan-favorite moments come to life on canvas. This curated art selection is perfect for anyone who loves cinematic worlds, bold storytelling, and the energy of today’s most influential pop culture moments. Each piece captures the mood, emotion, and nostalgia that fans crave, making this collection a vibrant celebration of the stories that shaped us.
 
 Inside this collection, you’ll find artwork inspired by classic films, legendary heroes, cult favorites, retro nostalgia, and trending pop icons. From dramatic portraits to dynamic scene-based visuals, every design is chosen to spark connection and bring that larger-than-life feeling into your space. Whether you’re a longtime movie lover or a collector searching for unique art to buy online, this selection offers a mix of expressive, character-driven pieces that stand out.
 
 Thoughtfully curated for fans, collectors, and art shoppers, this collection blends vivid storytelling with modern style—making it a go-to destination for anyone looking to explore meaningful, entertainment-inspired art.";"movies-and-pop-culture";"Movies & Pop Culture paintings & Art Collection| Right Art Uk";"";"Explore our Movies & Pop Culture paintings collection—cinematic, nostalgic, and boldly curated art inspired by iconic films and fan-favorite characters.";"";"";"";"Visitor,Customer,Guest";""
"47";"0";"Science & Academia paintings";"5";"Subjects";"Discover the wonder of knowledge expressed through art in our Science & Academia Paintings collection. This curated selection brings together visually striking pieces inspired by physics, astronomy, mathematics, biology, chemistry, and the world of research. Each artwork captures the beauty of discovery—equations turning into patterns, galaxies unfolding in color, and scientific symbols transformed into creative stories. It’s a collection made for people who love ideas, innovation, and the deeper meaning behind how our world works.
 
 Inside this themed collection, you’ll find thought-provoking academic illustrations, cosmic-inspired designs, anatomical studies reimagined as modern art, and creative tributes to lab life, research culture, and scientific breakthroughs. Every piece is chosen to spark curiosity, inspire learning, and bring a sense of exploration and intellect to your art-buying journey. Whether you’re a lifelong learner or simply drawn to smart, stylish visuals, this collection celebrates the connection between creativity and knowledge in a fresh, captivating way.";"science-and-academia";"Science & Academia paintings & Art Collection| Right Art Uk";"";"Explore our Science & Academia paintings collection—smart, inspiring artwork themed around science, research, and discovery. Shop unique curated art.";"";"";"";"Visitor,Customer,Guest";""
"48";"1";"Music & Performing Arts";"5";"Subjects";"Discover the heart of rhythm, movement, and expression inside our Music & Performing Arts paintings collection—a curated selection created for anyone who loves the energy of the stage. This collection brings together artworks inspired by live performances, musical moments, dancers in motion, orchestras, concerts, and the creative spark behind the performing world. Each piece captures the mood of sound and movement, turning emotion into visual storytelling.
 
 As you explore this curated art collection, you’ll find paintings that celebrate jazz nights, ballet scenes, soulful singers, dramatic theater silhouettes, and vibrant instrumental themes. These artworks are chosen for the feelings they awaken—joy, passion, nostalgia, and the thrill of performance. They offer a powerful way to connect with the music and stories you love, making this a meaningful category for anyone looking to buy expressive and artistic pieces online.
 
 Our Music & Performing Arts selection is thoughtfully assembled to help you find artwork that resonates with your personality and artistic taste. Whether you're drawn to bold energy, quiet elegance, or emotional depth, this collection brings you closer to the world of performance in a way that feels personal, modern, and inspiring.";"music-and-performing";"Music & Performing Arts Collection & Paintings| Right Art Uk";"";"Explore expressive Music & Performing Arts paintings featuring dancers, musicians, and stage moments. A curated, emotion-filled art collection to shop online.";"";"";"";"Visitor,Customer,Guest";""
"49";"1";"Sports paintings";"5";"Subjects";"Our Sports Paintings Collection brings the thrill, energy, and emotion of athletic moments right into view. Each artwork is thoughtfully curated to capture powerful expressions of movement, determination, teamwork, and triumph. Whether it’s the explosive action of competitive games or the quiet focus of athletes in motion, these pieces celebrate the passion that drives every sport lover.
 
 Inside this collection, you’ll find dynamic sports-themed art featuring iconic moments, legendary players, competitive scenes, and expressive action shots across various disciplines. From fast-paced gameplay to inspiring portraits of champions, every piece is chosen to offer both impact and storytelling. This collection is designed for anyone who wants to buy meaningful art that reflects dedication, strength, and the spirit of competition.
 
 Explore a curated selection that blends modern style with emotional depth—perfect for fans who want artwork that speaks to their love for the game.";"sports";"Sports paintings & Art Collection| Right Art Uk";"";"Discover our Sports Paintings Collection featuring dynamic, curated sports-themed art that captures energy, passion, and powerful athletic moments.";"";"";"";"Visitor,Customer,Guest";""
"50";"1";"Fantasy & Sci-Fi paintings";"5";"Subjects";"Step into a world where imagination takes the lead with our Fantasy & Sci-Fi paintings collection. This curated selection is crafted for art lovers who want to explore distant galaxies, magical landscapes, legendary creatures, heroic warriors, futuristic cities, and otherworldly realms. Every piece in this collection is chosen for its ability to spark curiosity, inspire wonder, and immerse you in stories that stretch far beyond everyday life.
 
 Inside this collection, you’ll find bold and atmospheric artworks filled with cosmic energy, mythical symbolism, and adventurous spirit. From dark enchanted forests and ancient ruins to neon-lit universes and space-travel visions, each painting captures a mood that feels powerful, mysterious, and emotionally rich. Whether you’re discovering art to collect or searching for something truly unique, these hand-picked works celebrate creativity and world-building at its finest.
 
 Explore a curated selection designed for fans of fantasy art, sci-fi art, and imaginative storytelling—perfect for anyone looking to buy expressive, high-impact artwork that brings epic worlds to life.";"fantasy-and-sci-fi";"Fantasy & Sci-Fi paintings & Art Collection| Right Art Uk";"";"Discover our curated Fantasy & Sci-Fi paintings collection—art filled with magic, galaxies, creatures, and futuristic worlds. Explore imaginative artworks.";"";"";"";"Visitor,Customer,Guest";""
"51";"0";"Romantic paintings";"31";"Adult & Erotic paintings";"Discover the soft, heartfelt atmosphere inside our Romantic Paintings collection—a curated selection designed to celebrate emotion, connection, and timeless beauty. Each artwork in this collection highlights tender moments, dreamy scenery, and expressive storytelling that instantly draws viewers into a warm, sentimental world. Whether it’s intimate couples, poetic landscapes, or gentle, love-filled themes, every piece is chosen for the feeling it creates and the story it carries.

This collection is perfect for anyone looking to buy art that captures romance in its purest form. These carefully curated artworks showcase delicate expressions, soft colors, and emotionally rich subjects that make the entire collection feel thoughtful and meaningful. Explore a range of romantic scenes—from classic love motifs to modern interpretations crafted to inspire, uplift, and spark connection. If you enjoy art that speaks from the heart, this is the collection made for you.";"romantic";"Romantic paintings & Art Collection| Right Art Uk";"";"Explore our curated Romantic Paintings collection—dreamy, emotional art featuring heartfelt scenes and expressive love-themed works. Perfect for art lovers.";"";"";"";"Visitor,Customer,Guest";""
"52";"0";"Sensual paintings";"31";"Adult & Erotic paintings";"Discover our Sensual Paintings collection, a carefully curated selection designed to celebrate emotion, intimacy, and the quiet power of human connection. Each artwork in this collection highlights soft gestures, expressive forms, and alluring compositions that draw you in and make you feel part of the moment. These pieces are chosen for the way they evoke warmth, confidence, and a sense of closeness, giving viewers a meaningful visual experience.

Inside this collection, you’ll find sensual art that ranges from subtle, romantic imagery to bold, captivating expressions of desire and vulnerability. Every piece is selected to reflect beauty, harmony, and emotional depth—perfect for art lovers looking to buy meaningful wall art or explore a thoughtfully curated art collection that tells a story. This is a space where passion meets elegance, and where every artwork is crafted to awaken feeling and imagination.

Whether you're browsing for expressive artwork or seeking a standout addition to your personal collection, these sensual pieces offer richness, mood, and unforgettable visual appeal.";"sensual";"Sensual paintings & Art Collection| Right Art Uk";"";"Explore our curated Sensual Paintings collection—expressive, intimate, and emotionally rich art designed to inspire connection and beauty.";"";"";"";"Visitor,Customer,Guest";""
"53";"0";"Nude paintings";"31";"Adult & Erotic paintings";"Discover the beauty of human expression with our Nude Paintings collection—an intimate, thoughtfully curated selection created to celebrate form, emotion, and raw storytelling. Inside this collection, you’ll find artworks that focus on movement, contour, and natural elegance, each piece designed to evoke a sense of honesty and emotional depth. These paintings highlight the quiet strength and vulnerability of the human body, offering shoppers a meaningful way to connect with art on a more personal level.

Every piece in this curated art collection is chosen for its ability to inspire feeling—whether soft, bold, sensual, or contemplative. This is a space for art lovers seeking pieces that go beyond the surface, offering a deeper, more expressive visual experience. If you’re looking to buy art that feels soulful, human, and timeless, this collection brings together works that speak with authenticity and intention.

Shop confidently knowing each artwork has been hand-selected to help you discover pieces that truly resonate.";"nude";"Nude paintings & Art Collection| Right Art Uk";"";"Explore our Nude Paintings collection—curated, emotional, and expressive artworks celebrating human form. Discover meaningful art to elevate your collection.";"";"";"";"Visitor,Customer,Guest";""
"54";"0";"Erotic paintings";"31";"Adult & Erotic paintings";"Explore our Erotic Paintings collection, a curated selection designed to celebrate sensuality, emotion, and human connection through art. Each piece is chosen for its ability to express desire in a tasteful, artistic way—sometimes bold, sometimes subtle, always captivating. This collection brings together sensual themes, intimate poses, mysterious silhouettes, passionate energy, and soft romantic moods, giving viewers a chance to experience beauty, confidence, and emotional depth in visual form.

Inside this collection, you’ll find a variety of sensual artworks ranging from playful to provocative, from elegant minimalism to expressive figurative scenes. Every piece is crafted to evoke feeling—whether that’s empowerment, curiosity, attraction, or the quiet warmth of intimacy. These artworks are thoughtfully selected to appeal to collectors looking for expressive, modern pieces and anyone wanting to buy art that celebrates the beauty of human emotions.

Our curated selection ensures you discover pieces that are artistic, refined, and full of character. Perfect for shoppers searching for unique erotic art, sensual wall art, or a meaningful addition to their personal art collection.";"erotic";"Erotic paintings & Art Collection| Right Art Uk";"";"Discover sensual, artistic erotic paintings in a curated collection celebrating emotion, desire, and modern intimate expression.";"";"";"";"Visitor,Customer,Guest";""
"55";"0";"Drugs paintings";"31";"Adult & Erotic paintings";"Discover our Drugs Paintings collection — a bold, curated selection of artworks that explore surreal moods, altered perceptions, and dream-like emotions. This collection brings together pieces inspired by abstract thoughts, trippy visuals, and psychedelic themes, giving art lovers a chance to dive into a world where colors, shapes, and feelings move in unexpected ways. Each artwork is chosen to spark curiosity and deliver a sense of escape, making this one of our most expressive categories for anyone looking to buy unique art online.

Inside this collection, you’ll find mind-bending visuals, vibrant distortions, energetic patterns, and emotionally charged concepts that reflect the theme of expanded consciousness. These artworks are created to make you feel something — whether that’s intensity, wonder, or a sense of unraveling reality. Our curated art collection is designed to help shoppers explore powerful, mood-driven pieces that stand out and tell a deeper story.

If you’re searching for artistic expression that’s edgy, imaginative, and full of character, this is the place to discover artwork that resonates.";"drugs";"Drugs paintings & Art Collection| Right Art Uk";"";"Explore our Drugs Paintings collection—curated, expressive, and full of surreal, psychedelic visuals for art lovers looking to buy unique artwork.";"";"";"";"Visitor,Customer,Guest";""
"56";"0";"Erotic Anatomy & Body Parts paintings";"31";"Adult & Erotic paintings";"Discover the bold sensuality of our Erotic Anatomy & Body Parts paintings, a curated art collection that celebrates the human form with confidence, emotion, and artistic depth. This gallery brings together expressive pieces that highlight curves, contours, touch, and movement—crafted to evoke feeling rather than simply display figure studies. Each artwork is chosen for the way it captures intimacy, vulnerability, and the quiet power of the body, offering viewers a connection that feels both modern and timeless.

Inside this collection, you’ll find a range of evocative figure-focused pieces—abstract bodies, fragmented forms, sensual silhouettes, expressive close-ups, and emotionally charged anatomy-inspired art. The focus is on mood, storytelling, and the energy each piece radiates. Whether the works lean playful, mysterious, tender, or boldly erotic, every painting is thoughtfully selected to speak to collectors seeking meaningful visual expression.

Perfect for art lovers looking to buy unique body-themed art or browse a carefully curated erotic art collection, this page offers a captivating exploration of human emotion through the lens of anatomy.";"erotic-anatomy-and-body-parts";"Erotic Anatomy & Body Parts paintings & Art Collection| Right Art Uk";"";"Explore a curated collection of Erotic Anatomy & Body Parts paintings featuring sensual, expressive art celebrating emotion, intimacy, and the human form.";"";"";"";"Visitor,Customer,Guest";""
"57";"0";"BDSM paintings";"31";"Adult & Erotic paintings";"Discover our BDSM paintings collection, a bold and emotionally charged selection of art created for those who appreciate intensity, power play, and evocative storytelling. This curated range brings together pieces that explore dominance, submission, mystery, and sensual tension—all expressed through striking visuals and deeply atmospheric scenes. Each artwork is chosen to capture the raw energy, elegance, and psychological depth that define the BDSM world, offering viewers a powerful mix of dark allure and refined aesthetic.

Inside this collection, you’ll find a variety of themes such as masked figures, seductive silhouettes, confident poses, and symbolic restraints—each crafted to spark curiosity and emotion. These pieces don’t just look captivating; they speak to personal identity, fantasy, trust, and connection. Our goal is to give art lovers a thoughtfully curated selection where they can discover expressive, daring works that celebrate alternative forms of beauty. Perfect for anyone looking to buy unique art online or explore distinctive curated art collections.";"bdsm";"BDSM paintings & Art Collection| Right Art Uk";"";"Explore our curated BDSM paintings collection—bold, emotional, and visually striking art for those who love intense, evocative themes.";"";"";"";"Visitor,Customer,Guest";""
"58";"0";"Gore paintings";"31";"Adult & Erotic paintings";"Discover a curated world of dark beauty with our Gore Paintings collection, where intense storytelling and bold emotion meet unforgettable visual impact. This selection brings together artwork that leans into the raw, unsettling, and dramatic—perfect for buyers who appreciate art that challenges the boundaries of comfort and explores the depths of human imagination. Inside this collection, you’ll find pieces featuring haunting figures, eerie contrasts, surreal horror themes, and visually striking scenes crafted to evoke shock, curiosity, and deep emotional response.

Each artwork in this curated collection is chosen for its ability to awaken strong feelings and immerse viewers in a chilling, atmospheric world. These pieces stand out not just for their bold visuals, but for the meaning and mood they carry—making them ideal for collectors who value expressive, statement-making art. If you’re looking to buy unique dark-themed artwork or want to explore a carefully assembled collection that captures the essence of horror aesthetics, this page is where your search becomes an experience.";"gore";"Gore paintings & Art Collection| Right Art Uk";"";"Explore our curated Gore Paintings collection—bold, dark, emotional artworks for collectors seeking powerful, horror-themed pieces.";"";"";"";"Visitor,Customer,Guest";""
"59";"0";"Violent paintings";"31";"Adult & Erotic paintings";"Discover the intense energy and raw emotion inside our Violent Paintings collection, a curated selection made for those who are drawn to powerful, dramatic visuals. Each artwork in this series captures conflict, chaos, and explosive movement, creating an atmosphere that feels bold, edgy, and unforgettable. This collection brings together striking scenes, fierce expressions, and high-impact compositions that speak to the darker, more dynamic side of human experience.

Here, you’ll find art that pushes boundaries—works filled with tension, passion, and gripping storytelling. These pieces appeal to collectors who appreciate dramatic themes and want something that stands out in any curated art collection. Every painting is chosen with purpose, ensuring that you’re exploring a meaningful set of bold, emotionally charged artworks that reflect strength, struggle, and intensity.

Designed for buyers who seek unique and impactful pieces, this collection makes discovering dramatic art easier than ever. Explore, connect, and find the painting that resonates with your own sense of intensity.";"violent";"Violent paintings & Art Collection| Right Art Uk";"";"Explore our Violent Paintings collection—bold, dramatic, and emotionally charged art curated for buyers seeking powerful, high-impact artwork.";"";"";"";"Visitor,Customer,Guest";""
"60";"0";"LGBTQ paintings";"31";"Adult & Erotic paintings";"Discover our LGBTQ paintings collection, a vibrant and meaningful selection of artworks that celebrates identity, love, and the power of being true to yourself. Each piece in this curated art collection reflects the energy, diversity, and pride of the LGBTQ community—rich with emotion, bold color stories, and expressive themes that spark connection. Whether you’re exploring art that represents your journey or looking to buy art that speaks with authenticity, this collection offers a space where every story is honored.

Inside this LGBTQ-themed collection, you’ll find expressive portraits, rainbow-inspired visuals, symbolic storytelling pieces, and modern pride-focused designs that range from uplifting and joyful to deep and heartfelt. These artworks are carefully chosen to highlight voices, experiences, and perspectives that deserve to be seen and celebrated. Every piece carries its own mood—some radiate confidence, some evoke intimacy, and others capture that powerful sense of unity found within the community.

Thoughtfully curated for art lovers searching for meaningful and inclusive creations, this collection makes it easy to explore and shop unique LGBTQ artwork that resonates on a personal level.";"lgbtq";"LGBTQ paintings & Art Collection| Right Art Uk";"";"Explore a curated collection of LGBTQ paintings filled with pride, emotion, and expressive designs. Shop meaningful, inclusive artwork that celebrates identity.";"";"";"";"Visitor,Customer,Guest";""
"61";"1";"Domestic Animals paintings";"32";"Animals paintings";"Discover our Domestic Animals Paintings collection—a warm, heartfelt selection of artworks celebrating the gentle presence of the animals we live closest to. This curated range brings together charming portraits of dogs, cats, cows, goats, horses, and more, each piece created to highlight their personality, loyalty, and everyday beauty. Whether playful, calm, or soulful, these artworks capture the emotions that make domestic animals so special in our lives.

Inside this collection, you’ll find a variety of expressive and character-rich pieces designed for people who appreciate meaningful art and want to buy paintings that feel personal. Every artwork is chosen for its ability to spark connection, evoke comfort, and bring a touch of natural harmony. If you’re searching for a curated art collection that blends emotion, authenticity, and timeless appeal, this selection is made for you.";"domestic-animals";"Domestic Animals paintings & Art Collection| Right Art Uk";"";"Explore our Domestic Animals Paintings collection—warm, expressive, and thoughtfully curated artworks featuring beloved household animals.";"";"";"";"Visitor,Customer,Guest";""
"62";"1";"Wildlife paintings";"32";"Animals paintings";"Explore our Wildlife Paintings collection, a curated selection created for art lovers who feel a connection to the natural world. Each piece captures the raw beauty, quiet intensity, and expressive spirit of animals in their natural habitats. This collection brings together dynamic scenes, gentle moments, and powerful portraits—perfect for anyone looking to buy art that feels alive and emotionally rich.

Inside this collection, you’ll discover vibrant wildlife art featuring majestic big cats, graceful birds, forest creatures, and rare species brought to life with striking detail and personality. Every artwork is chosen with care to reflect both artistic quality and meaningful storytelling, offering buyers a chance to bring home a piece that resonates on a deeper level. Whether you're exploring curated art collections or searching for expressive wildlife themes, this selection is designed to inspire and connect.";"wildlife";"Wildlife paintings & Art Collection| Right Art Uk";"";"Discover curated wildlife paintings that capture emotion, natural beauty, and expressive animal moments—perfect for art lovers seeking meaningful pieces.";"";"";"";"Visitor,Customer,Guest";""
"63";"1";"Bird paintings";"32";"Animals paintings";"Discover the charm and energy of our Bird Paintings Collection, a curated selection designed for art lovers who enjoy nature-inspired visuals and expressive character. This collection brings together artworks that spotlight the beauty, movement, and personality of birds—from peaceful silhouettes to vibrant feathered portraits. Each piece is chosen to spark emotion, whether it’s a feeling of freedom, calm, playfulness, or wonder.

Inside this collection, you’ll find a mix of styles centered around the theme of birds: elegant minimal forms, colorful modern interpretations, dreamy nature scenes, and bold contemporary expressions. Every artwork is handpicked to help shoppers easily explore and buy bird-themed art that feels meaningful and visually uplifting. Thoughtfully curated, this collection makes it simple to discover pieces that connect with your personal taste while offering a smooth, enjoyable browsing experience.

Perfect for anyone searching for unique bird art, nature-inspired wall art, or a refined curated art collection, these pieces blend beauty with emotional storytelling. Explore the collection and find the artwork that speaks to you.";"bird";"Bird paintings & Art Collection| Right Art Uk";"";"Explore our curated Bird Paintings Collection—nature-inspired art with expressive style and emotion. Discover bird-themed artworks you’ll love.";"";"";"";"Visitor,Customer,Guest";""
"64";"1";"Aquatic Life paintings";"32";"Animals paintings";"Explore a captivating world where water and wonder meet in our Aquatic Life Paintings collection. Each piece in this curated art series celebrates the mystery and grace of the ocean—schools of fish shimmering in motion, gentle sea turtles gliding through calm currents, and vibrant coral gardens bursting with color and life. These artworks capture the peaceful rhythm and hidden strength of marine worlds, offering a sense of depth and serenity that connects you to nature’s most mesmerizing realm.

This thoughtfully selected collection brings together talented contemporary artists who express the spirit of the sea through a unique mix of creativity and emotion. Whether you’re drawn to tranquil underwater scenes or dynamic depictions of ocean creatures, these paintings evoke calm, awe, and reflection. Perfect for art lovers who appreciate the beauty of the natural world, this gallery lets you buy aquatic art online and discover pieces that speak to the heart of water-inspired creativity.";"aquatic-life";"Aquatic Life paintings & Art Collection| Right Art Uk";"";"Discover serene and vibrant Aquatic Life Paintings. Explore curated ocean-inspired art that captures the beauty and spirit of marine life.";"";"";"";"Visitor,Customer,Guest";""
"65";"1";"Reptiles & Amphibians paintings";"32";"Animals paintings";"Step into a world where nature’s most fascinating creatures come alive through art. This curated collection of Reptiles & Amphibians paintings celebrates the mystery, color, and texture of life in the wild. From graceful lizards basking in sunlight to vibrant frogs hidden among lush leaves, each artwork captures the quiet power and striking beauty of these creatures. Whether bold or serene, every piece tells its own story, inviting you to experience the raw charm of the animal kingdom.

Our Reptiles & Amphibians art collection is thoughtfully crafted for those who admire the unique character of these often-overlooked beings. Expect a mix of styles—some detailed and lifelike, others expressive and modern—all unified by an appreciation for nature’s rare wonders. Perfect for collectors and art lovers who seek meaning and curiosity in their surroundings, this collection brings together beauty, mystery, and emotion in one place.";"reptiles-and-amphibians";"Reptiles & Amphibians paintings & Art Collection| Right Art Uk";"";"Discover stunning Reptiles & Amphibians paintings—curated art celebrating nature’s most intriguing creatures with color, depth, and life.";"";"";"";"Visitor,Customer,Guest";""
"66";"0";"Butterfly paintings";"32";"Animals paintings";"Step into a world where color, movement, and emotion take flight. Our Butterfly Paintings Collection brings together captivating artworks that capture the delicate beauty and symbolic spirit of butterflies. Each piece in this curated collection reflects transformation, joy, and freedom—inviting viewers to experience a sense of serenity and wonder. These creations are thoughtfully selected to evoke feelings of renewal and positivity, making them perfect for those who appreciate art that inspires and uplifts.

Within this collection, you’ll find a range of modern butterfly art—from dreamy, abstract interpretations to vibrant, detailed designs that celebrate nature’s elegance. Each painting tells its own story through expressive patterns and enchanting hues, creating a visual experience that feels alive and meaningful. Whether you’re exploring to buy art online or simply discovering your next favorite piece, this collection was designed for art lovers seeking beauty with purpose and emotion.";"butterfly";"Butterfly paintings & Art Collection| Right Art Uk";"";"Discover our Butterfly Paintings Collection – vibrant, curated art that captures beauty, freedom, and transformation. Shop inspiring butterfly art.";"";"";"";"Visitor,Customer,Guest";""
"67";"0";"Insect paintings";"32";"Animals paintings";"Step into the world of Insect Paintings — a captivating art collection inspired by the beauty, detail, and mystery of nature’s smallest creatures. Each artwork in this collection celebrates the elegance and individuality of insects, transforming them from everyday wonders into powerful visual stories. From the vivid colors of butterflies to the geometric grace of beetles and dragonflies, every piece invites you to see the natural world through a fresh, imaginative lens.

This curated selection is perfect for art lovers who appreciate creativity, balance, and fine detail. The collection blends realism with artistic expression, capturing the delicate patterns and textures that make insects endlessly fascinating. Whether you’re drawn to bold compositions or gentle, nature-inspired themes, this series offers something truly special — art that brings emotion, depth, and a touch of wonder to your collection.";"insect";"Insect paintings & Art Collection| Right Art Uk";"";"Discover our Insect Paintings collection — a curated selection celebrating nature’s tiny wonders through artistic detail and expressive design.";"";"";"";"Visitor,Customer,Guest";""
"68";"0";"Prehistoric Animal paintings";"32";"Animals paintings";"Step back in time with our Prehistoric Animal Paintings collection, where art meets the mysteries of Earth’s earliest creatures. This carefully curated selection captures the raw energy, beauty, and untamed spirit of life before humanity — from mighty dinosaurs and woolly mammoths to ancient marine beasts and sky dominators. Each piece in this collection invites you to imagine a world ruled by giants, filled with movement, color, and awe-inspiring presence.

Perfect for art lovers who appreciate powerful storytelling through visual form, this collection celebrates the lost world that shaped our planet. These paintings are more than depictions — they are emotional journeys through time, crafted to spark curiosity and admiration for the natural forces that once roamed free. Explore this captivating art collection and bring home a piece of prehistoric wonder that connects imagination with history.";"prehistoric-animal";"Prehistoric Animal paintings & Art Collection| Right Art Uk";"";"Explore our Prehistoric Animal Paintings collection – powerful, curated art inspired by ancient creatures, full of energy, color, and timeless beauty.";"";"";"";"Visitor,Customer,Guest";""
"69";"0";"Mythical Animals paintings";"32";"Animals paintings";"Step into a world where imagination runs wild with our Mythical Animals collection — a curated selection of stunning artworks inspired by legends, fantasy, and timeless myths. Each painting captures the power, beauty, and mystery of creatures born from stories that transcend cultures — from majestic dragons and serene phoenixes to graceful unicorns and fierce griffins. This collection invites you to explore a realm where reality blends with dreams, celebrating the art of storytelling through breathtaking visuals.

These artworks are thoughtfully chosen for art lovers who appreciate the extraordinary. Every piece in the Mythical Animals collection is meant to spark curiosity and wonder — evoking emotions of awe, strength, and inspiration. Whether you’re drawn to the symbolism of ancient myths or simply captivated by the beauty of fantastical creatures, this curated art collection offers a journey through imagination and meaning. Discover art that speaks to the spirit of adventure and transforms the way you experience creativity.";"mythical-animals";"Mythical Animals paintings & Art Collection| Right Art Uk";"";"Explore the Mythical Animals art collection – curated fantasy-inspired paintings featuring dragons, phoenixes, unicorns, and more. Buy art that inspires.";"";"";"";"Visitor,Customer,Guest";""
"70";"0";"Modern History paintings";"33";"Culture & History paintings";"Step into our Modern History Paintings collection — where art meets the powerful stories of a changing world. Each piece captures the pulse of modern times, reimagining key moments, figures, and movements that have shaped today’s culture. This curated art collection brings together expressive, thought-provoking works that blend emotion, reflection, and bold creativity.

In this collection, you’ll discover contemporary interpretations of historical events, iconic personalities, and the spirit of revolution and progress. Every artwork is chosen to evoke a sense of connection — to remind us how history continues to inspire modern identity and creativity. Whether it’s a dramatic portrayal of a defining moment or a subtle nod to cultural transformation, these paintings celebrate the energy and resilience of modern humanity.

Explore this handpicked selection to find art that sparks conversation and carries meaning. Perfect for those who appreciate curated art collections that tell powerful stories, our Modern History Paintings offer a timeless look into the world we’ve built — and the emotions that still move us.";"modern-history";"Modern History paintings & Art Collection| Right Art Uk";"";"Discover powerful modern history paintings that capture iconic moments, emotions, and ideas in a curated art collection.";"";"";"";"Visitor,Customer,Guest";""
"71";"1";"Historical paintings";"33";"Culture & History paintings";"Step into a world where every canvas tells a story. Our Historical Paintings Collection brings together art that captures the essence of different eras, cultures, and defining moments of humanity. Each piece has been thoughtfully selected to reflect the emotions, triumphs, and transformations that shaped history — from legendary battles and royal portraits to scenes of everyday life that once defined an age.

This curated collection invites you to experience the past through art that stirs curiosity and admiration. Whether you’re drawn to the grandeur of ancient civilizations, the elegance of Renaissance courts, or the drama of revolution and change, these works are chosen to inspire and connect you with the timeless beauty of history. Discover artworks that speak not only of the past but also of the stories and emotions that continue to shape our world today.

Explore, appreciate, and bring home a piece of art history from a trusted destination for curated art collections and fine artworks available to buy online.";"historical";"Historical paintings & Art Collection| Right Art Uk";"";"Discover historical paintings that capture timeless stories and emotions. Explore curated art collections inspired by history and culture.";"";"";"";"Visitor,Customer,Guest";""
"72";"0";"Empire paintings";"33";"Culture & History paintings";"Step into a world of timeless power and elegance with our Empire Paintings Collection — a carefully curated selection that captures the grandeur, strength, and refined artistry of imperial history. Each artwork tells a story of ambition, courage, and legacy, reflecting the opulent spirit of empires that shaped civilization. From majestic portraits to scenes of triumph and symbolism, these pieces bring together striking detail and deep emotion, inviting you to experience art that celebrates greatness.

This collection has been thoughtfully curated for art lovers who value depth, drama, and sophistication. The Empire Paintings evoke a sense of pride and awe, blending classical beauty with bold storytelling that never fades. Whether you’re looking to buy art that feels powerful or explore a premium curated art collection, this page offers a distinctive blend of artistry and meaning — where every painting stands as a statement of history reborn through modern eyes.";"empire";"Empire paintings & Art Collection| Right Art Uk";"";"Discover our Empire Paintings Collection — a curated selection of powerful, elegant artworks that celebrate legacy, emotion, and timeless beauty.";"";"";"";"Visitor,Customer,Guest";""
"73";"1";"Nation History paintings";"33";"Culture & History paintings";"Step into a journey through time with our Nation History Paintings collection — a tribute to the moments, heroes, and stories that shaped our culture. Each artwork captures the spirit of a nation’s legacy, bringing history to life through expressive color, emotion, and storytelling. This collection is designed for art lovers who appreciate meaningful, narrative-driven pieces that connect the past with the present.

Inside this curated art collection, you’ll discover striking scenes inspired by historic milestones, legendary figures, and cultural turning points that define identity and pride. Every painting tells its own powerful story — filled with emotion, depth, and a sense of belonging. Whether you’re drawn to the grandeur of ancient eras or the struggles that shaped modern history, these works invite you to reflect and feel the heartbeat of a nation through art.

Our Nation History Paintings collection blends beauty, culture, and storytelling — perfect for anyone looking to buy art that resonates beyond visuals. Explore this handpicked collection and experience the emotion of history through timeless artistic expression.";"nation-history";"Nation History paintings & Art Collection| Right Art Uk";"";"Explore Nation History Paintings — curated art capturing cultural legacy, heroes, and stories that shaped our world. Buy meaningful art today.";"";"";"";"Visitor,Customer,Guest";""
"74";"0";"map paintings";"33";"Culture & History paintings";"Discover the Map Paintings Collection — a journey across art, imagination, and global beauty. Each piece in this collection captures the wonder of exploration and the stories hidden within continents, cities, and oceans. These artworks blend creativity with curiosity, offering a modern way to see the world through color, shape, and design. Perfect for those who love travel, culture, and artistic storytelling, our curated collection turns maps into meaningful expressions of connection and discovery.

Every artwork is thoughtfully chosen to evoke emotion — from the calm of soft earth tones to the excitement of vibrant, abstract worlds. You’ll find a variety of map-inspired themes that celebrate the diversity of places and the shared beauty of humanity’s footprints across the globe. This collection isn’t just about geography — it’s about feeling inspired by the idea of belonging everywhere.

Whether you’re exploring new art to buy online or searching for a curated art collection that speaks to your sense of adventure, our map paintings are made to resonate, inspire, and stay timeless.";"map";"map paintings & Art Collection| Right Art Uk";"";"Explore our curated Map Paintings Collection — artistic world maps that inspire adventure, connection, and creativity. Buy art that tells a story.";"";"";"";"Visitor,Customer,Guest";""
"75";"0";"Historical Events paintings";"33";"Culture & History paintings";"Step into history through art with our Historical Events Paintings Collection. Each piece in this curated selection captures defining moments that shaped civilizations — from epic battles and revolutions to moments of peace and discovery. These artworks invite you to experience the drama, courage, and emotion behind the world’s most powerful stories, all translated into stunning visual form.

Our collection is designed for art lovers who value storytelling and heritage. Every painting in this series brings the past to life with expressive detail and atmosphere, helping you connect emotionally with the people and events that changed the course of time. Whether you’re drawn to ancient empires, world-changing movements, or iconic leaders, this collection offers a meaningful way to explore history through art.

Thoughtfully curated for those seeking timeless and inspiring pieces, these artworks go beyond decoration—they are windows into humanity’s greatest moments. Discover and buy art that carries history, emotion, and legacy in every stroke.";"historical-events";"Historical Events paintings & Art Collection| Right Art Uk";"";"Explore our Historical Events Paintings Collection – curated art capturing powerful moments and emotions from history’s most defining events.";"";"";"";"Visitor,Customer,Guest";""
"76";"1";"War paintings";"33";"Culture & History paintings";"Step into a world where art meets history, emotion, and power. Our War Paintings Collection captures the raw intensity of conflict, courage, and humanity through stunning visual storytelling. Each artwork in this curated collection invites you to feel the atmosphere of battle — from the tension before the fight to the quiet aftermath that follows. These pieces reflect bravery, sacrifice, and the deep emotions that war evokes, making them more than just paintings — they’re windows into powerful moments frozen in time.

This collection brings together expressive and thought-provoking artworks carefully selected for art lovers who appreciate depth and drama. Whether you’re drawn to historic scenes, symbolic interpretations, or modern perspectives on struggle and heroism, you’ll find something that speaks to your soul. Perfect for those who value meaningful, curated art collections, these war-inspired pieces transform emotion into visual beauty and narrative power.";"war";"War paintings & Art Collection| Right Art Uk";"";"Explore our War Paintings Collection — powerful, curated art capturing courage, emotion, and the spirit of battle through stunning visual storytelling.";"";"";"";"Visitor,Customer,Guest";""
"77";"0";"Social Movements paintings";"33";"Culture & History paintings";"Step into the Social Movements Paintings collection — a powerful showcase of art that captures the heartbeat of change, unity, and resilience. Each piece in this curated art collection tells a story of voices rising together, moments that defined generations, and the emotions that fuel transformation. Here, you’ll find artworks inspired by themes of equality, freedom, justice, and human connection — all expressed through striking colors, bold compositions, and deeply moving imagery.

This collection is more than visual beauty; it’s a reflection of courage and hope. Every artwork has been thoughtfully selected to inspire thought, conversation, and empathy. Whether it’s the energy of protest, the strength of solidarity, or the quiet power of compassion, each creation in this gallery invites you to experience the human spirit in motion. Explore and find art that speaks not just to your eyes, but to your beliefs — art that celebrates the power of people and the stories that shape our world.";"social-movements";"Social Movements paintings & Art Collection| Right Art Uk";"";"Discover powerful Social Movements paintings—curated art celebrating unity, justice, and human resilience through inspiring visuals.";"";"";"";"Visitor,Customer,Guest";""
"78";"1";"Regional Culture paintings";"33";"Culture & History paintings";"Step into our Regional Culture Paintings collection — a vibrant showcase of artistry inspired by the traditions, people, and soul of diverse regions. Each artwork tells a story of heritage and everyday life, capturing the colors, emotions, and spirit that make every culture unique. From lively festival scenes to tranquil rural landscapes and expressive portraits, this collection celebrates the essence of local identity through beautifully curated visuals.

Here, you’ll discover pieces that connect the past with the present — reflections of community, pride, and belonging. Every painting is thoughtfully chosen to bring you closer to the heart of different cultures, offering a glimpse into their rhythm, values, and timeless charm. Whether you’re an art lover or collector, this curated art collection invites you to explore and buy art that speaks of authenticity, emotion, and cultural depth.";"regional-culture";"Regional Culture paintings & Art Collection| Right Art Uk";"";"Explore curated regional culture paintings that celebrate tradition, emotion, and heritage. Discover and buy art inspired by diverse cultures.";"";"";"";"Visitor,Customer,Guest";""
"79";"0";"Festival paintings";"33";"Culture & History paintings";"Step into a world of color, celebration, and joyful expression with our Festival Paintings Collection. This curated selection captures the beauty, rhythm, and emotion of festivals from around the world — from lively dances and musical gatherings to serene moments of togetherness and tradition. Each artwork in this collection is filled with energy and spirit, reflecting the vibrancy of cultural celebrations that connect people through art and emotion.

Explore paintings that radiate happiness, unity, and festive charm. Whether inspired by lights, music, or movement, these works bring a sense of wonder and warmth that instantly uplifts the soul. Our festival-themed art collection is thoughtfully chosen for those who love color, storytelling, and the feeling of shared joy that comes alive through artistic expression. Browse and buy from this curated art collection to find a piece that truly celebrates life.";"festival";"Festival paintings & Art Collection| Right Art Uk";"";"Celebrate color and culture with our Festival Paintings Collection—curated art that captures joy, unity, and the spirit of celebration.";"";"";"";"Visitor,Customer,Guest";""
"80";"0";"Traditional paintings";"33";"Culture & History paintings";"Step into our Traditional Paintings Collection, where timeless artistry meets soulful expression. Each piece in this curated selection reflects cultural richness, deep symbolism, and stories that have been passed through generations. From serene landscapes to classic portraits and myth-inspired scenes, every artwork captures a sense of heritage and grace that never fades with time.

This collection celebrates the beauty of tradition in a way that feels both familiar and refreshing. The colors, patterns, and themes evoke emotions of warmth, nostalgia, and connection — a reflection of artistry rooted in history yet designed for the modern art lover. Whether you’re exploring art to buy for your collection or simply admiring fine curated works, these paintings invite you to experience the enduring charm of traditional creativity.";"traditional";"Traditional paintings & Art Collection| Right Art Uk";"";"Discover timeless beauty in our Traditional Paintings Collection — a curated selection of cultural, emotional, and classic art pieces to buy online.";"";"";"";"Visitor,Customer,Guest";""
"81";"0";"Fashion paintings";"33";"Culture & History paintings";"Step into our Fashion Paintings collection, a space where creativity walks the runway. Each artwork in this curated selection captures the beauty, attitude, and spirit of fashion—turning moments of style into timeless visuals. Here, you’ll discover expressive portraits, elegant silhouettes, and statement pieces that celebrate individuality, confidence, and the artistry of dressing well.

This collection is more than just about trends—it’s about emotion, glamour, and storytelling. Every piece reflects the mood of high fashion, from bold and dramatic compositions to soft, graceful designs. Whether you’re drawn to modern runway vibes or classic couture-inspired themes, our Fashion Paintings bring a touch of sophistication and energy that speaks to every art lover.

Explore this thoughtfully curated collection to find artwork that embodies passion, personality, and the rhythm of style—perfect for anyone who appreciates the connection between art and fashion culture.";"fashion";"Fashion paintings & Art Collection| Right Art Uk";"";"Discover our Fashion Paintings collection—curated art celebrating style, confidence, and creativity for modern art lovers.";"";"";"";"Visitor,Customer,Guest";""
"82";"1";"Positive Emotions paintings";"34";"Emotions & Advocacy paintings";"Step into a world of warmth and inspiration with our Positive Emotions Paintings collection — a carefully curated selection designed to lift your spirit and brighten your day. Each artwork captures feelings of joy, peace, gratitude, and optimism through expressive colors and uplifting imagery. This collection is all about celebrating life’s beautiful moments and channeling happiness into visual form, offering art lovers a truly heartwarming experience.

Inside this collection, you’ll find diverse pieces that radiate energy, comfort, and harmony — from cheerful abstracts that burst with color to soothing landscapes and serene contemporary compositions. Every painting has been handpicked for its ability to spark positivity and emotional connection, turning simple visuals into meaningful experiences. Whether you’re exploring art to feel inspired or searching for something that reflects your joyful outlook, this collection brings together the best of modern, mood-boosting creativity.";"positive-emotions";"Positive Emotions paintings & Art Collection| Right Art Uk";"";"Discover the Positive Emotions Paintings collection – curated art that inspires joy, peace, and optimism through uplifting and heartwarming designs.";"";"";"";"Visitor,Customer,Guest";""
"83";"0";"Negative Emotions paintings";"34";"Emotions & Advocacy paintings";"Step into the Negative Emotions Paintings Collection – a powerful selection of artworks that explore the depth of human feeling. This curated collection captures the raw beauty hidden within sadness, anger, fear, and confusion. Each painting speaks in its own emotional language, inviting viewers to confront the darker sides of the mind with honesty and empathy.

Inside this collection, you’ll discover expressive, thought-provoking art that transforms pain into visual poetry. These works are not about gloom but about truth—reflecting inner struggles, vulnerability, and resilience through compelling color stories and emotional energy. Perfect for those who connect with the intensity of real emotions, this is where art becomes a mirror to the soul.

Thoughtfully curated for art lovers seeking meaningful, emotionally charged pieces, this collection invites you to explore and buy art that resonates on a deeper level. Experience a gallery where every piece has something to say—about loss, struggle, and ultimately, human strength.";"negative-emotions";"Negative Emotions paintings & Art Collection| Right Art Uk";"";"Explore curated negative emotions paintings – expressive, powerful art that captures the depth of human feeling and raw emotional beauty.";"";"";"";"Visitor,Customer,Guest";""
"84";"0";"Abstract Concepts paintings";"34";"Emotions & Advocacy paintings";"Step into the world of Abstract Concepts paintings, where imagination and emotion meet in powerful visual form. This curated art collection explores the beauty of shapes, colors, and movement beyond the limits of realism. Each artwork invites you to interpret it in your own way — evoking feelings of wonder, depth, and inspiration.

In this collection, you’ll discover pieces that celebrate modern creativity and thoughtful design. From bold color contrasts to subtle, flowing compositions, every painting tells a different story through abstraction. These works are carefully selected to spark curiosity and connection, offering a fresh perspective that transforms how you experience art.

Whether you’re an art lover seeking something expressive or a collector looking for unique, thought-provoking pieces, our Abstract Concepts collection brings together the best of contemporary art that speaks through emotion rather than detail. It’s a gallery of ideas, energy, and imagination — ready to inspire your senses.";"abstract-concepts";"Abstract Concepts paintings & Art Collection| Right Art Uk";"";"Explore our Abstract Concepts paintings — a curated art collection of expressive, modern works that inspire emotion and imagination.";"";"";"";"Visitor,Customer,Guest";""
"85";"0";"love paintings";"34";"Emotions & Advocacy paintings";"Step into the Love Paintings collection — a world where every artwork speaks the language of the heart. This curated collection brings together pieces that capture connection, tenderness, and emotion in their purest forms. Whether it’s the quiet warmth of two souls meeting or the passionate energy of romance, each painting tells a timeless story of affection and human bond.

Here, you’ll find expressive, heart-touching artworks that radiate feelings of closeness, nostalgia, and joy. Our love-themed art collection is thoughtfully chosen to inspire emotion and create an atmosphere of warmth and beauty. Every piece invites you to experience love in all its shades — from dreamy and poetic to bold and vibrant — making it a perfect destination for those who value meaning in art. Explore and find the artwork that resonates with your heart.";"love";"love paintings & Art Collection| Right Art Uk";"";"Discover love paintings that capture emotion, warmth, and connection in every brushstroke. A heartfelt curated art collection to inspire you.";"";"";"";"Visitor,Customer,Guest";""
"86";"1";"Relationship paintings";"34";"Emotions & Advocacy paintings";"Discover the beauty of human connection with our Relationship Paintings Collection — a heartfelt selection of artworks that capture love, trust, and togetherness in their purest forms. Each piece tells a unique story about bonds that shape our lives — from deep friendships and family moments to romantic relationships and soulful connections. This collection celebrates emotion, warmth, and the invisible threads that tie people to one another.

Every painting in this curated collection has been chosen to evoke feeling — the tenderness of shared memories, the joy of companionship, and the quiet strength found in unity. Whether it’s two figures intertwined in affection or subtle gestures that speak louder than words, these works invite viewers to reflect on their own experiences of closeness and care. Perfect for art lovers who value emotion-driven, meaningful art, this collection embodies the essence of connection through thoughtful curation and expressive design.";"relationship";"Relationship paintings & Art Collection| Right Art Uk";"";"Explore our Relationship Paintings Collection – curated artworks celebrating love, connection, and the beauty of human bonds.";"";"";"";"Visitor,Customer,Guest";""
"87";"0";"Loneliness paintings";"34";"Emotions & Advocacy paintings";"Step into a world of silence and depth with our Loneliness Paintings collection. Each artwork in this curated selection captures the raw beauty of solitude — moments where quiet reflection turns into emotional strength. These pieces are more than visual art; they speak to the soul, telling stories of longing, distance, and the quiet comfort of being alone. Whether it’s the soft hues of dusk or a solitary figure in an open space, every detail has been chosen to evoke empathy, thought, and connection.

This collection is thoughtfully crafted for art lovers who seek emotional storytelling through visuals. You’ll discover artworks that explore themes of introspection, melancholy, resilience, and peace — each piece carefully chosen for its power to move and inspire. Our Loneliness Paintings invite you to experience the beauty hidden in stillness and to find meaning in the emotions that connect us all.";"loneliness";"Loneliness paintings & Art Collection| Right Art Uk";"";"Explore our Loneliness Paintings collection — powerful, emotive artworks that capture solitude, reflection, and the quiet beauty of the human soul.";"";"";"";"Visitor,Customer,Guest";""
"88";"0";"Isolation paintings";"34";"Emotions & Advocacy paintings";"Step into the world of Isolation Paintings, a thoughtfully curated art collection that captures the quiet beauty of solitude and introspection. Each artwork in this collection invites you to pause, breathe, and feel the stillness that exists between moments. These pieces explore themes of distance, calm, and self-discovery—reflecting emotions that many of us experience but rarely express. Whether through minimalist compositions or deep emotional tones, these paintings create a space for reflection and connection.

In this collection, you’ll find art that celebrates the strength found in being alone—the kind of solitude that fuels creativity and peace. Every piece is carefully chosen to resonate with modern collectors looking for meaningful, emotive artwork that tells a story beyond the surface. If you love curated art collections that speak to your inner world, the Isolation Paintings are made to inspire and move you.";"isolation";"Isolation paintings & Art Collection| Right Art Uk";"";"Explore the Isolation Paintings collection – a curated selection of soulful, reflective art that captures the beauty and emotion of solitude.";"";"";"";"Visitor,Customer,Guest";""
"89";"0";"Art Therapy & Self-Care paintings";"34";"Emotions & Advocacy paintings";"Step into our Art Therapy & Self-Care collection — a calming space designed to soothe the mind and inspire emotional balance through art. Each piece in this curated selection reflects peace, reflection, and mindfulness, created to help you reconnect with yourself in today’s busy world. These artworks carry gentle tones, soft contrasts, and uplifting themes that evoke comfort, clarity, and inner calm.

In this collection, you’ll discover expressive abstracts, mood-soothing nature scenes, and emotion-driven portraits — all chosen for their ability to reduce stress and encourage self-discovery. Whether you’re drawn to peaceful landscapes or meditative color flows, each artwork in this mindful collection celebrates the healing side of creativity and the beauty of emotional release through art.

Every piece is thoughtfully curated for art lovers seeking more than decoration — it’s about finding emotional renewal, inner peace, and positive energy through visual storytelling. Experience the power of art as a form of self-care and let these paintings guide you toward tranquility and reflection.";"therapy-and-self-care";"Art Therapy & Self-Care paintings & Art Collection| Right Art Uk";"";"Explore our Art Therapy & Self-Care collection – curated art that inspires calm, healing, and mindful self-expression.";"";"";"";"Visitor,Customer,Guest";""
"90";"0";"Human Condition paintings";"34";"Emotions & Advocacy paintings";"Step into our Human Condition Paintings collection — a deeply curated selection that captures what it means to feel, hope, and endure. Each piece explores the emotions that shape our shared humanity — from quiet introspection and resilience to connection and longing. This collection brings together powerful visual stories that speak directly to the heart, inviting viewers to see fragments of their own journey reflected in the art.

These artworks are chosen for their emotional depth and universal themes. Whether it’s the tension of self-discovery, the beauty in vulnerability, or the complexity of human relationships, every piece in this collection tells a story that resonates beyond the canvas. Thoughtfully assembled for those who appreciate art with meaning and soul, our Human Condition Paintings are perfect for anyone seeking a curated art collection that explores life in all its raw, beautiful layers.";"human-condition";"Human Condition paintings & Art Collection| Right Art Uk";"";"Discover our Human Condition Paintings—an art collection exploring emotion, resilience, and connection through powerful, meaningful works.";"";"";"";"Visitor,Customer,Guest";""
"91";"1";"Identity & Gender paintings";"34";"Emotions & Advocacy paintings";"Step into the Identity & Gender collection — a powerful series of expressive artworks that explore how we see ourselves and others. Each piece in this curated art collection dives deep into the layers of personal identity, gender expression, and the fluid beauty of being human. The paintings tell visual stories of strength, transformation, and individuality — celebrating diversity, emotion, and authenticity in every stroke.

Inside this collection, you’ll find striking contemporary art that captures both vulnerability and confidence. Some pieces challenge social norms, while others reveal quiet self-discovery and acceptance. Together, they create an immersive experience that invites reflection and connection, appealing to those who value meaningful, conversation-starting art.

Perfect for collectors and art lovers who seek purpose-driven creativity, this collection highlights the courage to be seen and the art of self-expression. Discover thoughtfully curated works that mirror the evolving narratives of identity and gender in today’s world — art that feels alive, inclusive, and real.";"identity-and-gender";"Identity & Gender paintings & Art Collection| Right Art Uk";"";"Explore the Identity & Gender art collection — expressive, curated paintings celebrating diversity, self-expression, and the beauty of individuality.";"";"";"";"Visitor,Customer,Guest";""
"92";"1";"Social Advocacy paintings";"34";"Emotions & Advocacy paintings";"Step into our Social Advocacy Paintings collection — a space where art becomes a voice for change. Each piece in this curated collection is more than visual beauty; it’s a story, a stand, and a reflection of the world we live in. Here, you’ll find powerful works inspired by social justice, equality, human rights, environmental awareness, and collective empowerment. These paintings invite you to feel, think, and connect — turning awareness into emotion through bold expression and heartfelt creativity.

This thoughtfully curated art collection celebrates artists who use their craft to start conversations and inspire compassion. The mood is raw, emotional, and deeply human — perfect for art lovers who believe creativity can make a difference. Whether you’re drawn to visual storytelling or looking to support meaningful causes through art, this collection speaks directly to the heart and mind. Explore it to discover how art can become both beautiful and purposeful.";"social-advocacy";"Social Advocacy paintings & Art Collection| Right Art Uk";"";"Discover the Social Advocacy Paintings collection — curated art that inspires awareness, emotion, and change through powerful visual storytelling.";"";"";"";"Visitor,Customer,Guest";""
"93";"0";"Environmental Advocacy paintings";"34";"Emotions & Advocacy paintings";"Step into a curated collection where creativity meets purpose. Our Environmental Advocacy paintings tell powerful visual stories about the beauty of nature and the urgent need to protect it. Each artwork in this collection captures the delicate balance between humanity and the environment—lush forests, endangered wildlife, melting glaciers, and oceans in motion—inviting you to reflect on our planet’s shared future.

This collection isn’t just about art; it’s a call for awareness. These expressive pieces evoke emotions of hope, care, and responsibility. They are designed to inspire change, spark conversation, and connect art lovers who believe in sustainability and mindful living. Thoughtfully chosen for their depth and message, these paintings create an immersive experience that celebrates both creativity and conscience.

Explore this meaningful art collection to discover works that not only elevate your space visually but also empower your voice in supporting a greener, more compassionate world.";"environmental-advocacy";"Environmental Advocacy paintings & Art Collection| Right Art Uk";"";"Discover our Environmental Advocacy paintings – a curated art collection inspiring awareness, beauty, and change through powerful nature-focused art.";"";"";"";"Visitor,Customer,Guest";""
"94";"1";"Floral paintings";"35";"Nature paintings";"Step into a world where colors blossom and creativity comes alive with our Floral Paintings Collection. Each piece in this curated selection celebrates the timeless beauty of nature — from soft petals that whisper serenity to vibrant blooms that radiate joy. These artworks are thoughtfully chosen to capture the delicate balance between elegance and energy, offering art lovers a refreshing escape into the charm of nature’s garden.

Our floral art collection brings together diverse styles that express emotion, depth, and imagination. Whether you’re drawn to calming pastels or bold, expressive hues, every painting tells a story of growth, renewal, and connection. This collection is designed for those who appreciate art that feels alive — artwork that stirs emotion and transforms a simple moment into something poetic.

Explore the collection and discover how our carefully curated floral paintings can inspire your space and spark your senses — a true celebration of art and nature in perfect harmony.";"floral";"Floral paintings & Art Collection| Right Art Uk";"";"Discover our curated Floral Paintings Collection – expressive, nature-inspired artworks that celebrate beauty, emotion, and artistic harmony.";"";"";"";"Visitor,Customer,Guest";""
"95";"0";"Botanical paintings";"35";"Nature paintings";"Step into the serene world of Botanical Paintings, where nature’s beauty takes center stage. This curated art collection celebrates the quiet magic of leaves, flowers, and lush greenery, transformed into timeless pieces that bring calm and connection to every viewer. Each artwork captures the elegance of nature’s patterns, offering a visual escape that feels alive with color, texture, and harmony.

In this collection, you’ll find thoughtfully chosen botanical-themed pieces inspired by gardens, forests, and wild blooms. These artworks are crafted to evoke freshness, balance, and renewal—perfect for those who appreciate the art of simplicity and natural wonder. Whether you’re exploring to buy art that soothes the soul or looking for a handpicked art collection that radiates organic beauty, our Botanical Paintings selection invites you to slow down and reconnect with nature’s quiet poetry.";"botanical";"Botanical paintings & Art Collection| Right Art Uk";"";"Discover curated botanical paintings that capture nature’s beauty with elegance and warmth. Explore and buy art inspired by leaves, flowers, and greenery.";"";"";"";"Visitor,Customer,Guest";""
"96";"0";"Tropical paintings";"35";"Nature paintings";"Step into a world of color, warmth, and pure island energy with our Tropical Paintings Collection. Each artwork in this curated selection captures the essence of paradise — from lush palm trees and turquoise waters to golden sunsets and vibrant botanicals. These paintings are designed to bring the rhythm of the tropics to life, blending vivid hues and dreamy compositions that instantly lift the mood.

This collection celebrates the beauty, freedom, and serenity of tropical landscapes. Whether it’s the calm of ocean waves or the playfulness of exotic flora, every piece tells a story of wanderlust and sunshine. Carefully chosen by our curators, these artworks invite you to feel the breeze, the brightness, and the joy of island living — all through color and imagination.

Explore and discover your perfect piece in this exclusive tropical art collection, where every brushstroke is infused with summer spirit and the timeless charm of the tropics.";"tropical";"Tropical paintings & Art Collection| Right Art Uk";"";"Discover our Tropical Paintings Collection — a curated selection of vibrant, mood-lifting art inspired by paradise and island energy.";"";"";"";"Visitor,Customer,Guest";""
"97";"0";"Jungle paintings";"35";"Nature paintings";"Step into a world where nature’s mystery and beauty come alive through our Jungle Paintings Collection. This curated selection celebrates the raw, untamed spirit of the wild—lush greens, hidden creatures, and the rhythm of untouched landscapes. Each artwork captures the feeling of adventure and calm that only the jungle can bring, offering a glimpse into a world full of energy, harmony, and life.

Within this collection, you’ll find diverse interpretations of jungle life—from dense canopies and tropical flora to majestic wildlife and serene forest moods. Every piece has been thoughtfully chosen to evoke emotion and connection, helping art lovers experience the magic of nature through expressive visuals. Perfect for collectors and anyone drawn to the beauty of natural environments, this collection is a celebration of creativity, freedom, and the wonder of the wild.

Explore and buy from our carefully curated art collection today to discover jungle-inspired artworks that speak to your soul and imagination.";"jungle";"Jungle paintings & Art Collection| Right Art Uk";"";"Discover our Jungle Paintings Collection – a curated selection of art inspired by wild nature, lush forests, and the spirit of adventure.";"";"";"";"Visitor,Customer,Guest";""
"98";"0";"Forest paintings";"35";"Nature paintings";"Step into the peaceful world of forest art with our thoughtfully curated Forest Paintings collection. Each piece captures the quiet strength and natural beauty of wooded landscapes — from sunlit paths and misty mornings to deep green canopies alive with hidden life. These artworks are designed to evoke calm, reflection, and a sense of connection with nature’s rhythm. Whether you’re drawn to serene forest glades or mysterious twilight woods, this collection offers a wide range of styles that celebrate the timeless charm of trees, light, and shadow.

Our Forest Paintings collection brings together expressive pieces from talented artists who share a passion for nature’s soul. Each artwork has been carefully selected for its emotional depth and visual harmony, making it easy for art lovers to find something that truly resonates. Explore this curated art collection to discover paintings that inspire peace, imagination, and a deeper appreciation for the natural world — a perfect choice for anyone looking to buy art that feels both grounded and uplifting.";"forest";"Forest paintings & Art Collection| Right Art Uk";"";"Explore our curated Forest Paintings collection — calming, nature-inspired artworks that capture the beauty, mystery, and soul of the woods.";"";"";"";"Visitor,Customer,Guest";""
"99";"0";"Woods paintings";"35";"Nature paintings";"Step into the calm and timeless beauty of nature with our Woods Paintings Collection. This curated selection captures the peaceful spirit of forests, tall trees, soft light, and the sense of stillness that only nature can offer. Each artwork in this collection reflects the depth and mystery of wooded landscapes—inviting you to experience serenity, nostalgia, and wonder through the artist’s unique perspective.

Inside this collection, you’ll discover an inspiring range of forest scenes: from misty woodland paths to golden autumn leaves and tranquil green canopies. Every piece has been thoughtfully chosen to bring out the emotional connection between humans and nature—evoking calm, grounding energy, and quiet reflection. Whether you’re exploring art to buy online or looking for a curated art collection that speaks to the soul, these woods-themed artworks tell stories of peace, depth, and natural harmony.

Find your moment of stillness in this serene collection, where the magic of the woods comes to life through art made to be felt and remembered.";"woods";"Woods paintings & Art Collection| Right Art Uk";"";"Explore our Woods Paintings Collection—curated forest-inspired art that captures nature’s calm, mystery, and beauty. Buy serene artworks online";"";"";"";"Visitor,Customer,Guest";""
"100";"1";"Tree paintings";"35";"Nature paintings";"Step into the calm and soulful world of our Tree Paintings Collection, where nature’s timeless beauty meets artistic expression. This curated selection captures the strength, serenity, and mystery of trees through a variety of styles and moods — from peaceful forest scenes to bold, abstract interpretations. Each piece tells a quiet story of growth, connection, and balance, inviting viewers to pause and feel a deeper link with the natural world.

In this collection, you’ll find artwork that celebrates trees in every form — lush green canopies, golden autumn paths, or minimal silhouettes that highlight nature’s simplicity. Every painting has been thoughtfully chosen to bring a sense of peace and renewal to your space, whether you’re drawn to vibrant colors or subtle, earthy tones. Perfect for art lovers who appreciate nature-inspired themes and meaningful, expressive visuals, this collection offers something truly special for those seeking art with soul and harmony.";"tree";"Tree paintings & Art Collection| Right Art Uk";"";"Explore our Tree Paintings Collection – a curated selection of nature-inspired art celebrating the beauty, calm, and spirit of trees.";"";"";"";"Visitor,Customer,Guest";""
"101";"1";"Seasons paintings";"35";"Nature paintings";"Step into the rhythm of nature with our Seasons Paintings Collection, where every artwork tells a story of time, color, and emotion. This thoughtfully curated selection captures the essence of spring’s awakening blooms, the golden calm of summer, the cozy charm of autumn, and the quiet grace of winter. Each piece reflects the shifting moods of the year—vibrant, tranquil, nostalgic, or full of renewal—inviting you to feel the beauty of every passing moment.

Inside this collection, you’ll find a blend of contemporary and timeless art that embodies the spirit of the seasons. Whether you’re drawn to bright floral landscapes, misty forest scenes, or abstract interpretations of seasonal energy, these pieces are designed to connect heart and atmosphere. Perfect for collectors and art lovers seeking curated seasonal artwork that inspires, soothes, and tells the story of nature’s endless cycle.";"seasons";"Seasons paintings & Art Collection| Right Art Uk";"";"Explore our Seasons Paintings Collection – curated seasonal art that captures nature’s beauty through color, emotion, and timeless design.";"";"";"";"Visitor,Customer,Guest";""
"102";"0";"Cloud paintings";"35";"Nature paintings";"Step into the dreamy world of our Cloud Paintings Collection, where art meets emotion in the softest and most inspiring way. Each piece captures the beauty of skies in motion — from peaceful dawns to dramatic twilight clouds — bringing a sense of calm, wonder, and imagination to your space. This curated collection celebrates the serenity and power of nature above us, designed to evoke reflection and lightness with every glance.

In this collection, you’ll find a diverse range of cloud-inspired artworks that highlight the endless forms and moods of the sky. Some pieces radiate gentle warmth and hope, while others capture the breathtaking mystery of storms and sunsets. Every painting is handpicked for its ability to transport you into a moment of stillness — where time slows, and your thoughts drift freely. Whether you’re exploring art that feels tranquil or expressive, our Cloud Paintings are a reminder of beauty that’s always just above us.";"cloud";"Cloud paintings & Art Collection| Right Art Uk";"";"Explore our Cloud Paintings Collection — a curated selection of sky-inspired art that captures emotion, calm, and the beauty of nature above.";"";"";"";"Visitor,Customer,Guest";""
"103";"0";"Nature Elements paintings";"35";"Nature paintings";"Step into a world where art meets the spirit of nature. Our Nature Elements paintings collection brings together handpicked artworks that celebrate the raw power and calm beauty of the natural world. Each piece captures the rhythm of wind, the stillness of water, the glow of sunlight, and the strength of the earth — blending organic tones and flowing forms to evoke a sense of harmony and peace.

Inside this thoughtfully curated collection, you’ll find diverse interpretations of landscapes, trees, oceans, skies, and other elemental wonders — all created to connect you with the essence of nature. Whether it’s the soft hues of dawn or the dramatic energy of a storm, every artwork tells a story that reminds us of our bond with the planet. Perfect for art lovers looking to buy expressive, nature-inspired art that stirs emotion and inspires mindfulness, this collection reflects the beauty of life in its purest form.";"nature-elements";"Nature Elements paintings & Art Collection| Right Art Uk";"";"Discover the Nature Elements paintings collection – a curated selection of nature-inspired art celebrating earth, sky, and water in stunning harmony.";"";"";"";"Visitor,Customer,Guest";""
"104";"1";"Natural Phenomena paintings";"35";"Nature paintings";"Step into the awe-inspiring world of Natural Phenomena paintings, where each artwork captures the magic, movement, and mystery of our planet’s most breathtaking moments. This curated art collection brings together stunning visuals inspired by the forces of nature — from luminous skies and dramatic storms to tranquil sunsets, cascading waterfalls, and glowing auroras. Every piece tells a story of balance between chaos and calm, inviting you to feel the energy and serenity that only nature can evoke.

In this collection, you’ll find paintings that celebrate the rhythm of the earth — shifting clouds, waves in motion, fire’s radiant glow, and the quiet majesty of mountains and skies. Perfect for those who love expressive, nature-inspired art, these works are chosen for their emotional depth and visual harmony. Whether you’re drawn to the power of a thunderstorm or the peace of a misty horizon, this collection offers a curated experience that connects you deeply to the natural world through art.";"natural-phenomena";"Natural Phenomena paintings & Art Collection| Right Art Uk";"";"Explore Natural Phenomena paintings – a curated art collection capturing nature’s beauty, power, and emotion. Buy unique nature-inspired art online.";"";"";"";"Visitor,Customer,Guest";""
"105";"1";"Disaster paintings";"35";"Nature paintings";"Step into the world of Disaster Paintings, a powerful art collection that captures chaos, resilience, and the beauty found within destruction. Each piece tells a story — storms raging, cities crumbling, or nature reclaiming its power — inviting you to feel the intensity and emotion behind every scene. This collection isn’t about devastation alone; it’s about transformation, reflection, and the strength that rises after the fall.

Carefully curated for art lovers who seek more than just visuals, these works evoke deep emotions and spark thought. From haunting landscapes to symbolic interpretations of global events, every artwork in this collection explores how humanity and nature respond when pushed to their limits. Whether you’re drawn to the drama, the storytelling, or the bold visual energy, the Disaster Paintings collection offers a striking way to experience art that challenges, moves, and stays with you long after viewing.";"disaster";"Disaster paintings & Art Collection| Right Art Uk";"";"Discover the Disaster Paintings collection — bold, emotional artworks capturing chaos, power, and beauty within curated art for deep reflection.";"";"";"";"Visitor,Customer,Guest";""
"106";"0";"Still Life paintings";"36";"Object & Still Life paintings";"Step into our Still Life Paintings collection — a gallery of artworks that capture quiet beauty in its purest form. Each piece celebrates the art of observation, turning everyday objects into moments of calm and reflection. You’ll find thoughtfully curated paintings that balance simplicity and depth, inviting you to slow down and appreciate the harmony of light, color, and detail.

This collection brings together a variety of still life themes — from timeless arrangements of fruit and flowers to modern interpretations of daily objects that tell subtle stories. Every artwork is handpicked for its emotional tone, sense of balance, and ability to draw the viewer into a peaceful, contemplative mood. Whether you’re exploring fine art to buy or seeking a curated art collection that speaks to mindfulness and beauty, these still life pieces promise to inspire and soothe through their quiet elegance.";"still-life";"Still Life paintings & Art Collection| Right Art Uk";"";"Explore curated Still Life paintings that capture calm beauty and emotion — a handpicked art collection to inspire mindful living.";"";"";"";"Visitor,Customer,Guest";""
"107";"0";"Everyday Objects paintings";"36";"Object & Still Life paintings";"Discover the quiet charm and emotional depth within our Everyday Objects collection — a curated selection of artworks that turn familiar things into moments of wonder. Each piece captures the poetry hidden in daily life, transforming ordinary subjects like cups, books, flowers, or chairs into thoughtful reflections of comfort, nostalgia, and human connection. This collection invites you to slow down and see beauty in simplicity — where color, composition, and feeling blend to create visual stories that speak to the soul.

These paintings are carefully chosen to appeal to art lovers seeking something meaningful and relatable. Whether you’re exploring curated art collections or looking to buy art that feels authentic and grounded, this gallery brings together works that celebrate mindfulness, calm, and emotional warmth. The Everyday Objects series is more than just art — it’s a reminder that beauty often hides in the things we see every day, waiting for us to notice.";"everyday-objects";"Everyday Objects paintings & Art Collection| Right Art Uk";"";"Explore our Everyday Objects art collection — a curated gallery celebrating simple beauty, emotional warmth, and the art of everyday life.";"";"";"";"Visitor,Customer,Guest";""
"108";"0";"Architectural Elements paintings";"36";"Object & Still Life paintings";"Discover the timeless beauty of form and structure in our Architectural Elements collection. This curated selection celebrates the elegance of arches, facades, stairways, and city silhouettes—each artwork capturing the harmony between art and architecture. Designed for art lovers who appreciate geometry, balance, and mood, these pieces transform architectural subjects into visual stories that speak of history, culture, and creativity.

Every painting in this collection invites you to see architecture not as a structure, but as emotion—shadows, light, and perspective blending to create moments of stillness and sophistication. From grand monuments to quiet alleyways, this art collection highlights how human design meets artistic expression. Thoughtfully chosen to inspire reflection and admiration, these works offer a contemporary yet timeless touch for collectors looking to buy meaningful, curated art.";"architectural-elements";"Architectural Elements paintings & Art Collection| Right Art Uk";"";"Explore our curated Architectural Elements art collection—paintings inspired by structure, light, and form. Shop unique, architectural-inspired art.";"";"";"";"Visitor,Customer,Guest";""
"109";"0";"Food paintings";"36";"Object & Still Life paintings";"Step into our Food Paintings Collection, where art meets the joy of flavor and color. This curated selection celebrates the beauty of everyday indulgence — from vibrant fruits and decadent desserts to cozy café scenes and market-inspired still lifes. Each artwork captures the warmth, nostalgia, and delight that food brings to life, turning familiar moments into visual feasts for the senses.

This collection is thoughtfully crafted for those who see art as an experience — full of taste, texture, and emotion. Whether you’re drawn to bold, playful compositions or serene, minimalist interpretations, our food-inspired art invites you to savor the creativity behind each piece. It’s a celebration of culture, comfort, and connection — all through the lens of delicious inspiration.

Explore and buy food art online that speaks to your senses. Every piece in this curated art collection tells a flavorful story that stirs both appetite and imagination.";"food";"Food paintings & Art Collection| Right Art Uk";"";"Discover our Food Paintings Collection – a curated selection of vibrant, emotion-filled food art celebrating color, flavor, and creativity.";"";"";"";"Visitor,Customer,Guest";""
"110";"0";"Drink paintings";"36";"Object & Still Life paintings";"Step into our Drink Paintings collection — a vibrant celebration of moments poured into color and motion. Each piece in this curated art collection captures the beauty, energy, and emotion found in the simple act of raising a glass. From sparkling cocktails and rich coffees to vintage wines and refreshing juices, these artworks tell visual stories that stir the senses and evoke the spirit of togetherness, celebration, and calm reflection.

This collection is perfect for art lovers who appreciate creative expression inspired by everyday pleasures. Every painting in the Drink Paintings selection is chosen for its ability to spark feeling — whether it’s the joy of shared laughter, the peace of a quiet sip, or the lively rhythm of a night out. Thoughtfully curated to inspire connection, this collection invites viewers to slow down, feel the moment, and savor the artistry behind every drink. Explore and find the piece that speaks to your personal mood and taste in fine art.";"drink";"Drink paintings & Art Collection| Right Art Uk";"";"Discover our Drink Paintings collection – curated art inspired by coffee, wine, and cocktails. Feel the emotion and energy in every piece.";"";"";"";"Visitor,Customer,Guest";""
"111";"0";"Book paintings";"36";"Object & Still Life paintings";"Step into our Book Paintings collection — a world where imagination and art meet. Each piece in this curated art collection is inspired by the magic of storytelling, bringing to life the moods, emotions, and wonder found in beloved tales. These artworks capture the essence of literary worlds — from dreamy fantasy landscapes to scenes of mystery, reflection, and adventure — inviting viewers to feel the same emotions that great stories evoke.

This collection is carefully designed for art lovers who believe every painting should tell a story. Whether it’s a visual echo of a classic novel, a poetic scene from a timeless fable, or a symbolic expression of words left unwritten, our Book Paintings celebrate the power of imagination. Thoughtfully selected for their emotional depth and beauty, each artwork adds meaning and charm to any personal art collection. Discover a space where reading meets art — and stories unfold in every brushstroke.";"book";"Book paintings & Art Collection| Right Art Uk";"";"Explore our Book Paintings collection — curated artworks inspired by stories and imagination. Buy art that brings books and emotions to life.";"";"";"";"Visitor,Customer,Guest";""
"112";"0";"Stationery paintings";"36";"Object & Still Life paintings";"Discover a refreshing world of creativity with our Stationery Paintings collection — a tribute to the beauty found in everyday writing tools and paper treasures. Each artwork in this curated collection celebrates the simple, nostalgic joy of notebooks, pencils, envelopes, and all the tiny essentials that spark imagination. These pieces bring out the quiet poetry of the workspace, turning familiar stationery into subjects of art that inspire calm focus and creativity.

Thoughtfully selected for art lovers who appreciate minimal elegance and meaningful detail, this collection blends warmth, balance, and personality in every piece. Whether you’re browsing to buy art online or exploring unique curated art collections, the Stationery Paintings page offers visuals that transform ordinary objects into timeless stories. Explore this collection to find artwork that speaks to your love of simplicity, creativity, and mindful expression.";"stationery";"Stationery paintings & Art Collection| Right Art Uk";"";"Explore our Stationery Paintings collection – curated art celebrating notebooks, pens, and creative moments with warmth and minimalist charm.";"";"";"";"Visitor,Customer,Guest";""
"113";"0";"Tools paintings";"36";"Object & Still Life paintings";"Discover our Tools Paintings Collection, where creativity meets craftsmanship in every brushstroke. This curated selection celebrates the beauty, strength, and character of the tools that shape our world—symbols of work, creation, and human ingenuity. Each artwork tells a visual story of precision and purpose, transforming everyday instruments into captivating expressions of art.

In this collection, you’ll find paintings inspired by workshop life, vintage craftsmanship, and industrial aesthetics. From the simplicity of hand tools to the intricate details of mechanical equipment, every piece carries a sense of nostalgia and admiration for the makers behind the scenes. These artworks invite viewers to see art in the ordinary—turning metal, wood, and form into moments of emotion and reflection.

Thoughtfully curated for art lovers who appreciate bold themes and meaningful design, the Tools Paintings Collection is a tribute to creativity, effort, and the timeless relationship between hands and the tools they hold. Explore and find the piece that resonates with your passion for craftsmanship and artistic storytelling.";"tools";"Tools paintings & Art Collection| Right Art Uk";"";"Explore our Tools Paintings Collection – curated artworks celebrating craftsmanship, creativity, and the beauty of tools in modern art.";"";"";"";"Visitor,Customer,Guest";""
"114";"0";"Weapons paintings";"36";"Object & Still Life paintings";"Step into the bold world of Weapons Paintings, a powerful collection where strength, history, and artistic imagination collide. Each artwork in this series captures the essence of power, strategy, and symbolism — from ancient swords and shields to futuristic weapon concepts that blend creativity with emotion. These pieces invite you to explore the fine line between beauty and battle, evoking feelings of courage, mystery, and awe.

This curated art collection is crafted for those who appreciate the storytelling behind every weapon — not as a tool of conflict, but as a symbol of resilience and human evolution. Each piece reflects intense energy and thought, designed to spark curiosity and conversation. Whether you’re discovering new art or expanding your personal gallery, the Weapons Paintings collection offers a unique selection of expressive, high-quality artworks that celebrate the artistry within strength.";"weapons";"Weapons paintings & Art Collection| Right Art Uk";"";"Explore our curated Weapons Paintings collection—powerful, symbolic artworks blending history, strength, and creativity for true art lovers.";"";"";"";"Visitor,Customer,Guest";""
"115";"0";"Musical Instruments paintings";"36";"Object & Still Life paintings";"Step into our Musical Instruments Paintings collection — a vibrant celebration of rhythm, harmony, and artistic expression. Each artwork in this curated series captures the soulful essence of music through visual form, featuring instruments like guitars, pianos, violins, drums, and more. These pieces speak to the universal language of melody and movement, offering a visual symphony that connects sound with color and emotion.

This collection is designed for art lovers who find beauty in rhythm and storytelling. Each painting evokes the energy of live performances, the serenity of soft notes, and the deep emotions music stirs within us. Whether you’re drawn to the elegance of classical instruments or the energy of modern sound, these artworks invite you to feel the beat beyond the frame.

Explore and buy from this thoughtfully curated art collection that brings together passion, creativity, and the timeless charm of musical inspiration. Discover the joy of owning art that sings to your soul.";"musical-instruments";"Musical Instruments paintings & Art Collection| Right Art Uk";"";"Explore our Musical Instruments Paintings — a curated art collection celebrating the beauty, rhythm, and emotion of music through stunning visuals.";"";"";"";"Visitor,Customer,Guest";""
"116";"0";"Sports Equipment paintings";"36";"Object & Still Life paintings";"Step into a world where energy, motion, and passion come alive through art. Our Sports Equipment Paintings collection captures the thrill and emotion of sports through striking visuals of iconic gear — from tennis rackets and basketballs to football helmets and running shoes. Each artwork tells a story of dedication, teamwork, and determination, celebrating the beauty behind the tools that power every game.

This thoughtfully curated collection brings together artworks that inspire both athletes and fans alike. Whether you love the rhythm of the court or the calm focus before a big match, these paintings express the excitement, movement, and emotion that define sports culture. Every piece in this collection reflects the love for competition and the artistry of athletic spirit — making it a must-see for anyone who appreciates contemporary sports-themed art and wants to buy curated art collections online.";"sports-equipment";"Sports Equipment paintings & Art Collection| Right Art Uk";"";"Explore our Sports Equipment Paintings — a curated art collection capturing the energy, motion, and passion of sports through modern, dynamic artwork.";"";"";"";"Visitor,Customer,Guest";""
"117";"0";"Vehicle paintings";"36";"Object & Still Life paintings";"Explore our Vehicle Paintings Collection, a curated selection that celebrates speed, adventure, and timeless design through art. Each piece captures the spirit of movement — from classic cars and roaring bikes to sleek modern machines and vintage rides that evoke nostalgia. This collection isn’t just about vehicles; it’s about the stories they tell, the freedom they symbolize, and the emotions they awaken in every viewer.

Whether it’s the energy of the open road or the elegance of a finely crafted automobile, these artworks are chosen to inspire connection and admiration. Our vehicle-themed paintings combine passion and precision, offering a unique way to experience art that’s dynamic, bold, and full of life. Browse this collection to find artwork that fuels your imagination and reflects your love for motion, power, and style — all in one beautifully curated space.";"vehicle";"Vehicle paintings & Art Collection| Right Art Uk";"";"Discover curated vehicle paintings capturing motion, passion, and style — explore dynamic car and bike art made to inspire every art lover.";"";"";"";"Visitor,Customer,Guest";""
"118";"0";"Transport paintings";"36";"Object & Still Life paintings";"Step into our Transport Paintings Collection, a vibrant world where movement, energy, and emotion come to life on canvas. This curated selection celebrates the beauty of motion — from vintage cars and bustling city trams to serene boats gliding across calm waters and powerful trains racing toward the horizon. Each piece captures a unique story of travel, discovery, and connection, appealing to those who find inspiration in life’s journeys.

Our transport-themed art collection is thoughtfully chosen for its expressive charm and visual storytelling. These works bring together modern artistic perspectives with timeless subjects, offering a captivating glimpse into the rhythm of everyday life and the spirit of adventure. Whether you’re drawn to classic elegance or contemporary edge, these transport-inspired pieces invite you to experience the thrill of the road, the calm of the sea, and the wonder of exploration — all through the artist’s eye.

This collection is perfect for art lovers seeking distinctive, meaningful pieces that reflect movement, passion, and creativity. Explore and buy from our curated art collection today and let the power of transport-themed art move you.";"transport";"Transport paintings & Art Collection| Right Art Uk";"";"Explore our curated Transport Paintings collection—art celebrating motion, travel, and discovery. Buy unique transport-themed artworks online.";"";"";"";"Visitor,Customer,Guest";""
"119";"0";"Tech & Gadgets paintings";"36";"Object & Still Life paintings";"Step into the world where creativity meets innovation with our Tech & Gadgets paintings collection. This curated art series celebrates the pulse of modern technology — from sleek devices and digital worlds to the unseen beauty of circuits, code, and futuristic designs. Each artwork captures the energy of progress and the curiosity that drives invention, turning the essence of the digital age into captivating visual stories.

Whether it’s the glow of a neon interface, the rhythm of robotic symmetry, or the dreamlike feel of AI-inspired imagery, this collection brings the modern era to life in color and motion. Designed for tech enthusiasts, digital dreamers, and art lovers alike, every piece in this gallery reflects a perfect balance between imagination and innovation. Explore a space where technology transforms into art, and every painting speaks to the spirit of tomorrow.";"tech-and-gadgets";"Tech & Gadgets paintings & Art Collection| Right Art Uk";"";"Explore the Tech & Gadgets paintings collection—curated modern art inspired by innovation, technology, and the beauty of the digital age.";"";"";"";"Visitor,Customer,Guest";""
"120";"0";"Jewelry & Accessories paintings";"36";"Object & Still Life paintings";"Step into the sparkling world of our Jewelry & Accessories Paintings Collection, where art meets the beauty of adornment. This curated selection celebrates the elegance, charm, and personal expression that jewelry brings to life. Each piece captures the glimmer of gems, the grace of metallic tones, and the allure of fashion-inspired artistry — designed to captivate collectors and art lovers alike.

Inside this collection, you’ll find artworks inspired by necklaces, earrings, rings, and statement accessories — each painting reflecting style, confidence, and sophistication. These pieces radiate a sense of luxury and individuality, turning simple details into moments of visual poetry. Whether you’re drawn to bold, glamorous compositions or subtle, delicate designs, this gallery brings together paintings that sparkle with personality and timeless allure.

Our Jewelry & Accessories collection is thoughtfully curated for those who appreciate art that embodies beauty and self-expression. Discover stunning pieces that speak of elegance, glamour, and creativity — a truly radiant addition to any curated art collection or online art gallery.";"jewelry-and-accessories";"Jewelry & Accessories paintings & Art Collection| Right Art Uk";"";"Discover Jewelry & Accessories Paintings – a curated art collection celebrating elegance, glamour, and creative expression.";"";"";"";"Visitor,Customer,Guest";""
"121";"0";"Historical Figures paintings";"37";"People & Portraits paintings";"Step into the world of greatness with our Historical Figures Paintings Collection, where art meets legacy. Each piece in this collection celebrates iconic personalities who shaped the course of history—leaders, thinkers, and visionaries whose stories continue to inspire generations. These curated artworks bring the spirit of the past to life, capturing moments of triumph, courage, and transformation through expressive color, form, and detail.

This collection invites art lovers and history enthusiasts to explore powerful portraits and scenes that embody wisdom, resilience, and timeless influence. Every artwork has been handpicked to create a meaningful connection between viewer and subject, making it more than just a purchase—it’s an experience of culture and memory. Whether you’re browsing to buy art online or looking for curated art collections that tell a story, this gallery offers a journey through time, emotion, and artistic storytelling.";"historical-figures";"Historical Figures paintings & Art Collection| Right Art Uk";"";"Explore our Historical Figures Paintings Collection—curated art inspired by legends and leaders. Buy meaningful, story-rich artworks online.";"";"";"";"Visitor,Customer,Guest";""
"122";"0";"Political Figures paintings";"37";"People & Portraits paintings";"Step into the Political Figures Paintings collection — a powerful blend of history, emotion, and artistic storytelling. This curated selection celebrates leaders, visionaries, and changemakers from across eras who have shaped the world with their voices and actions. Each artwork captures the essence of political influence, from moments of courage and determination to expressions of hope and leadership that define our shared human story.

This collection is thoughtfully assembled for those who appreciate art with meaning — portraits that don’t just depict a face, but convey a legacy. The mood ranges from bold and dramatic to reflective and inspiring, inviting viewers to connect with the spirit and ideals of these remarkable individuals. Perfect for anyone drawn to culture, power, and purpose, these pieces transform admiration for history’s most iconic figures into visual form. Explore and find a piece that speaks to your values and vision through this distinctive curated art collection.";"political-figures";"Political Figures paintings & Art Collection| Right Art Uk";"";"Explore our Political Figures Paintings — a curated art collection capturing history, leadership, and timeless human expression.";"";"";"";"Visitor,Customer,Guest";""
"123";"0";"Religious Figures paintings";"37";"People & Portraits paintings";"Step into the divine world of art with our Religious Figures Paintings Collection — a heartfelt celebration of faith, spirituality, and timeless devotion. Each artwork in this curated selection captures the grace, compassion, and strength of sacred icons from various beliefs and traditions. These pieces radiate peace and inspiration, inviting viewers to connect with something greater than themselves.

Inside this collection, you’ll discover beautifully composed portraits of revered figures — from serene saints and wise prophets to enlightened beings and divine guardians. Every painting has been thoughtfully chosen to evoke a sense of hope, reflection, and reverence, making this collection not just visually stunning but emotionally uplifting. Perfect for art lovers who value soulful stories and meaningful expressions, this collection brings together artistry and spirituality in a way that speaks directly to the heart.

Whether you’re looking to buy art that inspires or explore a curated art collection that honors faith through creativity, the Religious Figures Paintings page offers a serene journey through beauty and belief.";"religious-figures";"Religious Figures paintings & Art Collection| Right Art Uk";"";"Discover our curated Religious Figures Paintings — soulful art celebrating faith, peace, and devotion. Buy meaningful art that inspires.";"";"";"";"Visitor,Customer,Guest";""
"124";"0";"Royal paintings";"37";"People & Portraits paintings";"Step into timeless grandeur with our Royal Paintings Collection — a curated selection of masterpieces that capture the essence of luxury, power, and heritage. Each artwork in this collection reflects the elegance of royal life, from majestic portraits and imperial scenes to grand celebrations and regal symbolism. Designed for art lovers who admire the grace of kings, queens, and dynasties, these pieces radiate authority and beauty in every detail.

This exclusive collection celebrates the splendor of history’s most iconic figures and palaces, blending fine artistry with the emotion of classic royalty. Whether you’re drawn to the strength in a monarch’s gaze or the lavish beauty of royal courts, every painting tells a story of pride, honor, and timeless elegance. Each piece has been carefully chosen to offer a sophisticated and inspiring experience for those who appreciate thoughtfully curated art collections.

Browse our Royal Paintings today and bring home a part of artistic royalty that speaks to the heart of tradition, luxury, and refinement.";"royal";"Royal paintings & Art Collection| Right Art Uk";"";"Discover our Royal Paintings Collection — elegant, curated art celebrating heritage, power, and timeless luxury for true art enthusiasts.";"";"";"";"Visitor,Customer,Guest";""
"125";"0";"Celebrity paintings";"37";"People & Portraits paintings";"Step into our Celebrity Paintings Collection, where timeless fame meets artistic imagination. Each piece celebrates the personalities who inspire culture, music, film, and fashion — capturing not just their faces, but their aura and story. This collection brings together expressive portraits and creative interpretations of world-renowned icons, designed to connect emotion, admiration, and nostalgia in every brushstroke.

Explore a gallery that pays tribute to legends — from movie stars and musicians to pop culture favorites. Every painting is carefully chosen for its striking visual energy and ability to spark conversation. Whether you’re drawn to bold colors, dramatic expressions, or subtle artistic moods, this collection offers a unique blend of passion and personality. Perfect for anyone who loves art inspired by celebrities, it’s more than just visual appeal — it’s a curated celebration of fame, charisma, and human connection through art.";"celebrity";"Celebrity paintings & Art Collection| Right Art Uk";"";"Discover our Celebrity Paintings Collection – curated art inspired by iconic stars and pop culture legends. Explore expressive, collectible artworks today.";"";"";"";"Visitor,Customer,Guest";""
"126";"0";"Icon paintings";"37";"People & Portraits paintings";"Discover the timeless charm of Icon Paintings, a curated art collection that celebrates spiritual beauty, symbolism, and emotion. Each piece in this collection captures a sense of serenity and reverence, bringing together artworks that speak through graceful lines and luminous color. These paintings are thoughtfully chosen to evoke calm reflection, inspiration, and connection to something beyond the everyday.

In this collection, you’ll find hand-crafted interpretations of sacred figures, celestial forms, and symbolic imagery that resonate with deep cultural and emotional meaning. Every artwork is selected for its power to tell a story — to invite peace, faith, and introspection through a modern artistic lens. This is more than a set of visuals; it’s a soulful art experience curated for those who appreciate meaningful beauty and refined craftsmanship.

Whether you’re exploring for personal inspiration or adding a statement piece to your art collection, these icon paintings offer an unforgettable glimpse into the world of curated spiritual art, made to inspire and uplift.";"icon";"Icon paintings & Art Collection| Right Art Uk";"";"Explore Icon Paintings — a curated collection of spiritual art that inspires reflection, peace, and timeless beauty.";"";"";"";"Visitor,Customer,Guest";""
"127";"0";"Character paintings";"37";"People & Portraits paintings";"Step into our Character Paintings collection — a space where emotion, personality, and storytelling meet on canvas. Each artwork in this curated selection captures the spirit and depth of human expression, bringing you face-to-face with captivating figures and the moods they convey. From powerful portraits to imaginative characters that seem to speak without words, these pieces celebrate individuality and creativity in every brushstroke.

This collection is thoughtfully chosen for art lovers who value emotion and connection in visual form. Whether the characters are bold and mysterious or gentle and reflective, every painting has a story to tell — inviting you to feel, wonder, and connect. Explore this unique gallery to find character art that resonates with your taste, mood, and love for expressive design.

Our Character Paintings collection is more than just art — it’s a journey through personalities and feelings, carefully curated to inspire and move you. Discover the charm of expressive art, and find the piece that truly speaks to you.";"character";"Character paintings & Art Collection| Right Art Uk";"";"Explore expressive Character Paintings — a curated art collection celebrating emotion, personality, and storytelling through unique artworks.";"";"";"";"Visitor,Customer,Guest";""
"128";"0";"Family paintings";"37";"People & Portraits paintings";"Discover the heartwarming beauty of our Family Paintings Collection, where every artwork celebrates the bonds that bring people together. This curated selection captures tender moments of love, unity, and shared joy—paintings that speak to the warmth of togetherness and the comfort of belonging. Each piece is thoughtfully chosen to evoke emotions that remind us of home, laughter, and the strength of family connections.

Inside this collection, you’ll find a variety of family-themed art pieces—from joyful scenes of parents and children to heartfelt portrayals of generations sharing simple, meaningful moments. These artworks are perfect for anyone who values emotional storytelling through art and wants to bring a sense of connection into their life. Our curated art collection makes it easy to explore and buy family paintings that inspire feelings of love and nostalgia while adding a timeless human touch to your space.";"family";"Family paintings & Art Collection| Right Art Uk";"";"Explore our Family Paintings Collection—emotion-filled art celebrating love, unity, and togetherness. Shop curated family-themed paintings online.";"";"";"";"Visitor,Customer,Guest";""
"129";"0";"Self Portrait paintings";"37";"People & Portraits paintings";"Step into our Self Portrait Paintings Collection, a curated space where art becomes a mirror of emotion, personality, and story. Each piece captures the artist’s essence — from quiet introspection to bold self-expression — offering a glimpse into the human experience in its most personal form. This collection celebrates individuality, emotion, and the art of seeing oneself through creative eyes.

Here, you’ll find a range of contemporary self portraits that explore identity, confidence, and vulnerability. Some radiate strength and self-assurance, while others reveal a softer, reflective mood. Every artwork in this collection is thoughtfully chosen to inspire connection — with the artist, with yourself, and with the timeless idea of self-discovery through art.

Perfect for art lovers who value authenticity and emotional depth, this is more than just a collection — it’s a journey through faces, feelings, and personal stories told through the language of art. Discover your next curated art piece and bring home a work that speaks to your soul.";"self-portrait";"Self Portrait paintings & Art Collection| Right Art Uk";"";"Explore our curated Self Portrait Paintings collection – powerful, emotional artworks celebrating individuality and self-expression through art.";"";"";"";"Visitor,Customer,Guest";""
"130";"0";"Children paintings";"37";"People & Portraits paintings";"Welcome to our Children Paintings collection — a joyful and heartwarming selection of art inspired by childhood wonder and imagination. Each piece in this collection captures the magic of growing up — the laughter, dreams, and innocence that make childhood so unforgettable. These artworks are created to bring out the pure emotions of play, curiosity, and happiness, making every piece a story in color and feeling.

In this curated collection, you’ll find paintings that celebrate friendship, family, and the beauty of simple moments. From dreamy scenes filled with color and light to charming illustrations that reflect the world through a child’s eyes, this collection is designed to make you feel inspired and uplifted. Every artwork is handpicked with care, ensuring that each piece adds a sense of warmth and storytelling to your art journey.

Explore our Children Paintings today — a carefully curated art collection that celebrates love, joy, and the colorful spirit of childhood. Discover art that speaks to your heart and captures the essence of what it means to see the world with wonder.";"children";"Children paintings & Art Collection| Right Art Uk";"";"Discover our Children Paintings collection — joyful, heartwarming art curated to capture childhood wonder, happiness, and imagination.";"";"";"";"Visitor,Customer,Guest";""
"131";"0";"Musician paintings";"37";"People & Portraits paintings";"Step into our Musician Paintings collection, where rhythm, passion, and artistry come together on canvas. This curated selection captures the spirit of music through expressive portraits, lively concert scenes, and soulful moments of musicians lost in their craft. Each artwork tells a story—of creativity, rhythm, and emotion—bringing the energy of sound to life through color and movement.

Inside this collection, you’ll find a range of pieces inspired by jazz legends, classical performers, modern bands, and street musicians—each crafted to spark inspiration and connect with music lovers and art collectors alike. These paintings are more than visuals; they’re emotional experiences designed to resonate with those who find beauty in melody and performance. Thoughtfully curated, every piece adds a unique voice to this vibrant celebration of artistic sound.";"musician";"Musician paintings & Art Collection| Right Art Uk";"";"Discover expressive musician paintings that capture rhythm and soul. Explore our curated art collection inspired by the world of music.";"";"";"";"Visitor,Customer,Guest";""
"132";"0";"Singer paintings";"37";"People & Portraits paintings";"Step into the expressive world of Singer Paintings, a curated collection celebrating the beauty, rhythm, and emotion of music through art. Each piece in this collection captures the passion, energy, and soul of singers mid-performance — from intimate portraits that reveal quiet emotion to vibrant stage scenes that pulse with life. These artworks speak to the connection between sound and feeling, transforming the power of voice into stunning visual stories.

Carefully selected by our art curators, the Singer Paintings Collection offers an inspiring mix of modern, emotional, and personality-driven works that bring the essence of performance to life. Whether you’re drawn to the raw intensity of a live moment or the quiet strength of a solitary singer, this collection invites you to experience the artistry of human expression in its purest form. Explore and buy from this thoughtfully assembled range of singer-inspired art pieces — made for those who appreciate creativity, emotion, and the timeless connection between art and music.";"singer";"Singer paintings & Art Collection| Right Art Uk";"";"Discover our Singer Paintings collection — emotional, music-inspired art curated for expressive art lovers. Shop soulful singer artworks online.";"";"";"";"Visitor,Customer,Guest";""
"133";"1";"Countries & Regions paintings";"38";"Places and Cityscape paintings";"Discover the beauty of the world through our Countries & Regions Paintings Collection, where art meets culture and emotion. Each piece in this curated collection captures the soul of a destination — from vibrant cityscapes and serene coastlines to breathtaking mountains and timeless landmarks. These artworks bring together stories of heritage, color, and atmosphere, allowing you to experience the feeling of travel and connection through art.

Every painting in this collection has been thoughtfully chosen to reflect the essence of a place — the warmth of Mediterranean sunsets, the mystique of Asian temples, the charm of European streets, and the vast stillness of desert horizons. Whether you’re drawn to the romance of Paris, the energy of New York, or the calm of a distant village, this selection invites you to explore the world visually and emotionally.

Perfect for those who love to collect meaningful art, this collection offers a blend of diversity, wanderlust, and elegance — a celebration of how art can connect us to places we dream of and memories we hold dear.";"countries-and-regions";"Countries & Regions paintings & Art Collection| Right Art Uk";"";"Explore our Countries & Regions Paintings Collection — curated artworks inspired by global beauty, culture, and emotion. Buy unique art today.";"";"";"";"Visitor,Customer,Guest";""
"134";"1";"Cities & Towns & State paintings";"38";"Places and Cityscape paintings";"Discover the charm and character of places that tell a story through art. Our Cities & Towns & State paintings collection captures the heart of urban life and the calm spirit of hometowns across different regions. Each artwork brings you closer to the streets, skylines, and hidden corners that define a city’s soul — from the buzz of metropolitan scenes to the quiet beauty of small-town life.

This thoughtfully curated collection celebrates the diversity of places and the emotions they inspire. Whether it’s the nostalgia of a familiar neighborhood or the excitement of discovering new horizons, these paintings invite you to travel through color, light, and atmosphere. Perfect for those who love to collect meaningful art, this selection offers a blend of personality and story that connects you to the world in a deeply visual way. Explore the artistry that makes every city and state unique — where every brushstroke feels like a memory waiting to be rediscovered.";"cities-and-towns-and-state";"Cities & Towns & State paintings & Art Collection| Right Art Uk";"";"Explore our Cities & Towns & State paintings collection — curated art capturing urban charm, hometown warmth, and travel-inspired beauty.";"";"";"";"Visitor,Customer,Guest";""
"135";"0";"Mythical Cities paintings";"38";"Places and Cityscape paintings";"Step into the enchanting world of Mythical Cities, a curated art collection that reimagines legendary places and dreamlike skylines. Each piece captures the wonder of cities that exist beyond maps — glowing towers, floating streets, and hidden worlds shaped by imagination and storytelling. This collection invites you to experience a sense of awe and curiosity, where every brushstroke unfolds a new realm waiting to be explored.

These artworks blend fantasy and architecture to create scenes that feel both familiar and otherworldly. From celestial metropolises to ancient, forgotten kingdoms, every city tells its own story through mood, color, and light. The Mythical Cities collection is designed for art lovers seeking inspiration and meaning, offering a carefully curated selection that speaks to the dreamer in everyone. Discover art that doesn’t just decorate — it transports you.";"mythical-cities";"Mythical Cities paintings & Art Collection| Right Art Uk";"";"Explore the Mythical Cities art collection – curated fantasy cityscapes that inspire wonder, imagination, and emotion. Buy unique art online today.";"";"";"";"Visitor,Customer,Guest";""
"136";"0";"Cityscape paintings";"38";"Places and Cityscape paintings";"Step into a world where city lights, bustling streets, and quiet corners come alive through art. Our Cityscape Paintings Collection captures the heartbeat of modern life — from glowing skylines to rain-washed avenues and dreamy evening horizons. Each piece in this curated selection tells its own story of movement, rhythm, and reflection, inviting you to feel the pulse of the city in every brushstroke.

Carefully chosen by our team of art lovers, these works celebrate the beauty, chaos, and serenity found within urban spaces. You’ll find a variety of moods here — energetic scenes that spark inspiration, and peaceful city moments that evoke calm and nostalgia. Whether it’s a vibrant downtown view or a misty street at dawn, this collection offers something for every art enthusiast drawn to the modern world’s timeless charm.

Perfect for those who appreciate curated art collections and wish to buy art online that captures the emotion and story of city life, our Cityscape Paintings are designed to connect with your sense of wonder, creativity, and love for the world in motion.";"cityscape";"Cityscape paintings & Art Collection| Right Art Uk";"";"Explore our Cityscape Paintings Collection — curated urban art capturing the beauty, mood, and rhythm of modern city life.";"";"";"";"Visitor,Customer,Guest";""
"137";"1";"Urban Skylines paintings";"38";"Places and Cityscape paintings";"Step into the vibrant energy of the city with our Urban Skylines collection—a curated selection of artworks that capture the pulse, rhythm, and lights of modern life. Each piece reflects the charm of towering skyscrapers, glowing streets, and the quiet poetry hidden within every corner of a cityscape. This collection celebrates movement, ambition, and the ever-changing horizon that defines urban living.

Inside this collection, you’ll find city-inspired paintings that blend mood, light, and atmosphere to evoke both wonder and nostalgia. From glowing night skylines to dreamy sunsets over bustling avenues, each artwork is chosen for its ability to tell a visual story about the heart of the city. Whether you’re drawn to minimal silhouettes or vivid, expressive skylines, this selection brings together diverse perspectives on what makes city life so captivating.

These paintings aren’t just visuals—they’re experiences, designed for art lovers who appreciate modern art, curated art collections, and the emotional connection that only thoughtfully selected cityscape art can bring. Explore the collection and discover the beauty that shines through every skyline.";"urban-skylines";"Urban Skylines paintings & Art Collection| Right Art Uk";"";"Explore our Urban Skylines paintings—curated cityscape art capturing the energy, mood, and beauty of modern urban life.";"";"";"";"Visitor,Customer,Guest";""
"138";"0";"Street paintings";"38";"Places and Cityscape paintings";"Step into the rhythm of the city with our Street Paintings collection — a vivid showcase of art inspired by the raw energy, colors, and contrasts of urban life. Each piece captures the soul of the streets — from vibrant graffiti walls and bustling alleys to quiet corners filled with untold stories. This curated art collection invites you to experience the heartbeat of modern cities through expressive scenes, bold compositions, and striking perspectives that mirror everyday movement and emotion.

Our Street Paintings bring together works that celebrate creativity born from the concrete jungle — moments of chaos and calm that reflect the pulse of contemporary culture. Perfect for those who love authentic expression, this collection connects you to the spirit of urban art, letting you explore the beauty hidden in the city’s rhythm. Discover powerful imagery, dynamic moods, and a modern edge — all thoughtfully selected for art lovers seeking something truly meaningful.";"street";"Street paintings & Art Collection| Right Art Uk";"";"Explore our Street Paintings collection — curated urban art full of energy, emotion, and creativity. Buy expressive, city-inspired artworks today.";"";"";"";"Visitor,Customer,Guest";""
"139";"0";"Urban Scenes paintings";"38";"Places and Cityscape paintings";"Step into the heartbeat of the city through our Urban Scenes paintings collection. Each artwork captures the rhythm, movement, and soul of modern city life — from quiet street corners glowing under neon lights to lively marketplaces and bustling crossroads. This curated art collection celebrates the contrast between chaos and calm, energy and stillness, showing how beauty thrives in every part of the urban landscape.

Our Urban Scenes artworks are thoughtfully selected to bring you a mix of moods — from reflective and nostalgic moments to bold, vibrant expressions of daily life. You’ll discover paintings that tell stories of people, architecture, and motion, each inviting you to feel the pulse of the city in your own way. Perfect for art lovers looking to buy art that feels alive and meaningful, this collection highlights creativity that connects emotion, memory, and atmosphere in every frame.";"urban-scenes";"Urban Scenes paintings & Art Collection| Right Art Uk";"";"Explore our Urban Scenes paintings collection – curated city-inspired art capturing the rhythm, emotion, and beauty of modern life.";"";"";"";"Visitor,Customer,Guest";""
"140";"0";"Landmark paintings";"38";"Places and Cityscape paintings";"Step into our Landmark Paintings Collection — a visual journey through the world’s most iconic places reimagined through expressive art. Each piece captures the heart of famous landmarks, from timeless architectural wonders to breathtaking natural scenes, bringing together history, culture, and imagination in every stroke. This curated collection celebrates the power of place — where emotion meets artistry, and each painting tells a story of beauty and connection that transcends borders.

These landmark-inspired artworks are carefully selected to evoke a sense of wonder and nostalgia. Whether you’re drawn to majestic skylines, tranquil landscapes, or legendary monuments, this collection offers something to spark curiosity and admiration. Every painting is part of a thoughtfully curated selection made for those who appreciate art with meaning, storytelling, and style. Explore and find the artwork that resonates with your journey and passion for discovery.";"landmark";"Landmark paintings & Art Collection| Right Art Uk";"";"Discover the Landmark Paintings Collection – curated art celebrating iconic places, emotion, and beauty. Explore and buy unique landmark-inspired art.";"";"";"";"Visitor,Customer,Guest";""
"141";"0";"Architecture paintings";"38";"Places and Cityscape paintings";"Step into the world of Architecture Paintings — a curated collection that celebrates the beauty of structure, space, and design through artistic vision. This collection captures the spirit of cities, landmarks, and timeless buildings from around the world, each piece offering a fresh perspective on how light, form, and geometry tell silent stories. Whether it’s the quiet charm of historical facades or the bold lines of modern skylines, every artwork invites you to see architecture not just as construction, but as art in motion.

Here, you’ll find artworks that blend creativity with precision, evoking feelings of awe, nostalgia, and admiration for the built environment. These paintings are thoughtfully selected to connect design lovers and art enthusiasts alike — a place where art meets architecture in perfect harmony. Explore this inspired selection and find the piece that speaks to your love for structure, history, and the artistry of human imagination.";"architecture";"Architecture paintings & Art Collection| Right Art Uk";"";"Discover captivating architecture paintings — a curated art collection celebrating iconic structures, design, and the beauty of built spaces.";"";"";"";"Visitor,Customer,Guest";""
"142";"1";"Infrastructure paintings";"38";"Places and Cityscape paintings";"Step into our Infrastructure Paintings collection – a curated gallery where art meets the beauty of human creation. Each piece captures the strength, rhythm, and complexity of the built world — from soaring bridges and city skylines to intricate architectural forms that tell stories of progress and connection. These artworks celebrate structure and design through a creative lens, transforming industrial and urban subjects into visual poetry.

This collection is perfect for those drawn to the harmony between art and engineering. Each painting reflects a thoughtful balance of geometry, light, and atmosphere, evoking feelings of innovation, ambition, and timeless craftsmanship. Whether you love modern cities, classic landmarks, or abstract interpretations of urban life, our curated infrastructure art collection brings together pieces that express the essence of construction, creativity, and culture. Explore, connect, and find art that reflects the world we build together.";"infrastructure";"Infrastructure paintings & Art Collection| Right Art Uk";"";"Discover our Infrastructure Paintings – a curated art collection celebrating architecture, bridges, and cityscapes through expressive, modern artwork.";"";"";"";"Visitor,Customer,Guest";""
"143";"0";"Inspirational Quotes paintings";"39";"Quotes paintings";"Step into a world where words meet color and emotion. Our Inspirational Quotes Paintings collection brings together stunning visual art and uplifting messages designed to motivate, empower, and spark positivity every day. Each piece features meaningful phrases paired with expressive designs, blending typography and artistry to create a soulful experience that speaks to both the heart and mind.

This curated art collection celebrates hope, strength, and creativity through modern aesthetics and timeless quotes. Whether you're drawn to minimal text-based designs or bold statement art, every painting is chosen to inspire confidence, mindfulness, and joy. Perfect for art lovers who believe in the power of words, these works transform daily inspiration into lasting beauty.

Discover thoughtful pieces that remind you to dream bigger, stay kind, and keep moving forward. Explore our Inspirational Quotes Paintings today and bring home a touch of motivation that lasts beyond the moment.";"inspirational-quotes";"Inspirational Quotes paintings & Art Collection| Right Art Uk";"";"Discover our Inspirational Quotes Paintings – a curated art collection blending powerful words and modern design to inspire positivity every day.";"";"";"";"Visitor,Customer,Guest";""
"144";"0";"Motivational Quotes paintings";"39";"Quotes paintings";"Step into our Motivational Quotes paintings collection, where every artwork is designed to lift your mood and keep you moving forward. Here you’ll find empowering phrases, bold typography, and inspiring words paired with modern, stylish designs. From bright, energetic colors to calm, minimal layouts, each piece is created to spark confidence, positivity, and daily motivation the moment you see it.

This curated art collection is all about mindset. Every artwork is carefully selected so the quote, layout, and color balance work together to tell a powerful, uplifting story. Whether you’re chasing big goals, building new habits, or simply need a reminder to stay strong, these motivational quote artworks are here to support your journey. Explore the collection, find the messages that resonate with you most, and choose meaningful art you’ll love seeing every day when you buy from our online painting store.";"motivational-quotes";"Motivational Quotes paintings & Art Collection| Right Art Uk";"";"Discover our Motivational Quotes paintings collection – uplifting wall art with inspiring words and modern designs, curated to keep you focused daily.";"";"";"";"Visitor,Customer,Guest";""
"145";"0";"Love and Relationships Quotes paintings";"39";"Quotes paintings";"Our Love and Relationships Quotes paintings collection is all about celebrating real, human connection. Inside, you’ll find romantic couple art, sweet love quotes, playful relationship sayings, and designs that speak to soulmates, self-love, and deep friendship. Every piece is chosen to remind you of trust, warmth, and shared memories, turning simple words into meaningful art you can buy and cherish for years. It’s a space where you can shop beautiful quote art that matches your feelings, your story, and your style.

This curated art collection is made for people who believe love should be seen and felt every day. The styles range from modern minimal designs to bold, statement quote art, so you can choose the mood that fits your story – soft and tender, fun and flirty, or powerful and passionate. You’ll find uplifting affirmations, romantic promises, and heartfelt lines that speak to long-term relationships, new love, and everything in between. Whether you’re buying art for yourself or as a thoughtful gift, these love quote paintings are carefully selected to feel personal, inspiring, and timeless. Explore the collection, find the words that sound like your heart, and bring home art that keeps love at the center of your life.";"love-and-relationships-quotes";"Love and Relationships Quotes paintings & Art Collection| Right Art Uk";"";"Explore our Love and Relationships Quotes paintings collection – romantic, inspirational art to celebrate connection, passion, and heartfelt moments.";"";"";"";"Visitor,Customer,Guest";""
"146";"0";"Literary Quotes paintings";"39";"Quotes paintings";"Step into our Literary Quotes paintings collection, where books and art meet in one inspiring space. Each piece is built around a powerful line from classic novels, poetry, and modern stories you love. You’ll find bold graphic quotes, delicate script designs, and creative layouts that highlight every word. From intense, dramatic lines to soft, thoughtful phrases, these artworks capture big feelings – hope, courage, heartbreak, and quiet reflection – in a way that speaks straight to book lovers and deep thinkers.

This collection is carefully curated so you can easily find the kind of literary art that matches your vibe. Explore minimalist monochrome pieces, colorful statement designs, abstract storytelling, and subtle visual references to famous characters and scenes. Every artwork is selected to feel meaningful, modern, and timeless. Whether you’re looking to buy art online for yourself or searching for a thoughtful gift, our handpicked literary quote art collection makes it simple to choose something that feels personal and expressive. Browse, feel the words, and pick the pieces that tell your story.";"literary-quotes";"Literary Quotes paintings & Art Collection| Right Art Uk";"";"Literary Quotes paintings for readers and art lovers. Shop curated book-inspired art with powerful words, emotion, and style.";"";"";"";"Visitor,Customer,Guest";""
"147";"0";"Famous Personality Quotes paintings";"39";"Quotes paintings";"Our Famous Personality Quotes paintings collection brings together inspiring words and iconic faces in one powerful art series. Each piece features a well-known leader, artist, thinker, or celebrity paired with one of their most unforgettable quotes. This collection is all about motivation, self-belief, and daily reminders to stay focused on your dreams. It’s designed for people who love art with meaning and want more than just a pretty picture.

Inside this curated art collection, you’ll find bold, modern designs, minimalist quote paintings, dramatic portraits with text, and stylish typography pieces built around famous sayings. Some artworks feel empowering and energetic, while others are calm, reflective, and deeply emotional. Every design is carefully selected so you can buy art that connects with your values, mindset, and lifestyle. Whether you’re building a personal gallery or searching for thoughtful art for sale, this collection makes it easy to choose pieces that tell a story and say something about who you are.";"famous-personality-quotes";"Famous Personality Quotes paintings & Art Collection| Right Art Uk";"";"Shop Famous Personality Quotes paintings – curated, inspiring art with powerful words and iconic faces for meaningful, stylish wall collections.";"";"";"";"Visitor,Customer,Guest";""
"148";"0";"Humorous Quotes paintings";"39";"Quotes paintings";"Laugh, smile, and scroll a little slower – our Humorous Quotes paintings collection is here to brighten your day. This curated art collection brings together witty one-liners, playful sayings, and clever punchlines turned into stylish artwork. Inside, you’ll find bold typography pieces, meme-style quote art, and light-hearted designs that speak to your inner comedian. Each piece is chosen to spark joy, start conversations, and add a fun sense of personality, whether you’re shopping for yourself or looking to buy art as a unique gift for someone with a great sense of humor.

What makes these Humorous Quotes paintings special is the mix of modern design and relatable everyday moments. From sarcastic quotes to wholesome feel-good lines, every artwork is selected to match different moods – cheeky, silly, chill, or just pure good vibes. We carefully handpick each piece so this collection feels like a smart, well-edited gallery of funny art instead of random prints. If you love curated art collections that feel personal and expressive, this is the perfect place to discover and buy uplifting, funny quote artwork online.";"humorous-quotes";"Humorous Quotes paintings & Art Collection| Right Art Uk";"";"Explore our Humorous Quotes paintings collection – a curated selection of witty, funny quote art to brighten your day and make buying art online fun.";"";"";"";"Visitor,Customer,Guest";""
"149";"0";"Social & Political Quotes paintings";"39";"Quotes paintings";"Our Social & Political Quotes paintings collection is all about powerful words and strong messages. Here you’ll find artworks inspired by justice, freedom, human rights, women’s empowerment, equality, and social change. Bold quote-based designs, expressive portraits with text, and symbolic scenes come together to create a curated art collection that speaks directly to what’s happening in the world today. Each piece is chosen to make you think, feel, and reflect, not just to look pretty.

This collection is perfect for anyone who loves meaningful, conversation-starting art. Whether you want to show support for a cause, celebrate your values, or stay inspired every day, these artworks help you express your voice. Explore and buy art online that matches your beliefs, from powerful political quote art to motivational social justice sayings. Every piece in this selection is carefully curated so you can build a thoughtful, modern art collection that feels personal and relevant to you";"social-and-political-quotes";"Social & Political Quotes paintings & Art Collection| Right Art Uk";"";"Discover Social & Political Quotes paintings about justice, change and freedom. Shop this curated art collection online.";"";"";"";"Visitor,Customer,Guest";""
"150";"0";"Slogan paintings";"39";"Quotes paintings";"Discover the power of words turned into art in our Slogan Paintings Collection — where creativity meets bold expression. Each artwork in this curated selection captures inspiring phrases and powerful statements that speak directly to the heart and mind. These slogan-based pieces are designed to energize, motivate, and spark thought, blending artistic visuals with meaningful messages. Whether you’re drawn to minimalist text art or vibrant statement pieces, every painting here celebrates individuality and modern spirit.

Our collection brings together diverse slogan themes — from empowerment and self-love to ambition and positivity — offering something for every mood and mindset. Each piece has been carefully chosen for its emotional resonance and contemporary style, creating a gallery that feels both personal and universal. Browse and buy slogan art online that reflects your values, your drive, and your story. This collection isn’t just about decoration — it’s about connection, inspiration, and the art of saying something that matters.";"slogan";"Slogan paintings & Art Collection| Right Art Uk";"";"Shop powerful slogan paintings online. Curated art collection featuring bold, inspiring words and statement pieces that spark emotion and thought.";"";"";"";"Visitor,Customer,Guest";""
"151";"1";"Religious paintings";"40";"Religion and Myth paintings";"Step into the divine world of Religious Paintings, a thoughtfully curated art collection that celebrates faith, devotion, and spiritual beauty. Each artwork in this collection captures timeless stories and sacred moments that inspire peace, hope, and reflection. Whether it’s a portrayal of divine figures, mythological scenes, or symbols of devotion, every piece is designed to evoke deep emotion and connection to something greater than ourselves.

Our Religious Paintings collection brings together talented artists who express spirituality through color, light, and form — creating artworks that speak to the soul. From serene depictions of meditation and prayer to vibrant celebrations of faith and tradition, these paintings invite viewers to pause and reconnect with their inner calm. Explore this meaningful collection and find the piece that resonates with your beliefs and values — an art experience that uplifts your spirit and adds depth to your collection.";"religious";"Religious paintings & Art Collection| Right Art Uk";"";"Discover our curated Religious Paintings collection — soulful artworks that celebrate faith, devotion, and spiritual beauty.";"";"";"";"Visitor,Customer,Guest";""
"152";"0";"Ancient Religion paintings";"40";"Religion and Myth paintings";"Step into the world of our Ancient Religion Paintings Collection, where timeless myths, divine symbols, and spiritual storytelling come to life through art. This collection captures the beauty and mystery of humanity’s earliest beliefs — from sacred rituals and celestial beings to the legends that shaped ancient civilizations. Each artwork is carefully curated to reflect a sense of reverence and wonder, inviting you to experience the emotional depth of spiritual history through modern eyes.

Inside this collection, you’ll find paintings inspired by gods, temples, sacred traditions, and mystical energies from cultures around the world. These pieces are not just visually stunning — they carry a deeper meaning, evoking feelings of peace, strength, and connection to something greater than ourselves. Whether you’re an art lover or a collector seeking meaningful pieces, this curated selection celebrates the beauty and wisdom of ancient spirituality in a way that feels both timeless and contemporary.";"ancient-religion";"Ancient Religion paintings & Art Collection| Right Art Uk";"";"Discover our Ancient Religion Paintings — a curated art collection celebrating timeless myths, sacred symbols, and divine stories.";"";"";"";"Visitor,Customer,Guest";""
"153";"1";"Angels & Divine Beings paintings";"40";"Religion and Myth paintings";"Step into a realm of light, peace, and higher energy with our Angels & Divine Beings paintings collection. This thoughtfully curated selection brings together artworks that capture the beauty and serenity of celestial presence — from radiant guardian angels to divine spirits and ethereal messengers of hope. Each piece is designed to uplift your spirit and connect you with feelings of protection, faith, and inner calm.

Within this collection, you’ll find stunning angelic portraits, glowing figures of divine light, and symbolic expressions of peace and grace. These works invite reflection and remind us of the unseen guidance surrounding us. Perfect for those drawn to spiritual art, this collection combines soulful expression with inspired creativity — making it a meaningful addition to any art lover’s journey.

Explore and buy from a collection that celebrates light, divinity, and the timeless beauty of sacred art — carefully curated for collectors seeking depth, emotion, and a sense of higher connection.";"angels-and-divine-beings";"Angels & Divine Beings paintings & Art Collection| Right Art Uk";"";"Discover the Angels & Divine Beings art collection — curated spiritual paintings that radiate peace, light, and divine inspiration.";"";"";"";"Visitor,Customer,Guest";""
"154";"0";"Afterlife & Reincarnation paintings";"40";"Religion and Myth paintings";"Step into a world where art meets the unseen. Our Afterlife & Reincarnation collection explores the mysteries of existence beyond this life—where souls journey, transform, and begin anew. Each piece in this curated art collection captures the delicate balance between endings and beginnings, light and shadow, memory and rebirth. It’s a visual meditation on spiritual awakening and the cycles of life that connect us all.

Inside this collection, you’ll find deeply expressive artworks inspired by transcendence, the flow of energy, and the eternal soul’s passage. These paintings evoke calm, wonder, and introspection—inviting you to feel rather than just look. Perfect for art lovers drawn to symbolic and thought-provoking works, this selection speaks to those who believe art can touch something far beyond the physical world. Discover timeless pieces that reflect the mystery, beauty, and transformation of the afterlife.";"afterlife-and-reincarnation";"Afterlife & Reincarnation paintings & Art Collection| Right Art Uk";"";"Explore our Afterlife & Reincarnation art collection—soulful, emotional, and symbolic paintings that celebrate rebirth and spiritual transformation.";"";"";"";"Visitor,Customer,Guest";""
"155";"0";"Rituals & Ceremonies paintings";"40";"Religion and Myth paintings";"Step into a world where traditions, emotions, and timeless beauty come alive through art. The Rituals & Ceremonies collection celebrates the powerful stories and cultural moments that define human connection. Each artwork captures the essence of sacred gatherings, symbolic gestures, and the quiet grace found in rituals passed down through generations. This curated art collection invites you to explore paintings that honor spirituality, unity, and the emotional depth of ceremonial life.

From festive processions to intimate spiritual moments, these paintings radiate warmth, devotion, and reflection. Every piece in this collection is thoughtfully chosen for its ability to evoke meaning and emotion—perfect for art lovers who seek depth and storytelling in their spaces. Discover and buy art that transcends time, connecting you to universal experiences of faith, joy, and shared humanity.";"rituals-and-ceremonies";"Rituals & Ceremonies paintings & Art Collection| Right Art Uk";"";"Explore the Rituals & Ceremonies art collection—emotion-filled, curated paintings celebrating traditions, spirituality, and human connection.";"";"";"";"Visitor,Customer,Guest";""
"156";"1";"Sacred Places paintings";"40";"Religion and Myth paintings";"Step into the world of Sacred Places — a collection of art that captures the quiet power of timeless locations filled with meaning and spirit. Each piece in this curated art collection invites you to pause and feel connected to something larger than yourself. From serene temples and ancient landscapes to hidden sanctuaries and mystical horizons, these paintings explore spaces that hold deep emotional and spiritual resonance.

The Sacred Places collection is designed for art lovers who seek more than beauty — it’s for those drawn to stories of peace, reflection, and inner discovery. Every artwork has been carefully chosen to evoke a sense of calm, reverence, and wonder, allowing you to experience the stillness and magic of these sacred scenes from anywhere in the world. Whether you’re browsing to buy art that speaks to your soul or exploring curated art collections that celebrate meaning and mindfulness, Sacred Places offers an inspiring journey through creativity and emotion.";"sacred-places";"Sacred Places paintings & Art Collection| Right Art Uk";"";"Discover the Sacred Places art collection – curated paintings inspired by spiritual landscapes, peace, and timeless beauty.";"";"";"";"Visitor,Customer,Guest";""
"157";"0";"Secret Societies paintings";"40";"Religion and Myth paintings";"Step into the mysterious world of Secret Societies paintings, where art meets intrigue and hidden meaning. This exclusive curated art collection reveals the beauty of mystery, symbolism, and power—each piece whispering secrets from behind closed doors. These artworks invite you to explore the unseen, capturing the allure of ancient orders, masked rituals, and enigmatic gatherings through stunning visual storytelling.

In this collection, you’ll find paintings that evoke a sense of wonder and curiosity—filled with shadowy figures, symbolic patterns, and layers of coded emotion. Each piece is handpicked for those who are drawn to the unknown, where elegance meets secrecy. The Secret Societies collection blends mystique, intellect, and emotion, creating an immersive experience for anyone who loves thought-provoking and conversation-starting art.

Browse this collection to discover art that celebrates hidden worlds, timeless secrets, and the beauty of mystery—crafted for collectors who seek meaning beyond the surface.";"secret-societies";"Secret Societies paintings & Art Collection| Right Art Uk";"";"Discover the Secret Societies paintings collection—curated art that explores mystery, symbolism, and the beauty of hidden worlds.";"";"";"";"Visitor,Customer,Guest";""
"158";"1";"Mythology paintings";"40";"Religion and Myth paintings";"Step into the world of legends and divine tales with our Mythology Paintings Collection, where art brings timeless stories to life. This thoughtfully curated selection celebrates gods, goddesses, heroes, and mythical creatures from cultures across the world. Each artwork captures the essence of epic narratives—moments of courage, creation, and cosmic balance—transformed into mesmerizing visuals that connect the past with the present.

Within this collection, you’ll find dramatic interpretations of Greek, Indian, Norse, and other mythological themes—each painting filled with rich symbolism, emotion, and storytelling. From celestial scenes of divine beauty to powerful depictions of ancient battles and spiritual awakening, every piece is designed to evoke awe and reflection.

Perfect for art lovers who appreciate culture, history, and imagination, these mythology-inspired artworks offer a journey through humanity’s greatest tales told through color and expression. Discover a curated art collection that speaks of mystery, divinity, and artistic mastery—crafted for those who seek meaning beyond the ordinary.";"mythology";"Mythology paintings & Art Collection| Right Art Uk";"";"Explore our Mythology Paintings Collection—curated artworks inspired by gods, legends, and ancient tales. Shop divine, story-rich art today.";"";"";"";"Visitor,Customer,Guest";""
"159";"0";"Prophecy paintings";"40";"Religion and Myth paintings";"Step into a world where imagination meets mystery with our Prophecy Paintings collection. Each artwork in this curated selection is designed to spark emotion, inspire thought, and evoke a sense of wonder about what lies beyond. These paintings capture visions of destiny, fate, and unseen worlds — blending symbolism, storytelling, and mood to create a powerful visual experience.

This collection brings together pieces that explore themes of transformation, foresight, and the human connection to the unknown. Whether it’s an abstract portrayal of cosmic forces or a dreamlike vision of future possibilities, every painting is chosen for its depth and meaning. Our Prophecy Paintings collection is perfect for art lovers seeking something extraordinary — a curated set of meaningful works that invite reflection and imagination.";"prophecy";"Prophecy paintings & Art Collection| Right Art Uk";"";"Discover the Prophecy Paintings collection – curated art inspired by mystery, emotion, and vision. Shop unique pieces that spark imagination and meaning.";"";"";"";"Visitor,Customer,Guest";""
"160";"1";"Dark paintings";"40";"Religion and Myth paintings";"Step into the world of Dark Paintings, where every piece captures the mystery, depth, and raw emotion hidden within shadow. This curated art collection invites you to explore the beauty found in contrast — the silence between light and dark, the power of mood, and the stories that linger in the unseen. These works speak to those drawn to intensity and introspection, offering a bold expression of emotion through powerful imagery and atmospheric tones.

Inside this collection, you’ll find dramatic, moody artworks that stir the imagination — from haunting silhouettes and abstract dreamscapes to emotionally charged scenes that reveal beauty in the unknown. Each piece is carefully chosen for art lovers who appreciate a more mysterious, soulful aesthetic. Whether you’re exploring art to connect with deeper emotions or seeking something that challenges the ordinary, the Dark Paintings collection offers a captivating space to discover unique, thought-provoking creations that resonate beyond the surface.";"dark";"Dark paintings & Art Collection| Right Art Uk";"";"Explore our Dark Paintings collection — curated, emotional artworks that capture mystery, mood, and the beauty of shadow.";"";"";"";"Visitor,Customer,Guest";""
"161";"0";"Evil paintings";"40";"Religion and Myth paintings";"Step into the dark and fascinating world of Evil Paintings, a curated collection that explores the beauty hidden within shadows. Each artwork in this series captures the raw essence of fear, temptation, mystery, and power — emotions that challenge and mesmerize at the same time. These pieces speak to the human fascination with darkness and the unknown, blending haunting imagery with deep emotional storytelling.

Inside this collection, you’ll find a range of dark fantasy art, gothic-inspired creations, and abstract evil-themed visuals that awaken curiosity and spark imagination. Every piece is carefully selected for its ability to draw you in, evoke emotion, and leave a lasting impression. Whether you’re drawn to sinister beauty, eerie calmness, or symbolic darkness, this gallery offers a thought-provoking escape from the ordinary.

Perfect for collectors who crave something bold and atmospheric, this curated art collection turns the idea of “evil” into a captivating artistic experience — a reminder that even in darkness, there’s a strange and powerful beauty waiting to be discovered.";"evil";"Evil paintings & Art Collection| Right Art Uk";"";"Discover hauntingly beautiful evil paintings — a curated art collection exploring dark themes, emotion, and mystery for art lovers who seek the unusual.";"";"";"";"Visitor,Customer,Guest";""
"162";"0";"Magic paintings";"40";"Religion and Myth paintings";"Step into the world of Magic Paintings — a curated art collection where imagination and emotion meet. Each artwork in this series captures a sense of wonder, blending dreamlike colors and mysterious atmospheres that awaken your curiosity. These paintings invite you to see beyond the surface, drawing you into stories that feel both personal and otherworldly.

This collection is for those who love art that speaks to the heart. Every piece is carefully chosen to spark emotion, inspire reflection, and create a feeling of calm enchantment. From ethereal landscapes to abstract visions, these artworks celebrate beauty that feels alive and full of meaning. Explore this handpicked selection and discover art that transforms the way you feel and see the world.

Find your next favorite piece in our Magic Paintings collection — where every canvas feels like a doorway to something extraordinary.";"magic";"Magic paintings & Art Collection| Right Art Uk";"";"Discover the Magic Paintings collection – a curated world of enchanting, emotion-filled art designed to inspire wonder and imagination.";"";"";"";"Visitor,Customer,Guest";""
"163";"0";"Witchcraft paintings";"40";"Religion and Myth paintings";"Step into a world where mystery meets beauty with our Witchcraft Paintings Collection. This curated selection captures the allure of the unseen—spells, symbols, and stories that awaken the imagination. Each piece in this collection embodies a sense of enchantment and energy, inviting viewers to explore themes of power, nature, and the mystic unknown. The artworks blend dark elegance with ethereal charm, creating an atmosphere that feels both haunting and deeply poetic.

Inside this collection, you’ll find art inspired by witchcraft, moonlit rituals, magical beings, and ancient folklore—each piece carefully chosen for its emotional depth and storytelling. Whether it’s the quiet strength of a solitary witch, the shimmer of celestial magic, or the whispers of forest spirits, these paintings celebrate the art of the unseen world. This is more than just art—it’s a gateway to imagination, curated for those who feel drawn to the mysterious and the spiritual side of creativity.

Perfect for art lovers seeking something unique, our Witchcraft Paintings Collection offers a captivating experience where art, emotion, and enchantment intertwine.";"witchcraft";"Witchcraft paintings & Art Collection| Right Art Uk";"";"Discover our Witchcraft Paintings Collection—mystical, enchanting art inspired by magic, folklore, and the beauty of the unknown.";"";"";"";"Visitor,Customer,Guest";""
"164";"0";"Sacred Texts paintings";"40";"Religion and Myth paintings";"Step into the Sacred Texts Paintings collection — a space where art and spirit meet in a beautifully modern way. Each artwork in this curated series draws inspiration from ancient scriptures, mystical writings, and timeless philosophies, transforming words of wisdom into visual stories. These pieces are designed to spark reflection, evoke calm, and connect you to something deeper than the surface — a sense of peace, truth, and wonder.

Inside this collection, you’ll find paintings inspired by sacred teachings, spiritual symbols, and universal messages of light and harmony. Every artwork is thoughtfully selected to express serenity and devotion, with colors and forms that speak directly to the heart. Whether you’re drawn to meditative compositions or pieces that reflect divine energy, this gallery offers a soulful journey through the beauty of sacred expression.

Discover meaningful art that doesn’t just decorate — it speaks, it uplifts, and it brings timeless wisdom into your world. Explore, connect, and find the painting that resonates with your inner calm.";"sacred-texts";"Sacred Texts paintings & Art Collection| Right Art Uk";"";"Explore the Sacred Texts Paintings collection — curated spiritual art inspired by ancient wisdom, peace, and timeless reflection.";"";"";"";"Visitor,Customer,Guest";""
"165";"1";"Mountain paintings";"41";"Scenic & Landscape paintings";"Step into the calm and power of nature with our Mountain Paintings collection — a handpicked selection that captures the beauty, strength, and serenity of towering peaks. Each artwork celebrates the soul-stirring landscapes of mountains, where light meets mist and silence meets strength. You’ll find breathtaking views of snow-capped summits, glowing sunsets over rugged ridges, and tranquil valleys that invite a deep sense of peace.

This curated collection brings together art that speaks to explorers, dreamers, and anyone moved by the grandeur of the natural world. Whether it’s the quiet mystery of distant horizons or the energy of untamed cliffs, these paintings express awe, freedom, and reflection. Each piece has been chosen to help you connect with the timeless beauty of the wild — a collection for those who want to bring the spirit of nature into their world through meaningful, evocative art.";"mountain";"Mountain paintings & Art Collection| Right Art Uk";"";"Discover stunning mountain paintings in our curated art collection – inspiring views, bold landscapes, and the spirit of nature in every piece.";"";"";"";"Visitor,Customer,Guest";""
"166";"0";"Hill paintings";"41";"Scenic & Landscape paintings";"Step into our Hill Paintings collection, where each artwork captures the timeless charm of rolling landscapes, misty peaks, and tranquil valleys. This curated selection invites you to feel the stillness of nature and the quiet power of highlands bathed in shifting light. Every piece tells a story of calm mornings, golden sunsets, and serene skies, offering a sense of peace and connection to nature’s grand simplicity.

This collection brings together a range of styles and interpretations inspired by hills and mountains—some minimalist and dreamy, others vibrant and full of life. Perfect for art lovers drawn to scenic beauty, natural balance, and emotional depth, these paintings reflect thoughtful curation meant to spark both awe and relaxation. Explore this handpicked range and discover art that resonates with your love for landscapes and the soulful rhythm of the earth.";"hill";"Hill paintings & Art Collection| Right Art Uk";"";"Discover serene and scenic hill paintings. Explore our curated art collection inspired by hills, nature, and calm landscapes.";"";"";"";"Visitor,Customer,Guest";""
"167";"1";"Landscape paintings";"41";"Scenic & Landscape paintings";"Step into the serene beauty of nature with our Landscape Paintings Collection, where every artwork captures the calm, movement, and poetry of the world outside. This curated selection celebrates the essence of open skies, tranquil lakes, majestic mountains, and sunlit fields — bringing you closer to the peace and wonder found in nature’s most inspiring scenes. Each piece in this collection is chosen to spark emotion, inviting viewers to pause, reflect, and feel connected to the timeless rhythm of the earth.

Our landscape art collection is thoughtfully curated for those who appreciate harmony, depth, and the storytelling power of scenery. Whether you’re drawn to dreamy horizons or dramatic natural views, you’ll discover artworks that transport you through color, light, and atmosphere. Perfect for art lovers seeking meaningful, curated pieces, this collection lets you buy landscape art online that speaks to both the heart and the imagination.";"landscape";"Landscape paintings & Art Collection| Right Art Uk";"";"Discover our Landscape Paintings Collection – curated nature-inspired art capturing beauty, emotion, and timeless scenery. Buy landscape art online.";"";"";"";"Visitor,Customer,Guest";""
"168";"1";"Seascape paintings";"41";"Scenic & Landscape paintings";"Immerse yourself in the beauty of the ocean with our exclusive Seascape Paintings Collection. This curated selection captures the ever-changing moods of the sea — from calm, sunlit horizons to powerful, dramatic waves. Each artwork reflects the magic of coastal light, movement, and color, bringing to life the endless charm of the shoreline.

In this collection, you’ll discover breathtaking marine views, tranquil beach scenes, and dreamy seascapes that evoke feelings of freedom, peace, and wonder. Our seascape art is thoughtfully chosen for art lovers who appreciate nature’s rhythm and the emotional depth of water-inspired creations. Perfect for anyone looking to buy art that connects them with the serenity and strength of the ocean, this collection celebrates the timeless beauty of the sea in every brushstroke.";"seascape";"Seascape paintings & Art Collection| Right Art Uk";"";"Explore our curated Seascape Paintings Collection—captivating ocean views and coastal art that evoke peace, freedom, and natural beauty.";"";"";"";"Visitor,Customer,Guest";""
"169";"0";"Sunset paintings";"41";"Scenic & Landscape paintings";"Step into the golden hour with our Sunset Paintings Collection — a handpicked selection of artworks that capture the magic of fading light and quiet beauty. Each piece tells its own story of warmth, calm, and wonder, transforming the simple moment of a setting sun into a timeless memory on canvas. Here, you’ll find expressive scenes filled with radiant skies, glowing horizons, and soft silhouettes that evoke peace, nostalgia, and inspiration.

This curated art collection brings together diverse sunset themes — from dreamy coastal views and mountain skylines to tranquil fields bathed in amber light. Every artwork is chosen for its ability to stir emotion and connect you with nature’s most breathtaking moment of the day. Whether you’re exploring to buy art that feels alive with color or seeking a collection that speaks to the soul, our Sunset Paintings offer beauty that never fades.";"sunset";"Sunset paintings & Art Collection| Right Art Uk";"";"Discover our curated Sunset Paintings collection—glowing horizons, serene skies, and radiant art that captures nature’s golden hour.";"";"";"";"Visitor,Customer,Guest";""
"170";"1";"Sunrise paintings";"41";"Scenic & Landscape paintings";"Step into the radiant beauty of our Sunrise Paintings Collection, where every artwork captures the quiet magic of a new day. This curated selection celebrates the golden moments when light first touches the horizon — a time filled with calm, energy, and endless possibility. Each piece in this collection evokes a sense of renewal and warmth, reflecting nature’s most inspiring transition from darkness to light.

In this collection, you’ll discover a variety of sunrise-inspired artworks — from soft pastel skies that glow with serenity to bold, vibrant sunbursts that fill the canvas with life. Every painting is handpicked for its emotional depth and ability to connect with the viewer, bringing the uplifting spirit of dawn into focus. Whether you’re drawn to gentle, peaceful tones or bright, energizing hues, this collection offers a timeless glimpse into the beauty of beginnings.

Each artwork in this sunrise collection is thoughtfully chosen to bring together art lovers who appreciate light, hope, and the beauty of nature’s daily rebirth. Explore and find the piece that speaks to your heart in this uniquely curated art collection designed to inspire and uplift.";"sunrise";"Sunrise paintings & Art Collection| Right Art Uk";"";"Discover curated sunrise paintings that capture the warmth, light, and beauty of dawn. Explore this inspiring art collection full of color and emotion.";"";"";"";"Visitor,Customer,Guest";""
"171";"0";"Beach paintings";"41";"Scenic & Landscape paintings";"Step into the calm and beauty of the coast with our Beach Paintings Collection. Each artwork captures the soothing spirit of waves, sunlight, and open horizons—inviting you to feel the rhythm of the sea and the gentle warmth of sandy shores. This collection celebrates the essence of beach life, from peaceful mornings by the ocean to colorful sunsets that glow across the water.

Every piece has been thoughtfully curated to bring out the emotion and tranquility that only seaside moments can inspire. You’ll find a range of expressive coastal scenes, from soft pastel skies to vibrant beachscapes filled with life and movement. Whether you’re drawn to the serenity of still waters or the energy of crashing waves, this curated art collection offers something that connects deeply with the beauty and freedom of the sea.

Explore the Beach Paintings Collection to discover art that speaks of escape, peace, and timeless coastal charm—perfect for those who love the feeling of the ocean, no matter where they are.";"beach";"Beach paintings & Art Collection| Right Art Uk";"";"Discover our curated Beach Paintings Collection—art inspired by the sea, sunsets, and coastal beauty. Feel calm, color, and freedom through art.";"";"";"";"Visitor,Customer,Guest";""
"172";"0";"Desert paintings";"41";"Scenic & Landscape paintings";"Step into the golden silence of the dunes with our Desert Paintings collection — a gallery that captures the calm, warmth, and quiet beauty of the desert world. Each artwork in this curated collection brings to life the glow of endless sands, the mysterious play of light and shadow, and the stillness that makes desert landscapes so captivating. Whether it’s sunlit horizons, twilight mirages, or soft desert blooms, these paintings invite you to feel the peace and wonder of untouched nature.

This collection is thoughtfully selected for art lovers who appreciate minimalist beauty and emotional depth. Every piece tells a quiet story — of timeless places, wandering spirits, and moments where the world slows down. Ideal for anyone looking to buy art that connects deeply with mood, atmosphere, and story, our Desert Paintings collection celebrates simplicity, balance, and the soulful side of curated art.";"desert";"Desert paintings & Art Collection| Right Art Uk";"";"Discover the Desert Paintings collection – curated art inspired by serene landscapes, warm tones, and the soulful beauty of desert horizons.";"";"";"";"Visitor,Customer,Guest";""
"173";"0";"Farm paintings";"41";"Scenic & Landscape paintings";"Step into the peaceful charm of rural life with our Farm Paintings Collection. Each artwork in this curated selection captures the warmth, simplicity, and timeless beauty of the countryside. From golden fields bathed in sunlight to serene barns and gentle farm animals, these pieces reflect the calm and authenticity of nature’s daily rhythm. Every painting is thoughtfully chosen to bring out the nostalgic and heartwarming moments that define farm life — moments that remind us of balance, simplicity, and connection to the land.

This collection celebrates the spirit of open skies, quiet mornings, and the gentle hum of life on the farm. Whether it’s the soft glow of dawn, the rustic charm of weathered fences, or the peaceful scenes of harvest time, each artwork tells a story of comfort and grounding. Perfect for art lovers drawn to the countryside’s soulful beauty, our farm-themed art collection brings together pieces that soothe, inspire, and connect you to the tranquil essence of rural living.";"farm";"Farm paintings & Art Collection| Right Art Uk";"";"Discover peaceful and beautifully curated farm paintings capturing countryside charm and rural warmth in our exclusive art collection.";"";"";"";"Visitor,Customer,Guest";""
"174";"0";"Lake paintings";"41";"Scenic & Landscape paintings";"Step into a world of peaceful horizons and shimmering waters with our Lake Paintings collection. Each artwork captures the quiet charm of nature — the gentle ripples, soft reflections, and serene skies that bring a sense of stillness to the soul. This curated selection celebrates the timeless beauty of lakes in all moods — from golden sunsets glowing over tranquil surfaces to misty mornings that feel like a dream.

These paintings are chosen for their emotional depth and storytelling power. Whether it’s the calm of a hidden forest lake or the vast openness of mountain waters, each piece invites you to pause and breathe. Our carefully curated lake art collection is perfect for those who find inspiration in nature’s calm moments and want to bring that same peaceful energy into their lives. Discover art that speaks of balance, serenity, and the magic of water’s quiet reflection.";"lake";"Lake paintings & Art Collection| Right Art Uk";"";"Explore our Lake Paintings collection — a curated selection of serene and calming lake art capturing nature’s peaceful beauty and timeless charm.";"";"";"";"Visitor,Customer,Guest";""
"175";"0";"River paintings";"41";"Scenic & Landscape paintings";"Step into the calm beauty of flowing waters with our River Paintings collection — a space where art meets emotion. Each piece captures the soothing rhythm, quiet strength, and reflective mood of rivers from around the world. Whether it’s a misty dawn beside a mountain stream or a golden sunset rippling across calm waters, these artworks celebrate nature’s timeless harmony and movement.

This collection brings together carefully curated works that evoke feelings of peace, balance, and connection with nature. You’ll discover a variety of river-inspired scenes — from tranquil landscapes and shimmering reflections to dramatic currents that tell stories of change and life’s journey. Every artwork has been hand-selected to create an immersive visual experience, making this collection a favorite among art lovers who seek depth and serenity in what they choose to buy.

Find your next meaningful piece in this thoughtfully designed River Paintings collection, where beauty flows naturally through every stroke and color.";"river";"River paintings & Art Collection| Right Art Uk";"";"Discover our River Paintings collection — curated artworks capturing peace, movement, and emotion inspired by flowing waters.";"";"";"";"Visitor,Customer,Guest";""
"176";"1";"Shape paintings";"42";"Abstract & Geometric paintings";"Discover a captivating world where geometry meets imagination in our Shape Paintings collection. Each artwork in this series celebrates the beauty of form, rhythm, and contrast—designed to spark curiosity and emotion through the language of shapes. From bold, minimal compositions to fluid, abstract designs, every piece is carefully chosen to bring harmony and energy to your space.

These paintings go beyond simple visuals—they tell stories through color, movement, and balance. Circles, lines, and polygons come together to create art that feels both modern and timeless. Whether you’re drawn to structured patterns or organic shapes, this curated collection offers a variety of pieces that reflect depth, creativity, and thoughtful design. Perfect for art lovers seeking something unique, this selection embodies the power of visual simplicity and expressive form.";"shape";"Shape paintings & Art Collection| Right Art Uk";"";"Explore Shape Paintings – a curated art collection celebrating form, balance, and emotion through expressive abstract designs.";"";"";"";"Visitor,Customer,Guest";""
"177";"0";"Pattern paintings";"42";"Abstract & Geometric paintings";"Step into our Pattern Paintings collection, where art meets rhythm and repetition in captivating harmony. Each piece in this curated selection celebrates balance, movement, and flow through intricate patterns, bold contrasts, and mesmerizing symmetry. These artworks are thoughtfully chosen to inspire calmness and focus while adding a sense of energy and visual poetry to your space.

Within this collection, you’ll find paintings that explore geometric precision, organic motifs, and abstract designs that play with color and texture to create a modern, sophisticated mood. Whether you’re drawn to soft, meditative arrangements or vibrant, dynamic compositions, this gallery offers art that speaks to both creativity and contemplation. Every work has been carefully selected to connect design lovers with meaningful, collectible art that feels both timeless and refreshingly current.

Discover the art of pattern, where every line and form tells a story of balance, beauty, and imagination. Explore and shop the collection to find a piece that resonates with your sense of style and expression.";"pattern";"Pattern paintings & Art Collection| Right Art Uk";"";"Explore our curated Pattern Paintings collection—modern art inspired by rhythm, design, and emotion. Shop unique, pattern-inspired artworks online.";"";"";"";"Visitor,Customer,Guest";""
"178";"0";"textured paintings";"42";"Abstract & Geometric paintings";"Step into our Textured Paintings Collection, where every artwork tells a story through layers you can almost feel. These pieces are more than visuals—they’re experiences that capture depth, contrast, and emotion in every detail. Each texture is carefully crafted to bring energy, movement, and character to the canvas, inviting viewers to connect with the art on a deeper, more sensory level.

Inside this curated collection, you’ll find a diverse range of textured artworks that celebrate individuality and creativity. From calming abstract textures that evoke a sense of peace to bold, expressive designs that spark imagination, every piece is thoughtfully chosen for art lovers who value depth and authenticity. Whether you’re exploring to buy art that inspires or to discover something truly distinctive, this collection showcases timeless, hand-curated creations made to move and inspire.

Discover the art of feeling through form—where every texture speaks, and every artwork is chosen to enrich your connection with contemporary, meaningful expression.";"textured";"textured paintings & Art Collection| Right Art Uk";"";"Explore our Textured Paintings Collection – curated, expressive artworks full of depth, emotion, and modern character. Buy art that inspires.";"";"";"";"Visitor,Customer,Guest";""
"179";"1";"Color Field paintings";"42";"Abstract & Geometric paintings";"Step into the calm yet powerful world of Color Field paintings, where emotion meets simplicity. This curated art collection celebrates the beauty of pure color, expansive form, and quiet depth. Each piece in this gallery invites you to pause and feel—immersing yourself in waves of color that speak through subtle contrasts and bold harmonies. These artworks aren’t about detail or narrative; they’re about mood, presence, and the timeless connection between color and feeling.

Inside this collection, you’ll find carefully selected contemporary pieces that explore the emotional side of color—from serene blues and soft neutrals to radiant oranges and deep crimson tones. Every painting is chosen for its ability to transform space through emotion and visual balance. Perfect for collectors and art lovers searching for pieces that reflect modern minimalism and expressive calm, this collection captures the soul of abstract art in its purest form.

Discover a thoughtful blend of curated art designed to inspire, soothe, and captivate—each work a statement of color, energy, and emotion.";"color-field";"Color Field paintings & Art Collection| Right Art Uk";"";"Explore our curated Color Field paintings collection—modern abstract art that evokes emotion through pure color and balanced design.";"";"";"";"Visitor,Customer,Guest";""
"180";"1";"Optical Illusion paintings";"42";"Abstract & Geometric paintings";"Step into the world of Optical Illusion paintings, where imagination and perception collide. This curated art collection invites you to experience visual magic that challenges how you see and feel. Each artwork is designed to play with depth, symmetry, and unexpected patterns — drawing your eyes into mesmerizing layers that shift with every glance. These illusion-inspired creations are bold, modern, and full of intrigue, perfect for art lovers who enjoy something truly thought-provoking.

In this collection, you’ll discover paintings that twist perspective, transform light and shadow, and spark a sense of wonder. Every piece has been carefully selected for its ability to blend creativity with curiosity, offering you not just art to admire, but art to experience. Whether you’re exploring for your personal collection or looking to buy contemporary art online, these mind-bending visuals will captivate your senses and redefine how you see the world of curated art.";"optical-illusion";"Optical Illusion paintings & Art Collection| Right Art Uk";"";"Explore Optical Illusion paintings that play with perception and depth—shop a curated art collection full of wonder, movement, and visual intrigue.";"";"";"";"Visitor,Customer,Guest";""
"181";"0";"Fractal paintings";"42";"Abstract & Geometric paintings";"Step into a world where art meets infinite geometry. Our Fractal Paintings Collection is a mesmerizing journey through color, symmetry, and emotion. Each artwork in this curated selection captures the mysterious beauty of mathematical patterns found in nature — spirals, waves, and repeating shapes that feel both futuristic and organic. These pieces are designed to evoke a sense of wonder, calm, and connection, pulling you into a deeper visual experience every time you look.

Inside this collection, you’ll find vibrant abstracts, dreamlike pattern compositions, and stunning visual illusions that balance chaos and harmony. Every painting has been handpicked to create an emotional impact — whether it’s the energy of bold colors or the meditative flow of repeating forms. Perfect for those who appreciate modern art with meaning, this collection invites you to explore, feel, and discover your own interpretation. Discover why so many art lovers choose our store to buy unique, curated art collections that speak to the imagination.";"fractal";"Fractal paintings & Art Collection| Right Art Uk";"";"Discover our Fractal Paintings Collection – a curated selection of mesmerizing, modern artworks inspired by infinite patterns and emotion.";"";"";"";"Visitor,Customer,Guest";""
"182";"1";"Space paintings";"43";"Space & Astronomy paintings";"Step into the wonder of the cosmos with our Space Paintings Collection — a handpicked selection of artworks inspired by the mysteries of the universe. Each piece captures the breathtaking beauty of galaxies, stars, planets, and cosmic lights, bringing to life the awe and depth of outer space. These paintings are designed to spark imagination, evoke curiosity, and remind us of how vast and beautiful our universe truly is.

In this curated art collection, you’ll find stunning interpretations of nebula skies, moonlit worlds, star clusters, and dreamlike cosmic horizons. The artworks range from bold, vibrant depictions of distant galaxies to serene, minimal space scenes that radiate calm and wonder. Every painting is chosen for its ability to make you feel connected to something greater — a timeless universe full of color, mystery, and emotion.

Perfect for those who love celestial beauty and want to experience art that feels infinite, this collection is a celebration of the imagination and the endless night sky. Discover, feel, and collect art that takes you beyond Earth — where creativity meets the cosmos.";"space";"Space paintings & Art Collection| Right Art Uk";"";"Explore our Space Paintings Collection — curated cosmic art capturing galaxies, stars, and celestial beauty. Buy inspiring space-themed artworks online.";"";"";"";"Visitor,Customer,Guest";""
"183";"1";"Planet paintings";"43";"Space & Astronomy paintings";"Step into a universe of imagination with our Planet Paintings collection, where art meets the mystery of the cosmos. Each piece in this curated selection captures the awe-inspiring beauty of distant worlds, glowing moons, and vibrant galaxies. From soft, dreamy atmospheres to bold, colorful planetary visions, these artworks are designed to transport you to a place beyond Earth — a realm filled with wonder, light, and endless possibility.

Every artwork in this collection has been thoughtfully chosen to evoke a sense of curiosity, calm, and connection to the universe. Whether you’re drawn to the elegance of orbiting spheres or the vast energy of galactic skies, this collection celebrates the beauty of our solar system and beyond. Discover unique planet-themed art that sparks imagination, invites reflection, and makes your art-buying experience feel like a journey through the stars.";"planet";"Planet paintings & Art Collection| Right Art Uk";"";"Discover our Planet Paintings collection – a curated universe of stunning planet-inspired art that captures the mystery and beauty of the cosmos.";"";"";"";"Visitor,Customer,Guest";""
"184";"1";"Moon paintings";"43";"Space & Astronomy paintings";"Step into the quiet magic of the night with our Moon Paintings Collection, a curated selection of artworks inspired by the calm glow and mystery of the moon. Each piece captures the poetic beauty of moonlight — from soft silver reflections over still waters to dreamy night skies filled with luminous wonder. This collection invites you to feel the serenity, romance, and timeless pull that the moon has always held over human hearts.

Every artwork in this collection has been carefully chosen to evoke emotion and imagination. Whether it’s the peaceful stillness of a crescent moon or the captivating energy of a full moon rising, these paintings speak to those who find beauty in quiet moments and cosmic dreams. Perfect for art lovers seeking soulful, meaningful pieces that tell a story beyond the visible sky.

Browse and buy Moon-themed art from our thoughtfully curated gallery — where every painting connects you to the tranquil rhythm of the night and the endless allure of the universe.";"moon";"Moon paintings & Art Collection| Right Art Uk";"";"Discover our Moon Paintings Collection — serene, emotional art inspired by moonlight and curated for soulful art lovers.";"";"";"";"Visitor,Customer,Guest";""
"185";"0";"Star paintings";"43";"Space & Astronomy paintings";"Step into a world where the night sky comes alive through art. Our Star Paintings Collection celebrates the beauty, wonder, and mystery of the cosmos — a handpicked selection for dreamers, thinkers, and art lovers who find magic in starlight. Each artwork in this collection captures the feeling of gazing up at a sky full of stars — moments of calm, awe, and infinite imagination.

This curated gallery brings together pieces inspired by galaxies, constellations, and the quiet brilliance of night. From bold, glowing skies to subtle cosmic abstracts, every painting tells a story of connection between humanity and the universe. The tones, textures, and light within these works create a sense of depth and serenity that invites reflection and inspiration.

Perfect for those who appreciate meaningful, expressive, and modern art, our Star Paintings offer more than just visuals — they evoke emotion and curiosity. Discover art that feels alive, luminous, and timeless — a celebration of celestial beauty thoughtfully chosen to elevate your collection.";"star";"Star paintings & Art Collection| Right Art Uk";"";"Discover our Star Paintings Collection — curated cosmic-inspired art capturing wonder, serenity, and the beauty of starlit skies. Buy unique art online.";"";"";"";"Visitor,Customer,Guest";""
"186";"1";"Galaxy paintings";"43";"Space & Astronomy paintings";"Step into our Galaxy paintings collection, where deep space meets modern art. Here you’ll find dreamy night skies, glowing star fields, swirling galaxies, and mystical nebulas that feel like tiny windows into the universe. Each artwork is chosen to capture that quiet, endless feeling you get when you look up at the stars — a mix of wonder, calm, and pure curiosity.

This curated art collection is designed for people who love cosmic vibes and want meaningful space art that tells a story. You’ll discover pieces with bold constellations, planets in motion, and abstract cosmic energy, all carefully selected so you can easily buy art that matches your taste without scrolling forever. Whether you’re building a personal art collection or searching for unique galaxy wall art to shop online, this page brings together our best space-inspired pieces in one place. Every item in this galaxy art selection is carefully reviewed for quality, mood, and harmony, so you can trust that each piece adds real depth and emotion to your collection.";"galaxy";"Galaxy paintings & Art Collection| Right Art Uk";"";"Discover dreamy Galaxy paintings, a curated space art collection with galaxies, stars and nebulas. Shop unique galaxy wall art and buy art online easily.";"";"";"";"Visitor,Customer,Guest";""
"187";"0";"Cosmic Phenomena paintings";"43";"Space & Astronomy paintings";"Step into our Cosmic Phenomena paintings collection, where every artwork captures the magic of galaxies, stars, moons, and mysterious skies. This curated art collection is all about that dreamy, out-of-this-world feeling—glowing nebula clouds, swirling cosmic storms, and celestial horizons that blur the line between fantasy and reality. Here you’ll find bold space-inspired pieces, soft dreamy starlit scenes, abstract cosmic energy, and planet-focused artworks that feel both vast and intimate at the same time.

Each piece in this collection is carefully chosen to tell a story of wonder, stillness, and infinite space. The colors, light, and motion are selected to spark curiosity, calm your mind, and invite you to imagine what lies beyond. If you love buying art that feels meaningful and unique, this is a thoughtfully curated art collection designed for you—perfect for anyone drawn to astronomy, spirituality, or simply that “bigger than life” feeling. Explore the Cosmic Phenomena collection and discover artwork that feels personal, powerful, and timeless.";"cosmic-phenomena";"Cosmic Phenomena paintings & Art Collection| Right Art Uk";"";"Discover our Cosmic Phenomena paintings collection—curated space-inspired art with galaxies, stars, and celestial moods for cosmic dreamers.";"";"";"";"Visitor,Customer,Guest";""
"188";"0";"Cosmic Event paintings";"43";"Space & Astronomy paintings";"Step into the Cosmic Event paintings collection, where every artwork is inspired by the most powerful moments in the universe. Here you’ll find dramatic eclipses, glowing comets, meteor showers, swirling galaxies, and sky-shifting alignments that feel like time has paused for something magical. Each piece is created to capture that exact second when light, shadow, and space come together in a way that feels larger than life.

This curated art collection is for people who love mystery, beauty, and a sense of wonder in their lives. The mood of these works ranges from calm and dreamy to bold and intense, always inviting you to slow down and really look. Whether you’re exploring galaxy art for sale or looking to buy art online that feels meaningful and rare, these pieces are carefully chosen so every design feels intentional, emotional, and truly memorable.";"cosmic-event";"Cosmic Event paintings & Art Collection| Right Art Uk";"";"Discover our Cosmic Event paintings collection – curated galaxy art for sale that captures eclipses, comets and starry skies in vivid detail.";"";"";"";"Visitor,Customer,Guest";""
"189";"0";"Cosmic Concepts paintings";"43";"Space & Astronomy paintings";"Lose yourself in the Cosmic Concepts paintings collection – a curated world of galaxies, moons, nebulas, and surreal space horizons. Each artwork is chosen to capture that feeling of looking up at the night sky and wondering what’s out there. Here you’ll find dreamy cosmic scenes, abstract star maps, and planet-focused pieces that blend mystery, calm, and a touch of sci-fi energy. It’s a collection for people who love space, symbolism, and art that makes them pause for a second look.

These artworks are thoughtfully curated to feel connected, like different chapters of the same universe. Whether you’re looking to buy art online for your personal collection or searching for a special cosmic art piece that reflects your inner world, Cosmic Concepts brings you a selection that feels modern, meaningful, and a little bit otherworldly. Explore the collection, follow the shapes and colors, and find the artwork that speaks to your sense of wonder.";"cosmic-concepts";"Cosmic Concepts paintings & Art Collection| Right Art Uk";"";"Explore the Cosmic Concepts collection – curated cosmic art of galaxies, moons and nebulas. Discover and buy unique space-inspired art online.";"";"";"";"Visitor,Customer,Guest";""
"190";"0";"Astrological Signs paintings";"43";"Space & Astronomy paintings";"Explore our Astrological Signs paintings collection, where every zodiac sign is turned into a powerful visual story. From bold, fiery energy for Aries and Leo to calm, dreamy vibes for Pisces and Cancer, each artwork is designed to capture the unique personality, symbols, and elements of the stars. This curated art collection is perfect for anyone who loves astrology, zodiac meanings, and personal, soul-connected art you can truly relate to.

Inside this collection, you’ll find a range of styles inspired by cosmic skies, constellations, mystical symbols, and modern zodiac designs. Some pieces feel mysterious and magical, others feel empowering and confident, but all are created to spark emotion and a deep sense of connection to your sign. Whether you’re shopping for yourself or looking to buy art as a meaningful gift, this carefully selected astrology art collection makes it easy to find the piece that feels “just right” for you.";"astrological-signs";"Astrological Signs paintings & Art Collection| Right Art Uk";"";"Discover our curated Astrological Signs paintings collection – soulful zodiac art for meaningful gifting and personal connection.";"";"";"";"Visitor,Customer,Guest";""
"191";"0";"Sacred Sumbols paintings";"43";"Space & Astronomy paintings";"Step into our Sacred Symbols paintings collection, a curated art selection designed for people who love meaning in their art, not just decoration. Here you’ll find symbolic artworks inspired by ancient signs, mandalas, sacred geometry, celestial icons, and spiritual motifs from many cultures. Each piece is chosen to tell a quiet story about protection, balance, intuition, and inner peace, helping you feel more connected to something higher and deeper.

This collection is perfect for anyone who wants to buy art online that feels personal and mindful. The mood of these paintings is calm, mystical, and slightly dreamy, with a soothing energy that invites reflection and stillness. Every artwork in this curated art collection is handpicked for its symbolism, harmony, and emotional impact, so you can build a meaningful art collection that truly reflects your spiritual side.";"sacred-sumbols";"Sacred Sumbols paintings & Art Collection| Right Art Uk";"";"Discover Sacred Symbols paintings — a curated spiritual art collection of meaningful symbols, mandalas and sacred geometry to inspire calm and connection.";"";"";"";"Visitor,Customer,Guest";""
"192";"0";"Number paintings";"43";"Space & Astronomy paintings";"Number paintings is a curated art collection for people who love clean, modern design with a playful twist. Here you’ll find artworks built around single digits, bold number series, and abstract numeric patterns – from minimal black-and-white designs to colorful statement pieces packed with character. Each piece turns simple numbers into something visual and expressive, giving everyday symbols a fresh, stylish identity.

This collection is perfect for anyone who wants to buy art online that feels smart, modern, and a little bit unexpected. The artworks in this number series explore ideas of time, rhythm, order, and personality, often using numbers to tell quiet little stories. Every piece has been carefully selected so the whole collection feels balanced and intentional, making it easy to discover art for sale that fits your taste without endless scrolling. Browse the Number paintings page and find that one design that instantly clicks with you.";"number";"Number paintings & Art Collection| Right Art Uk";"";"Discover our curated Number paintings collection – bold, modern numeric art for sale. Buy art online that feels smart, stylish, and meaningful.";"";"";"";"Visitor,Customer,Guest";""
"193";"0";"Sacred Geometry paintings";"43";"Space & Astronomy paintings";"Step into our Sacred Geometry paintings collection, where every piece is designed to feel meaningful, calm, and deeply intentional. These artworks are inspired by timeless shapes like mandalas, spirals, and interlocking patterns that symbolize balance, unity, and harmony. Each design is carefully chosen to create a soothing, focused mood – the kind of art that invites you to slow down, breathe, and feel more connected to yourself and the universe.

This curated art collection is perfect for anyone who loves buying art with purpose, not just decoration. Inside this Sacred Geometry art range, you’ll find minimalist line-based designs, intricate pattern-focused pieces, and bold, symmetry-driven works that make a quiet but powerful statement. Every artwork in this collection is handpicked to fit the theme of spiritual symbolism, mindful living, and modern style, so you can shop with confidence knowing you’re choosing meaningful, well-curated art that speaks to your inner world.";"sacred-geometry";"Sacred Geometry paintings & Art Collection| Right Art Uk";"";"Explore our Sacred Geometry paintings collection – calming, symbolic art, thoughtfully curated for mindful buyers and modern art lovers.";"";"";"";"Visitor,Customer,Guest";""
"194";"0";"cosmic myth paintings";"43";"Space & Astronomy paintings";"Step into our Cosmic Myth Paintings collection, where ancient legends meet deep space vibes. This curated art collection is all about star-filled skies, mythic gods, cosmic creatures, and dreamlike galaxies. Each piece tells a story — heroes rising, constellations coming alive, and timeless myths reimagined with a modern, celestial twist. If you love fantasy, astrology, or the feeling of looking up at the night sky and wondering what’s out there, this is the place for you.

Every artwork in this collection is carefully handpicked to feel both powerful and peaceful at the same time. The mood ranges from mysterious and epic to calm and meditative, giving you that “lost in the universe” feeling in the best way. Whether you’re looking to buy art online, start your own small gallery at home, or simply add a standout piece to your growing collection, these cosmic myth pieces are chosen to work beautifully together. Explore, connect with the stories, and find the artwork that feels like it was made just for you.";"cosmic-myth";"cosmic myth paintings & Art Collection| Right Art Uk";"";"Discover cosmic myth paintings inspired by gods, stars, and legends. A curated art collection to explore, feel, and shop when you buy art online.";"";"";"";"Visitor,Customer,Guest";""
"195";"0";"Occupations and Profession paintings";"44";"Work And Daily Life paintings";"Our Occupations and Profession paintings collection celebrates the people who keep the world moving. Inside this curated art collection, you’ll find powerful scenes of doctors, engineers, teachers, chefs, artists, business leaders, musicians, and many more real-life heroes. Each artwork focuses on the character, uniform, tools, and energy of the job, highlighting the pride, passion, and hustle behind every profession. It’s a tribute to daily work, big dreams, and the stories behind every career.

Carefully selected for buyers who value meaningful, story-rich art, this collection blends emotion, inspiration, and modern style. Whether you’re drawn to calm, focused moments or dynamic, high-energy scenes, these profession-themed pieces are designed to connect on a personal level. Explore and buy art that reflects your journey, your goals, or the people you admire, all in one thoughtfully curated collection of Occupations and Profession paintings.";"occupations-and-profession";"Occupations and Profession paintings & Art Collection| Right Art Uk";"";"Discover Occupations and Profession paintings – a curated art collection celebrating real careers, passion, and everyday heroes. Buy meaningful art online.";"";"";"";"Visitor,Customer,Guest";""
"196";"0";"Social Events paintings";"44";"Work And Daily Life paintings";"Social Events paintings is a curated collection full of energy, connection, and celebration. Here you’ll find artwork inspired by parties, weddings, concerts, dinners, business meetups, and every kind of social gathering. Each piece captures the buzz of conversation, clinking glasses, music in the background, and those small human moments that make events unforgettable. It’s a collection made for people who love stories about togetherness and shared experiences.

This collection is carefully selected to help you buy art that feels modern, social, and emotionally rich. From intimate evening scenes and elegant receptions to lively dance floors and stylish networking events, every artwork is chosen for its mood, color harmony, and strong visual impact. Explore this social events art collection to discover pieces that speak to your lifestyle, your memories, and the way you like to celebrate life.";"social-events";"Social Events paintings & Art Collection| Right Art Uk";"";"Discover our Social Events paintings collection – curated art celebrating parties, weddings and gatherings. Buy expressive, modern event-themed art online.";"";"";"";"Visitor,Customer,Guest";""
"197";"0";"Leisure & Entertainment paintings";"44";"Work And Daily Life paintings";"Lose yourself in our Leisure & Entertainment paintings collection, where every artwork celebrates downtime, joy, and fun moments. Here you’ll find scenes of cozy cafés, music nights, movie vibes, game time, sports energy, travel memories, city lights, and laid-back weekend moods. Each piece is chosen to capture that feeling of switching off from work and enjoying the small, happy moments of life.

This curated art collection is perfect for anyone who loves to buy art that feels personal and uplifting. The mood ranges from calm and dreamy to vibrant and playful, giving you plenty of choice depending on your vibe. Every artwork is carefully selected so the colors, stories, and emotions feel connected, making it easy to build a theme you’ll love. Explore the collection, discover new favorite pieces, and enjoy an easy, relaxed shopping experience while you find the art that truly feels like your kind of leisure.";"leisure-and-entertainment";"Leisure & Entertainment paintings & Art Collection| Right Art Uk";"";"Discover Leisure & Entertainment paintings: a curated art collection of joyful, relaxing scenes you can easily buy online.";"";"";"";"Visitor,Customer,Guest";""
"198";"0";"Domestic & Home Life paintings";"44";"Work And Daily Life paintings";"Domestic & Home Life paintings celebrate the small, beautiful moments that make a house feel alive. In this curated art collection, you’ll find scenes of family gatherings, quiet mornings, shared meals, playful pets, and everyday routines that feel soft, warm, and real. Each artwork is chosen to tell a story of comfort, connection, and simple joy, making it easy to find pieces that reflect your own lifestyle and memories.

This Domestic & Home Life collection is perfect for anyone who loves art that feels personal and relatable. Whether you’re looking to buy art online for yourself or as a meaningful gift, these carefully selected pieces bring a sense of calm, nostalgia, and togetherness. Explore the collection to discover thoughtful, homely artwork from a trusted online art store, all brought together in one easy-to-browse, curated art collection.";"domestic-and-home-life";"Domestic & Home Life paintings & Art Collection| Right Art Uk";"";"Discover our Domestic & Home Life paintings collection—warm, intimate art celebrating everyday moments. Thoughtfully curated, ready to buy online.";"";"";"";"Visitor,Customer,Guest";""
"199";"0";"Office paintings";"44";"Work And Daily Life paintings";"Our Office paintings collection is designed for people who want their workspace to feel focused, inspiring, and stylish. Inside this curated art collection, you’ll find calming abstracts, modern line art, city skylines, nature-inspired scenes, motivational quotes, and soft geometric designs – all carefully chosen to match a professional, modern office vibe. Each artwork is picked to bring clarity, confidence, and quiet creativity into your daily work life, without feeling loud or distracting.

Whether you’re refreshing a home workspace or upgrading a company environment, this is the place to buy art that feels smart, contemporary, and on-brand. Every piece in this office wall art range is thoughtfully selected so you don’t have to scroll forever through random prints. Instead, you get a clean, cohesive collection that makes it easy to choose the right piece for your style, your team, and your business image. Explore the collection and discover office art that feels purposeful, polished, and ready to support big ideas.";"office";"Office paintings & Art Collection| Right Art Uk";"";"Discover curated office paintings: modern, calming, and professional artworks, carefully selected to elevate your workspace and brand.";"";"";"";"Visitor,Customer,Guest";""
"200";"0";"Market paintings";"44";"Work And Daily Life paintings";"Step into our Market paintings collection and explore a world full of color, energy, and everyday stories. Each artwork in this curated art collection captures the life of markets around the world – from busy city streets and glowing night markets to peaceful village bazaars and cozy farmers’ stalls. You’ll find scenes of fruit stands, spice tables, flower sellers, street vendors, and shoppers, all brought together to show the warmth and hustle of daily life.

This Market paintings collection is carefully handpicked for people who love art that feels real, human, and full of emotion. These pieces highlight small moments – a quick smile between seller and buyer, the movement of a crowd, the charm of local culture. Whether you’re looking to buy market art online or searching for a unique market scene art for sale, this page gathers character-rich works in one easy place, making it simple to discover artwork that truly speaks to you.";"market";"Market paintings & Art Collection| Right Art Uk";"";"Discover our curated Market paintings collection – vibrant market scenes, rich details and emotional stories. Shop unique market art online today.";"";"";"";"Visitor,Customer,Guest";""
"201";"0";"School paintings";"44";"Work And Daily Life paintings";"Explore our School paintings collection, a warm and nostalgic selection that celebrates the world of learning, friendship, and childhood dreams. Each artwork captures moments from classrooms, playgrounds, and school corridors, from lively morning assemblies to quiet study times. You’ll find joyful scenes, thoughtful portraits, and story-like compositions that bring back the feelings of curiosity, growth, and imagination.

Every piece in this school-themed art collection is carefully chosen to reflect positive energy and inspiring memories. Whether you’re looking to buy school paintings online as meaningful gifts or to build a curated art collection around education and youth, these artworks are designed to connect emotionally. Explore the collection and discover School paintings that feel personal, expressive, and full of life.";"school";"School paintings & Art Collection| Right Art Uk";"";"Discover School paintings that celebrate learning, friendship, and childhood. Buy curated school-themed art online and find pieces that inspire.";"";"";"";"Visitor,Customer,Guest";""
"202";"0";"Classic Literature paintings";"45";"Literature & Drama paintings";"Step into our Classic Literature paintings collection, where timeless stories are reimagined as expressive visual art. Here you’ll find scenes inspired by beloved novels, iconic characters, and unforgettable moments from the world’s most famous books. From dreamy romantic tales to dark Gothic narratives and epic adventures, each piece is carefully chosen to capture the emotion, drama, and mystery that readers love.

This curated art collection is made for book lovers who want to see their favorite stories come to life. Every artwork is selected for its storytelling power, rich atmosphere, and classic mood, so browsing feels like walking through the pages of a beautifully written novel. Whether you’re drawn to soft, nostalgic scenes or bold, dramatic imagery, you can buy art here that reflects your personal reading journey. Explore our Classic Literature paintings and build a thoughtful, meaningful art collection that feels intelligent, emotional, and endlessly inspiring.

Because every piece is connected to a literary classic, this collection makes it easy to buy art online with confidence. You’re not just picking a random image – you’re choosing a curated artwork with a story, a mood, and a clear place in the long tradition of classic literature art.";"classic-literature";"Classic Literature paintings & Art Collection| Right Art Uk";"";"Discover our Classic Literature paintings collection – book-inspired art for readers and collectors. Shop curated story-driven wall art online.";"";"";"";"Visitor,Customer,Guest";""
"203";"0";"Modern Literature paintings";"45";"Literature & Drama paintings";"Modern Literature paintings is a curated art collection for people who love both stories and style. Inside this collection, you’ll find artworks inspired by iconic books, powerful characters, and poetic moments. Some pieces focus on bold typography and famous lines, others highlight subtle emotions, deep thoughts, and the drama of modern life. Colors, composition, and symbolism all work together to create a thoughtful, slightly cinematic mood that feels smart, emotional, and very now.

This is the perfect place to buy art online if you want something more meaningful than just “nice” wall decor. Every piece in our Modern Literature paintings collection is carefully selected to speak to readers, writers, and contemporary art lovers. The artworks are chosen for how they connect visually to modern storytelling, from minimalist covers and abstract scenes to expressive portraits and narrative-inspired designs. Browse the collection, discover new favorites, and build a personal library of modern literature art that reflects your tastes and your inner world.";"modern-literature";"Modern Literature paintings & Art Collection| Right Art Uk";"";"Shop Modern Literature paintings – a curated art collection of bold, book-inspired artworks for contemporary readers and art lovers.";"";"";"";"Visitor,Customer,Guest";""
"204";"0";"Characters & Scenes paintings";"45";"Literature & Drama paintings";"Step into our Characters & Scenes paintings collection, where every artwork feels like a moment paused in time. Here you’ll find expressive figures, dramatic scenes, quiet everyday moments, fantasy worlds, and cinematic story frames—each piece created to spark your imagination and pull you into its own little universe. Faces, gestures, and backgrounds all work together to show emotion, tension, joy, mystery, or nostalgia in a single glance.

This is a carefully curated art collection for people who love story-driven visuals and want to buy art online that actually feels alive. Whether it’s intense character portraits, dynamic action scenes, or soft, emotional storytelling pieces, every artwork in this collection is chosen for its mood, detail, and personality. Browse with confidence knowing each piece has been thoughtfully selected to help you find meaningful, collectible art that speaks to you and fits your taste.";"characters-and-scenes";"Characters & Scenes paintings & Art Collection| Right Art Uk";"";"Discover our Characters & Scenes paintings collection – curated, story-driven art to buy online, full of emotion, drama, and personality.";"";"";"";"Visitor,Customer,Guest";""
"205";"0";"Poetry paintings";"45";"Literature & Drama paintings";"Our Poetry Paintings collection is all about art that feels like a poem you can see. Each piece is inspired by rhythm, words, and emotion—capturing quiet thoughts, untold love stories, late-night reflections, and dreamy moments. These artworks are created to feel intimate and relatable, almost like reading a favorite verse that understands you. Soft moods, deep feelings, and thoughtful details make this collection perfect for anyone who loves both poetry and art.

Inside this curated art collection, you’ll find poetry-inspired art with handwritten lines, symbolic imagery, and visual stories that speak to the heart. Some pieces are gentle and minimal, others are bold and dramatic, but all are carefully selected to give you meaningful, expressive wall art you can buy online with confidence. Whether you’re building your personal art collection or looking for emotional, story-rich pieces, these poetry paintings are chosen for their soul, message, and beauty—not just for how they look.";"poetry";"Poetry paintings & Art Collection| Right Art Uk";"";"Discover poetry-inspired art in our curated Poetry Paintings collection. Emotional, story-rich pieces to buy online and make your space feel personal.";"";"";"";"Visitor,Customer,Guest";""
"206";"0";"Verse paintings";"45";"Literature & Drama paintings";"Step into our Verse paintings collection, where art and words meet. Each piece is inspired by powerful verses, quotes, and lines that speak to the heart. This curated art collection is made for people who love meaning, not just visuals — artworks that whisper hope, faith, calm, and reflection every time you look at them.

Inside this collection you’ll find poetic, story-like scenes, subtle abstracts with hidden lines, and minimal designs built around carefully chosen words. Some pieces glow with uplifting verses, others feel deep and introspective, perfect for quiet moments and personal reflection. Every artwork is selected to feel timeless, emotional, and beautifully balanced, so you can confidently buy art online that actually connects with your inner world. It’s a place where collecting art feels personal, gentle, and very human.

These Verse paintings are ideal for anyone looking to build a thoughtful art collection, give a meaningful gift, or add more soul to their everyday life. Whether you’re a first-time buyer or already building a curated art collection, this is where you’ll discover pieces that feel close to your story. Browse the collection, explore each design, and find the piece that feels like it was written just for you.";"verse";"Verse paintings & Art Collection| Right Art Uk";"";"Discover Verse paintings – a curated art collection of poetic, emotion-filled artworks to buy online and bring deeper meaning to life.";"";"";"";"Visitor,Customer,Guest";""
"207";"0";"Theatre paintings";"45";"Literature & Drama paintings";"Step into the spotlight with our Theatre paintings collection, created for people who love the magic of the stage. Here you’ll find dramatic scenes with rich curtains, glowing spotlights, actors mid-performance, quiet backstage moments, vintage theatres, and bold close-ups of masks and faces. Each artwork is chosen to capture movement, story, and emotion, so you can bring that exciting “showtime” feeling into your art collection. Whether you love classic plays, musicals, ballet, or modern performance, this curated selection offers a wide mix of theatre-inspired art to explore and buy online.

Every piece in this theatre art collection is carefully selected for mood and quality, so shopping here feels like walking through a well-designed gallery. You’ll see artworks that play with strong light and shadow, deep reds, golds, and dark tones, as well as more minimal, modern stage scenes. Together, they create a powerful, emotional world that celebrates performance, passion, and creativity. Browse the collection, find the pieces that speak to you, and build a unique, theatre-focused art collection with confidence.";"theatre";"Theatre paintings & Art Collection| Right Art Uk";"";"Discover theatre paintings full of drama and light. Shop our curated stage art collection and buy theatre-inspired art online with ease.";"";"";"";"Visitor,Customer,Guest";""
"208";"0";"fairytale paintings";"45";"Literature & Drama paintings";"Step into our Fairytale Paintings collection, where every artwork feels like a moment paused from a storybook. Here you’ll find dreamy castles in the clouds, enchanted forests, soft glowing lights, and gentle magic in every scene. Each piece is chosen to spark imagination and bring that nostalgic, childhood wonder back to life. The mood is calm, romantic, and a little bit mysterious – perfect for anyone who loves fantasy stories and soft, emotional art.

This is a carefully curated art collection for people who love to buy art online that actually tells a story. You’ll discover whimsical characters, moonlit nights, and delicate details that reward a slow, mindful look. Whether you’re building a small personal art collection or searching for fairytale art to gift someone special, these pieces are selected to feel meaningful, magical, and timeless.";"fairytale";"fairytale paintings & Art Collection| Right Art Uk";"";"Step into our Fairytale Paintings collection – a curated selection of dreamy fantasy art to shop online, full of magic, wonder and soft storytelling.";"";"";"";"Visitor,Customer,Guest";""
"209";"0";"Pop Culture paintings";"46";"Movies & Pop Culture paintings";"Step into our Pop Culture paintings collection, where fandom meets fine taste. This curated gallery brings together bold, fun and nostalgic art inspired by the movies, TV shows, music icons, gaming worlds and internet moments you love. Each piece is chosen to capture the energy of mainstream culture – from retro throwbacks and comic-book vibes to minimalist portraits and graphic, meme-inspired designs – so you can buy art that actually feels personal and up to date.

These artworks are all about mood: playful, rebellious, nostalgic and a little dramatic. Some paintings burst with color and attitude, others feel sleek and moody, but every piece is picked to spark a reaction and start a conversation. This is not a random mix; it’s a carefully curated art collection built for collectors who want character, story and style in one place. Whether you’re just starting to buy art online or expanding your collection, our Pop Culture paintings make it easy to discover statement pieces that look fresh today and still feel relevant tomorrow.";"pop-culture";"Pop Culture paintings & Art Collection| Right Art Uk";"";"Discover bold Pop Culture paintings inspired by movies, music, TV and gaming. Curated art collection to buy unique, statement-making wall art online.";"";"";"";"Visitor,Customer,Guest";""
"210";"0";"Comic paintings";"46";"Movies & Pop Culture paintings";"Step into our Comic paintings collection, where bold lines, bright color and larger-than-life characters bring your favorite stories to life. Here you’ll find playful superhero art, manga-inspired scenes, retro pop style panels and quirky everyday moments drawn like a comic strip, all chosen to spark joy and nostalgia.

Each artwork in this curated art collection is picked for its strong storytelling and expressive mood. Some pieces feel fun and energetic, others a little edgy or dramatic, so you can choose the comic vibe that matches your personality. We focus on pieces with clear emotions, strong characters and eye-catching details, so every artwork feels like a frame from a story you want to keep reading.

Whether you’re buying art as a fan, a collector, or looking for a standout gift, these comic artworks are made to turn heads and start conversations. Browse the Comic paintings page to discover unique pieces you won’t see everywhere else, carefully selected so it’s easy to shop quality comic art online without endless scrolling.";"comic";"Comic paintings & Art Collection| Right Art Uk";"";"Explore our Comic paintings collection with bold, fun comic art you can buy online. Curated pieces for fans of pop, manga and superheroes.";"";"";"";"Visitor,Customer,Guest";""
"211";"0";"Graphic paintings";"46";"Movies & Pop Culture paintings";"Graphic paintings is the place where bold ideas and clean design meet. This collection brings together eye-catching pieces with strong shapes, sharp contrasts, and powerful color stories that instantly stand out. Inside, you’ll find everything from minimal graphic art and geometric patterns to statement typography-inspired pieces and playful, pop-style designs. Each artwork is chosen to feel modern, stylish, and full of personality, so you can easily find the kind of art that matches your taste and lifestyle.

Every piece in this curated art collection is selected with care, focusing on mood, balance, and visual impact. Whether you love sleek monochrome, bright neon vibes, or soft pastels, this is a space to explore and buy art that feels fresh, creative, and high-quality. It’s perfect for buyers who want more than just decoration – they want art that tells a story, sparks conversations, and reflects a confident, contemporary style. Browse, compare, and shop graphic paintings online with ease, knowing each design has been thoughtfully picked to help you build a collection you truly love.";"graphic";"Graphic paintings & Art Collection| Right Art Uk";"";"Discover bold, modern graphic paintings. Shop a curated art collection of striking, design-led pieces and buy art that reflects your unique style.";"";"";"";"Visitor,Customer,Guest";""
"212";"0";"Film Scenes paintings";"46";"Movies & Pop Culture paintings";"Step into our Film Scenes paintings collection, where every artwork feels like a still frame paused at the perfect moment. This curated art collection brings together powerful scenes inspired by cinema— moody close-ups, dramatic shadows, glowing city nights, quiet conversations, and bold action shots that look like they’re taken straight from the big screen.

Inside this collection, you’ll find paintings that capture many film moods: classic romance, vintage Hollywood drama, noir-style mystery, dreamy fantasy worlds, and modern indie vibes. Each piece is carefully chosen to tell a story, spark emotion, and give movie lovers a way to express their taste in art. Whether you love timeless black-and-white scenes or colorful blockbuster energy, this is the place to discover and buy art that truly feels cinematic.

Our Film Scenes collection is thoughtfully curated so you don’t have to search endlessly. You get a tight selection of expressive, story-driven artworks that look like they belong in a movie frame. Explore, connect with your favorite scenes, and build a personal gallery of film-inspired art that reflects who you are.";"film-scenes";"Film Scenes paintings & Art Collection| Right Art Uk";"";"Shop Film Scenes paintings – a curated art collection of cinematic, story-driven artworks for movie lovers who want emotional, gallery-worthy wall art.";"";"";"";"Visitor,Customer,Guest";""
"213";"0";"Meme paintings";"46";"Movies & Pop Culture paintings";"Our Meme Paintings collection is where internet culture meets collectable art. Here you’ll find bold, clever and highly shareable meme-inspired pieces that turn your favourite jokes, trends and viral moments into gallery-worthy visuals. From sarcastic one-liners and wholesome nostalgia to chaotic “that’s so me” moods, every artwork in this curated art collection is designed to make you smile the second you see it.

This page is for people who love to laugh and also love to buy art that actually feels personal. Each meme artwork is carefully chosen for strong colours, expressive characters and instantly recognisable humour, so your surroundings tell the same jokes you share online. Explore this unique meme art collection, discover new conversation-starting pieces, and build a fun, modern art collection that matches your online personality.

Whether you’re shopping for yourself or looking for a fun gift, this is the place to buy art online that feels fresh, current and a little bit chaotic in the best way. Scroll through the collection, pick the memes that match your sense of humour, and build a small, curated gallery of meme art that keeps your space light, playful and totally you.";"meme";"Meme paintings & Art Collection| Right Art Uk";"";"Shop meme paintings in our curated art collection. Fun, bold and clever pieces to buy online for instant mood boost and daily laughs.";"";"";"";"Visitor,Customer,Guest";""
"214";"0";"Science paintings";"47";"Science & Academia paintings";"Step into our Science paintings collection, where curiosity and creativity meet. This curated art collection is all about the beauty of ideas: galaxies swirling in deep space, glowing atoms, planets in motion, geometric patterns, lab-inspired scenes, and abstract designs inspired by physics, chemistry, and biology. Each artwork is chosen to celebrate discovery, innovation, and the feeling of looking at the universe with fresh eyes. Whether you love astronomy, mathematics, or futuristic concepts, you’ll find unique science art that speaks to your inner explorer.

These science-themed artworks are perfect for anyone who wants to buy art that feels smart, modern, and meaningful. The collection is carefully selected so every piece connects with the others while still standing out on its own. Expect bold visuals, thoughtful details, and a mood that ranges from calm and reflective to powerful and mind-expanding. Browse, enjoy, and shop art online with confidence, knowing this science art collection is handpicked to inspire questions, conversations, and a deeper love for the world of ideas.";"science";"Science paintings & Art Collection| Right Art Uk";"";"Discover our curated Science paintings collection – smart, modern science art for curious minds. Shop unique, inspiring science-themed wall art online.";"";"";"";"Visitor,Customer,Guest";""
"215";"0";"Scientist paintings";"47";"Science & Academia paintings";"Explore our Scientist paintings collection, a smart and inspiring mix of art for curious minds. Inside this collection you’ll find portraits of legendary scientists, imaginative lab scenes, cosmic discoveries, and creative visuals of formulas, atoms, and galaxies. Each piece is chosen to celebrate curiosity, ideas, and the magic of experiments, turning complex science into eye-catching, easy-to-love art.

This is more than just science-themed decor – it’s a carefully curated art collection built for people who love learning, innovation, and big questions. Whether you want to buy art online as a gift for a science lover or upgrade your own space with unique science art, these works are selected to feel thoughtful, modern, and meaningful. Every artwork in this collection is picked to spark conversation, inspire creativity, and reflect a love for knowledge.

Browse the collection, find the Scientist painting that feels “so you,” and enjoy a curated buying experience that makes choosing your next piece of art simple and enjoyable.";"scientist";"Scientist paintings & Art Collection| Right Art Uk";"";"Discover our Scientist paintings collection – smart, modern science art for curious minds. Shop curated artworks that celebrate innovation.";"";"";"";"Visitor,Customer,Guest";""
"216";"0";"Medical paintings";"47";"Science & Academia paintings";"Discover our Medical Paintings collection, a carefully curated selection of artworks inspired by anatomy, healthcare, and the human body. Inside this collection you’ll find detailed anatomical studies, minimalist medical icons, abstract interpretations of cells and organs, and calming scenes that reflect care, compassion, and healing. Each piece is chosen to celebrate the beauty of medical science while keeping a clean, modern aesthetic that feels both smart and stylish.

These medical artworks are made for people who love both art and medicine – doctors, students, nurses, and anyone fascinated by how the body works. The mood of this collection ranges from peaceful and reassuring to bold and thought-provoking, giving you meaningful choices that fit your personal taste. Every artwork is part of a curated art collection designed to make it easy to buy medical paintings online without endless searching, so you can quickly find pieces that feel professional, uplifting, and truly connected to the world of healthcare.";"medical";"Medical paintings & Art Collection| Right Art Uk";"";"Explore curated medical paintings celebrating anatomy, healthcare and science. Shop unique medical art online today.";"";"";"";"Visitor,Customer,Guest";""
"217";"0";"Academic disciplines paintings";"47";"Science & Academia paintings";"Step into our Academic Disciplines Paintings collection, where knowledge and creativity meet. Each artwork is inspired by fields like mathematics, science, literature, history, and philosophy, turning complex ideas into clear, visually striking stories. This is the place for people who love learning and want art that reflects their curious mind and thoughtful personality.

Inside this curated art collection you’ll find bold, smart designs: equations and geometric forms, cosmic scenes, vintage maps, classic texts, and symbolic portraits of great thinkers. The mood ranges from calm and reflective to energizing and futuristic, so you can choose the pieces that match your inner world. Every artwork is carefully selected to feel meaningful, modern, and ready to grow with you on your academic or creative journey. It’s a space where serious subjects feel fresh, creative, and surprisingly emotional.

Whether you’re looking to buy art for yourself, a student, a teacher, or a dedicated knowledge lover, this collection makes it easy to discover pieces that feel personal and inspiring. Browse, compare, and shop this curated selection with confidence, knowing each design has been thoughtfully chosen for its story, style, and lasting impact.";"academic-disciplines";"Academic disciplines paintings & Art Collection| Right Art Uk";"";"Shop Academic Disciplines Paintings – curated art inspired by science, math, history and literature. Buy meaningful, modern art for curious minds.";"";"";"";"Visitor,Customer,Guest";""
"218";"0";"Academic life and scene paintings";"47";"Science & Academia paintings";"Academic life and scene paintings is a carefully curated art collection that celebrates study, focus, and everyday campus moments. Here you’ll find artworks inspired by libraries, quiet study corners, lecture halls, book-filled desks, and city streets around schools and universities. Each piece reflects the beauty of learning, curiosity, and ambition, making this collection feel thoughtful, smart, and deeply human.

This academic life art collection is perfect for anyone who loves books, knowledge, and the calm mood of study life. The scene paintings in this gallery highlight small, intimate details—soft light on pages, shared notes, walking between classes, or peaceful after-school moments. Whether you’re looking to buy art online for yourself or exploring a curated art collection with a clear theme and story, these artworks offer emotion, nostalgia, and a sense of purpose in every piece.";"academic-life-and-scene";"Academic life and scene paintings & Art Collection| Right Art Uk";"";"Explore academic life and scene paintings in a curated art collection that captures study, campus, and classroom moments for art lovers shopping online.";"";"";"";"Visitor,Customer,Guest";""
"219";"0";"Diagrams & Infographics paintings";"47";"Science & Academia paintings";"Step into our Diagrams & Infographics paintings collection, where art meets clarity and smart design. This curated selection turns data, symbols, charts, and visual stories into bold, eye-catching wall art. Each piece is created to simplify complex ideas into clean, modern visuals that feel both artistic and intelligent. Whether it’s geometric layouts, flow-style diagrams, or creative infographic-inspired concepts, you’ll find artworks that speak to curious minds and visual thinkers.

This collection is perfect for people who love conceptual art, smart design, and meaningful visuals. Every artwork is carefully chosen to feel balanced, modern, and thoughtfully arranged, giving you more than just something nice to look at – it gives you something to think about. If you’re looking to buy art online that feels fresh, creative, and different from standard styles, this curated art collection offers pieces that stand out and tell a visual story in a simple, stylish way.";"diagrams-and-infographics";"Diagrams & Infographics paintings & Art Collection| Right Art Uk";"";"Explore our Diagrams & Infographics paintings collection – smart, modern, curated art for visual thinkers looking to buy unique wall art online.";"";"";"";"Visitor,Customer,Guest";""
"220";"0";"Music paintings";"48";"Music & Performing Arts";"Music paintings is where sound turns into color and rhythm becomes visual. This curated art collection is all about music-inspired scenes, from soulful jazz moments and classic instruments to modern DJ vibes and abstract sound waves. Every artwork is chosen to capture the energy of live performances, the calm of quiet listening, and the deep emotions that music brings into our lives. You’ll find expressive portraits of musicians, detailed instrument-focused pieces, and abstract music art that feels like a song frozen in time.

This collection is perfect for anyone who loves both art and music and wants to buy art online that truly reflects their passion. Each piece is carefully selected to feel joyful, emotional, and inspiring, so you can build your own meaningful music art collection with confidence. Browse our music wall art and discover curated pieces that celebrate rhythm, melody, and mood in a fresh, modern way.";"music";"Music paintings & Art Collection| Right Art Uk";"";"Discover our curated Music Paintings collection – expressive music-themed art to buy online, from instruments to abstract sound-inspired pieces.";"";"";"";"Visitor,Customer,Guest";""
"221";"0";"dance paintings";"48";"Music & Performing Arts paintings";"Step into our dance paintings collection, where every artwork moves with its own rhythm. Here you’ll find expressive figures caught mid-step, graceful ballet moments, energetic street dance scenes, and abstract shapes inspired by music and motion. Each piece is chosen to capture the feeling of dance – the rush of movement, the joy of performance, and the quiet focus before the beat drops.

This curated art collection is all about emotion and storytelling. Some artworks feel bold and powerful, with strong lines and dynamic poses, while others are soft and romantic, full of flowing shapes and gentle motion. Whether you love classic styles or modern, minimalist dance artwork, this is a carefully picked selection that lets you feel the music through color, light, and gesture.

If you’re looking to buy art online that feels alive and inspiring, this collection is made for you. We focus on quality, mood, and detail so you can explore dance themed art for sale that truly connects with your personality and taste.";"dance";"dance paintings & Art Collection| Right Art Uk";"";"Discover dance paintings full of movement and emotion. Shop a curated art collection of expressive dance artwork and find the piece that fits your style.";"";"";"";"Visitor,Customer,Guest";""
"222";"0";"Concert paintings";"48";"Music & Performing Arts paintings";"Our Concert paintings collection is all about energy, rhythm, and powerful mood. Each artwork in this curated art collection captures those live music moments you never forget – bright stage lights, crowded venues, emotional close-ups, and dramatic silhouettes of performers lost in their sound. You’ll find pieces inspired by rock gigs, jazz nights, orchestras, indie shows, and intimate acoustic sets, all designed to make you feel like you’re right there in the crowd again.

This concert art collection is carefully handpicked for music lovers who want to buy art that actually feels like music. The artworks highlight movement, colour, and expression, focusing on the emotions between the artist, the audience, and the stage. Whether it’s the rush of a festival, the mood of a dimly lit club, or the elegance of a grand performance hall, these concert paintings are chosen to tell a story and create a strong visual rhythm. Explore the collection and discover music inspired art that speaks to your personal soundtrack.";"concert";"Concert paintings & Art Collection| Right Art Uk";"";"Discover our Concert paintings collection: music inspired art, curated concert art for music lovers looking to buy unique, emotional pieces online.";"";"";"";"Visitor,Customer,Guest";""
"223";"0";"Street Performance paintings";"48";"Music & Performing Arts paintings";"Step into our Street Performance paintings collection, a vibrant world of music, motion, and city energy. Here you’ll find expressive artworks inspired by buskers on busy corners, dancers under neon lights, live bands on hidden squares, and everyday performers turning sidewalks into a stage. Each piece captures raw movement, bold gestures, and the exciting feeling of discovering talent right in the middle of the street – that magic moment when the city feels fully alive.

This curated art collection is for anyone who loves urban culture and wants to buy art online that actually tells a story. Every artwork is carefully selected to highlight personality, attitude, and emotion – from soulful solo acts to powerful crowd scenes. You’ll see moody night streets, colorful festival vibes, and intimate snapshots of human connection, all focused on the world of street performance. Explore the collection, find the pieces that speak to you, and shop art that feels dynamic, modern, and full of life.

Because the collection is tightly curated, it's easy to discover pieces that match your taste without endless scrolling. Whether you're a collector, a city lover, or just starting to buy art, this street performance art for sale gives you an exciting, character-filled way to grow your online art collection.";"street-performance";"Street Performance paintings & Art Collection| Right Art Uk";"";"Discover curated street performance paintings full of energy, music and motion. Shop expressive urban art for sale and grow your unique collection.";"";"";"";"Visitor,Customer,Guest";""
"224";"0";"Indoor Sports paintings";"49";"Sports paintings";"Step into our Indoor Sports paintings collection, where every piece captures the rush, focus and drama of the game. From intense basketball moments and buzzing indoor arenas to quiet locker-room reflections and close-ups of sneakers, nets and courts, this curated art collection brings the full story of sport to life. Expect bold compositions, dynamic movement and small details that only true fans notice.

Carefully handpicked, these artworks are made for people who love both sport and style. You’ll find energetic action scenes, graphic poster-inspired designs and sleek minimal sports art, all under one roof so you can easily compare and buy the piece that fits your vibe. Each work is chosen to spark motivation, nostalgia and everyday inspiration, turning your love for indoor games into meaningful, collectible art.

We keep this collection tightly curated so you always see the strongest pieces first, with new sports artwork for sale added regularly. Browse at your own pace, enjoy secure online shopping, and feel confident that every Indoor Sports artwork here has been thoughtfully selected to help you invest in art you genuinely connect with.";"indoor-sports";"Indoor Sports paintings & Art Collection| Right Art Uk";"";"Shop Indoor Sports paintings collection – dynamic, curated sports art full of energy and movement. Ideal for sport lovers buying art online.";"";"";"";"Visitor,Customer,Guest";""
"225";"0";"Outdoor Sports paintings";"49";"Sports paintings";"Step into our Outdoor Sports paintings collection, where every piece captures the rush of the game and the freedom of open air. Here you’ll find powerful scenes of football, cricket, basketball, racing, surfing, hiking, and more, all set in vibrant outdoor spaces. From intense action moments to calm pre-game focus, these artworks are made for people who love the energy of sports and the beauty of nature together in one frame.

Each artwork in this curated sports art collection is handpicked to tell a story of movement, teamwork, and personal victory. The colors, expressions, and dynamic poses create a mood of excitement, motivation, and inspiration. Whether you’re a player, a fan, or just someone who loves bold and energetic wall art, this is where you can buy art that truly reflects your passion. Browse the collection, discover your favorite outdoor sports scenes, and find that one piece that feels like it was made just for you.";"outdoor-sports";"Outdoor Sports paintings & Art Collection| Right Art Uk";"";"Discover dynamic outdoor sports paintings that celebrate motion and passion. Shop this curated sports art collection and buy inspiring wall art.";"";"";"";"Visitor,Customer,Guest";""
"226";"0";"Team Sports paintings";"49";"Sports paintings";"Feel the rush of the game with our Team Sports paintings collection. Every piece is all about energy, teamwork, and that electric moment just before a win. Inside this curated sports art collection, you’ll find powerful scenes from football, basketball, soccer, cricket, and more — from intense match moments to team huddles and victory celebrations.

Each artwork is carefully selected to capture the passion of players and the emotion of true fans. Strong movement, bold expressions, and dynamic compositions bring the spirit of competition to life, whether it’s a last-minute goal, a slam dunk, or a shared team triumph. This collection is perfect for anyone who loves sports, wants to buy art that tells a story, and values a well-curated collection created with intention and heart.";"team-sports";"Team Sports paintings & Art Collection| Right Art Uk";"";"Shop our Team Sports paintings collection—curated sports art that captures teamwork, passion and victory for fans and modern art lovers.";"";"";"";"Visitor,Customer,Guest";""
"227";"0";"Motorsports paintings";"49";"Sports paintings";"Feel the speed, power, and drama of the track with our Motorsports paintings collection. This curated selection is all about high energy and pure racing passion — from roaring Formula races and classic rally legends to modern superbikes and drifting scenes. Each artwork is chosen to capture split-second action, bold movement, and that intense “race day” atmosphere that fans love.

Inside this collection, you’ll find detailed portraits of iconic cars and bikes, close-up moments from the pit lane, night races under bright lights, and emotional winner’s circle moments. It’s a handpicked motorsport art collection for people who live for engines, adrenaline, and competition. Whether you’re a dedicated collector or just looking to buy unique racing art online, these pieces are carefully selected to feel premium, exciting, and truly personal to motorsport lovers.";"motorsports";"Motorsports paintings & Art Collection| Right Art Uk";"";"Explore our curated Motorsports paintings collection featuring dynamic racing art for fans and collectors. Shop bold motorsport wall art online.";"";"";"";"Visitor,Customer,Guest";""
"228";"0";"Fitness paintings";"49";"Sports paintings";"Explore our Scientist paintings collection, a smart and inspiring mix of art for curious minds. Inside this collection you’ll find portraits of legendary scientists, imaginative lab scenes, cosmic discoveries, and creative visuals of formulas, atoms, and galaxies. Each piece is chosen to celebrate curiosity, ideas, and the magic of experiments, turning complex science into eye-catching, easy-to-love art.

This is more than just science-themed decor – it’s a carefully curated art collection built for people who love learning, innovation, and big questions. Whether you want to buy art online as a gift for a science lover or upgrade your own space with unique science art, these works are selected to feel thoughtful, modern, and meaningful. Every artwork in this collection is picked to spark conversation, inspire creativity, and reflect a love for knowledge.

Browse the collection, find the Scientist painting that feels “so you,” and enjoy a curated buying experience that makes choosing your next piece of art simple and enjoyable.";"fitness";"Fitness paintings & Art Collection| Right Art Uk";"";"Discover our Scientist paintings collection – smart, modern science art for curious minds. Shop curated artworks that celebrate innovation.";"";"";"";"Visitor,Customer,Guest";""
"229";"0";"Gym paintings";"49";"Sports paintings";"Step into our Gym Paintings collection, where movement, power, and focus come to life. This curated art collection is all about the energy of training — from bold, dynamic figures lifting weights to powerful silhouettes mid-sprint, boxing moments frozen in time, and abstract shapes inspired by muscle, speed, and grit. Each artwork is chosen to celebrate discipline, progress, and that “no excuses” mindset, so you can feel the push and motivation just by looking at it.

Whether you’re looking to buy gym art online or searching for a unique fitness-inspired art collection, this page brings together styles that share one clear theme: strength in motion. Strong lines, high contrast, and intense expressions capture sweat, struggle, and victory, all in one place. Every piece in this curated selection is picked with care, so you can easily find gym artwork that matches your drive, your story, and your goals. Explore the collection, choose the pieces that speak to you, and bring that training energy into your everyday view.";"gym";"Gym paintings & Art Collection| Right Art Uk";"";"Discover our Gym Paintings collection: powerful, motivational fitness art curated for strength, focus, and energy. Shop bold gym artwork online.";"";"";"";"Visitor,Customer,Guest";""
"230";"0";"Board Game paintings";"49";"Sports paintings";"Step into our Board Game paintings collection, where classic games meet modern art. Here you’ll find chess battles, rolling dice, playing cards, and game boards turned into bold, eye-catching visuals. Each piece is chosen to capture the fun, strategy, and nostalgia of game night — from clever minimal designs to playful, character-filled scenes. It’s a curated art collection made for people who love both games and great design.

This is the place to buy art online that feels personal and a little bit nerdy in the best way. The works in this collection are handpicked for their strong mood: some feel calm and thoughtful, like a quiet chess match, while others are bright and energetic, full of movement and color. Every artwork is selected with care so you can trust you’re getting a unique, game-inspired piece when you shop this board game art for sale.";"board-game";"Board Game paintings & Art Collection| Right Art Uk";"";"Discover Board Game paintings inspired by chess, cards and dice. Buy curated game-themed art online and bring playful strategy vibes to your walls.";"";"";"";"Visitor,Customer,Guest";""
"231";"0";"Card Game paintings";"49";"Sports paintings";"Step into our Card Game paintings collection, where every artwork feels like a frozen moment from a high-stakes table. Here you’ll find bold kings and queens, powerful aces, mysterious jokers, and graphic card symbols re-imagined as modern wall art. Some pieces feel playful and fun, others dark and dramatic, but all of them capture the tension, luck, and strategy we love in classic card games. It’s a curated art collection designed for people who enjoy a mix of elegance, symbolism, and a little bit of risk.

This collection is carefully selected so you can easily buy art online that tells a story at first glance. From minimal, clean designs to rich, detailed compositions, each piece is chosen to fit the card game theme while still feeling stylish and contemporary. Whether you’re drawn to sharp geometric shapes, casino-inspired vibes, or character-focused card game art, this gallery brings them together in one place, making it simple to find the piece that matches your personality and taste.";"card-game";"Card Game paintings & Art Collection| Right Art Uk";"";"Discover curated Card Game paintings featuring kings, queens, aces and jokers. Buy art online that captures strategy, drama and casino-inspired style.";"";"";"";"Visitor,Customer,Guest";""
"232";"0";"Video Game paintings";"49";"Sports paintings";"Step into our Video Game paintings collection, where game worlds jump out of the screen and onto your art wishlist. Here you’ll find bold portraits of iconic heroes and villains, dreamy fantasy landscapes, neon cyberpunk cities, retro pixel-inspired scenes, and soft, story-rich moments from cozy games. Each piece is picked to capture that feeling you get when the soundtrack hits, the boss fight starts, or the story twists. This is gaming art for people who don’t just play games, they live them.

Every artwork in this curated art collection is selected for strong color, clear storytelling, and emotional impact. Whether you’re into epic RPG vibes, fast-paced shooters, nostalgic classics, or indie gems, you’ll find game-inspired artwork that reflects your style and personality. If you’re looking to buy art online that feels personal, expressive, and a little bit geeky in the best way, this gaming art collection was built for you.";"video-game";"Video Game paintings & Art Collection| Right Art Uk";"";"Shop curated video game paintings full of heroes, worlds, and nostalgia. Game-inspired art for fans who want to buy art online with real emotion.";"";"";"";"Visitor,Customer,Guest";""
"233";"0";"Hobbies paintings";"49";"Sports paintings";"Our Hobbies Paintings collection is all about joy, passion, and the little things that make life exciting. Inside this curated art collection, you’ll find artwork inspired by music, books, sports, travel, gaming, gardening, fitness, photography, crafting, and many more everyday interests. Each piece tells a small story about how we spend our free time, relax our minds, and express who we are through the hobbies we love.

These hobby-inspired artworks are carefully chosen to feel warm, motivational, and relatable. Some pieces feel calm and cozy, like quiet reading moments, while others are bold and energetic, like a live match or a music performance. This collection is perfect for anyone who wants to buy art online that truly matches their personality, celebrates their lifestyle, and keeps them inspired every day.

Every painting in this selection is thoughtfully curated so you can easily discover art that feels personal, fun, and meaningful. Whether you’re a collector, a hobby fan, or simply looking for unique art to match your interests, our Hobbies Paintings collection makes it easy to explore beautiful, hobby-focused pieces all in one place.";"hobbies";"Hobbies paintings & Art Collection| Right Art Uk";"";"Explore joyful hobbies paintings inspired by music, books, sports, travel and more. A curated art collection for hobby lovers and mindful buyers.";"";"";"";"Visitor,Customer,Guest";""
"234";"0";"Superhero paintings";"50";"Fantasy & Sci-Fi paintings";"Step into our Superhero Paintings collection, where bold colors, dynamic poses, and powerful stories come together in one place. Here you’ll find iconic heroes, mysterious vigilantes, and fierce heroines captured in dramatic action scenes and close-up portraits. Every piece is chosen to celebrate courage, justice, and the feeling of never giving up, so you can explore artwork that matches your favorite characters and the worlds they protect.

This curated art collection is designed for fans who want to buy superhero art that feels modern, stylish, and full of energy. From classic comic-book legends to fresh, reimagined heroes, each artwork is carefully selected for strong mood, expressive detail, and that epic “wow” factor. Browse the collection to discover superhero artwork that inspires, motivates, and reminds you of the power of bravery and imagination.

Whether you’re starting your first art collection or adding to a growing gallery, our superhero pieces make it easy to shop confident, high-impact art online. Each design is picked with care to offer variety, quality, and a clear focus on character-driven storytelling, so you can choose artwork that truly reflects your love for heroes, villains, and epic battles.";"superhero";"Superhero paintings & Art Collection| Right Art Uk";"";"Explore curated superhero paintings with bold, powerful heroes. Shop inspiring superhero art online and find the perfect piece for your collection.";"";"";"";"Visitor,Customer,Guest";""
"235";"0";"Futuristic Cities paintings";"50";"Fantasy & Sci-Fi paintings";"Step into our Futuristic Cities paintings collection, where tomorrow’s skylines glow with neon lights, layered streets, and surprising new worlds. Here you’ll find visionary cityscapes: towering buildings, flying vehicles, digital billboards, cyberpunk alleys, and calm utopian horizons. Each artwork is chosen to spark curiosity about technology, space, and human life in the years ahead. The mood ranges from dreamy and hopeful to bold and edgy, giving you a fresh way to experience sci-fi inspired art and concept-style city views.

This is a carefully curated art collection for people who love to buy art that tells a story. Whether you’re building a personal art collection, searching for unique wall art, or browsing online paintings that feel cinematic and modern, this page brings together standout pieces in one place. Explore futuristic skylines, glowing nights, and hyper-detailed architecture, all thoughtfully selected to help you find the perfect piece that matches your taste in contemporary, imaginative city art.";"futuristic-cities";"Futuristic Cities paintings & Art Collection| Right Art Uk";"";"Explore Futuristic Cities paintings – a curated collection of neon skylines and sci-fi city art for modern collectors shopping online.";"";"";"";"Visitor,Customer,Guest";""
"236";"0";"Alien paintings";"50";"Fantasy & Sci-Fi paintings";"Step into our Alien paintings collection, where strange worlds, cosmic landscapes, and mysterious visitors come to life. Here you’ll find bold, imaginative art inspired by sci-fi, deep space, and the unknown – from eerie close-ups of alien faces and glowing eyes to full galaxy scenes filled with stars, planets, and futuristic cities. Every piece is chosen to spark curiosity, tell a story, and pull you into a different universe the moment you see it.

This curated art collection is perfect for anyone who loves space themes, fantasy stories, or simply wants art that feels unique and unforgettable. Whether you’re looking to buy art online for your own collection or searching for a standout alien artwork as a gift, this selection is made to feel premium, cohesive, and full of personality. Explore the range of dark, mysterious pieces and bright, playful designs, and find the alien painting that matches your vibe.

Each artwork in this series is thoughtfully selected for mood and emotion – from creepy and intense to dreamy and hopeful. Together, these alien pieces create a powerful, immersive collection that feels carefully put together for true art lovers and collectors.";"alien";"Alien paintings & Art Collection| Right Art Uk";"";"Discover our Alien paintings collection – a curated selection of bold, otherworldly art to buy online. Perfect for sci-fi and space lovers.";"";"";"";"Visitor,Customer,Guest";""
"237";"0";"UFO paintings";"50";"Fantasy & Sci-Fi paintings";"Step into our UFO paintings collection, where strange lights, cosmic skies, and mysterious visitors take center stage. This curated art collection brings together pieces that explore close encounters, glowing saucers, and surreal night scenes, perfect for anyone who loves sci-fi stories and cinematic space vibes. You’ll find everything from bold, colourful UFO art with neon skies to darker, moodier scenes filled with mystery and suspense.

Each artwork in this collection is carefully chosen to spark curiosity and emotion. Some pieces feel dreamy and peaceful, like watching the stars on a quiet night, while others create a sense of tension, as if something is just about to appear from the clouds. Our goal is to offer a thoughtful mix of styles so you can discover UFO paintings that match your personal taste and help you grow your art collection with something truly different. If you’re looking to buy art online that feels modern, imaginative, and a little bit otherworldly, this is the place to start.";"ufo";"UFO paintings & Art Collection| Right Art Uk";"";"Explore our UFO paintings collection – mysterious skies, bold colors and curated sci-fi art. Shop unique UFO art and elevate your collection";"";"";"";"Visitor,Customer,Guest";""
"238";"0";"Cyberpunk paintings";"50";"Fantasy & Sci-Fi paintings";"Step into our Cyberpunk paintings collection, where neon lights, rainy streets, and future-city skylines glow with electric energy. Here you’ll find intense cyberpunk portraits, moody back alleys, glowing billboards, and sci-fi cityscapes that feel straight out of a futuristic game or anime world. Each artwork is chosen to capture that mix of chaos and beauty—high tech, low life, and a deep sense of mystery. This is bold cyberpunk art for people who love stories about hackers, rebels, and worlds on the edge.

This curated art collection is carefully built for fans who want more than random sci-fi images. Every piece is picked to work together in color, mood, and theme, so browsing feels like exploring one big neon universe. Whether you’re here to buy art online, discover new cyberpunk artists, or build your own collection of futuristic wall art, this page makes it easy to find pieces that actually match your style and your love for the genre.";"cyberpunk";"Cyberpunk paintings & Art Collection| Right Art Uk";"";"Explore our curated Cyberpunk paintings collection—neon cities, moody sci-fi art, and bold futuristic vibes. Shop unique cyberpunk wall art.";"";"";"";"Visitor,Customer,Guest";""
"239";"0";"Dystopian paintings";"50";"Fantasy & Sci-Fi paintings";"Step into a dark futuristic world with our Dystopian Paintings collection, curated for fans of bold, story-driven art. Inside this collection you’ll find ruined cityscapes, neon-lit cyberpunk streets, fragile human figures, and surreal machines that feel both powerful and broken. Every piece is chosen to spark emotion, from quiet loneliness and mystery to rebellion, chaos, and strange hope, so you can discover art that truly matches your inner world.

This curated art collection is perfect for anyone who loves dystopian art and wants to buy unique, meaningful pieces online. You’ll see visions of post-apocalyptic worlds, glitch-inspired portraits, and tense, cinematic scenes that look like stills from your favorite sci-fi movie. Each artwork is selected with care to keep the mood consistent: edgy, atmospheric, and deeply immersive. Explore the collection, follow the stories hidden in every detail, and find the dystopian artwork that speaks to you. Build a powerful personal art collection that feels modern, emotional, and unforgettable, while supporting artists who bring these haunting futures to life.";"dystopian";"Dystopian paintings & Art Collection| Right Art Uk";"";"Discover dark futuristic dystopian art in this curated collection of powerful scenes, glitchy cityscapes and moody portraits you can buy online.";"";"";"";"Visitor,Customer,Guest";""
"240";"0";"Parallel Worlds paintings";"50";"Fantasy & Sci-Fi paintings";"Step into the Parallel Worlds paintings collection, where each piece feels like a doorway into another reality. This curated art collection is all about dreamy, surreal worlds that mix the familiar with the unknown. Expect floating cities, shifting skies, mirrored universes, and scenes where time feels a bit bent. It’s made for people who love art that tells a story and sparks imagination.

Inside this collection, you’ll find artworks that play with light, shadow, and space to create a sense of mystery and wonder. Some pieces feel peaceful and meditative, while others are bold, strange, and a little bit unsettling—in the best way. These creations are perfect if you enjoy exploring fantasy worlds, cosmic vibes, and deep emotional layers through visual art.

Every piece in Parallel Worlds paintings is carefully selected to work together as a strong, themed collection. It’s ideal for art lovers who want to buy art online with confidence, knowing each work has been thoughtfully chosen. Browse the gallery, discover new favorite worlds, and shop unique artwork that feels rare, modern, and unforgettable.";"parallel-worlds";"Parallel Worlds paintings & Art Collection| Right Art Uk";"";"Shop Parallel Worlds paintings, a curated art collection of dreamy, surreal worlds for art lovers ready to buy unique, story-rich pieces online.";"";"";"";"Visitor,Customer,Guest";""
"241";"0";"aqua paintings";"8";"Color";"";"aqua";"aqua paintings & Art Collection| Right Art Uk";"";"";"";"";"";"";""
"242";"0";"aquamarine paintings";"8";"Color";"";"aquamarine";"aquamarine paintings & Art Collection| Right Art Uk";"";"";"";"";"";"";""
"243";"0";"aubergine paintings";"8";"Color";"";"aubergine";"aubergine paintings & Art Collection| Right Art Uk";"";"";"";"";"";"";""
"244";"0";"auburn paintings";"8";"Color";"";"auburn";"auburn paintings & Art Collection| Right Art Uk";"";"";"";"";"";"";""
"245";"0";"azul paintings";"8";"Color";"";"azul";"azul paintings & Art Collection| Right Art Uk";"";"";"";"";"";"";""
"246";"0";"beige paintings";"8";"Color";"";"beige";"beige paintings & Art Collection| Right Art Uk";"";"";"";"";"";"";""
"247";"1";"black paintings";"8";"Color";"Step into the mysterious beauty of our Black Paintings Collection, where depth, contrast, and emotion meet in every piece. This curated selection captures the timeless power of black — from soft, shadowy gradients to bold, abstract expressions that stir the imagination. Each artwork is chosen for its ability to evoke feeling and intrigue, offering a fresh, modern edge that draws viewers in.

Inside this collection, you’ll find striking black-themed art that ranges from moody minimalism to dramatic statement pieces, all united by their elegant simplicity and visual strength. These works invite reflection and inspire thought, turning darkness into a space of creativity and calm. Perfect for art lovers who appreciate the sophistication of monochrome and the stories told through subtle tones, this is a place where emotion and artistry connect effortlessly.

Discover a thoughtful curation of black paintings for sale — made to resonate, inspire, and redefine your sense of contemporary art.";"black";"black paintings & Art Collection| Right Art Uk";"";"Explore our Black Paintings Collection — a curated selection of bold, emotional, and modern black-themed art designed to inspire and captivate.";"";"";"";"";""
"248";"1";"blue paintings";"8";"Color";"Step into the calm and captivating world of blue paintings, where every artwork tells a story through shades of sky, ocean, and midnight tones. This curated collection celebrates the power of blue — a color known for its depth, serenity, and timeless beauty. Each piece in this selection has been thoughtfully chosen to inspire emotion, from peaceful tranquility to mysterious introspection, allowing you to connect with art that truly moves the soul.

Within this collection, you’ll find a variety of contemporary blue art that ranges from abstract dreamscapes to expressive modern designs. Whether you’re drawn to the soothing energy of soft pastel blues or the bold confidence of deep cobalt, these artworks are made to captivate and reflect your inner calm. Explore and buy art online that speaks in the language of blue — elegant, emotional, and endlessly inspiring. Every piece has been carefully curated to bring together the finest expressions of creativity within this color’s rich spectrum.";"blue";"blue paintings & Art Collection| Right Art Uk";"";"Discover our curated blue paintings collection – calming, emotional, and modern artworks that celebrate the depth and beauty of blue.";"";"";"";"";""
"249";"0";"brown paintings";"8";"Color";"";"brown";"brown paintings & Art Collection| Right Art Uk";"";"";"";"";"";"";""
"250";"0";"chartreuse paintings";"8";"Color";"";"chartreuse";"chartreuse paintings & Art Collection| Right Art Uk";"";"";"";"";"";"";""
"251";"1";"colorful paintings";"8";"Color";"Step into our Colorful Paintings Collection — a world where vibrant hues, bold contrasts, and joyful energy come alive on every canvas. This curated selection celebrates the spirit of color in its most expressive form, designed to spark emotion and awaken creativity. Each artwork in this collection is chosen for its ability to tell a story through rich tones, playful combinations, and dynamic compositions that instantly catch the eye.

Inside this collection, you’ll discover a variety of colorful art pieces that range from abstract bursts of energy to dreamy landscapes and modern expressive works — all united by their radiant palettes and uplifting vibes. Every painting is thoughtfully selected to inspire happiness, wonder, and imagination. Whether you’re exploring new art for your personal collection or simply love the power of color, this gallery invites you to experience art that feels alive, bold, and full of personality.";"colorful";"colorful paintings & Art Collection| Right Art Uk";"";"Explore vibrant, expressive colorful paintings. A curated art collection filled with energy, emotion, and creative spirit.";"";"";"";"";""
"252";"0";"copper paintings";"8";"Color";"";"copper";"copper paintings & Art Collection| Right Art Uk";"";"";"";"";"";"";""
"253";"0";"crimson paintings";"8";"Color";"";"crimson";"crimson paintings & Art Collection| Right Art Uk";"";"";"";"";"";"";""
"255";"0";"earthy paintings";"8";"Color";"";"earthy";"earthy paintings & Art Collection| Right Art Uk";"";"";"";"";"";"";""
"256";"0";"emerald paintings";"8";"Color";"";"emerald";"emerald paintings & Art Collection| Right Art Uk";"";"";"";"";"";"";""
"257";"0";"fluorescent paintings";"8";"Color";"";"fluorescent";"fluorescent paintings & Art Collection| Right Art Uk";"";"";"";"";"";"";""
"258";"0";"gold paintings";"8";"Color";"";"gold";"gold paintings & Art Collection| Right Art Uk";"";"";"";"";"";"";""
"259";"0";"gray paintings";"8";"Color";"";"gray";"gray paintings & Art Collection| Right Art Uk";"";"";"";"";"";"";""
"260";"0";"grayscale paintings";"8";"Color";"";"grayscale";"grayscale paintings & Art Collection| Right Art Uk";"";"";"";"";"";"";""
"261";"1";"green paintings";"8";"Color";"Discover the beauty of nature captured in our Green Paintings Collection – a handpicked selection of artworks inspired by the calm, balance, and renewal that green brings. Each piece in this curated collection reflects the freshness of forests, the softness of meadows, and the quiet harmony of natural life. Whether it’s soft abstract tones, lush landscapes, or modern green-themed compositions, these artworks invite a peaceful and uplifting feeling into your world.

This collection is thoughtfully curated for art lovers who appreciate designs that breathe serenity and vitality. The color green symbolizes growth and calm energy, and every artwork here celebrates that essence. Explore an exclusive range that blends creativity, emotion, and thoughtful curation — perfect for collectors and those who love meaningful, nature-inspired art.";"green";"green paintings & Art Collection| Right Art Uk";"";"Explore our Green Paintings Collection – calming, nature-inspired curated art that brings balance, freshness, and modern creativity.";"";"";"";"";""
"262";"0";"grey paintings";"8";"Color";"";"grey";"grey paintings & Art Collection| Right Art Uk";"";"";"";"";"";"";""
"263";"0";"indigo paintings";"8";"Color";"";"indigo";"indigo paintings & Art Collection| Right Art Uk";"";"";"";"";"";"";""
"264";"0";"magenta paintings";"8";"Color";"";"magenta";"magenta paintings & Art Collection| Right Art Uk";"";"";"";"";"";"";""
"265";"0";"metallic paintings";"8";"Color";"";"metallic";"metallic paintings & Art Collection| Right Art Uk";"";"";"";"";"";"";""
"266";"1";"monochromatic paintings";"8";"Color";"Step into the calm and captivating world of monochromatic paintings, where art speaks through shades, tones, and subtle contrasts. This curated collection celebrates the beauty of simplicity — every piece explores the power of a single color palette to express depth, balance, and emotion. Here, you’ll find artworks that capture quiet strength, refined minimalism, and modern harmony, each designed to draw you into its mood with understated elegance.

Our monochromatic art collection brings together pieces that play with light, shadow, and tone to tell stories without distraction. Whether it’s soft gradients of gray, tranquil blues, or bold blacks and whites, these works invite reflection and calm. Carefully chosen by our team of art curators, every painting in this gallery embodies balance and emotional clarity — a statement of sophistication for art lovers who appreciate purity in design and feeling. Discover art that proves less can truly mean more.";"monochromatic";"monochromatic paintings & Art Collection| Right Art Uk";"";"Explore our curated collection of monochromatic paintings — minimalist art that captures emotion, depth, and timeless simplicity in every shade.";"";"";"";"";""
"267";"0";"multicolor paintings";"8";"Color";"";"multicolor";"multicolor paintings & Art Collection| Right Art Uk";"";"";"";"";"";"";""
"268";"0";"neon paintings";"8";"Color";"";"neon";"neon paintings & Art Collection| Right Art Uk";"";"";"";"";"";"";""
"269";"0";"neutral paintings";"8";"Color";"";"neutral";"neutral paintings & Art Collection| Right Art Uk";"";"";"";"";"";"";""
"270";"1";"orange paintings";"8";"Color";"Step into the warmth of our Orange Paintings Collection, where every artwork glows with energy, optimism, and creativity. This curated selection celebrates the beauty of orange tones — from soft apricot hues to deep sunset shades — designed to inspire joy and movement. Each piece in this collection captures the spirit of brightness and transformation, offering a sense of vitality that draws the eye and uplifts the mood.

Inside this collection, you’ll find an array of expressive artworks themed around nature, emotion, and light — from abstract bursts of color to modern scenic interpretations. These pieces are handpicked for art lovers who seek something radiant and full of life. Our orange-themed art embodies both warmth and confidence, making it a favorite for those who want their space — and their collection — to tell a story of creativity and positivity. Discover a gallery of striking, thoughtfully curated pieces that celebrate the art of color and connection.";"orange";"orange paintings & Art Collection| Right Art Uk";"";"Explore our Orange Paintings Collection — vibrant, curated artworks full of warmth, energy, and creativity. Shop radiant orange-themed art today.";"";"";"";"";""
"271";"0";"peach paintings";"8";"Color";"";"peach";"peach paintings & Art Collection| Right Art Uk";"";"";"";"";"";"";""
"272";"0";"pink paintings";"8";"Color";"";"pink";"pink paintings & Art Collection| Right Art Uk";"";"";"";"";"";"";""
"273";"0";"platinum paintings";"8";"Color";"";"platinum";"platinum paintings & Art Collection| Right Art Uk";"";"";"";"";"";"";""
"274";"0";"polychromatic paintings";"8";"Color";"";"polychromatic";"polychromatic paintings & Art Collection| Right Art Uk";"";"";"";"";"";"";""
"275";"0";"purple paintings";"8";"Color";"";"purple";"purple paintings & Art Collection| Right Art Uk";"";"";"";"";"";"";""
"276";"1";"red paintings";"8";"Color";"Step into the world of passion and power with our Red Paintings Collection. Each artwork in this curated selection celebrates the energy, warmth, and emotion that only the color red can evoke. From bold abstracts to expressive contemporary pieces, this collection brings together artworks that radiate intensity, love, and strength. Whether deep crimson or soft coral, every shade tells a story of vitality and spirit.

Our red-themed art pieces are chosen to inspire powerful feelings and capture attention instantly. This collection is perfect for art lovers who appreciate the beauty of strong color symbolism and the emotional depth it carries. Every piece in our red collection has been thoughtfully selected to offer a diverse yet harmonious range of styles—vibrant, modern, and full of life. Explore this passionate gallery and find art that speaks to your bold side.";"red";"red paintings & Art Collection| Right Art Uk";"";"Discover bold and passionate red paintings in our curated art collection—vibrant pieces full of energy, warmth, and emotion.";"";"";"";"";""
"277";"0";"rgb paintings";"8";"Color";"";"rgb";"rgb paintings & Art Collection| Right Art Uk";"";"";"";"";"";"";""
"278";"0";"rust paintings";"8";"Color";"";"rust";"rust paintings & Art Collection| Right Art Uk";"";"";"";"";"";"";""
"279";"0";"sepia paintings";"8";"Color";"";"sepia";"sepia paintings & Art Collection| Right Art Uk";"";"";"";"";"";"";""
"280";"0";"silver paintings";"8";"Color";"";"silver";"silver paintings & Art Collection| Right Art Uk";"";"";"";"";"";"";""
"281";"0";"tan paintings";"8";"Color";"";"tan";"tan paintings & Art Collection| Right Art Uk";"";"";"";"";"";"";""
"282";"0";"teal paintings";"8";"Color";"";"teal";"teal paintings & Art Collection| Right Art Uk";"";"";"";"";"";"";""
"283";"0";"turquoise paintings";"8";"Color";"";"turquoise";"turquoise paintings & Art Collection| Right Art Uk";"";"";"";"";"";"";""
"284";"0";"ultramarine paintings";"8";"Color";"";"ultramarine";"ultramarine paintings & Art Collection| Right Art Uk";"";"";"";"";"";"";""
"285";"0";"verdaccio paintings";"8";"Color";"";"verdaccio";"verdaccio paintings & Art Collection| Right Art Uk";"";"";"";"";"";"";""
"286";"0";"vermilion paintings";"8";"Color";"";"vermilion";"vermilion paintings & Art Collection| Right Art Uk";"";"";"";"";"";"";""
"287";"0";"vibrant paintings";"8";"Color";"";"vibrant";"vibrant paintings & Art Collection| Right Art Uk";"";"";"";"";"";"";""
"288";"0";"vivid paintings";"8";"Color";"";"vivid";"vivid paintings & Art Collection| Right Art Uk";"";"";"";"";"";"";""
"289";"0";"warm paintings";"8";"Color";"";"warm";"warm paintings & Art Collection| Right Art Uk";"";"";"";"";"";"";""
"290";"1";"white paintings";"8";"Color";"Step into the calm and captivating world of our White Paintings Collection — a carefully curated selection of artworks that celebrate purity, light, and quiet emotion. Each piece in this collection embraces minimalism and elegance, using subtle tones of white and soft neutrals to express depth, clarity, and peace. These artworks invite you to slow down and appreciate the quiet power of simplicity — where less truly becomes more.

In this collection, you’ll find paintings that explore themes of serenity, reflection, and balance. Whether abstract or softly textured, every piece is chosen for its ability to evoke feeling and presence. The White Paintings Collection is designed for art lovers who value modern, mindful beauty and seek art that speaks in whispers rather than shouts. Discover a selection that turns simplicity into sophistication — a true celebration of curated contemporary art.";"white";"white paintings & Art Collection| Right Art Uk";"";"Explore our curated White Paintings Collection — serene, minimal, and modern artworks celebrating light, emotion, and refined simplicity.";"";"";"";"";""
"291";"0";"whiteout paintings";"8";"Color";"";"whiteout";"whiteout paintings & Art Collection| Right Art Uk";"";"";"";"";"";"";""
"292";"0";"yellow paintings";"8";"Color";"";"yellow";"yellow paintings & Art Collection| Right Art Uk";"";"";"";"";"";"";""
"293";"1";"Black and White paintings";"8";"Color";"Step into our Black and White Paintings Collection, where contrast tells a story beyond color. Each artwork in this curated selection captures the timeless beauty of simplicity — where shadows, light, and emotion meet in perfect balance. These paintings speak in tones of depth and feeling, transforming minimalism into powerful visual poetry.

Inside this collection, you’ll find a diverse range of black-and-white art — from modern abstract pieces and expressive portraits to nature-inspired scenes and geometric forms. Every creation has been thoughtfully chosen for its ability to evoke emotion and highlight the purity of form. Without the distraction of color, these artworks draw attention to shape, texture, and meaning, allowing viewers to connect deeply with the essence of the subject.

Whether you’re exploring for inspiration or searching to buy art online that makes a lasting impression, our curated black and white art collection brings together pieces that embody elegance, emotion, and timeless design.";"black-and-white";"Black and White paintings & Art Collection| Right Art Uk";"";"Explore our curated Black and White Paintings Collection — elegant, emotional, and timeless art pieces to buy online.";"";"";"";"";""
"294";"0";"Green and Yellow paintings";"8";"Color";"";"green-and-yellow";"Green and Yellow paintings & Art Collection| Right Art Uk";"";"";"";"";"";"";""
"295";"0";"navy paintings";"8";"Color";"";"navy";"navy paintings & Art Collection| Right Art Uk";"";"";"";"";"";"";""
"296";"0";"Blue and Brown paintings";"8";"Color";"";"blue-and-brown";"Blue and Brown paintings & Art Collection| Right Art Uk";"";"";"";"";"";"";""
"297";"0";"Blue and Gold paintings";"8";"Color";"";"blue-and-gold";"Blue and Gold paintings & Art Collection| Right Art Uk";"";"";"";"";"";"";""
"298";"0";"Gold and Silver paintings";"8";"Color";"";"gold-and-silver";"Gold and Silver paintings & Art Collection| Right Art Uk";"";"";"";"";"";"";""
"299";"0";"Pink and Purple paintings";"8";"Color";"";"pink-and-purple";"Pink and Purple paintings & Art Collection| Right Art Uk";"";"";"";"";"";"";""
"300";"0";"Red and Blue paintings";"8";"Color";"";"red-and-blue";"Red and Blue paintings & Art Collection| Right Art Uk";"";"";"";"";"";"";""
"301";"0";"Red and White paintings";"8";"Color";"";"red-and-white";"Red and White paintings & Art Collection| Right Art Uk";"";"";"";"";"";"";""
"302";"0";"achromatic paintings";"8";"Color";"";"achromatic";"achromatic paintings & Art Collection| Right Art Uk";"";"";"";"";"";"";""
"303";"0";"all black paintings";"8";"Color";"";"all-black";"all black paintings & Art Collection| Right Art Uk";"";"";"";"";"";"";""
"304";"0";"blue and orange paintings";"8";"Color";"";"blue-and-orange";"blue and orange paintings & Art Collection| Right Art Uk";"";"";"";"";"";"";""
"305";"0";"emerald green paintings";"8";"Color";"";"emerald-green";"emerald green paintings & Art Collection| Right Art Uk";"";"";"";"";"";"";""
"306";"0";"light gray paintings";"8";"Color";"";"light-gray";"light gray paintings & Art Collection| Right Art Uk";"";"";"";"";"";"";""
"307";"0";"lime paintings";"8";"Color";"";"lime";"lime paintings & Art Collection| Right Art Uk";"";"";"";"";"";"";""
"308";"0";"neon yellow paintings";"8";"Color";"";"neon-yellow";"neon yellow paintings & Art Collection| Right Art Uk";"";"";"";"";"";"";""
"309";"0";"olive paintings";"8";"Color";"";"olive";"olive paintings & Art Collection| Right Art Uk";"";"";"";"";"";"";""
"310";"0";"red orange paintings";"8";"Color";"";"red-orange";"red orange paintings & Art Collection| Right Art Uk";"";"";"";"";"";"";""
"311";"0";"red orange yellow paintings";"8";"Color";"";"red-orange-yellow";"red orange yellow paintings & Art Collection| Right Art Uk";"";"";"";"";"";"";""
"312";"0";"secondary colors paintings";"8";"Color";"";"secondary-colors";"secondary colors paintings & Art Collection| Right Art Uk";"";"";"";"";"";"";""
"313";"0";"orange and yellow paintings";"8";"Color";"";"orange-and-yellow";"orange and yellow paintings & Art Collection| Right Art Uk";"";"";"";"";"";"";""
"314";"1";"Bathroom paintings";"9";"Rooms";"Discover our Bathroom Paintings collection — a handpicked selection of calming, refreshing, and mood-lifting artworks designed to bring a sense of peace and purity. Each piece in this collection captures the essence of tranquility, inspired by flowing water, soft tones, and minimalist elegance. From abstract waves and serene landscapes to gentle botanical designs, these paintings reflect a soothing aesthetic that resonates with balance and clarity.

Our art experts have carefully curated this collection to evoke feelings of freshness and renewal — the same emotions that make the bathroom a place of quiet retreat. Whether you’re drawn to coastal-inspired scenes, modern abstract art, or nature-infused visuals, every piece is chosen to inspire calm and elevate everyday moments. Explore a world of expressive beauty and find the artwork that mirrors your personal sense of serenity and modern style.";"bathroom";"Bathroom paintings & Art Collection| Right Art Uk";"";"Explore curated bathroom paintings that bring calm, beauty, and modern charm. Discover tranquil, artfully selected designs that inspire peace.";"";"";"";"";""
"315";"1";"Bedroom paintings";"9";"Rooms";"Discover the calm and soulful world of our Bedroom Paintings collection — a handpicked selection of artworks designed to bring emotion, peace, and personality into your space. Each piece in this curated art collection is chosen for its ability to evoke feelings of comfort, reflection, and quiet inspiration. From dreamy abstracts and serene landscapes to minimalist designs and romantic themes, this gallery celebrates the softer side of art, helping you create a mood that feels deeply personal and effortlessly beautiful.

Our Bedroom Paintings are perfect for art lovers seeking something more than decoration — they tell stories, stir emotions, and turn everyday walls into expressions of feeling and style. Whether you’re exploring soothing color palettes or emotionally rich compositions, this collection captures the essence of rest and imagination. Thoughtfully curated, it’s where contemporary art meets emotional depth — inviting you to find that one piece that truly speaks to your soul.";"bedroom";"Bedroom paintings & Art Collection| Right Art Uk";"";"Explore our Bedroom Paintings collection – curated art full of calm, emotion, and modern beauty. Find meaningful pieces that inspire peace and style.";"";"";"";"";""
"316";"1";"Classroom paintings";"9";"Rooms";"Step into our Classroom Paintings Collection, a thoughtfully curated selection that celebrates the heart of learning, imagination, and youthful curiosity. Each artwork in this collection captures the vibrant atmosphere of classrooms — from the quiet focus of study moments to the joyful energy of shared creativity. These pieces are designed to remind us of growth, discovery, and the beauty of collective learning.

This collection brings together a variety of educational and school-themed artworks, showcasing lively scenes of students, books, chalkboards, and inspiring classroom moments. Whether you’re an art lover or a collector seeking meaningful pieces, you’ll find paintings that express the essence of curiosity and inspiration. Every creation in this collection has been handpicked for its storytelling charm and emotional depth, offering a refreshing look at how art connects with learning and human connection. Explore and buy art online that celebrates education, creativity, and the timeless joy of discovery.";"classroom";"Classroom paintings & Art Collection| Right Art Uk";"";"Explore our Classroom Paintings Collection—curated school-inspired art that celebrates creativity, learning, and inspiration. Buy meaningful art online.";"";"";"";"";""
"317";"1";"Dining Room paintings";"9";"Rooms";"Step into our Dining Room Paintings Collection, where art meets emotion and every piece tells a story of warmth, connection, and style. This collection is thoughtfully curated to bring together artworks that evoke harmony, comfort, and a sense of shared moments. From abstract expressions filled with movement and color to calm, nature-inspired scenes and elegant contemporary pieces — each artwork has been handpicked to create a mood of togetherness and refined beauty.

Inside this collection, you’ll discover paintings that celebrate both simplicity and sophistication. These pieces are designed to spark conversation and inspire a sense of balance, with tones and themes that blend seamlessly into modern lifestyles. Whether you’re searching to buy art online that feels personal or exploring our curated art collection to find that perfect statement piece, this selection offers something truly special. Every painting is chosen with care to reflect timeless taste and emotional depth, making this collection an unforgettable part of your art journey.";"dining-room";"Dining Room paintings & Art Collection| Right Art Uk";"";"Explore our Dining Room Paintings Collection – a curated selection of expressive, elegant artworks that bring harmony, emotion, and timeless beauty.";"";"";"";"";""
"318";"1";"Dormitory paintings";"9";"Rooms";"Step into our Dormitory Paintings collection — a thoughtfully curated selection of artworks designed to bring life, depth, and modern energy into shared and personal spaces. Each piece in this collection captures the youthful spirit and emotional warmth that make dorm life unforgettable. You’ll find expressive abstract designs, calming nature-inspired visuals, and contemporary minimalist art that reflect individuality, ambition, and creativity. These paintings are made to spark inspiration and connect with the viewer’s sense of comfort and self-expression.

What makes this collection special is its balance of style and story. Every artwork has been carefully chosen to fit the dynamic rhythm of modern living — vibrant yet balanced, expressive yet soothing. Whether you’re exploring art for your first space or adding a new piece to your growing collection, these dormitory-themed artworks offer a perfect way to buy art online that truly speaks to you. Discover a collection that’s not just seen but felt — art that brings emotion, freshness, and meaning into everyday life.";"dormitory";"Dormitory paintings & Art Collection| Right Art Uk";"";"Discover our Dormitory Paintings collection – curated, modern art pieces full of emotion, energy, and youthful creativity. Buy unique art online today.";"";"";"";"";""
"319";"1";"Home Office paintings";"9";"Rooms";"Discover our Home Office Paintings collection — a curated selection of inspiring art designed to energize your workspace and spark creativity. Each piece in this collection captures a modern balance of focus and calm, blending uplifting colors and thoughtful compositions that bring clarity and motivation to your everyday environment. These artworks are handpicked to match the spirit of productivity and imagination, helping you feel inspired from the moment you start your day.

Inside this collection, you’ll find a variety of contemporary themes — from abstract expressions that mirror creative flow to nature-inspired pieces that bring a sense of peace and balance. Every artwork has been chosen with purpose, connecting beauty with intention. Whether you’re drawn to minimalist tones or dynamic bursts of energy, this collection celebrates the art of working with passion and purpose.

Shop our Home Office Paintings today and explore how curated art can transform your workspace energy into inspiration and success.";"home-office";"Home Office paintings & Art Collection| Right Art Uk";"";"Explore curated Home Office Paintings that inspire creativity, focus, and motivation — discover modern art designed for your workspace.";"";"";"";"";""
"320";"1";"Kids Room paintings";"9";"Rooms";"Welcome to our Kids Room Paintings collection – a handpicked selection of art that celebrates creativity, color, and pure joy. Each piece in this curated collection is designed to spark imagination and bring a sense of wonder to young hearts. You’ll find a delightful mix of playful characters, dreamy landscapes, adorable animals, and cheerful abstract scenes – all created to capture the spirit of childhood in a beautiful, timeless way.

Our Kids Room art collection is more than just visually fun – it’s thoughtfully curated to inspire positivity, curiosity, and comfort. These artworks tell little stories through colors and shapes, helping kids connect with the world in a creative way. Whether you’re exploring for a gift or adding to your art collection, this gallery brings together unique pieces that speak to the joyful, carefree energy of youth. Discover art that feels happy, meaningful, and made to make every day a little brighter.";"kids-room";"Kids Room paintings & Art Collection| Right Art Uk";"";"Discover joyful Kids Room paintings – a curated art collection full of color, imagination, and playful charm to inspire young hearts.";"";"";"";"";""
"321";"1";"Kitchen paintings";"9";"Rooms";"Discover our Kitchen Paintings collection — a delightful mix of art inspired by the warmth, flavor, and energy of the kitchen. Each piece in this curated selection captures the essence of daily life, from cozy breakfast scenes to vibrant still-life compositions filled with fruits, spices, and culinary charm. These artworks bring together color, texture, and creativity to celebrate the heart of every home — the place where stories, laughter, and flavors come alive.

Every painting in this collection has been carefully chosen to evoke comfort, inspiration, and joy. Whether you’re drawn to playful modern designs or elegant artistic expressions of food and gatherings, you’ll find something that reflects your taste and spirit. Our Kitchen Paintings are more than just art — they are handpicked pieces that celebrate togetherness, creativity, and the simple beauty found in everyday moments. Explore this unique art collection and find the perfect painting that speaks to your senses.";"kitchen";"Kitchen paintings & Art Collection| Right Art Uk";"";"Explore our Kitchen Paintings collection—curated art inspired by food, flavor, and joy. Discover expressive, modern artworks for your kitchen space.";"";"";"";"";""
"322";"1";"Living Room paintings";"9";"Rooms";"Discover a thoughtfully curated collection of Living Room Paintings designed to bring emotion, harmony, and modern charm to your space. Each artwork in this collection has been carefully selected to reflect beauty, depth, and meaning — from calming abstracts and expressive nature-inspired scenes to bold contemporary designs that spark conversation. These paintings are more than visuals; they tell stories that resonate with personal style and create a feeling of connection through art.

Our Living Room art collection captures a range of moods — soothing, elegant, vibrant, and inspiring. Whether you’re drawn to minimalist compositions or colorful statement pieces, every artwork is handpicked to balance trend and timelessness. Perfect for art lovers and collectors who value unique, curated art collections, this page brings together pieces that embody creativity, emotion, and modern taste. Explore and find the painting that truly speaks to your sense of style and soul.";"living-room";"Living Room paintings & Art Collection| Right Art Uk";"";"Explore our curated Living Room Paintings collection — expressive, modern artworks that bring emotion, depth, and style to your art collection.";"";"";"";"";""
"323";"1";"mothers day paintings";"10";"Collection";"Our Mother’s Day Paintings collection is a heartwarming selection of art pieces inspired by the beauty, strength, and tenderness of mothers. Each artwork in this curated collection is designed to capture the emotional bond between a mother and child, the warmth of family moments, and the timeless feeling of gratitude that defines this special day. Whether you’re looking to buy art that speaks from the heart or explore unique creations made with care, this collection brings together meaningful pieces that make unforgettable gifts.

Inside this exclusive collection, you’ll find paintings filled with gentle colors, comforting energy, and heartfelt stories. From serene portraits that reflect love and devotion to symbolic compositions celebrating motherhood and care, every piece is chosen to evoke deep emotion and appreciation. These Mother’s Day artworks are not just decorations—they’re reminders of connection, compassion, and unconditional love, making them perfect for anyone who wants to give a meaningful piece of art that lasts beyond the day itself.";"mothers-day";"mothers day paintings & Art Collection| Right Art Uk";"";"Discover heartfelt Mother’s Day paintings – a curated art collection celebrating love, care, and family through beautiful, meaningful artworks.";"";"";"";"";""
"324";"1";"fathers day paintings";"10";"Collection";"Celebrate your dad with our exclusive Father’s Day Paintings Collection — a heartfelt mix of meaningful artworks that capture love, strength, and gratitude. Each piece in this curated art collection is chosen to reflect the special bond between fathers and their families — from warm, nostalgic scenes to expressive modern pieces that celebrate wisdom, resilience, and care. These paintings are designed to connect emotionally, making them perfect for anyone looking to honor their dad in a truly personal way.

Inside this collection, you’ll find diverse styles and themes inspired by fatherhood — from calm and comforting imagery that evokes cherished memories, to bold and inspiring art that symbolizes protection, pride, and unconditional love. Whether you’re exploring to buy art online or searching for a meaningful Father’s Day gift, this gallery brings together handpicked works that speak from the heart. Thoughtfully curated and full of feeling, this collection makes it easy to find a painting that tells your story of love and appreciation.";"fathers-day";"fathers day paintings & Art Collection| Right Art Uk";"";"Discover our curated Father’s Day Paintings — meaningful, emotional art pieces celebrating love, strength, and the bond between fathers and families.";"";"";"";"";""
"325";"1";"anniversary paintings";"10";"Collection";"Our Anniversary Paintings collection is a heartfelt celebration of love, connection, and shared memories. Each artwork in this curated selection captures the emotions that define meaningful relationships — joy, warmth, trust, and the beauty of togetherness. These pieces are designed to speak to the heart, making them a perfect way to mark special milestones or to express lasting affection in a timeless way.

Inside this collection, you’ll find a variety of love-inspired themes — from romantic abstract expressions and dreamy couple silhouettes to serene landscapes that evoke harmony and commitment. Every painting is chosen to represent the journey of two people growing together, turning their moments into art that feels personal and emotional. Thoughtfully curated, this collection brings together artworks that radiate passion, nostalgia, and genuine connection — an artful reminder that love never fades.";"anniversary";"anniversary paintings & Art Collection| Right Art Uk";"";"Explore our Anniversary Paintings collection — romantic, emotional, and beautifully curated artworks that celebrate love and lasting connection.";"";"";"";"";""
"326";"1";"christmas paintings";"10";"Collection";"Step into the warmth and wonder of the season with our Christmas paintings collection, thoughtfully curated to capture the heart of the holidays. This collection celebrates the joyful spirit of Christmas through glowing lights, snowy streets, cozy winter nights, and the magic of togetherness. Each artwork reflects the emotions that make this time of year unforgettable — joy, peace, nostalgia, and love.

Inside this collection, you’ll find enchanting holiday-themed art that brings festive charm to any space — from whimsical Santa scenes and winter landscapes to gentle candlelight moments and cheerful celebrations. Every piece has been hand-selected to evoke the comforting beauty of Christmas, offering art lovers a meaningful way to embrace the season through creativity. Whether you’re exploring for yourself or searching for a thoughtful gift, these Christmas paintings invite you to celebrate the season through timeless, heartwarming art.";"christmas";"christmas paintings & Art Collection| Right Art Uk";"";"Discover our curated Christmas paintings collection – festive, heartwarming art celebrating joy, peace, and the magic of the holiday season.";"";"";"";"";""
"327";"1";"new year paintings";"10";"Collection";"Celebrate the spirit of new beginnings with our New Year Paintings Collection, a handpicked selection of art that captures the excitement, hope, and joy of turning the calendar to a fresh start. Each piece in this collection is curated to reflect themes of celebration, renewal, and positivity — from vibrant abstract bursts of color symbolizing energy and dreams, to calm and luminous scenes that remind us of peace and reflection.

This collection brings together artworks that radiate optimism and inspiration — perfect for anyone who believes every year is a new story waiting to be written. Whether you’re drawn to festive expressions of light and color or serene compositions that speak to gratitude and growth, you’ll find meaningful pieces that echo the emotions of the season. Each painting has been thoughtfully chosen to help you welcome the New Year with creativity, warmth, and purpose.

Explore our curated art collection and find the perfect New Year painting that speaks to your heart, inspires your goals, and celebrates the beauty of fresh starts.";"new-year";"new year paintings & Art Collection| Right Art Uk";"";"Discover uplifting New Year paintings celebrating joy, renewal, and inspiration in our curated art collection. Start your year with creativity.";"";"";"";"";""
"328";"1";"birthday paintings";"10";"Collection";"Step into our Birthday Paintings Collection, where every artwork captures the joy, surprise, and heartfelt emotions that make birthdays unforgettable. This curated selection is filled with vibrant, expressive pieces that reflect celebration, laughter, and cherished memories. Each painting is chosen to evoke the warmth of special moments — from cheerful bursts of color symbolizing happiness to soft, emotional tones that remind us of connection and love.

In this collection, you’ll discover a variety of birthday-themed artworks — from whimsical party scenes and joyful abstract expressions to heartfelt interpretations of togetherness and gratitude. Every piece has been thoughtfully selected to celebrate life, making it a meaningful choice for gifting or adding a touch of happiness to your art collection. Explore and find a painting that feels like a celebration — full of emotion, story, and beauty, crafted to bring joy long after the candles are blown out.";"birthday";"birthday paintings & Art Collection| Right Art Uk";"";"Explore our Birthday Paintings Collection — joyful, expressive artworks curated to celebrate life, love, and happy moments.";"";"";"";"";""
"329";"1";"valentine paintings";"10";"Collection";"Step into our Valentine Paintings collection — a heartfelt curation of art that celebrates love, passion, and connection in all its forms. Each piece is chosen to capture the tender feelings, shared moments, and deep emotions that make this season so special. From romantic couple portraits to dreamy abstract expressions of affection, these artworks tell timeless stories of love through color, composition, and mood.

This collection brings together paintings that radiate warmth, harmony, and emotional depth — perfect for anyone who wants to feel inspired by the beauty of human connection. Whether you’re looking to buy art that symbolizes romance, express devotion, or simply surround yourself with heartfelt energy, our Valentine-inspired art collection offers something truly meaningful. Thoughtfully curated and designed to speak directly to the heart, these pieces make every glance a reminder of love’s most beautiful emotions.";"valentine";"valentine paintings & Art Collection| Right Art Uk";"";"Discover our Valentine Paintings collection – curated art that celebrates love, passion, and emotion through beautiful, heartfelt expressions.";"";"";"";"";""
"330";"1";"thanksgiving paintings";"10";"Collection";"Celebrate the spirit of gratitude with our Thanksgiving Paintings Collection, thoughtfully curated to capture the warmth, comfort, and joy of the season. Each artwork in this collection brings to life the golden glow of autumn, the feeling of shared moments, and the beauty of harvest-inspired scenes. You’ll discover paintings filled with cozy colors, rustic charm, and heartwarming themes that remind us of connection, thankfulness, and the quiet beauty of fall days.

This collection is perfect for art lovers who value meaning and emotion in every piece. From expressive portraits of family gatherings to serene landscapes bathed in sunset hues, these Thanksgiving artworks reflect the essence of appreciation and abundance. Every piece is selected with care to create a timeless collection that invites you to feel the warmth and nostalgia of the season all year round. Explore our curated Thanksgiving art collection and find pieces that speak to the heart and celebrate the beauty of togetherness.";"thanksgiving";"thanksgiving paintings & Art Collection| Right Art Uk";"";"Discover our curated Thanksgiving paintings—warm, heartfelt artworks celebrating gratitude, family, and the beauty of the autumn season.";"";"";"";"";""
"331";"1";"halloween paintings";"10";"Collection";"Step into the mysterious and magical world of our Halloween Paintings Collection, where art meets the spirit of the season. This curated selection brings together hauntingly beautiful pieces that capture the thrill, mystery, and playful darkness of Halloween. Inside, you’ll find everything from eerie night scenes and glowing pumpkins to mystical forests, black cats, and whimsical ghosts — all crafted to stir imagination and emotion.

Each artwork in this collection tells its own story — some evoke the cozy nostalgia of fall nights, while others dive into the chilling beauty of the unknown. These paintings are chosen for art lovers who appreciate both creativity and atmosphere, offering a one-of-a-kind experience that connects emotion with aesthetic. Whether you’re drawn to spooky elegance or light-hearted Halloween charm, this collection invites you to explore, feel, and celebrate the season through art.";"halloween";"halloween paintings & Art Collection| Right Art Uk";"";"Explore our Halloween Paintings Collection – curated spooky art full of mystery, emotion, and seasonal charm. Perfect for art lovers and collectors.";"";"";"";"";""
"332";"0";"artistic paintings";"10";"Collection";"";"artistic";"artistic paintings & Art Collection| Right Art Uk";"";"";"";"";"";"";""
"333";"0";"acrylic artists paintings";"10";"Collection";"";"acrylic-artists";"acrylic artists paintings & Art Collection| Right Art Uk";"";"";"";"";"";"";""
"334";"0";"african artists paintings";"10";"Collection";"";"african-artists";"african artists paintings & Art Collection| Right Art Uk";"";"";"";"";"";"";""
"335";"0";"artist watercolor paintings";"10";"Collection";"";"artist-watercolor";"artist watercolor paintings & Art Collection| Right Art Uk";"";"";"";"";"";"";""
"336";"0";"artistic impressions paintings";"10";"Collection";"";"artistic-impressions";"artistic impressions paintings & Art Collection| Right Art Uk";"";"";"";"";"";"";""
"337";"0";"asian artist paintings";"10";"Collection";"";"asian-artist";"asian artist paintings & Art Collection| Right Art Uk";"";"";"";"";"";"";""
"338";"1";"black artist paintings";"10";"Collection";"Discover the soul and storytelling power of our Black artist paintings collection — a celebration of culture, identity, and creativity. Each artwork in this curated selection reflects the vibrant perspectives and experiences of Black artists from around the world. You’ll find bold portraits, emotional abstract works, and expressive scenes that speak to heritage, resilience, and beauty in everyday life.

This collection goes beyond visuals — it’s about connection and meaning. Every piece has been carefully chosen to evoke emotion and spark conversation, offering collectors and art lovers an authentic glimpse into diverse voices and modern artistry. Whether you’re exploring for inspiration or looking to buy art that resonates deeply, this gallery brings together a powerful range of styles that honor the spirit and stories behind each creation.

Explore a thoughtfully curated art collection that blends passion, culture, and contemporary expression — all in one inspiring place.";"black-artist";"black artist paintings & Art Collection| Right Art Uk";"";"Shop our Black artist paintings collection — a curated showcase of soulful, expressive art celebrating culture, identity, and modern creativity.";"";"";"";"";""
"339";"0";"blind artist paintings";"10";"Collection";"";"blind-artist";"blind artist paintings & Art Collection| Right Art Uk";"";"";"";"";"";"";""
"340";"0";"chinese artists paintings";"10";"Collection";"";"chinese-artists";"chinese artists paintings & Art Collection| Right Art Uk";"";"";"";"";"";"";""
"341";"1";"famous artists paintings";"10";"Collection";"Step into our Famous Artists Paintings collection, where timeless creativity meets thoughtful curation. This gallery brings together iconic masterpieces and celebrated works inspired by some of the world’s most influential painters. Each artwork captures emotion, movement, and meaning—inviting you to experience the essence of artistic brilliance that has shaped generations. Whether it’s expressive portraits, serene landscapes, or bold abstract visions, every piece in this collection tells a story of imagination and passion.

Carefully selected for art lovers and collectors alike, this collection highlights the beauty of renowned artistry in one inspiring place. These paintings are more than visuals—they are windows into the minds of legendary creators who defined eras and changed how we see the world. Explore and find the piece that speaks to your soul, crafted to enrich your connection with authentic and meaningful art.
";"famous-artists";"famous artists paintings & Art Collection| Right Art Uk";"";"Discover our Famous Artists Paintings collection—timeless, curated artworks from legendary creators. Explore and buy inspiring art online today.";"";"";"";"";""
"342";"0";"female artist paintings";"10";"Collection";"";"female-artist";"female artist paintings & Art Collection| Right Art Uk";"";"";"";"";"";"";""
"343";"0";"filipino artist paintings";"10";"Collection";"";"filipino-artist";"filipino artist paintings & Art Collection| Right Art Uk";"";"";"";"";"";"";""
"344";"0";"french artists paintings";"10";"Collection";"";"french-artists";"french artists paintings & Art Collection| Right Art Uk";"";"";"";"";"";"";""
"345";"0";"greek artists paintings";"10";"Collection";"";"greek-artists";"greek artists paintings & Art Collection| Right Art Uk";"";"";"";"";"";"";""
"346";"0";"hawaiian artists paintings";"10";"Collection";"";"hawaiian-artists";"hawaiian artists paintings & Art Collection| Right Art Uk";"";"";"";"";"";"";""
"347";"0";"hispanic artist paintings";"10";"Collection";"";"hispanic-artist";"hispanic artist paintings & Art Collection| Right Art Uk";"";"";"";"";"";"";""
"348";"0";"horror artists paintings";"10";"Collection";"";"horror-artists";"horror artists paintings & Art Collection| Right Art Uk";"";"";"";"";"";"";""
"349";"0";"indian artist paintings";"10";"Collection";"";"indian-artist";"indian artist paintings & Art Collection| Right Art Uk";"";"";"";"";"";"";""
"350";"0";"latin artist paintings";"10";"Collection";"";"latin-artist";"latin artist paintings & Art Collection| Right Art Uk";"";"";"";"";"";"";""
"351";"1";"local artists paintings";"10";"Collection";"Discover the beauty and soul of creativity in our Local Artists Paintings collection — a handpicked showcase of artworks that capture authentic emotions, stories, and perspectives from talented creators around you. Each piece in this curated art collection reflects the artist’s unique vision, whether inspired by nature, urban life, cultural roots, or quiet moments of reflection. These paintings invite you to experience art that feels alive — full of color, energy, and human connection.

This collection celebrates the individuality and heart of independent artists. Every artwork is thoughtfully chosen for its mood, message, and ability to move the viewer. Whether you’re exploring art for inspiration, gifting, or building your collection, this page offers a meaningful way to buy art that supports real talent and creativity. Immerse yourself in pieces that speak to your senses and tell genuine stories — all from passionate local artists who make every canvas unforgettable.";"local-artists";"local artists paintings & Art Collection| Right Art Uk";"";"Explore our Local Artists Paintings collection — a curated selection of expressive, emotional, and inspiring art from talented creators near you.";"";"";"";"";""
"352";"0";"master artists paintings";"10";"Collection";"";"master-artists";"master artists paintings & Art Collection| Right Art Uk";"";"";"";"";"";"";""
"353";"1";"mexican artists paintings";"10";"Collection";"Step into the vibrant world of Mexican artists paintings, a collection bursting with color, culture, and emotion. Each artwork in this curated selection captures the soul of Mexico — from its lively traditions and folklore to the quiet poetry of everyday life. Here, you’ll find expressive portraits, bold abstract works, and captivating scenes inspired by Mexico’s landscapes, history, and spirit.

Our collection brings together talented contemporary Mexican artists whose work tells powerful stories through form and feeling. These pieces celebrate identity, passion, and resilience, giving every viewer a sense of connection and wonder. Whether you’re drawn to the warmth of cultural heritage or the energy of modern artistic voices, this collection invites you to explore art that moves, inspires, and speaks beyond borders.

Every painting in this series has been thoughtfully chosen to reflect authenticity and creativity — a true celebration of Mexican artistry brought to life through a dynamic, curated art experience.";"mexican-artists";"mexican artists paintings & Art Collection| Right Art Uk";"";"Discover a curated collection of Mexican artists paintings full of color, emotion, and culture. Explore authentic art that celebrates Mexico’s spirit.";"";"";"";"";""
"354";"1";"modern artists paintings";"10";"Collection";"Step into our Modern Artists Paintings collection — a space where creativity meets emotion and every piece speaks the language of today’s world. This curated selection brings together bold, expressive works from talented modern artists who capture the energy, depth, and imagination of contemporary life. Each painting tells its own story through striking forms, vibrant contrasts, and unique perspectives that reflect today’s ever-evolving artistic spirit.

Inside this collection, you’ll find a diverse range of modern art styles — from abstract expressions and minimal designs to conceptual visuals and thought-provoking compositions. These paintings are chosen for their ability to inspire, connect, and awaken emotion. Whether you’re exploring art to enrich your space or looking to buy meaningful contemporary works, this gallery offers an inspiring journey into the heart of modern creativity. Every piece is hand-selected for art lovers who appreciate innovation, authenticity, and timeless modern beauty.";"modern-artists";"modern artists paintings & Art Collection| Right Art Uk";"";"Explore our curated Modern Artists Paintings collection — discover bold, expressive, and inspiring contemporary artworks by today’s leading creators.";"";"";"";"";""
"355";"0";"pino artist paintings";"10";"Collection";"";"pino-artist";"pino artist paintings & Art Collection| Right Art Uk";"";"";"";"";"";"";""
"356";"1";"pop artists paintings";"10";"Collection";"Step into the vibrant world of Pop Artists Paintings, where bold imagination meets modern culture. This collection celebrates the energy, color, and attitude of pop art—featuring striking portraits, playful icons, and eye-catching compositions inspired by music, fashion, and everyday life. Each artwork tells a story of individuality and rebellion, blending fun with sophistication in a way that instantly captures attention.

Carefully curated for those who love expressive and statement-making art, this collection brings together works that celebrate creativity in its purest form. You’ll find pieces that echo the rhythm of pop culture—bright colors, iconic faces, and strong visual contrasts that evoke excitement and nostalgia at the same time. Whether you’re a collector or an admirer of modern trends, our Pop Artists Paintings collection offers a captivating glimpse into the dynamic world of contemporary art.

Discover the spirit of pop art—bold, emotional, and irresistibly modern—through our thoughtfully chosen selection designed to inspire and uplift.";"pop-artists";"pop artists paintings & Art Collection| Right Art Uk";"";"Explore Pop Artists Paintings—bold, colorful, and full of pop culture energy. Discover curated art that celebrates creativity and modern style.";"";"";"";"";""
"357";"0";"popular artists paintings";"10";"Collection";"";"popular-artists";"popular artists paintings & Art Collection| Right Art Uk";"";"";"";"";"";"";""
"358";"0";"spanish artists paintings";"10";"Collection";"";"spanish-artists";"spanish artists paintings & Art Collection| Right Art Uk";"";"";"";"";"";"";""
"359";"0";"starving artist paintings";"10";"Collection";"";"starving-artist";"starving artist paintings & Art Collection| Right Art Uk";"";"";"";"";"";"";""
"360";"0";"unknown artists paintings";"10";"Collection";"";"unknown-artists";"unknown artists paintings & Art Collection| Right Art Uk";"";"";"";"";"";"";""
"361";"0";"western artists paintings";"10";"Collection";"";"western-artists";"western artists paintings & Art Collection| Right Art Uk";"";"";"";"";"";"";""
"362";"0";"african american artists paintings";"10";"Collection";"";"african-american-artists";"african american artists paintings & Art Collection| Right Art Uk";"";"";"";"";"";"";""
"363";"0";"famous artist dot paintings";"10";"Collection";"";"famous-artist-dot-paintings";"famous artist dot paintings & Art Collection| Right Art Uk";"";"";"";"";"";"";""
"364";"0";"famous artist horse paintings";"10";"Collection";"";"famous-artist-horse";"famous artist horse paintings & Art Collection| Right Art Uk";"";"";"";"";"";"";""
"365";"0";"famous artists oil paintings";"10";"Collection";"";"famous-artists-oil-paintings";"famous artists oil paintings & Art Collection| Right Art Uk";"";"";"";"";"";"";""
"366";"0";"native american artists paintings";"10";"Collection";"";"native-american-artists";"native american artists paintings & Art Collection| Right Art Uk";"";"";"";"";"";"";""
"367";"0";"new orleans local artists paintings";"10";"Collection";"";"new-orleans-local-artists";"new orleans local artists paintings & Art Collection| Right Art Uk";"";"";"";"";"";"";""
"368";"0";"puerto rican artists paintings";"10";"Collection";"";"puerto-rican-artists";"puerto rican artists paintings & Art Collection| Right Art Uk";"";"";"";"";"";"";""
