"Combination ID";"Combination Reference";"Product ID";"Product Reference";"Product Name";"Attribute Type (x,y,z...)";"Attribute Name (x,y,z...)";"Attribute Public Name (x,y,z...)";"Value:Color / Value (x,y,z...)";"Supplier Reference";"Location";"EAN13";"UPC";"ISBN";"MPN";"Cost (Wholesale) Price";"Impact on Price";"Impact on Unit Price";"Ecotax";"Quantity";"Minimal Quantity";"Low Stock Level";"Low Stock Alert (0 = No, 1 = Yes)";"Impact on Weight";"Is Default (0 = No, 1 = Yes)";"Availability Date";"Image URLs (x,y,z...)";"Image Alt Texts (x,y,z...)";"Action When out of Stock";"Warehouses (Reference:Name:Location) (x,y,z...)"
"";"";"2";"";"";"color,radio,color,radio";"frame,Shape,size,Type";"frame,shape,size,Type";"none:#62ff43,horizontal,15x10,canvas";"";"";"";"";"";"";"0";"0";"0";"0";"5";"1";"";"0";"0";"1";"0000-00-00";"";"";"2";""
"";"";"2";"";"";"color,radio,color,radio";"frame,Shape,size,Type";"frame,shape,size,Type";"natural-wood:#ffd083,horizontal,15x10,canvas";"";"";"";"";"";"";"0";"0";"0";"0";"5";"1";"";"0";"0";"";"0000-00-00";"";"";"2";""
"";"";"2";"";"";"color,radio,color,radio";"frame,Shape,size,Type";"frame,shape,size,Type";"dark-wood:#ce6600,horizontal,15x10,canvas";"";"";"";"";"";"";"0";"0";"0";"0";"5";"1";"";"0";"0";"";"0000-00-00";"";"";"2";""
"";"";"2";"";"";"color,radio,color,radio";"frame,Shape,size,Type";"frame,shape,size,Type";"charcol-black:#3b1200,horizontal,15x10,canvas";"";"";"";"";"";"";"0";"0";"0";"0";"5";"1";"";"0";"0";"";"0000-00-00";"";"";"2";""
"";"";"2";"";"";"color,radio,color,radio";"frame,Shape,size,Type";"frame,shape,size,Type";"charcol-white:#e3fffe,horizontal,15x10,canvas";"";"";"";"";"";"";"0";"0";"0";"0";"5";"1";"";"0";"0";"";"0000-00-00";"";"";"2";""
"";"";"2";"";"";"color,radio,color,radio";"frame,Shape,size,Type";"frame,shape,size,Type";"pine-wood:#a3afff,horizontal,15x10,canvas";"";"";"";"";"";"";"0";"0";"0";"0";"5";"1";"";"0";"0";"";"0000-00-00";"";"";"2";""
"";"";"2";"";"";"color,radio,color,radio";"frame,Shape,size,Type";"frame,shape,size,Type";"none:#62ff43,horizontal,18x12,canvas";"";"";"";"";"";"";"0";"0";"0";"0";"5";"1";"";"0";"0";"";"0000-00-00";"";"";"2";""
"";"";"2";"";"";"color,radio,color,radio";"frame,Shape,size,Type";"frame,shape,size,Type";"natural-wood:#ffd083,horizontal,18x12,canvas";"";"";"";"";"";"";"0";"0";"0";"0";"5";"1";"";"0";"0";"";"0000-00-00";"";"";"2";""
"";"";"2";"";"";"color,radio,color,radio";"frame,Shape,size,Type";"frame,shape,size,Type";"dark-wood:#ce6600,horizontal,18x12,canvas";"";"";"";"";"";"";"0";"0";"0";"0";"5";"1";"";"0";"0";"";"0000-00-00";"";"";"2";""
"";"";"2";"";"";"color,radio,color,radio";"frame,Shape,size,Type";"frame,shape,size,Type";"charcol-black:#3b1200,horizontal,18x12,canvas";"";"";"";"";"";"";"0";"0";"0";"0";"5";"1";"";"0";"0";"";"0000-00-00";"";"";"2";""
"";"";"2";"";"";"color,radio,color,radio";"frame,Shape,size,Type";"frame,shape,size,Type";"charcol-white:#e3fffe,horizontal,18x12,canvas";"";"";"";"";"";"";"0";"0";"0";"0";"5";"1";"";"0";"0";"";"0000-00-00";"";"";"2";""
"";"";"2";"";"";"color,radio,color,radio";"frame,Shape,size,Type";"frame,shape,size,Type";"pine-wood:#a3afff,horizontal,18x12,canvas";"";"";"";"";"";"";"0";"0";"0";"0";"5";"1";"";"0";"0";"";"0000-00-00";"";"";"2";""
"";"";"2";"";"";"color,radio,color,radio";"frame,Shape,size,Type";"frame,shape,size,Type";"none:#62ff43,horizontal,24x16,canvas";"";"";"";"";"";"";"0";"0";"0";"0";"5";"1";"";"0";"0";"";"0000-00-00";"";"";"2";""
"";"";"2";"";"";"color,radio,color,radio";"frame,Shape,size,Type";"frame,shape,size,Type";"natural-wood:#ffd083,horizontal,24x16,canvas";"";"";"";"";"";"";"0";"0";"0";"0";"5";"1";"";"0";"0";"";"0000-00-00";"";"";"2";""
"";"";"2";"";"";"color,radio,color,radio";"frame,Shape,size,Type";"frame,shape,size,Type";"dark-wood:#ce6600,horizontal,24x16,canvas";"";"";"";"";"";"";"0";"0";"0";"0";"5";"1";"";"0";"0";"";"0000-00-00";"";"";"2";""
"";"";"2";"";"";"color,radio,color,radio";"frame,Shape,size,Type";"frame,shape,size,Type";"charcol-black:#3b1200,horizontal,24x16,canvas";"";"";"";"";"";"";"0";"0";"0";"0";"5";"1";"";"0";"0";"";"0000-00-00";"";"";"2";""
"";"";"2";"";"";"color,radio,color,radio";"frame,Shape,size,Type";"frame,shape,size,Type";"charcol-white:#e3fffe,horizontal,24x16,canvas";"";"";"";"";"";"";"0";"0";"0";"0";"5";"1";"";"0";"0";"";"0000-00-00";"";"";"2";""
"";"";"2";"";"";"color,radio,color,radio";"frame,Shape,size,Type";"frame,shape,size,Type";"pine-wood:#a3afff,horizontal,24x16,canvas";"";"";"";"";"";"";"0";"0";"0";"0";"5";"1";"";"0";"0";"";"0000-00-00";"";"";"2";""
"";"";"2";"";"";"color,radio,color,radio";"frame,Shape,size,Type";"frame,shape,size,Type";"none:#62ff43,horizontal,30x20,canvas";"";"";"";"";"";"";"0";"0";"0";"0";"5";"1";"";"0";"0";"";"0000-00-00";"";"";"2";""
"";"";"2";"";"";"color,radio,color,radio";"frame,Shape,size,Type";"frame,shape,size,Type";"natural-wood:#ffd083,horizontal,30x20,canvas";"";"";"";"";"";"";"0";"0";"0";"0";"5";"1";"";"0";"0";"";"0000-00-00";"";"";"2";""
"";"";"2";"";"";"color,radio,color,radio";"frame,Shape,size,Type";"frame,shape,size,Type";"dark-wood:#ce6600,horizontal,30x20,canvas";"";"";"";"";"";"";"0";"0";"0";"0";"5";"1";"";"0";"0";"";"0000-00-00";"";"";"2";""
"";"";"2";"";"";"color,radio,color,radio";"frame,Shape,size,Type";"frame,shape,size,Type";"charcol-black:#3b1200,horizontal,30x20,canvas";"";"";"";"";"";"";"0";"0";"0";"0";"5";"1";"";"0";"0";"";"0000-00-00";"";"";"2";""
"";"";"2";"";"";"color,radio,color,radio";"frame,Shape,size,Type";"frame,shape,size,Type";"charcol-white:#e3fffe,horizontal,30x20,canvas";"";"";"";"";"";"";"0";"0";"0";"0";"5";"1";"";"0";"0";"";"0000-00-00";"";"";"2";""
"";"";"2";"";"";"color,radio,color,radio";"frame,Shape,size,Type";"frame,shape,size,Type";"pine-wood:#a3afff,horizontal,30x20,canvas";"";"";"";"";"";"";"0";"0";"0";"0";"5";"1";"";"0";"0";"";"0000-00-00";"";"";"2";""
"";"";"2";"";"";"color,radio,color,radio";"frame,Shape,size,Type";"frame,shape,size,Type";"none:#62ff43,horizontal,36x24,canvas";"";"";"";"";"";"";"0";"0";"0";"0";"5";"1";"";"0";"0";"";"0000-00-00";"";"";"2";""
"";"";"2";"";"";"color,radio,color,radio";"frame,Shape,size,Type";"frame,shape,size,Type";"natural-wood:#ffd083,horizontal,36x24,canvas";"";"";"";"";"";"";"0";"0";"0";"0";"5";"1";"";"0";"0";"";"0000-00-00";"";"";"2";""
"";"";"2";"";"";"color,radio,color,radio";"frame,Shape,size,Type";"frame,shape,size,Type";"dark-wood:#ce6600,horizontal,36x24,canvas";"";"";"";"";"";"";"0";"0";"0";"0";"5";"1";"";"0";"0";"";"0000-00-00";"";"";"2";""
"";"";"2";"";"";"color,radio,color,radio";"frame,Shape,size,Type";"frame,shape,size,Type";"charcol-black:#3b1200,horizontal,36x24,canvas";"";"";"";"";"";"";"0";"0";"0";"0";"5";"1";"";"0";"0";"";"0000-00-00";"";"";"2";""
"";"";"2";"";"";"color,radio,color,radio";"frame,Shape,size,Type";"frame,shape,size,Type";"charcol-white:#e3fffe,horizontal,36x24,canvas";"";"";"";"";"";"";"0";"0";"0";"0";"5";"1";"";"0";"0";"";"0000-00-00";"";"";"2";""
"";"";"2";"";"";"color,radio,color,radio";"frame,Shape,size,Type";"frame,shape,size,Type";"pine-wood:#a3afff,horizontal,36x24,canvas";"";"";"";"";"";"";"0";"0";"0";"0";"5";"1";"";"0";"0";"";"0000-00-00";"";"";"2";""
"";"";"2";"";"";"color,radio,color,radio";"frame,Shape,size,Type";"frame,shape,size,Type";"none:#62ff43,horizontal,30x45,canvas";"";"";"";"";"";"";"0";"0";"0";"0";"5";"1";"";"0";"0";"";"0000-00-00";"";"";"2";""
"";"";"2";"";"";"color,radio,color,radio";"frame,Shape,size,Type";"frame,shape,size,Type";"natural-wood:#ffd083,horizontal,30x45,canvas";"";"";"";"";"";"";"0";"0";"0";"0";"5";"1";"";"0";"0";"";"0000-00-00";"";"";"2";""
"";"";"2";"";"";"color,radio,color,radio";"frame,Shape,size,Type";"frame,shape,size,Type";"dark-wood:#ce6600,horizontal,30x45,canvas";"";"";"";"";"";"";"0";"0";"0";"0";"5";"1";"";"0";"0";"";"0000-00-00";"";"";"2";""
"";"";"2";"";"";"color,radio,color,radio";"frame,Shape,size,Type";"frame,shape,size,Type";"charcol-black:#3b1200,horizontal,30x45,canvas";"";"";"";"";"";"";"0";"0";"0";"0";"5";"1";"";"0";"0";"";"0000-00-00";"";"";"2";""
"";"";"2";"";"";"color,radio,color,radio";"frame,Shape,size,Type";"frame,shape,size,Type";"charcol-white:#e3fffe,horizontal,30x45,canvas";"";"";"";"";"";"";"0";"0";"0";"0";"5";"1";"";"0";"0";"";"0000-00-00";"";"";"2";""
"";"";"2";"";"";"color,radio,color,radio";"frame,Shape,size,Type";"frame,shape,size,Type";"pine-wood:#a3afff,horizontal,30x45,canvas";"";"";"";"";"";"";"0";"0";"0";"0";"5";"1";"";"0";"0";"";"0000-00-00";"";"";"2";""
"";"";"2";"";"";"color,radio,color,radio";"frame,Shape,size,Type";"frame,shape,size,Type";"none:#62ff43,horizontal,15x10,fine-art-paper";"";"";"";"";"";"";"0";"0";"0";"0";"5";"1";"";"0";"0";"";"0000-00-00";"";"";"2";""
"";"";"2";"";"";"color,radio,color,radio";"frame,Shape,size,Type";"frame,shape,size,Type";"natural-wood:#ffd083,horizontal,15x10,fine-art-paper";"";"";"";"";"";"";"0";"0";"0";"0";"5";"1";"";"0";"0";"";"0000-00-00";"";"";"2";""
"";"";"2";"";"";"color,radio,color,radio";"frame,Shape,size,Type";"frame,shape,size,Type";"dark-wood:#ce6600,horizontal,15x10,fine-art-paper";"";"";"";"";"";"";"0";"0";"0";"0";"5";"1";"";"0";"0";"";"0000-00-00";"";"";"2";""
"";"";"2";"";"";"color,radio,color,radio";"frame,Shape,size,Type";"frame,shape,size,Type";"charcol-black:#3b1200,horizontal,15x10,fine-art-paper";"";"";"";"";"";"";"0";"0";"0";"0";"5";"1";"";"0";"0";"";"0000-00-00";"";"";"2";""
"";"";"2";"";"";"color,radio,color,radio";"frame,Shape,size,Type";"frame,shape,size,Type";"charcol-white:#e3fffe,horizontal,15x10,fine-art-paper";"";"";"";"";"";"";"0";"0";"0";"0";"5";"1";"";"0";"0";"";"0000-00-00";"";"";"2";""
"";"";"2";"";"";"color,radio,color,radio";"frame,Shape,size,Type";"frame,shape,size,Type";"pine-wood:#a3afff,horizontal,15x10,fine-art-paper";"";"";"";"";"";"";"0";"0";"0";"0";"5";"1";"";"0";"0";"";"0000-00-00";"";"";"2";""
"";"";"2";"";"";"color,radio,color,radio";"frame,Shape,size,Type";"frame,shape,size,Type";"none:#62ff43,horizontal,18x12,fine-art-paper";"";"";"";"";"";"";"0";"0";"0";"0";"5";"1";"";"0";"0";"";"0000-00-00";"";"";"2";""
"";"";"2";"";"";"color,radio,color,radio";"frame,Shape,size,Type";"frame,shape,size,Type";"natural-wood:#ffd083,horizontal,18x12,fine-art-paper";"";"";"";"";"";"";"0";"0";"0";"0";"5";"1";"";"0";"0";"";"0000-00-00";"";"";"2";""
"";"";"2";"";"";"color,radio,color,radio";"frame,Shape,size,Type";"frame,shape,size,Type";"dark-wood:#ce6600,horizontal,18x12,fine-art-paper";"";"";"";"";"";"";"0";"0";"0";"0";"5";"1";"";"0";"0";"";"0000-00-00";"";"";"2";""
"";"";"2";"";"";"color,radio,color,radio";"frame,Shape,size,Type";"frame,shape,size,Type";"charcol-black:#3b1200,horizontal,18x12,fine-art-paper";"";"";"";"";"";"";"0";"0";"0";"0";"5";"1";"";"0";"0";"";"0000-00-00";"";"";"2";""
"";"";"2";"";"";"color,radio,color,radio";"frame,Shape,size,Type";"frame,shape,size,Type";"charcol-white:#e3fffe,horizontal,18x12,fine-art-paper";"";"";"";"";"";"";"0";"0";"0";"0";"5";"1";"";"0";"0";"";"0000-00-00";"";"";"2";""
"";"";"2";"";"";"color,radio,color,radio";"frame,Shape,size,Type";"frame,shape,size,Type";"pine-wood:#a3afff,horizontal,18x12,fine-art-paper";"";"";"";"";"";"";"0";"0";"0";"0";"5";"1";"";"0";"0";"";"0000-00-00";"";"";"2";""
"";"";"2";"";"";"color,radio,color,radio";"frame,Shape,size,Type";"frame,shape,size,Type";"none:#62ff43,horizontal,24x16,fine-art-paper";"";"";"";"";"";"";"0";"0";"0";"0";"5";"1";"";"0";"0";"";"0000-00-00";"";"";"2";""
"";"";"2";"";"";"color,radio,color,radio";"frame,Shape,size,Type";"frame,shape,size,Type";"natural-wood:#ffd083,horizontal,24x16,fine-art-paper";"";"";"";"";"";"";"0";"0";"0";"0";"5";"1";"";"0";"0";"";"0000-00-00";"";"";"2";""
"";"";"2";"";"";"color,radio,color,radio";"frame,Shape,size,Type";"frame,shape,size,Type";"dark-wood:#ce6600,horizontal,24x16,fine-art-paper";"";"";"";"";"";"";"0";"0";"0";"0";"5";"1";"";"0";"0";"";"0000-00-00";"";"";"2";""
"";"";"2";"";"";"color,radio,color,radio";"frame,Shape,size,Type";"frame,shape,size,Type";"charcol-black:#3b1200,horizontal,24x16,fine-art-paper";"";"";"";"";"";"";"0";"0";"0";"0";"5";"1";"";"0";"0";"";"0000-00-00";"";"";"2";""
"";"";"2";"";"";"color,radio,color,radio";"frame,Shape,size,Type";"frame,shape,size,Type";"charcol-white:#e3fffe,horizontal,24x16,fine-art-paper";"";"";"";"";"";"";"0";"0";"0";"0";"5";"1";"";"0";"0";"";"0000-00-00";"";"";"2";""
"";"";"2";"";"";"color,radio,color,radio";"frame,Shape,size,Type";"frame,shape,size,Type";"pine-wood:#a3afff,horizontal,24x16,fine-art-paper";"";"";"";"";"";"";"0";"0";"0";"0";"5";"1";"";"0";"0";"";"0000-00-00";"";"";"2";""
"";"";"2";"";"";"color,radio,color,radio";"frame,Shape,size,Type";"frame,shape,size,Type";"none:#62ff43,horizontal,30x20,fine-art-paper";"";"";"";"";"";"";"0";"0";"0";"0";"5";"1";"";"0";"0";"";"0000-00-00";"";"";"2";""
"";"";"2";"";"";"color,radio,color,radio";"frame,Shape,size,Type";"frame,shape,size,Type";"natural-wood:#ffd083,horizontal,30x20,fine-art-paper";"";"";"";"";"";"";"0";"0";"0";"0";"5";"1";"";"0";"0";"";"0000-00-00";"";"";"2";""
"";"";"2";"";"";"color,radio,color,radio";"frame,Shape,size,Type";"frame,shape,size,Type";"dark-wood:#ce6600,horizontal,30x20,fine-art-paper";"";"";"";"";"";"";"0";"0";"0";"0";"5";"1";"";"0";"0";"";"0000-00-00";"";"";"2";""
"";"";"2";"";"";"color,radio,color,radio";"frame,Shape,size,Type";"frame,shape,size,Type";"charcol-black:#3b1200,horizontal,30x20,fine-art-paper";"";"";"";"";"";"";"0";"0";"0";"0";"5";"1";"";"0";"0";"";"0000-00-00";"";"";"2";""
"";"";"2";"";"";"color,radio,color,radio";"frame,Shape,size,Type";"frame,shape,size,Type";"charcol-white:#e3fffe,horizontal,30x20,fine-art-paper";"";"";"";"";"";"";"0";"0";"0";"0";"5";"1";"";"0";"0";"";"0000-00-00";"";"";"2";""
"";"";"2";"";"";"color,radio,color,radio";"frame,Shape,size,Type";"frame,shape,size,Type";"pine-wood:#a3afff,horizontal,30x20,fine-art-paper";"";"";"";"";"";"";"0";"0";"0";"0";"5";"1";"";"0";"0";"";"0000-00-00";"";"";"2";""
"";"";"2";"";"";"color,radio,color,radio";"frame,Shape,size,Type";"frame,shape,size,Type";"none:#62ff43,horizontal,36x24,fine-art-paper";"";"";"";"";"";"";"0";"0";"0";"0";"5";"1";"";"0";"0";"";"0000-00-00";"";"";"2";""
"";"";"2";"";"";"color,radio,color,radio";"frame,Shape,size,Type";"frame,shape,size,Type";"natural-wood:#ffd083,horizontal,36x24,fine-art-paper";"";"";"";"";"";"";"0";"0";"0";"0";"5";"1";"";"0";"0";"";"0000-00-00";"";"";"2";""
"";"";"2";"";"";"color,radio,color,radio";"frame,Shape,size,Type";"frame,shape,size,Type";"dark-wood:#ce6600,horizontal,36x24,fine-art-paper";"";"";"";"";"";"";"0";"0";"0";"0";"5";"1";"";"0";"0";"";"0000-00-00";"";"";"2";""
"";"";"2";"";"";"color,radio,color,radio";"frame,Shape,size,Type";"frame,shape,size,Type";"charcol-black:#3b1200,horizontal,36x24,fine-art-paper";"";"";"";"";"";"";"0";"0";"0";"0";"5";"1";"";"0";"0";"";"0000-00-00";"";"";"2";""
"";"";"2";"";"";"color,radio,color,radio";"frame,Shape,size,Type";"frame,shape,size,Type";"charcol-white:#e3fffe,horizontal,36x24,fine-art-paper";"";"";"";"";"";"";"0";"0";"0";"0";"5";"1";"";"0";"0";"";"0000-00-00";"";"";"2";""
"";"";"2";"";"";"color,radio,color,radio";"frame,Shape,size,Type";"frame,shape,size,Type";"pine-wood:#a3afff,horizontal,36x24,fine-art-paper";"";"";"";"";"";"";"0";"0";"0";"0";"5";"1";"";"0";"0";"";"0000-00-00";"";"";"2";""
"";"";"2";"";"";"color,radio,color,radio";"frame,Shape,size,Type";"frame,shape,size,Type";"none:#62ff43,horizontal,30x45,fine-art-paper";"";"";"";"";"";"";"0";"0";"0";"0";"5";"1";"";"0";"0";"";"0000-00-00";"";"";"2";""
"";"";"2";"";"";"color,radio,color,radio";"frame,Shape,size,Type";"frame,shape,size,Type";"natural-wood:#ffd083,horizontal,30x45,fine-art-paper";"";"";"";"";"";"";"0";"0";"0";"0";"5";"1";"";"0";"0";"";"0000-00-00";"";"";"2";""
"";"";"2";"";"";"color,radio,color,radio";"frame,Shape,size,Type";"frame,shape,size,Type";"dark-wood:#ce6600,horizontal,30x45,fine-art-paper";"";"";"";"";"";"";"0";"0";"0";"0";"5";"1";"";"0";"0";"";"0000-00-00";"";"";"2";""
"";"";"2";"";"";"color,radio,color,radio";"frame,Shape,size,Type";"frame,shape,size,Type";"charcol-black:#3b1200,horizontal,30x45,fine-art-paper";"";"";"";"";"";"";"0";"0";"0";"0";"5";"1";"";"0";"0";"";"0000-00-00";"";"";"2";""
"";"";"2";"";"";"color,radio,color,radio";"frame,Shape,size,Type";"frame,shape,size,Type";"charcol-white:#e3fffe,horizontal,30x45,fine-art-paper";"";"";"";"";"";"";"0";"0";"0";"0";"5";"1";"";"0";"0";"";"0000-00-00";"";"";"2";""
"";"";"2";"";"";"color,radio,color,radio";"frame,Shape,size,Type";"frame,shape,size,Type";"pine-wood:#a3afff,horizontal,30x45,fine-art-paper";"";"";"";"";"";"";"0";"0";"0";"0";"5";"1";"";"0";"0";"";"0000-00-00";"";"";"2";""
"";"";"5";"";"";"color,radio,color,radio";"frame,Shape,size,Type";"frame,shape,size,Type";"none:#62ff43,horizontal,15x10,canvas";"";"";"";"";"";"";"0";"0";"0";"0";"5";"1";"";"0";"0";"1";"0000-00-00";"";"";"2";""
"";"";"5";"";"";"color,radio,color,radio";"frame,Shape,size,Type";"frame,shape,size,Type";"natural-wood:#ffd083,horizontal,15x10,canvas";"";"";"";"";"";"";"0";"0";"0";"0";"5";"1";"";"0";"0";"";"0000-00-00";"";"";"2";""
"";"";"5";"";"";"color,radio,color,radio";"frame,Shape,size,Type";"frame,shape,size,Type";"dark-wood:#ce6600,horizontal,15x10,canvas";"";"";"";"";"";"";"0";"0";"0";"0";"5";"1";"";"0";"0";"";"0000-00-00";"";"";"2";""
"";"";"5";"";"";"color,radio,color,radio";"frame,Shape,size,Type";"frame,shape,size,Type";"charcol-black:#3b1200,horizontal,15x10,canvas";"";"";"";"";"";"";"0";"0";"0";"0";"5";"1";"";"0";"0";"";"0000-00-00";"";"";"2";""
"";"";"5";"";"";"color,radio,color,radio";"frame,Shape,size,Type";"frame,shape,size,Type";"charcol-white:#e3fffe,horizontal,15x10,canvas";"";"";"";"";"";"";"0";"0";"0";"0";"5";"1";"";"0";"0";"";"0000-00-00";"";"";"2";""
"";"";"5";"";"";"color,radio,color,radio";"frame,Shape,size,Type";"frame,shape,size,Type";"pine-wood:#a3afff,horizontal,15x10,canvas";"";"";"";"";"";"";"0";"0";"0";"0";"5";"1";"";"0";"0";"";"0000-00-00";"";"";"2";""
"";"";"5";"";"";"color,radio,color,radio";"frame,Shape,size,Type";"frame,shape,size,Type";"none:#62ff43,horizontal,18x12,canvas";"";"";"";"";"";"";"0";"0";"0";"0";"5";"1";"";"0";"0";"";"0000-00-00";"";"";"2";""
"";"";"5";"";"";"color,radio,color,radio";"frame,Shape,size,Type";"frame,shape,size,Type";"natural-wood:#ffd083,horizontal,18x12,canvas";"";"";"";"";"";"";"0";"0";"0";"0";"5";"1";"";"0";"0";"";"0000-00-00";"";"";"2";""
"";"";"5";"";"";"color,radio,color,radio";"frame,Shape,size,Type";"frame,shape,size,Type";"dark-wood:#ce6600,horizontal,18x12,canvas";"";"";"";"";"";"";"0";"0";"0";"0";"5";"1";"";"0";"0";"";"0000-00-00";"";"";"2";""
"";"";"5";"";"";"color,radio,color,radio";"frame,Shape,size,Type";"frame,shape,size,Type";"charcol-black:#3b1200,horizontal,18x12,canvas";"";"";"";"";"";"";"0";"0";"0";"0";"5";"1";"";"0";"0";"";"0000-00-00";"";"";"2";""
"";"";"5";"";"";"color,radio,color,radio";"frame,Shape,size,Type";"frame,shape,size,Type";"charcol-white:#e3fffe,horizontal,18x12,canvas";"";"";"";"";"";"";"0";"0";"0";"0";"5";"1";"";"0";"0";"";"0000-00-00";"";"";"2";""
"";"";"5";"";"";"color,radio,color,radio";"frame,Shape,size,Type";"frame,shape,size,Type";"pine-wood:#a3afff,horizontal,18x12,canvas";"";"";"";"";"";"";"0";"0";"0";"0";"5";"1";"";"0";"0";"";"0000-00-00";"";"";"2";""
"";"";"5";"";"";"color,radio,color,radio";"frame,Shape,size,Type";"frame,shape,size,Type";"none:#62ff43,horizontal,24x16,canvas";"";"";"";"";"";"";"0";"0";"0";"0";"5";"1";"";"0";"0";"";"0000-00-00";"";"";"2";""
"";"";"5";"";"";"color,radio,color,radio";"frame,Shape,size,Type";"frame,shape,size,Type";"natural-wood:#ffd083,horizontal,24x16,canvas";"";"";"";"";"";"";"0";"0";"0";"0";"5";"1";"";"0";"0";"";"0000-00-00";"";"";"2";""
"";"";"5";"";"";"color,radio,color,radio";"frame,Shape,size,Type";"frame,shape,size,Type";"dark-wood:#ce6600,horizontal,24x16,canvas";"";"";"";"";"";"";"0";"0";"0";"0";"5";"1";"";"0";"0";"";"0000-00-00";"";"";"2";""
"";"";"5";"";"";"color,radio,color,radio";"frame,Shape,size,Type";"frame,shape,size,Type";"charcol-black:#3b1200,horizontal,24x16,canvas";"";"";"";"";"";"";"0";"0";"0";"0";"5";"1";"";"0";"0";"";"0000-00-00";"";"";"2";""
"";"";"5";"";"";"color,radio,color,radio";"frame,Shape,size,Type";"frame,shape,size,Type";"charcol-white:#e3fffe,horizontal,24x16,canvas";"";"";"";"";"";"";"0";"0";"0";"0";"5";"1";"";"0";"0";"";"0000-00-00";"";"";"2";""
"";"";"5";"";"";"color,radio,color,radio";"frame,Shape,size,Type";"frame,shape,size,Type";"pine-wood:#a3afff,horizontal,24x16,canvas";"";"";"";"";"";"";"0";"0";"0";"0";"5";"1";"";"0";"0";"";"0000-00-00";"";"";"2";""
"";"";"5";"";"";"color,radio,color,radio";"frame,Shape,size,Type";"frame,shape,size,Type";"none:#62ff43,horizontal,30x20,canvas";"";"";"";"";"";"";"0";"0";"0";"0";"5";"1";"";"0";"0";"";"0000-00-00";"";"";"2";""
"";"";"5";"";"";"color,radio,color,radio";"frame,Shape,size,Type";"frame,shape,size,Type";"natural-wood:#ffd083,horizontal,30x20,canvas";"";"";"";"";"";"";"0";"0";"0";"0";"5";"1";"";"0";"0";"";"0000-00-00";"";"";"2";""
"";"";"5";"";"";"color,radio,color,radio";"frame,Shape,size,Type";"frame,shape,size,Type";"dark-wood:#ce6600,horizontal,30x20,canvas";"";"";"";"";"";"";"0";"0";"0";"0";"5";"1";"";"0";"0";"";"0000-00-00";"";"";"2";""
"";"";"5";"";"";"color,radio,color,radio";"frame,Shape,size,Type";"frame,shape,size,Type";"charcol-black:#3b1200,horizontal,30x20,canvas";"";"";"";"";"";"";"0";"0";"0";"0";"5";"1";"";"0";"0";"";"0000-00-00";"";"";"2";""
"";"";"5";"";"";"color,radio,color,radio";"frame,Shape,size,Type";"frame,shape,size,Type";"charcol-white:#e3fffe,horizontal,30x20,canvas";"";"";"";"";"";"";"0";"0";"0";"0";"5";"1";"";"0";"0";"";"0000-00-00";"";"";"2";""
"";"";"5";"";"";"color,radio,color,radio";"frame,Shape,size,Type";"frame,shape,size,Type";"pine-wood:#a3afff,horizontal,30x20,canvas";"";"";"";"";"";"";"0";"0";"0";"0";"5";"1";"";"0";"0";"";"0000-00-00";"";"";"2";""
"";"";"5";"";"";"color,radio,color,radio";"frame,Shape,size,Type";"frame,shape,size,Type";"none:#62ff43,horizontal,36x24,canvas";"";"";"";"";"";"";"0";"0";"0";"0";"5";"1";"";"0";"0";"";"0000-00-00";"";"";"2";""
"";"";"5";"";"";"color,radio,color,radio";"frame,Shape,size,Type";"frame,shape,size,Type";"natural-wood:#ffd083,horizontal,36x24,canvas";"";"";"";"";"";"";"0";"0";"0";"0";"5";"1";"";"0";"0";"";"0000-00-00";"";"";"2";""
"";"";"5";"";"";"color,radio,color,radio";"frame,Shape,size,Type";"frame,shape,size,Type";"dark-wood:#ce6600,horizontal,36x24,canvas";"";"";"";"";"";"";"0";"0";"0";"0";"5";"1";"";"0";"0";"";"0000-00-00";"";"";"2";""
"";"";"5";"";"";"color,radio,color,radio";"frame,Shape,size,Type";"frame,shape,size,Type";"charcol-black:#3b1200,horizontal,36x24,canvas";"";"";"";"";"";"";"0";"0";"0";"0";"5";"1";"";"0";"0";"";"0000-00-00";"";"";"2";""
"";"";"5";"";"";"color,radio,color,radio";"frame,Shape,size,Type";"frame,shape,size,Type";"charcol-white:#e3fffe,horizontal,36x24,canvas";"";"";"";"";"";"";"0";"0";"0";"0";"5";"1";"";"0";"0";"";"0000-00-00";"";"";"2";""
"";"";"5";"";"";"color,radio,color,radio";"frame,Shape,size,Type";"frame,shape,size,Type";"pine-wood:#a3afff,horizontal,36x24,canvas";"";"";"";"";"";"";"0";"0";"0";"0";"5";"1";"";"0";"0";"";"0000-00-00";"";"";"2";""
"";"";"5";"";"";"color,radio,color,radio";"frame,Shape,size,Type";"frame,shape,size,Type";"none:#62ff43,horizontal,30x45,canvas";"";"";"";"";"";"";"0";"0";"0";"0";"5";"1";"";"0";"0";"";"0000-00-00";"";"";"2";""
"";"";"5";"";"";"color,radio,color,radio";"frame,Shape,size,Type";"frame,shape,size,Type";"natural-wood:#ffd083,horizontal,30x45,canvas";"";"";"";"";"";"";"0";"0";"0";"0";"5";"1";"";"0";"0";"";"0000-00-00";"";"";"2";""
"";"";"5";"";"";"color,radio,color,radio";"frame,Shape,size,Type";"frame,shape,size,Type";"dark-wood:#ce6600,horizontal,30x45,canvas";"";"";"";"";"";"";"0";"0";"0";"0";"5";"1";"";"0";"0";"";"0000-00-00";"";"";"2";""
"";"";"5";"";"";"color,radio,color,radio";"frame,Shape,size,Type";"frame,shape,size,Type";"charcol-black:#3b1200,horizontal,30x45,canvas";"";"";"";"";"";"";"0";"0";"0";"0";"5";"1";"";"0";"0";"";"0000-00-00";"";"";"2";""
"";"";"5";"";"";"color,radio,color,radio";"frame,Shape,size,Type";"frame,shape,size,Type";"charcol-white:#e3fffe,horizontal,30x45,canvas";"";"";"";"";"";"";"0";"0";"0";"0";"5";"1";"";"0";"0";"";"0000-00-00";"";"";"2";""
"";"";"5";"";"";"color,radio,color,radio";"frame,Shape,size,Type";"frame,shape,size,Type";"pine-wood:#a3afff,horizontal,30x45,canvas";"";"";"";"";"";"";"0";"0";"0";"0";"5";"1";"";"0";"0";"";"0000-00-00";"";"";"2";""
"";"";"5";"";"";"color,radio,color,radio";"frame,Shape,size,Type";"frame,shape,size,Type";"none:#62ff43,horizontal,15x10,fine-art-paper";"";"";"";"";"";"";"0";"0";"0";"0";"5";"1";"";"0";"0";"";"0000-00-00";"";"";"2";""
"";"";"5";"";"";"color,radio,color,radio";"frame,Shape,size,Type";"frame,shape,size,Type";"natural-wood:#ffd083,horizontal,15x10,fine-art-paper";"";"";"";"";"";"";"0";"0";"0";"0";"5";"1";"";"0";"0";"";"0000-00-00";"";"";"2";""
"";"";"5";"";"";"color,radio,color,radio";"frame,Shape,size,Type";"frame,shape,size,Type";"dark-wood:#ce6600,horizontal,15x10,fine-art-paper";"";"";"";"";"";"";"0";"0";"0";"0";"5";"1";"";"0";"0";"";"0000-00-00";"";"";"2";""
"";"";"5";"";"";"color,radio,color,radio";"frame,Shape,size,Type";"frame,shape,size,Type";"charcol-black:#3b1200,horizontal,15x10,fine-art-paper";"";"";"";"";"";"";"0";"0";"0";"0";"5";"1";"";"0";"0";"";"0000-00-00";"";"";"2";""
"";"";"5";"";"";"color,radio,color,radio";"frame,Shape,size,Type";"frame,shape,size,Type";"charcol-white:#e3fffe,horizontal,15x10,fine-art-paper";"";"";"";"";"";"";"0";"0";"0";"0";"5";"1";"";"0";"0";"";"0000-00-00";"";"";"2";""
"";"";"5";"";"";"color,radio,color,radio";"frame,Shape,size,Type";"frame,shape,size,Type";"pine-wood:#a3afff,horizontal,15x10,fine-art-paper";"";"";"";"";"";"";"0";"0";"0";"0";"5";"1";"";"0";"0";"";"0000-00-00";"";"";"2";""
"";"";"5";"";"";"color,radio,color,radio";"frame,Shape,size,Type";"frame,shape,size,Type";"none:#62ff43,horizontal,18x12,fine-art-paper";"";"";"";"";"";"";"0";"0";"0";"0";"5";"1";"";"0";"0";"";"0000-00-00";"";"";"2";""
"";"";"5";"";"";"color,radio,color,radio";"frame,Shape,size,Type";"frame,shape,size,Type";"natural-wood:#ffd083,horizontal,18x12,fine-art-paper";"";"";"";"";"";"";"0";"0";"0";"0";"5";"1";"";"0";"0";"";"0000-00-00";"";"";"2";""
"";"";"5";"";"";"color,radio,color,radio";"frame,Shape,size,Type";"frame,shape,size,Type";"dark-wood:#ce6600,horizontal,18x12,fine-art-paper";"";"";"";"";"";"";"0";"0";"0";"0";"5";"1";"";"0";"0";"";"0000-00-00";"";"";"2";""
"";"";"5";"";"";"color,radio,color,radio";"frame,Shape,size,Type";"frame,shape,size,Type";"charcol-black:#3b1200,horizontal,18x12,fine-art-paper";"";"";"";"";"";"";"0";"0";"0";"0";"5";"1";"";"0";"0";"";"0000-00-00";"";"";"2";""
"";"";"5";"";"";"color,radio,color,radio";"frame,Shape,size,Type";"frame,shape,size,Type";"charcol-white:#e3fffe,horizontal,18x12,fine-art-paper";"";"";"";"";"";"";"0";"0";"0";"0";"5";"1";"";"0";"0";"";"0000-00-00";"";"";"2";""
"";"";"5";"";"";"color,radio,color,radio";"frame,Shape,size,Type";"frame,shape,size,Type";"pine-wood:#a3afff,horizontal,18x12,fine-art-paper";"";"";"";"";"";"";"0";"0";"0";"0";"5";"1";"";"0";"0";"";"0000-00-00";"";"";"2";""
"";"";"5";"";"";"color,radio,color,radio";"frame,Shape,size,Type";"frame,shape,size,Type";"none:#62ff43,horizontal,24x16,fine-art-paper";"";"";"";"";"";"";"0";"0";"0";"0";"5";"1";"";"0";"0";"";"0000-00-00";"";"";"2";""
"";"";"5";"";"";"color,radio,color,radio";"frame,Shape,size,Type";"frame,shape,size,Type";"natural-wood:#ffd083,horizontal,24x16,fine-art-paper";"";"";"";"";"";"";"0";"0";"0";"0";"5";"1";"";"0";"0";"";"0000-00-00";"";"";"2";""
"";"";"5";"";"";"color,radio,color,radio";"frame,Shape,size,Type";"frame,shape,size,Type";"dark-wood:#ce6600,horizontal,24x16,fine-art-paper";"";"";"";"";"";"";"0";"0";"0";"0";"5";"1";"";"0";"0";"";"0000-00-00";"";"";"2";""
"";"";"5";"";"";"color,radio,color,radio";"frame,Shape,size,Type";"frame,shape,size,Type";"charcol-black:#3b1200,horizontal,24x16,fine-art-paper";"";"";"";"";"";"";"0";"0";"0";"0";"5";"1";"";"0";"0";"";"0000-00-00";"";"";"2";""
"";"";"5";"";"";"color,radio,color,radio";"frame,Shape,size,Type";"frame,shape,size,Type";"charcol-white:#e3fffe,horizontal,24x16,fine-art-paper";"";"";"";"";"";"";"0";"0";"0";"0";"5";"1";"";"0";"0";"";"0000-00-00";"";"";"2";""
"";"";"5";"";"";"color,radio,color,radio";"frame,Shape,size,Type";"frame,shape,size,Type";"pine-wood:#a3afff,horizontal,24x16,fine-art-paper";"";"";"";"";"";"";"0";"0";"0";"0";"5";"1";"";"0";"0";"";"0000-00-00";"";"";"2";""
"";"";"5";"";"";"color,radio,color,radio";"frame,Shape,size,Type";"frame,shape,size,Type";"none:#62ff43,horizontal,30x20,fine-art-paper";"";"";"";"";"";"";"0";"0";"0";"0";"5";"1";"";"0";"0";"";"0000-00-00";"";"";"2";""
"";"";"5";"";"";"color,radio,color,radio";"frame,Shape,size,Type";"frame,shape,size,Type";"natural-wood:#ffd083,horizontal,30x20,fine-art-paper";"";"";"";"";"";"";"0";"0";"0";"0";"5";"1";"";"0";"0";"";"0000-00-00";"";"";"2";""
"";"";"5";"";"";"color,radio,color,radio";"frame,Shape,size,Type";"frame,shape,size,Type";"dark-wood:#ce6600,horizontal,30x20,fine-art-paper";"";"";"";"";"";"";"0";"0";"0";"0";"5";"1";"";"0";"0";"";"0000-00-00";"";"";"2";""
"";"";"5";"";"";"color,radio,color,radio";"frame,Shape,size,Type";"frame,shape,size,Type";"charcol-black:#3b1200,horizontal,30x20,fine-art-paper";"";"";"";"";"";"";"0";"0";"0";"0";"5";"1";"";"0";"0";"";"0000-00-00";"";"";"2";""
"";"";"5";"";"";"color,radio,color,radio";"frame,Shape,size,Type";"frame,shape,size,Type";"charcol-white:#e3fffe,horizontal,30x20,fine-art-paper";"";"";"";"";"";"";"0";"0";"0";"0";"5";"1";"";"0";"0";"";"0000-00-00";"";"";"2";""
"";"";"5";"";"";"color,radio,color,radio";"frame,Shape,size,Type";"frame,shape,size,Type";"pine-wood:#a3afff,horizontal,30x20,fine-art-paper";"";"";"";"";"";"";"0";"0";"0";"0";"5";"1";"";"0";"0";"";"0000-00-00";"";"";"2";""
"";"";"5";"";"";"color,radio,color,radio";"frame,Shape,size,Type";"frame,shape,size,Type";"none:#62ff43,horizontal,36x24,fine-art-paper";"";"";"";"";"";"";"0";"0";"0";"0";"5";"1";"";"0";"0";"";"0000-00-00";"";"";"2";""
"";"";"5";"";"";"color,radio,color,radio";"frame,Shape,size,Type";"frame,shape,size,Type";"natural-wood:#ffd083,horizontal,36x24,fine-art-paper";"";"";"";"";"";"";"0";"0";"0";"0";"5";"1";"";"0";"0";"";"0000-00-00";"";"";"2";""
"";"";"5";"";"";"color,radio,color,radio";"frame,Shape,size,Type";"frame,shape,size,Type";"dark-wood:#ce6600,horizontal,36x24,fine-art-paper";"";"";"";"";"";"";"0";"0";"0";"0";"5";"1";"";"0";"0";"";"0000-00-00";"";"";"2";""
"";"";"5";"";"";"color,radio,color,radio";"frame,Shape,size,Type";"frame,shape,size,Type";"charcol-black:#3b1200,horizontal,36x24,fine-art-paper";"";"";"";"";"";"";"0";"0";"0";"0";"5";"1";"";"0";"0";"";"0000-00-00";"";"";"2";""
"";"";"5";"";"";"color,radio,color,radio";"frame,Shape,size,Type";"frame,shape,size,Type";"charcol-white:#e3fffe,horizontal,36x24,fine-art-paper";"";"";"";"";"";"";"0";"0";"0";"0";"5";"1";"";"0";"0";"";"0000-00-00";"";"";"2";""
"";"";"5";"";"";"color,radio,color,radio";"frame,Shape,size,Type";"frame,shape,size,Type";"pine-wood:#a3afff,horizontal,36x24,fine-art-paper";"";"";"";"";"";"";"0";"0";"0";"0";"5";"1";"";"0";"0";"";"0000-00-00";"";"";"2";""
"";"";"5";"";"";"color,radio,color,radio";"frame,Shape,size,Type";"frame,shape,size,Type";"none:#62ff43,horizontal,30x45,fine-art-paper";"";"";"";"";"";"";"0";"0";"0";"0";"5";"1";"";"0";"0";"";"0000-00-00";"";"";"2";""
"";"";"5";"";"";"color,radio,color,radio";"frame,Shape,size,Type";"frame,shape,size,Type";"natural-wood:#ffd083,horizontal,30x45,fine-art-paper";"";"";"";"";"";"";"0";"0";"0";"0";"5";"1";"";"0";"0";"";"0000-00-00";"";"";"2";""
"";"";"5";"";"";"color,radio,color,radio";"frame,Shape,size,Type";"frame,shape,size,Type";"dark-wood:#ce6600,horizontal,30x45,fine-art-paper";"";"";"";"";"";"";"0";"0";"0";"0";"5";"1";"";"0";"0";"";"0000-00-00";"";"";"2";""
"";"";"5";"";"";"color,radio,color,radio";"frame,Shape,size,Type";"frame,shape,size,Type";"charcol-black:#3b1200,horizontal,30x45,fine-art-paper";"";"";"";"";"";"";"0";"0";"0";"0";"5";"1";"";"0";"0";"";"0000-00-00";"";"";"2";""
"";"";"5";"";"";"color,radio,color,radio";"frame,Shape,size,Type";"frame,shape,size,Type";"charcol-white:#e3fffe,horizontal,30x45,fine-art-paper";"";"";"";"";"";"";"0";"0";"0";"0";"5";"1";"";"0";"0";"";"0000-00-00";"";"";"2";""
"";"";"5";"";"";"color,radio,color,radio";"frame,Shape,size,Type";"frame,shape,size,Type";"pine-wood:#a3afff,horizontal,30x45,fine-art-paper";"";"";"";"";"";"";"0";"0";"0";"0";"5";"1";"";"0";"0";"";"0000-00-00";"";"";"2";""
"";"";"8";"";"";"color,radio,color,radio";"frame,Shape,size,Type";"frame,shape,size,Type";"none:#62ff43,horizontal,15x10,canvas";"";"";"";"";"";"";"0";"0";"0";"0";"5";"1";"";"0";"0";"1";"0000-00-00";"";"";"2";""
"";"";"8";"";"";"color,radio,color,radio";"frame,Shape,size,Type";"frame,shape,size,Type";"natural-wood:#ffd083,horizontal,15x10,canvas";"";"";"";"";"";"";"0";"0";"0";"0";"5";"1";"";"0";"0";"";"0000-00-00";"";"";"2";""
"";"";"8";"";"";"color,radio,color,radio";"frame,Shape,size,Type";"frame,shape,size,Type";"dark-wood:#ce6600,horizontal,15x10,canvas";"";"";"";"";"";"";"0";"0";"0";"0";"5";"1";"";"0";"0";"";"0000-00-00";"";"";"2";""
"";"";"8";"";"";"color,radio,color,radio";"frame,Shape,size,Type";"frame,shape,size,Type";"charcol-black:#3b1200,horizontal,15x10,canvas";"";"";"";"";"";"";"0";"0";"0";"0";"5";"1";"";"0";"0";"";"0000-00-00";"";"";"2";""
"";"";"8";"";"";"color,radio,color,radio";"frame,Shape,size,Type";"frame,shape,size,Type";"charcol-white:#e3fffe,horizontal,15x10,canvas";"";"";"";"";"";"";"0";"0";"0";"0";"5";"1";"";"0";"0";"";"0000-00-00";"";"";"2";""
"";"";"8";"";"";"color,radio,color,radio";"frame,Shape,size,Type";"frame,shape,size,Type";"pine-wood:#a3afff,horizontal,15x10,canvas";"";"";"";"";"";"";"0";"0";"0";"0";"5";"1";"";"0";"0";"";"0000-00-00";"";"";"2";""
"";"";"8";"";"";"color,radio,color,radio";"frame,Shape,size,Type";"frame,shape,size,Type";"none:#62ff43,horizontal,18x12,canvas";"";"";"";"";"";"";"0";"0";"0";"0";"5";"1";"";"0";"0";"";"0000-00-00";"";"";"2";""
"";"";"8";"";"";"color,radio,color,radio";"frame,Shape,size,Type";"frame,shape,size,Type";"natural-wood:#ffd083,horizontal,18x12,canvas";"";"";"";"";"";"";"0";"0";"0";"0";"5";"1";"";"0";"0";"";"0000-00-00";"";"";"2";""
"";"";"8";"";"";"color,radio,color,radio";"frame,Shape,size,Type";"frame,shape,size,Type";"dark-wood:#ce6600,horizontal,18x12,canvas";"";"";"";"";"";"";"0";"0";"0";"0";"5";"1";"";"0";"0";"";"0000-00-00";"";"";"2";""
"";"";"8";"";"";"color,radio,color,radio";"frame,Shape,size,Type";"frame,shape,size,Type";"charcol-black:#3b1200,horizontal,18x12,canvas";"";"";"";"";"";"";"0";"0";"0";"0";"5";"1";"";"0";"0";"";"0000-00-00";"";"";"2";""
"";"";"8";"";"";"color,radio,color,radio";"frame,Shape,size,Type";"frame,shape,size,Type";"charcol-white:#e3fffe,horizontal,18x12,canvas";"";"";"";"";"";"";"0";"0";"0";"0";"5";"1";"";"0";"0";"";"0000-00-00";"";"";"2";""
"";"";"8";"";"";"color,radio,color,radio";"frame,Shape,size,Type";"frame,shape,size,Type";"pine-wood:#a3afff,horizontal,18x12,canvas";"";"";"";"";"";"";"0";"0";"0";"0";"5";"1";"";"0";"0";"";"0000-00-00";"";"";"2";""
"";"";"8";"";"";"color,radio,color,radio";"frame,Shape,size,Type";"frame,shape,size,Type";"none:#62ff43,horizontal,24x16,canvas";"";"";"";"";"";"";"0";"0";"0";"0";"5";"1";"";"0";"0";"";"0000-00-00";"";"";"2";""
"";"";"8";"";"";"color,radio,color,radio";"frame,Shape,size,Type";"frame,shape,size,Type";"natural-wood:#ffd083,horizontal,24x16,canvas";"";"";"";"";"";"";"0";"0";"0";"0";"5";"1";"";"0";"0";"";"0000-00-00";"";"";"2";""
"";"";"8";"";"";"color,radio,color,radio";"frame,Shape,size,Type";"frame,shape,size,Type";"dark-wood:#ce6600,horizontal,24x16,canvas";"";"";"";"";"";"";"0";"0";"0";"0";"5";"1";"";"0";"0";"";"0000-00-00";"";"";"2";""
"";"";"8";"";"";"color,radio,color,radio";"frame,Shape,size,Type";"frame,shape,size,Type";"charcol-black:#3b1200,horizontal,24x16,canvas";"";"";"";"";"";"";"0";"0";"0";"0";"5";"1";"";"0";"0";"";"0000-00-00";"";"";"2";""
"";"";"8";"";"";"color,radio,color,radio";"frame,Shape,size,Type";"frame,shape,size,Type";"charcol-white:#e3fffe,horizontal,24x16,canvas";"";"";"";"";"";"";"0";"0";"0";"0";"5";"1";"";"0";"0";"";"0000-00-00";"";"";"2";""
"";"";"8";"";"";"color,radio,color,radio";"frame,Shape,size,Type";"frame,shape,size,Type";"pine-wood:#a3afff,horizontal,24x16,canvas";"";"";"";"";"";"";"0";"0";"0";"0";"5";"1";"";"0";"0";"";"0000-00-00";"";"";"2";""
"";"";"8";"";"";"color,radio,color,radio";"frame,Shape,size,Type";"frame,shape,size,Type";"none:#62ff43,horizontal,30x20,canvas";"";"";"";"";"";"";"0";"0";"0";"0";"5";"1";"";"0";"0";"";"0000-00-00";"";"";"2";""
"";"";"8";"";"";"color,radio,color,radio";"frame,Shape,size,Type";"frame,shape,size,Type";"natural-wood:#ffd083,horizontal,30x20,canvas";"";"";"";"";"";"";"0";"0";"0";"0";"5";"1";"";"0";"0";"";"0000-00-00";"";"";"2";""
"";"";"8";"";"";"color,radio,color,radio";"frame,Shape,size,Type";"frame,shape,size,Type";"dark-wood:#ce6600,horizontal,30x20,canvas";"";"";"";"";"";"";"0";"0";"0";"0";"5";"1";"";"0";"0";"";"0000-00-00";"";"";"2";""
"";"";"8";"";"";"color,radio,color,radio";"frame,Shape,size,Type";"frame,shape,size,Type";"charcol-black:#3b1200,horizontal,30x20,canvas";"";"";"";"";"";"";"0";"0";"0";"0";"5";"1";"";"0";"0";"";"0000-00-00";"";"";"2";""
"";"";"8";"";"";"color,radio,color,radio";"frame,Shape,size,Type";"frame,shape,size,Type";"charcol-white:#e3fffe,horizontal,30x20,canvas";"";"";"";"";"";"";"0";"0";"0";"0";"5";"1";"";"0";"0";"";"0000-00-00";"";"";"2";""
"";"";"8";"";"";"color,radio,color,radio";"frame,Shape,size,Type";"frame,shape,size,Type";"pine-wood:#a3afff,horizontal,30x20,canvas";"";"";"";"";"";"";"0";"0";"0";"0";"5";"1";"";"0";"0";"";"0000-00-00";"";"";"2";""
"";"";"8";"";"";"color,radio,color,radio";"frame,Shape,size,Type";"frame,shape,size,Type";"none:#62ff43,horizontal,36x24,canvas";"";"";"";"";"";"";"0";"0";"0";"0";"5";"1";"";"0";"0";"";"0000-00-00";"";"";"2";""
"";"";"8";"";"";"color,radio,color,radio";"frame,Shape,size,Type";"frame,shape,size,Type";"natural-wood:#ffd083,horizontal,36x24,canvas";"";"";"";"";"";"";"0";"0";"0";"0";"5";"1";"";"0";"0";"";"0000-00-00";"";"";"2";""
"";"";"8";"";"";"color,radio,color,radio";"frame,Shape,size,Type";"frame,shape,size,Type";"dark-wood:#ce6600,horizontal,36x24,canvas";"";"";"";"";"";"";"0";"0";"0";"0";"5";"1";"";"0";"0";"";"0000-00-00";"";"";"2";""
"";"";"8";"";"";"color,radio,color,radio";"frame,Shape,size,Type";"frame,shape,size,Type";"charcol-black:#3b1200,horizontal,36x24,canvas";"";"";"";"";"";"";"0";"0";"0";"0";"5";"1";"";"0";"0";"";"0000-00-00";"";"";"2";""
"";"";"8";"";"";"color,radio,color,radio";"frame,Shape,size,Type";"frame,shape,size,Type";"charcol-white:#e3fffe,horizontal,36x24,canvas";"";"";"";"";"";"";"0";"0";"0";"0";"5";"1";"";"0";"0";"";"0000-00-00";"";"";"2";""
"";"";"8";"";"";"color,radio,color,radio";"frame,Shape,size,Type";"frame,shape,size,Type";"pine-wood:#a3afff,horizontal,36x24,canvas";"";"";"";"";"";"";"0";"0";"0";"0";"5";"1";"";"0";"0";"";"0000-00-00";"";"";"2";""
"";"";"8";"";"";"color,radio,color,radio";"frame,Shape,size,Type";"frame,shape,size,Type";"none:#62ff43,horizontal,30x45,canvas";"";"";"";"";"";"";"0";"0";"0";"0";"5";"1";"";"0";"0";"";"0000-00-00";"";"";"2";""
"";"";"8";"";"";"color,radio,color,radio";"frame,Shape,size,Type";"frame,shape,size,Type";"natural-wood:#ffd083,horizontal,30x45,canvas";"";"";"";"";"";"";"0";"0";"0";"0";"5";"1";"";"0";"0";"";"0000-00-00";"";"";"2";""
"";"";"8";"";"";"color,radio,color,radio";"frame,Shape,size,Type";"frame,shape,size,Type";"dark-wood:#ce6600,horizontal,30x45,canvas";"";"";"";"";"";"";"0";"0";"0";"0";"5";"1";"";"0";"0";"";"0000-00-00";"";"";"2";""
"";"";"8";"";"";"color,radio,color,radio";"frame,Shape,size,Type";"frame,shape,size,Type";"charcol-black:#3b1200,horizontal,30x45,canvas";"";"";"";"";"";"";"0";"0";"0";"0";"5";"1";"";"0";"0";"";"0000-00-00";"";"";"2";""
"";"";"8";"";"";"color,radio,color,radio";"frame,Shape,size,Type";"frame,shape,size,Type";"charcol-white:#e3fffe,horizontal,30x45,canvas";"";"";"";"";"";"";"0";"0";"0";"0";"5";"1";"";"0";"0";"";"0000-00-00";"";"";"2";""
"";"";"8";"";"";"color,radio,color,radio";"frame,Shape,size,Type";"frame,shape,size,Type";"pine-wood:#a3afff,horizontal,30x45,canvas";"";"";"";"";"";"";"0";"0";"0";"0";"5";"1";"";"0";"0";"";"0000-00-00";"";"";"2";""
"";"";"8";"";"";"color,radio,color,radio";"frame,Shape,size,Type";"frame,shape,size,Type";"none:#62ff43,horizontal,15x10,fine-art-paper";"";"";"";"";"";"";"0";"0";"0";"0";"5";"1";"";"0";"0";"";"0000-00-00";"";"";"2";""
"";"";"8";"";"";"color,radio,color,radio";"frame,Shape,size,Type";"frame,shape,size,Type";"natural-wood:#ffd083,horizontal,15x10,fine-art-paper";"";"";"";"";"";"";"0";"0";"0";"0";"5";"1";"";"0";"0";"";"0000-00-00";"";"";"2";""
"";"";"8";"";"";"color,radio,color,radio";"frame,Shape,size,Type";"frame,shape,size,Type";"dark-wood:#ce6600,horizontal,15x10,fine-art-paper";"";"";"";"";"";"";"0";"0";"0";"0";"5";"1";"";"0";"0";"";"0000-00-00";"";"";"2";""
"";"";"8";"";"";"color,radio,color,radio";"frame,Shape,size,Type";"frame,shape,size,Type";"charcol-black:#3b1200,horizontal,15x10,fine-art-paper";"";"";"";"";"";"";"0";"0";"0";"0";"5";"1";"";"0";"0";"";"0000-00-00";"";"";"2";""
"";"";"8";"";"";"color,radio,color,radio";"frame,Shape,size,Type";"frame,shape,size,Type";"charcol-white:#e3fffe,horizontal,15x10,fine-art-paper";"";"";"";"";"";"";"0";"0";"0";"0";"5";"1";"";"0";"0";"";"0000-00-00";"";"";"2";""
"";"";"8";"";"";"color,radio,color,radio";"frame,Shape,size,Type";"frame,shape,size,Type";"pine-wood:#a3afff,horizontal,15x10,fine-art-paper";"";"";"";"";"";"";"0";"0";"0";"0";"5";"1";"";"0";"0";"";"0000-00-00";"";"";"2";""
"";"";"8";"";"";"color,radio,color,radio";"frame,Shape,size,Type";"frame,shape,size,Type";"none:#62ff43,horizontal,18x12,fine-art-paper";"";"";"";"";"";"";"0";"0";"0";"0";"5";"1";"";"0";"0";"";"0000-00-00";"";"";"2";""
"";"";"8";"";"";"color,radio,color,radio";"frame,Shape,size,Type";"frame,shape,size,Type";"natural-wood:#ffd083,horizontal,18x12,fine-art-paper";"";"";"";"";"";"";"0";"0";"0";"0";"5";"1";"";"0";"0";"";"0000-00-00";"";"";"2";""
"";"";"8";"";"";"color,radio,color,radio";"frame,Shape,size,Type";"frame,shape,size,Type";"dark-wood:#ce6600,horizontal,18x12,fine-art-paper";"";"";"";"";"";"";"0";"0";"0";"0";"5";"1";"";"0";"0";"";"0000-00-00";"";"";"2";""
"";"";"8";"";"";"color,radio,color,radio";"frame,Shape,size,Type";"frame,shape,size,Type";"charcol-black:#3b1200,horizontal,18x12,fine-art-paper";"";"";"";"";"";"";"0";"0";"0";"0";"5";"1";"";"0";"0";"";"0000-00-00";"";"";"2";""
"";"";"8";"";"";"color,radio,color,radio";"frame,Shape,size,Type";"frame,shape,size,Type";"charcol-white:#e3fffe,horizontal,18x12,fine-art-paper";"";"";"";"";"";"";"0";"0";"0";"0";"5";"1";"";"0";"0";"";"0000-00-00";"";"";"2";""
"";"";"8";"";"";"color,radio,color,radio";"frame,Shape,size,Type";"frame,shape,size,Type";"pine-wood:#a3afff,horizontal,18x12,fine-art-paper";"";"";"";"";"";"";"0";"0";"0";"0";"5";"1";"";"0";"0";"";"0000-00-00";"";"";"2";""
"";"";"8";"";"";"color,radio,color,radio";"frame,Shape,size,Type";"frame,shape,size,Type";"none:#62ff43,horizontal,24x16,fine-art-paper";"";"";"";"";"";"";"0";"0";"0";"0";"5";"1";"";"0";"0";"";"0000-00-00";"";"";"2";""
"";"";"8";"";"";"color,radio,color,radio";"frame,Shape,size,Type";"frame,shape,size,Type";"natural-wood:#ffd083,horizontal,24x16,fine-art-paper";"";"";"";"";"";"";"0";"0";"0";"0";"5";"1";"";"0";"0";"";"0000-00-00";"";"";"2";""
"";"";"8";"";"";"color,radio,color,radio";"frame,Shape,size,Type";"frame,shape,size,Type";"dark-wood:#ce6600,horizontal,24x16,fine-art-paper";"";"";"";"";"";"";"0";"0";"0";"0";"5";"1";"";"0";"0";"";"0000-00-00";"";"";"2";""
"";"";"8";"";"";"color,radio,color,radio";"frame,Shape,size,Type";"frame,shape,size,Type";"charcol-black:#3b1200,horizontal,24x16,fine-art-paper";"";"";"";"";"";"";"0";"0";"0";"0";"5";"1";"";"0";"0";"";"0000-00-00";"";"";"2";""
"";"";"8";"";"";"color,radio,color,radio";"frame,Shape,size,Type";"frame,shape,size,Type";"charcol-white:#e3fffe,horizontal,24x16,fine-art-paper";"";"";"";"";"";"";"0";"0";"0";"0";"5";"1";"";"0";"0";"";"0000-00-00";"";"";"2";""
"";"";"8";"";"";"color,radio,color,radio";"frame,Shape,size,Type";"frame,shape,size,Type";"pine-wood:#a3afff,horizontal,24x16,fine-art-paper";"";"";"";"";"";"";"0";"0";"0";"0";"5";"1";"";"0";"0";"";"0000-00-00";"";"";"2";""
"";"";"8";"";"";"color,radio,color,radio";"frame,Shape,size,Type";"frame,shape,size,Type";"none:#62ff43,horizontal,30x20,fine-art-paper";"";"";"";"";"";"";"0";"0";"0";"0";"5";"1";"";"0";"0";"";"0000-00-00";"";"";"2";""
"";"";"8";"";"";"color,radio,color,radio";"frame,Shape,size,Type";"frame,shape,size,Type";"natural-wood:#ffd083,horizontal,30x20,fine-art-paper";"";"";"";"";"";"";"0";"0";"0";"0";"5";"1";"";"0";"0";"";"0000-00-00";"";"";"2";""
"";"";"8";"";"";"color,radio,color,radio";"frame,Shape,size,Type";"frame,shape,size,Type";"dark-wood:#ce6600,horizontal,30x20,fine-art-paper";"";"";"";"";"";"";"0";"0";"0";"0";"5";"1";"";"0";"0";"";"0000-00-00";"";"";"2";""
"";"";"8";"";"";"color,radio,color,radio";"frame,Shape,size,Type";"frame,shape,size,Type";"charcol-black:#3b1200,horizontal,30x20,fine-art-paper";"";"";"";"";"";"";"0";"0";"0";"0";"5";"1";"";"0";"0";"";"0000-00-00";"";"";"2";""
"";"";"8";"";"";"color,radio,color,radio";"frame,Shape,size,Type";"frame,shape,size,Type";"charcol-white:#e3fffe,horizontal,30x20,fine-art-paper";"";"";"";"";"";"";"0";"0";"0";"0";"5";"1";"";"0";"0";"";"0000-00-00";"";"";"2";""
"";"";"8";"";"";"color,radio,color,radio";"frame,Shape,size,Type";"frame,shape,size,Type";"pine-wood:#a3afff,horizontal,30x20,fine-art-paper";"";"";"";"";"";"";"0";"0";"0";"0";"5";"1";"";"0";"0";"";"0000-00-00";"";"";"2";""
"";"";"8";"";"";"color,radio,color,radio";"frame,Shape,size,Type";"frame,shape,size,Type";"none:#62ff43,horizontal,36x24,fine-art-paper";"";"";"";"";"";"";"0";"0";"0";"0";"5";"1";"";"0";"0";"";"0000-00-00";"";"";"2";""
"";"";"8";"";"";"color,radio,color,radio";"frame,Shape,size,Type";"frame,shape,size,Type";"natural-wood:#ffd083,horizontal,36x24,fine-art-paper";"";"";"";"";"";"";"0";"0";"0";"0";"5";"1";"";"0";"0";"";"0000-00-00";"";"";"2";""
"";"";"8";"";"";"color,radio,color,radio";"frame,Shape,size,Type";"frame,shape,size,Type";"dark-wood:#ce6600,horizontal,36x24,fine-art-paper";"";"";"";"";"";"";"0";"0";"0";"0";"5";"1";"";"0";"0";"";"0000-00-00";"";"";"2";""
"";"";"8";"";"";"color,radio,color,radio";"frame,Shape,size,Type";"frame,shape,size,Type";"charcol-black:#3b1200,horizontal,36x24,fine-art-paper";"";"";"";"";"";"";"0";"0";"0";"0";"5";"1";"";"0";"0";"";"0000-00-00";"";"";"2";""
"";"";"8";"";"";"color,radio,color,radio";"frame,Shape,size,Type";"frame,shape,size,Type";"charcol-white:#e3fffe,horizontal,36x24,fine-art-paper";"";"";"";"";"";"";"0";"0";"0";"0";"5";"1";"";"0";"0";"";"0000-00-00";"";"";"2";""
"";"";"8";"";"";"color,radio,color,radio";"frame,Shape,size,Type";"frame,shape,size,Type";"pine-wood:#a3afff,horizontal,36x24,fine-art-paper";"";"";"";"";"";"";"0";"0";"0";"0";"5";"1";"";"0";"0";"";"0000-00-00";"";"";"2";""
"";"";"8";"";"";"color,radio,color,radio";"frame,Shape,size,Type";"frame,shape,size,Type";"none:#62ff43,horizontal,30x45,fine-art-paper";"";"";"";"";"";"";"0";"0";"0";"0";"5";"1";"";"0";"0";"";"0000-00-00";"";"";"2";""
"";"";"8";"";"";"color,radio,color,radio";"frame,Shape,size,Type";"frame,shape,size,Type";"natural-wood:#ffd083,horizontal,30x45,fine-art-paper";"";"";"";"";"";"";"0";"0";"0";"0";"5";"1";"";"0";"0";"";"0000-00-00";"";"";"2";""
"";"";"8";"";"";"color,radio,color,radio";"frame,Shape,size,Type";"frame,shape,size,Type";"dark-wood:#ce6600,horizontal,30x45,fine-art-paper";"";"";"";"";"";"";"0";"0";"0";"0";"5";"1";"";"0";"0";"";"0000-00-00";"";"";"2";""
"";"";"8";"";"";"color,radio,color,radio";"frame,Shape,size,Type";"frame,shape,size,Type";"charcol-black:#3b1200,horizontal,30x45,fine-art-paper";"";"";"";"";"";"";"0";"0";"0";"0";"5";"1";"";"0";"0";"";"0000-00-00";"";"";"2";""
"";"";"8";"";"";"color,radio,color,radio";"frame,Shape,size,Type";"frame,shape,size,Type";"charcol-white:#e3fffe,horizontal,30x45,fine-art-paper";"";"";"";"";"";"";"0";"0";"0";"0";"5";"1";"";"0";"0";"";"0000-00-00";"";"";"2";""
"";"";"8";"";"";"color,radio,color,radio";"frame,Shape,size,Type";"frame,shape,size,Type";"pine-wood:#a3afff,horizontal,30x45,fine-art-paper";"";"";"";"";"";"";"0";"0";"0";"0";"5";"1";"";"0";"0";"";"0000-00-00";"";"";"2";""
"";"";"11";"";"";"color,radio,color,radio";"frame,Shape,size,Type";"frame,shape,size,Type";"none:#62ff43,horizontal,15x10,canvas";"";"";"";"";"";"";"0";"0";"0";"0";"5";"1";"";"0";"0";"1";"0000-00-00";"";"";"2";""
"";"";"11";"";"";"color,radio,color,radio";"frame,Shape,size,Type";"frame,shape,size,Type";"natural-wood:#ffd083,horizontal,15x10,canvas";"";"";"";"";"";"";"0";"0";"0";"0";"5";"1";"";"0";"0";"";"0000-00-00";"";"";"2";""
"";"";"11";"";"";"color,radio,color,radio";"frame,Shape,size,Type";"frame,shape,size,Type";"dark-wood:#ce6600,horizontal,15x10,canvas";"";"";"";"";"";"";"0";"0";"0";"0";"5";"1";"";"0";"0";"";"0000-00-00";"";"";"2";""
"";"";"11";"";"";"color,radio,color,radio";"frame,Shape,size,Type";"frame,shape,size,Type";"charcol-black:#3b1200,horizontal,15x10,canvas";"";"";"";"";"";"";"0";"0";"0";"0";"5";"1";"";"0";"0";"";"0000-00-00";"";"";"2";""
"";"";"11";"";"";"color,radio,color,radio";"frame,Shape,size,Type";"frame,shape,size,Type";"charcol-white:#e3fffe,horizontal,15x10,canvas";"";"";"";"";"";"";"0";"0";"0";"0";"5";"1";"";"0";"0";"";"0000-00-00";"";"";"2";""
"";"";"11";"";"";"color,radio,color,radio";"frame,Shape,size,Type";"frame,shape,size,Type";"pine-wood:#a3afff,horizontal,15x10,canvas";"";"";"";"";"";"";"0";"0";"0";"0";"5";"1";"";"0";"0";"";"0000-00-00";"";"";"2";""
"";"";"11";"";"";"color,radio,color,radio";"frame,Shape,size,Type";"frame,shape,size,Type";"none:#62ff43,horizontal,18x12,canvas";"";"";"";"";"";"";"0";"0";"0";"0";"5";"1";"";"0";"0";"";"0000-00-00";"";"";"2";""
"";"";"11";"";"";"color,radio,color,radio";"frame,Shape,size,Type";"frame,shape,size,Type";"natural-wood:#ffd083,horizontal,18x12,canvas";"";"";"";"";"";"";"0";"0";"0";"0";"5";"1";"";"0";"0";"";"0000-00-00";"";"";"2";""
"";"";"11";"";"";"color,radio,color,radio";"frame,Shape,size,Type";"frame,shape,size,Type";"dark-wood:#ce6600,horizontal,18x12,canvas";"";"";"";"";"";"";"0";"0";"0";"0";"5";"1";"";"0";"0";"";"0000-00-00";"";"";"2";""
"";"";"11";"";"";"color,radio,color,radio";"frame,Shape,size,Type";"frame,shape,size,Type";"charcol-black:#3b1200,horizontal,18x12,canvas";"";"";"";"";"";"";"0";"0";"0";"0";"5";"1";"";"0";"0";"";"0000-00-00";"";"";"2";""
"";"";"11";"";"";"color,radio,color,radio";"frame,Shape,size,Type";"frame,shape,size,Type";"charcol-white:#e3fffe,horizontal,18x12,canvas";"";"";"";"";"";"";"0";"0";"0";"0";"5";"1";"";"0";"0";"";"0000-00-00";"";"";"2";""
"";"";"11";"";"";"color,radio,color,radio";"frame,Shape,size,Type";"frame,shape,size,Type";"pine-wood:#a3afff,horizontal,18x12,canvas";"";"";"";"";"";"";"0";"0";"0";"0";"5";"1";"";"0";"0";"";"0000-00-00";"";"";"2";""
"";"";"11";"";"";"color,radio,color,radio";"frame,Shape,size,Type";"frame,shape,size,Type";"none:#62ff43,horizontal,24x16,canvas";"";"";"";"";"";"";"0";"0";"0";"0";"5";"1";"";"0";"0";"";"0000-00-00";"";"";"2";""
"";"";"11";"";"";"color,radio,color,radio";"frame,Shape,size,Type";"frame,shape,size,Type";"natural-wood:#ffd083,horizontal,24x16,canvas";"";"";"";"";"";"";"0";"0";"0";"0";"5";"1";"";"0";"0";"";"0000-00-00";"";"";"2";""
"";"";"11";"";"";"color,radio,color,radio";"frame,Shape,size,Type";"frame,shape,size,Type";"dark-wood:#ce6600,horizontal,24x16,canvas";"";"";"";"";"";"";"0";"0";"0";"0";"5";"1";"";"0";"0";"";"0000-00-00";"";"";"2";""
"";"";"11";"";"";"color,radio,color,radio";"frame,Shape,size,Type";"frame,shape,size,Type";"charcol-black:#3b1200,horizontal,24x16,canvas";"";"";"";"";"";"";"0";"0";"0";"0";"5";"1";"";"0";"0";"";"0000-00-00";"";"";"2";""
"";"";"11";"";"";"color,radio,color,radio";"frame,Shape,size,Type";"frame,shape,size,Type";"charcol-white:#e3fffe,horizontal,24x16,canvas";"";"";"";"";"";"";"0";"0";"0";"0";"5";"1";"";"0";"0";"";"0000-00-00";"";"";"2";""
"";"";"11";"";"";"color,radio,color,radio";"frame,Shape,size,Type";"frame,shape,size,Type";"pine-wood:#a3afff,horizontal,24x16,canvas";"";"";"";"";"";"";"0";"0";"0";"0";"5";"1";"";"0";"0";"";"0000-00-00";"";"";"2";""
"";"";"11";"";"";"color,radio,color,radio";"frame,Shape,size,Type";"frame,shape,size,Type";"none:#62ff43,horizontal,30x20,canvas";"";"";"";"";"";"";"0";"0";"0";"0";"5";"1";"";"0";"0";"";"0000-00-00";"";"";"2";""
"";"";"11";"";"";"color,radio,color,radio";"frame,Shape,size,Type";"frame,shape,size,Type";"natural-wood:#ffd083,horizontal,30x20,canvas";"";"";"";"";"";"";"0";"0";"0";"0";"5";"1";"";"0";"0";"";"0000-00-00";"";"";"2";""
"";"";"11";"";"";"color,radio,color,radio";"frame,Shape,size,Type";"frame,shape,size,Type";"dark-wood:#ce6600,horizontal,30x20,canvas";"";"";"";"";"";"";"0";"0";"0";"0";"5";"1";"";"0";"0";"";"0000-00-00";"";"";"2";""
"";"";"11";"";"";"color,radio,color,radio";"frame,Shape,size,Type";"frame,shape,size,Type";"charcol-black:#3b1200,horizontal,30x20,canvas";"";"";"";"";"";"";"0";"0";"0";"0";"5";"1";"";"0";"0";"";"0000-00-00";"";"";"2";""
"";"";"11";"";"";"color,radio,color,radio";"frame,Shape,size,Type";"frame,shape,size,Type";"charcol-white:#e3fffe,horizontal,30x20,canvas";"";"";"";"";"";"";"0";"0";"0";"0";"5";"1";"";"0";"0";"";"0000-00-00";"";"";"2";""
"";"";"11";"";"";"color,radio,color,radio";"frame,Shape,size,Type";"frame,shape,size,Type";"pine-wood:#a3afff,horizontal,30x20,canvas";"";"";"";"";"";"";"0";"0";"0";"0";"5";"1";"";"0";"0";"";"0000-00-00";"";"";"2";""
"";"";"11";"";"";"color,radio,color,radio";"frame,Shape,size,Type";"frame,shape,size,Type";"none:#62ff43,horizontal,36x24,canvas";"";"";"";"";"";"";"0";"0";"0";"0";"5";"1";"";"0";"0";"";"0000-00-00";"";"";"2";""
"";"";"11";"";"";"color,radio,color,radio";"frame,Shape,size,Type";"frame,shape,size,Type";"natural-wood:#ffd083,horizontal,36x24,canvas";"";"";"";"";"";"";"0";"0";"0";"0";"5";"1";"";"0";"0";"";"0000-00-00";"";"";"2";""
"";"";"11";"";"";"color,radio,color,radio";"frame,Shape,size,Type";"frame,shape,size,Type";"dark-wood:#ce6600,horizontal,36x24,canvas";"";"";"";"";"";"";"0";"0";"0";"0";"5";"1";"";"0";"0";"";"0000-00-00";"";"";"2";""
"";"";"11";"";"";"color,radio,color,radio";"frame,Shape,size,Type";"frame,shape,size,Type";"charcol-black:#3b1200,horizontal,36x24,canvas";"";"";"";"";"";"";"0";"0";"0";"0";"5";"1";"";"0";"0";"";"0000-00-00";"";"";"2";""
"";"";"11";"";"";"color,radio,color,radio";"frame,Shape,size,Type";"frame,shape,size,Type";"charcol-white:#e3fffe,horizontal,36x24,canvas";"";"";"";"";"";"";"0";"0";"0";"0";"5";"1";"";"0";"0";"";"0000-00-00";"";"";"2";""
"";"";"11";"";"";"color,radio,color,radio";"frame,Shape,size,Type";"frame,shape,size,Type";"pine-wood:#a3afff,horizontal,36x24,canvas";"";"";"";"";"";"";"0";"0";"0";"0";"5";"1";"";"0";"0";"";"0000-00-00";"";"";"2";""
"";"";"11";"";"";"color,radio,color,radio";"frame,Shape,size,Type";"frame,shape,size,Type";"none:#62ff43,horizontal,30x45,canvas";"";"";"";"";"";"";"0";"0";"0";"0";"5";"1";"";"0";"0";"";"0000-00-00";"";"";"2";""
"";"";"11";"";"";"color,radio,color,radio";"frame,Shape,size,Type";"frame,shape,size,Type";"natural-wood:#ffd083,horizontal,30x45,canvas";"";"";"";"";"";"";"0";"0";"0";"0";"5";"1";"";"0";"0";"";"0000-00-00";"";"";"2";""
"";"";"11";"";"";"color,radio,color,radio";"frame,Shape,size,Type";"frame,shape,size,Type";"dark-wood:#ce6600,horizontal,30x45,canvas";"";"";"";"";"";"";"0";"0";"0";"0";"5";"1";"";"0";"0";"";"0000-00-00";"";"";"2";""
"";"";"11";"";"";"color,radio,color,radio";"frame,Shape,size,Type";"frame,shape,size,Type";"charcol-black:#3b1200,horizontal,30x45,canvas";"";"";"";"";"";"";"0";"0";"0";"0";"5";"1";"";"0";"0";"";"0000-00-00";"";"";"2";""
"";"";"11";"";"";"color,radio,color,radio";"frame,Shape,size,Type";"frame,shape,size,Type";"charcol-white:#e3fffe,horizontal,30x45,canvas";"";"";"";"";"";"";"0";"0";"0";"0";"5";"1";"";"0";"0";"";"0000-00-00";"";"";"2";""
"";"";"11";"";"";"color,radio,color,radio";"frame,Shape,size,Type";"frame,shape,size,Type";"pine-wood:#a3afff,horizontal,30x45,canvas";"";"";"";"";"";"";"0";"0";"0";"0";"5";"1";"";"0";"0";"";"0000-00-00";"";"";"2";""
"";"";"11";"";"";"color,radio,color,radio";"frame,Shape,size,Type";"frame,shape,size,Type";"none:#62ff43,horizontal,15x10,fine-art-paper";"";"";"";"";"";"";"0";"0";"0";"0";"5";"1";"";"0";"0";"";"0000-00-00";"";"";"2";""
"";"";"11";"";"";"color,radio,color,radio";"frame,Shape,size,Type";"frame,shape,size,Type";"natural-wood:#ffd083,horizontal,15x10,fine-art-paper";"";"";"";"";"";"";"0";"0";"0";"0";"5";"1";"";"0";"0";"";"0000-00-00";"";"";"2";""
"";"";"11";"";"";"color,radio,color,radio";"frame,Shape,size,Type";"frame,shape,size,Type";"dark-wood:#ce6600,horizontal,15x10,fine-art-paper";"";"";"";"";"";"";"0";"0";"0";"0";"5";"1";"";"0";"0";"";"0000-00-00";"";"";"2";""
"";"";"11";"";"";"color,radio,color,radio";"frame,Shape,size,Type";"frame,shape,size,Type";"charcol-black:#3b1200,horizontal,15x10,fine-art-paper";"";"";"";"";"";"";"0";"0";"0";"0";"5";"1";"";"0";"0";"";"0000-00-00";"";"";"2";""
"";"";"11";"";"";"color,radio,color,radio";"frame,Shape,size,Type";"frame,shape,size,Type";"charcol-white:#e3fffe,horizontal,15x10,fine-art-paper";"";"";"";"";"";"";"0";"0";"0";"0";"5";"1";"";"0";"0";"";"0000-00-00";"";"";"2";""
"";"";"11";"";"";"color,radio,color,radio";"frame,Shape,size,Type";"frame,shape,size,Type";"pine-wood:#a3afff,horizontal,15x10,fine-art-paper";"";"";"";"";"";"";"0";"0";"0";"0";"5";"1";"";"0";"0";"";"0000-00-00";"";"";"2";""
"";"";"11";"";"";"color,radio,color,radio";"frame,Shape,size,Type";"frame,shape,size,Type";"none:#62ff43,horizontal,18x12,fine-art-paper";"";"";"";"";"";"";"0";"0";"0";"0";"5";"1";"";"0";"0";"";"0000-00-00";"";"";"2";""
"";"";"11";"";"";"color,radio,color,radio";"frame,Shape,size,Type";"frame,shape,size,Type";"natural-wood:#ffd083,horizontal,18x12,fine-art-paper";"";"";"";"";"";"";"0";"0";"0";"0";"5";"1";"";"0";"0";"";"0000-00-00";"";"";"2";""
"";"";"11";"";"";"color,radio,color,radio";"frame,Shape,size,Type";"frame,shape,size,Type";"dark-wood:#ce6600,horizontal,18x12,fine-art-paper";"";"";"";"";"";"";"0";"0";"0";"0";"5";"1";"";"0";"0";"";"0000-00-00";"";"";"2";""
"";"";"11";"";"";"color,radio,color,radio";"frame,Shape,size,Type";"frame,shape,size,Type";"charcol-black:#3b1200,horizontal,18x12,fine-art-paper";"";"";"";"";"";"";"0";"0";"0";"0";"5";"1";"";"0";"0";"";"0000-00-00";"";"";"2";""
"";"";"11";"";"";"color,radio,color,radio";"frame,Shape,size,Type";"frame,shape,size,Type";"charcol-white:#e3fffe,horizontal,18x12,fine-art-paper";"";"";"";"";"";"";"0";"0";"0";"0";"5";"1";"";"0";"0";"";"0000-00-00";"";"";"2";""
"";"";"11";"";"";"color,radio,color,radio";"frame,Shape,size,Type";"frame,shape,size,Type";"pine-wood:#a3afff,horizontal,18x12,fine-art-paper";"";"";"";"";"";"";"0";"0";"0";"0";"5";"1";"";"0";"0";"";"0000-00-00";"";"";"2";""
"";"";"11";"";"";"color,radio,color,radio";"frame,Shape,size,Type";"frame,shape,size,Type";"none:#62ff43,horizontal,24x16,fine-art-paper";"";"";"";"";"";"";"0";"0";"0";"0";"5";"1";"";"0";"0";"";"0000-00-00";"";"";"2";""
"";"";"11";"";"";"color,radio,color,radio";"frame,Shape,size,Type";"frame,shape,size,Type";"natural-wood:#ffd083,horizontal,24x16,fine-art-paper";"";"";"";"";"";"";"0";"0";"0";"0";"5";"1";"";"0";"0";"";"0000-00-00";"";"";"2";""
"";"";"11";"";"";"color,radio,color,radio";"frame,Shape,size,Type";"frame,shape,size,Type";"dark-wood:#ce6600,horizontal,24x16,fine-art-paper";"";"";"";"";"";"";"0";"0";"0";"0";"5";"1";"";"0";"0";"";"0000-00-00";"";"";"2";""
"";"";"11";"";"";"color,radio,color,radio";"frame,Shape,size,Type";"frame,shape,size,Type";"charcol-black:#3b1200,horizontal,24x16,fine-art-paper";"";"";"";"";"";"";"0";"0";"0";"0";"5";"1";"";"0";"0";"";"0000-00-00";"";"";"2";""
"";"";"11";"";"";"color,radio,color,radio";"frame,Shape,size,Type";"frame,shape,size,Type";"charcol-white:#e3fffe,horizontal,24x16,fine-art-paper";"";"";"";"";"";"";"0";"0";"0";"0";"5";"1";"";"0";"0";"";"0000-00-00";"";"";"2";""
"";"";"11";"";"";"color,radio,color,radio";"frame,Shape,size,Type";"frame,shape,size,Type";"pine-wood:#a3afff,horizontal,24x16,fine-art-paper";"";"";"";"";"";"";"0";"0";"0";"0";"5";"1";"";"0";"0";"";"0000-00-00";"";"";"2";""
"";"";"11";"";"";"color,radio,color,radio";"frame,Shape,size,Type";"frame,shape,size,Type";"none:#62ff43,horizontal,30x20,fine-art-paper";"";"";"";"";"";"";"0";"0";"0";"0";"5";"1";"";"0";"0";"";"0000-00-00";"";"";"2";""
"";"";"11";"";"";"color,radio,color,radio";"frame,Shape,size,Type";"frame,shape,size,Type";"natural-wood:#ffd083,horizontal,30x20,fine-art-paper";"";"";"";"";"";"";"0";"0";"0";"0";"5";"1";"";"0";"0";"";"0000-00-00";"";"";"2";""
"";"";"11";"";"";"color,radio,color,radio";"frame,Shape,size,Type";"frame,shape,size,Type";"dark-wood:#ce6600,horizontal,30x20,fine-art-paper";"";"";"";"";"";"";"0";"0";"0";"0";"5";"1";"";"0";"0";"";"0000-00-00";"";"";"2";""
"";"";"11";"";"";"color,radio,color,radio";"frame,Shape,size,Type";"frame,shape,size,Type";"charcol-black:#3b1200,horizontal,30x20,fine-art-paper";"";"";"";"";"";"";"0";"0";"0";"0";"5";"1";"";"0";"0";"";"0000-00-00";"";"";"2";""
"";"";"11";"";"";"color,radio,color,radio";"frame,Shape,size,Type";"frame,shape,size,Type";"charcol-white:#e3fffe,horizontal,30x20,fine-art-paper";"";"";"";"";"";"";"0";"0";"0";"0";"5";"1";"";"0";"0";"";"0000-00-00";"";"";"2";""
"";"";"11";"";"";"color,radio,color,radio";"frame,Shape,size,Type";"frame,shape,size,Type";"pine-wood:#a3afff,horizontal,30x20,fine-art-paper";"";"";"";"";"";"";"0";"0";"0";"0";"5";"1";"";"0";"0";"";"0000-00-00";"";"";"2";""
"";"";"11";"";"";"color,radio,color,radio";"frame,Shape,size,Type";"frame,shape,size,Type";"none:#62ff43,horizontal,36x24,fine-art-paper";"";"";"";"";"";"";"0";"0";"0";"0";"5";"1";"";"0";"0";"";"0000-00-00";"";"";"2";""
"";"";"11";"";"";"color,radio,color,radio";"frame,Shape,size,Type";"frame,shape,size,Type";"natural-wood:#ffd083,horizontal,36x24,fine-art-paper";"";"";"";"";"";"";"0";"0";"0";"0";"5";"1";"";"0";"0";"";"0000-00-00";"";"";"2";""
"";"";"11";"";"";"color,radio,color,radio";"frame,Shape,size,Type";"frame,shape,size,Type";"dark-wood:#ce6600,horizontal,36x24,fine-art-paper";"";"";"";"";"";"";"0";"0";"0";"0";"5";"1";"";"0";"0";"";"0000-00-00";"";"";"2";""
"";"";"11";"";"";"color,radio,color,radio";"frame,Shape,size,Type";"frame,shape,size,Type";"charcol-black:#3b1200,horizontal,36x24,fine-art-paper";"";"";"";"";"";"";"0";"0";"0";"0";"5";"1";"";"0";"0";"";"0000-00-00";"";"";"2";""
"";"";"11";"";"";"color,radio,color,radio";"frame,Shape,size,Type";"frame,shape,size,Type";"charcol-white:#e3fffe,horizontal,36x24,fine-art-paper";"";"";"";"";"";"";"0";"0";"0";"0";"5";"1";"";"0";"0";"";"0000-00-00";"";"";"2";""
"";"";"11";"";"";"color,radio,color,radio";"frame,Shape,size,Type";"frame,shape,size,Type";"pine-wood:#a3afff,horizontal,36x24,fine-art-paper";"";"";"";"";"";"";"0";"0";"0";"0";"5";"1";"";"0";"0";"";"0000-00-00";"";"";"2";""
"";"";"11";"";"";"color,radio,color,radio";"frame,Shape,size,Type";"frame,shape,size,Type";"none:#62ff43,horizontal,30x45,fine-art-paper";"";"";"";"";"";"";"0";"0";"0";"0";"5";"1";"";"0";"0";"";"0000-00-00";"";"";"2";""
"";"";"11";"";"";"color,radio,color,radio";"frame,Shape,size,Type";"frame,shape,size,Type";"natural-wood:#ffd083,horizontal,30x45,fine-art-paper";"";"";"";"";"";"";"0";"0";"0";"0";"5";"1";"";"0";"0";"";"0000-00-00";"";"";"2";""
"";"";"11";"";"";"color,radio,color,radio";"frame,Shape,size,Type";"frame,shape,size,Type";"dark-wood:#ce6600,horizontal,30x45,fine-art-paper";"";"";"";"";"";"";"0";"0";"0";"0";"5";"1";"";"0";"0";"";"0000-00-00";"";"";"2";""
"";"";"11";"";"";"color,radio,color,radio";"frame,Shape,size,Type";"frame,shape,size,Type";"charcol-black:#3b1200,horizontal,30x45,fine-art-paper";"";"";"";"";"";"";"0";"0";"0";"0";"5";"1";"";"0";"0";"";"0000-00-00";"";"";"2";""
"";"";"11";"";"";"color,radio,color,radio";"frame,Shape,size,Type";"frame,shape,size,Type";"charcol-white:#e3fffe,horizontal,30x45,fine-art-paper";"";"";"";"";"";"";"0";"0";"0";"0";"5";"1";"";"0";"0";"";"0000-00-00";"";"";"2";""
"";"";"11";"";"";"color,radio,color,radio";"frame,Shape,size,Type";"frame,shape,size,Type";"pine-wood:#a3afff,horizontal,30x45,fine-art-paper";"";"";"";"";"";"";"0";"0";"0";"0";"5";"1";"";"0";"0";"";"0000-00-00";"";"";"2";""
"";"";"14";"";"";"color,radio,color,radio";"frame,Shape,size,Type";"frame,shape,size,Type";"none:#62ff43,horizontal,15x10,canvas";"";"";"";"";"";"";"0";"0";"0";"0";"5";"1";"";"0";"0";"1";"0000-00-00";"";"";"2";""
"";"";"14";"";"";"color,radio,color,radio";"frame,Shape,size,Type";"frame,shape,size,Type";"natural-wood:#ffd083,horizontal,15x10,canvas";"";"";"";"";"";"";"0";"0";"0";"0";"5";"1";"";"0";"0";"";"0000-00-00";"";"";"2";""
"";"";"14";"";"";"color,radio,color,radio";"frame,Shape,size,Type";"frame,shape,size,Type";"dark-wood:#ce6600,horizontal,15x10,canvas";"";"";"";"";"";"";"0";"0";"0";"0";"5";"1";"";"0";"0";"";"0000-00-00";"";"";"2";""
"";"";"14";"";"";"color,radio,color,radio";"frame,Shape,size,Type";"frame,shape,size,Type";"charcol-black:#3b1200,horizontal,15x10,canvas";"";"";"";"";"";"";"0";"0";"0";"0";"5";"1";"";"0";"0";"";"0000-00-00";"";"";"2";""
"";"";"14";"";"";"color,radio,color,radio";"frame,Shape,size,Type";"frame,shape,size,Type";"charcol-white:#e3fffe,horizontal,15x10,canvas";"";"";"";"";"";"";"0";"0";"0";"0";"5";"1";"";"0";"0";"";"0000-00-00";"";"";"2";""
"";"";"14";"";"";"color,radio,color,radio";"frame,Shape,size,Type";"frame,shape,size,Type";"pine-wood:#a3afff,horizontal,15x10,canvas";"";"";"";"";"";"";"0";"0";"0";"0";"5";"1";"";"0";"0";"";"0000-00-00";"";"";"2";""
"";"";"14";"";"";"color,radio,color,radio";"frame,Shape,size,Type";"frame,shape,size,Type";"none:#62ff43,horizontal,18x12,canvas";"";"";"";"";"";"";"0";"0";"0";"0";"5";"1";"";"0";"0";"";"0000-00-00";"";"";"2";""
"";"";"14";"";"";"color,radio,color,radio";"frame,Shape,size,Type";"frame,shape,size,Type";"natural-wood:#ffd083,horizontal,18x12,canvas";"";"";"";"";"";"";"0";"0";"0";"0";"5";"1";"";"0";"0";"";"0000-00-00";"";"";"2";""
"";"";"14";"";"";"color,radio,color,radio";"frame,Shape,size,Type";"frame,shape,size,Type";"dark-wood:#ce6600,horizontal,18x12,canvas";"";"";"";"";"";"";"0";"0";"0";"0";"5";"1";"";"0";"0";"";"0000-00-00";"";"";"2";""
"";"";"14";"";"";"color,radio,color,radio";"frame,Shape,size,Type";"frame,shape,size,Type";"charcol-black:#3b1200,horizontal,18x12,canvas";"";"";"";"";"";"";"0";"0";"0";"0";"5";"1";"";"0";"0";"";"0000-00-00";"";"";"2";""
"";"";"14";"";"";"color,radio,color,radio";"frame,Shape,size,Type";"frame,shape,size,Type";"charcol-white:#e3fffe,horizontal,18x12,canvas";"";"";"";"";"";"";"0";"0";"0";"0";"5";"1";"";"0";"0";"";"0000-00-00";"";"";"2";""
"";"";"14";"";"";"color,radio,color,radio";"frame,Shape,size,Type";"frame,shape,size,Type";"pine-wood:#a3afff,horizontal,18x12,canvas";"";"";"";"";"";"";"0";"0";"0";"0";"5";"1";"";"0";"0";"";"0000-00-00";"";"";"2";""
"";"";"14";"";"";"color,radio,color,radio";"frame,Shape,size,Type";"frame,shape,size,Type";"none:#62ff43,horizontal,24x16,canvas";"";"";"";"";"";"";"0";"0";"0";"0";"5";"1";"";"0";"0";"";"0000-00-00";"";"";"2";""
"";"";"14";"";"";"color,radio,color,radio";"frame,Shape,size,Type";"frame,shape,size,Type";"natural-wood:#ffd083,horizontal,24x16,canvas";"";"";"";"";"";"";"0";"0";"0";"0";"5";"1";"";"0";"0";"";"0000-00-00";"";"";"2";""
"";"";"14";"";"";"color,radio,color,radio";"frame,Shape,size,Type";"frame,shape,size,Type";"dark-wood:#ce6600,horizontal,24x16,canvas";"";"";"";"";"";"";"0";"0";"0";"0";"5";"1";"";"0";"0";"";"0000-00-00";"";"";"2";""
"";"";"14";"";"";"color,radio,color,radio";"frame,Shape,size,Type";"frame,shape,size,Type";"charcol-black:#3b1200,horizontal,24x16,canvas";"";"";"";"";"";"";"0";"0";"0";"0";"5";"1";"";"0";"0";"";"0000-00-00";"";"";"2";""
"";"";"14";"";"";"color,radio,color,radio";"frame,Shape,size,Type";"frame,shape,size,Type";"charcol-white:#e3fffe,horizontal,24x16,canvas";"";"";"";"";"";"";"0";"0";"0";"0";"5";"1";"";"0";"0";"";"0000-00-00";"";"";"2";""
"";"";"14";"";"";"color,radio,color,radio";"frame,Shape,size,Type";"frame,shape,size,Type";"pine-wood:#a3afff,horizontal,24x16,canvas";"";"";"";"";"";"";"0";"0";"0";"0";"5";"1";"";"0";"0";"";"0000-00-00";"";"";"2";""
"";"";"14";"";"";"color,radio,color,radio";"frame,Shape,size,Type";"frame,shape,size,Type";"none:#62ff43,horizontal,30x20,canvas";"";"";"";"";"";"";"0";"0";"0";"0";"5";"1";"";"0";"0";"";"0000-00-00";"";"";"2";""
"";"";"14";"";"";"color,radio,color,radio";"frame,Shape,size,Type";"frame,shape,size,Type";"natural-wood:#ffd083,horizontal,30x20,canvas";"";"";"";"";"";"";"0";"0";"0";"0";"5";"1";"";"0";"0";"";"0000-00-00";"";"";"2";""
"";"";"14";"";"";"color,radio,color,radio";"frame,Shape,size,Type";"frame,shape,size,Type";"dark-wood:#ce6600,horizontal,30x20,canvas";"";"";"";"";"";"";"0";"0";"0";"0";"5";"1";"";"0";"0";"";"0000-00-00";"";"";"2";""
"";"";"14";"";"";"color,radio,color,radio";"frame,Shape,size,Type";"frame,shape,size,Type";"charcol-black:#3b1200,horizontal,30x20,canvas";"";"";"";"";"";"";"0";"0";"0";"0";"5";"1";"";"0";"0";"";"0000-00-00";"";"";"2";""
"";"";"14";"";"";"color,radio,color,radio";"frame,Shape,size,Type";"frame,shape,size,Type";"charcol-white:#e3fffe,horizontal,30x20,canvas";"";"";"";"";"";"";"0";"0";"0";"0";"5";"1";"";"0";"0";"";"0000-00-00";"";"";"2";""
"";"";"14";"";"";"color,radio,color,radio";"frame,Shape,size,Type";"frame,shape,size,Type";"pine-wood:#a3afff,horizontal,30x20,canvas";"";"";"";"";"";"";"0";"0";"0";"0";"5";"1";"";"0";"0";"";"0000-00-00";"";"";"2";""
"";"";"14";"";"";"color,radio,color,radio";"frame,Shape,size,Type";"frame,shape,size,Type";"none:#62ff43,horizontal,36x24,canvas";"";"";"";"";"";"";"0";"0";"0";"0";"5";"1";"";"0";"0";"";"0000-00-00";"";"";"2";""
"";"";"14";"";"";"color,radio,color,radio";"frame,Shape,size,Type";"frame,shape,size,Type";"natural-wood:#ffd083,horizontal,36x24,canvas";"";"";"";"";"";"";"0";"0";"0";"0";"5";"1";"";"0";"0";"";"0000-00-00";"";"";"2";""
"";"";"14";"";"";"color,radio,color,radio";"frame,Shape,size,Type";"frame,shape,size,Type";"dark-wood:#ce6600,horizontal,36x24,canvas";"";"";"";"";"";"";"0";"0";"0";"0";"5";"1";"";"0";"0";"";"0000-00-00";"";"";"2";""
"";"";"14";"";"";"color,radio,color,radio";"frame,Shape,size,Type";"frame,shape,size,Type";"charcol-black:#3b1200,horizontal,36x24,canvas";"";"";"";"";"";"";"0";"0";"0";"0";"5";"1";"";"0";"0";"";"0000-00-00";"";"";"2";""
"";"";"14";"";"";"color,radio,color,radio";"frame,Shape,size,Type";"frame,shape,size,Type";"charcol-white:#e3fffe,horizontal,36x24,canvas";"";"";"";"";"";"";"0";"0";"0";"0";"5";"1";"";"0";"0";"";"0000-00-00";"";"";"2";""
"";"";"14";"";"";"color,radio,color,radio";"frame,Shape,size,Type";"frame,shape,size,Type";"pine-wood:#a3afff,horizontal,36x24,canvas";"";"";"";"";"";"";"0";"0";"0";"0";"5";"1";"";"0";"0";"";"0000-00-00";"";"";"2";""
"";"";"14";"";"";"color,radio,color,radio";"frame,Shape,size,Type";"frame,shape,size,Type";"none:#62ff43,horizontal,30x45,canvas";"";"";"";"";"";"";"0";"0";"0";"0";"5";"1";"";"0";"0";"";"0000-00-00";"";"";"2";""
"";"";"14";"";"";"color,radio,color,radio";"frame,Shape,size,Type";"frame,shape,size,Type";"natural-wood:#ffd083,horizontal,30x45,canvas";"";"";"";"";"";"";"0";"0";"0";"0";"5";"1";"";"0";"0";"";"0000-00-00";"";"";"2";""
"";"";"14";"";"";"color,radio,color,radio";"frame,Shape,size,Type";"frame,shape,size,Type";"dark-wood:#ce6600,horizontal,30x45,canvas";"";"";"";"";"";"";"0";"0";"0";"0";"5";"1";"";"0";"0";"";"0000-00-00";"";"";"2";""
"";"";"14";"";"";"color,radio,color,radio";"frame,Shape,size,Type";"frame,shape,size,Type";"charcol-black:#3b1200,horizontal,30x45,canvas";"";"";"";"";"";"";"0";"0";"0";"0";"5";"1";"";"0";"0";"";"0000-00-00";"";"";"2";""
"";"";"14";"";"";"color,radio,color,radio";"frame,Shape,size,Type";"frame,shape,size,Type";"charcol-white:#e3fffe,horizontal,30x45,canvas";"";"";"";"";"";"";"0";"0";"0";"0";"5";"1";"";"0";"0";"";"0000-00-00";"";"";"2";""
"";"";"14";"";"";"color,radio,color,radio";"frame,Shape,size,Type";"frame,shape,size,Type";"pine-wood:#a3afff,horizontal,30x45,canvas";"";"";"";"";"";"";"0";"0";"0";"0";"5";"1";"";"0";"0";"";"0000-00-00";"";"";"2";""
"";"";"14";"";"";"color,radio,color,radio";"frame,Shape,size,Type";"frame,shape,size,Type";"none:#62ff43,horizontal,15x10,fine-art-paper";"";"";"";"";"";"";"0";"0";"0";"0";"5";"1";"";"0";"0";"";"0000-00-00";"";"";"2";""
"";"";"14";"";"";"color,radio,color,radio";"frame,Shape,size,Type";"frame,shape,size,Type";"natural-wood:#ffd083,horizontal,15x10,fine-art-paper";"";"";"";"";"";"";"0";"0";"0";"0";"5";"1";"";"0";"0";"";"0000-00-00";"";"";"2";""
"";"";"14";"";"";"color,radio,color,radio";"frame,Shape,size,Type";"frame,shape,size,Type";"dark-wood:#ce6600,horizontal,15x10,fine-art-paper";"";"";"";"";"";"";"0";"0";"0";"0";"5";"1";"";"0";"0";"";"0000-00-00";"";"";"2";""
"";"";"14";"";"";"color,radio,color,radio";"frame,Shape,size,Type";"frame,shape,size,Type";"charcol-black:#3b1200,horizontal,15x10,fine-art-paper";"";"";"";"";"";"";"0";"0";"0";"0";"5";"1";"";"0";"0";"";"0000-00-00";"";"";"2";""
"";"";"14";"";"";"color,radio,color,radio";"frame,Shape,size,Type";"frame,shape,size,Type";"charcol-white:#e3fffe,horizontal,15x10,fine-art-paper";"";"";"";"";"";"";"0";"0";"0";"0";"5";"1";"";"0";"0";"";"0000-00-00";"";"";"2";""
"";"";"14";"";"";"color,radio,color,radio";"frame,Shape,size,Type";"frame,shape,size,Type";"pine-wood:#a3afff,horizontal,15x10,fine-art-paper";"";"";"";"";"";"";"0";"0";"0";"0";"5";"1";"";"0";"0";"";"0000-00-00";"";"";"2";""
"";"";"14";"";"";"color,radio,color,radio";"frame,Shape,size,Type";"frame,shape,size,Type";"none:#62ff43,horizontal,18x12,fine-art-paper";"";"";"";"";"";"";"0";"0";"0";"0";"5";"1";"";"0";"0";"";"0000-00-00";"";"";"2";""
"";"";"14";"";"";"color,radio,color,radio";"frame,Shape,size,Type";"frame,shape,size,Type";"natural-wood:#ffd083,horizontal,18x12,fine-art-paper";"";"";"";"";"";"";"0";"0";"0";"0";"5";"1";"";"0";"0";"";"0000-00-00";"";"";"2";""
"";"";"14";"";"";"color,radio,color,radio";"frame,Shape,size,Type";"frame,shape,size,Type";"dark-wood:#ce6600,horizontal,18x12,fine-art-paper";"";"";"";"";"";"";"0";"0";"0";"0";"5";"1";"";"0";"0";"";"0000-00-00";"";"";"2";""
"";"";"14";"";"";"color,radio,color,radio";"frame,Shape,size,Type";"frame,shape,size,Type";"charcol-black:#3b1200,horizontal,18x12,fine-art-paper";"";"";"";"";"";"";"0";"0";"0";"0";"5";"1";"";"0";"0";"";"0000-00-00";"";"";"2";""
"";"";"14";"";"";"color,radio,color,radio";"frame,Shape,size,Type";"frame,shape,size,Type";"charcol-white:#e3fffe,horizontal,18x12,fine-art-paper";"";"";"";"";"";"";"0";"0";"0";"0";"5";"1";"";"0";"0";"";"0000-00-00";"";"";"2";""
"";"";"14";"";"";"color,radio,color,radio";"frame,Shape,size,Type";"frame,shape,size,Type";"pine-wood:#a3afff,horizontal,18x12,fine-art-paper";"";"";"";"";"";"";"0";"0";"0";"0";"5";"1";"";"0";"0";"";"0000-00-00";"";"";"2";""
"";"";"14";"";"";"color,radio,color,radio";"frame,Shape,size,Type";"frame,shape,size,Type";"none:#62ff43,horizontal,24x16,fine-art-paper";"";"";"";"";"";"";"0";"0";"0";"0";"5";"1";"";"0";"0";"";"0000-00-00";"";"";"2";""
"";"";"14";"";"";"color,radio,color,radio";"frame,Shape,size,Type";"frame,shape,size,Type";"natural-wood:#ffd083,horizontal,24x16,fine-art-paper";"";"";"";"";"";"";"0";"0";"0";"0";"5";"1";"";"0";"0";"";"0000-00-00";"";"";"2";""
"";"";"14";"";"";"color,radio,color,radio";"frame,Shape,size,Type";"frame,shape,size,Type";"dark-wood:#ce6600,horizontal,24x16,fine-art-paper";"";"";"";"";"";"";"0";"0";"0";"0";"5";"1";"";"0";"0";"";"0000-00-00";"";"";"2";""
"";"";"14";"";"";"color,radio,color,radio";"frame,Shape,size,Type";"frame,shape,size,Type";"charcol-black:#3b1200,horizontal,24x16,fine-art-paper";"";"";"";"";"";"";"0";"0";"0";"0";"5";"1";"";"0";"0";"";"0000-00-00";"";"";"2";""
"";"";"14";"";"";"color,radio,color,radio";"frame,Shape,size,Type";"frame,shape,size,Type";"charcol-white:#e3fffe,horizontal,24x16,fine-art-paper";"";"";"";"";"";"";"0";"0";"0";"0";"5";"1";"";"0";"0";"";"0000-00-00";"";"";"2";""
"";"";"14";"";"";"color,radio,color,radio";"frame,Shape,size,Type";"frame,shape,size,Type";"pine-wood:#a3afff,horizontal,24x16,fine-art-paper";"";"";"";"";"";"";"0";"0";"0";"0";"5";"1";"";"0";"0";"";"0000-00-00";"";"";"2";""
"";"";"14";"";"";"color,radio,color,radio";"frame,Shape,size,Type";"frame,shape,size,Type";"none:#62ff43,horizontal,30x20,fine-art-paper";"";"";"";"";"";"";"0";"0";"0";"0";"5";"1";"";"0";"0";"";"0000-00-00";"";"";"2";""
"";"";"14";"";"";"color,radio,color,radio";"frame,Shape,size,Type";"frame,shape,size,Type";"natural-wood:#ffd083,horizontal,30x20,fine-art-paper";"";"";"";"";"";"";"0";"0";"0";"0";"5";"1";"";"0";"0";"";"0000-00-00";"";"";"2";""
"";"";"14";"";"";"color,radio,color,radio";"frame,Shape,size,Type";"frame,shape,size,Type";"dark-wood:#ce6600,horizontal,30x20,fine-art-paper";"";"";"";"";"";"";"0";"0";"0";"0";"5";"1";"";"0";"0";"";"0000-00-00";"";"";"2";""
"";"";"14";"";"";"color,radio,color,radio";"frame,Shape,size,Type";"frame,shape,size,Type";"charcol-black:#3b1200,horizontal,30x20,fine-art-paper";"";"";"";"";"";"";"0";"0";"0";"0";"5";"1";"";"0";"0";"";"0000-00-00";"";"";"2";""
"";"";"14";"";"";"color,radio,color,radio";"frame,Shape,size,Type";"frame,shape,size,Type";"charcol-white:#e3fffe,horizontal,30x20,fine-art-paper";"";"";"";"";"";"";"0";"0";"0";"0";"5";"1";"";"0";"0";"";"0000-00-00";"";"";"2";""
"";"";"14";"";"";"color,radio,color,radio";"frame,Shape,size,Type";"frame,shape,size,Type";"pine-wood:#a3afff,horizontal,30x20,fine-art-paper";"";"";"";"";"";"";"0";"0";"0";"0";"5";"1";"";"0";"0";"";"0000-00-00";"";"";"2";""
"";"";"14";"";"";"color,radio,color,radio";"frame,Shape,size,Type";"frame,shape,size,Type";"none:#62ff43,horizontal,36x24,fine-art-paper";"";"";"";"";"";"";"0";"0";"0";"0";"5";"1";"";"0";"0";"";"0000-00-00";"";"";"2";""
"";"";"14";"";"";"color,radio,color,radio";"frame,Shape,size,Type";"frame,shape,size,Type";"natural-wood:#ffd083,horizontal,36x24,fine-art-paper";"";"";"";"";"";"";"0";"0";"0";"0";"5";"1";"";"0";"0";"";"0000-00-00";"";"";"2";""
"";"";"14";"";"";"color,radio,color,radio";"frame,Shape,size,Type";"frame,shape,size,Type";"dark-wood:#ce6600,horizontal,36x24,fine-art-paper";"";"";"";"";"";"";"0";"0";"0";"0";"5";"1";"";"0";"0";"";"0000-00-00";"";"";"2";""
"";"";"14";"";"";"color,radio,color,radio";"frame,Shape,size,Type";"frame,shape,size,Type";"charcol-black:#3b1200,horizontal,36x24,fine-art-paper";"";"";"";"";"";"";"0";"0";"0";"0";"5";"1";"";"0";"0";"";"0000-00-00";"";"";"2";""
"";"";"14";"";"";"color,radio,color,radio";"frame,Shape,size,Type";"frame,shape,size,Type";"charcol-white:#e3fffe,horizontal,36x24,fine-art-paper";"";"";"";"";"";"";"0";"0";"0";"0";"5";"1";"";"0";"0";"";"0000-00-00";"";"";"2";""
"";"";"14";"";"";"color,radio,color,radio";"frame,Shape,size,Type";"frame,shape,size,Type";"pine-wood:#a3afff,horizontal,36x24,fine-art-paper";"";"";"";"";"";"";"0";"0";"0";"0";"5";"1";"";"0";"0";"";"0000-00-00";"";"";"2";""
"";"";"14";"";"";"color,radio,color,radio";"frame,Shape,size,Type";"frame,shape,size,Type";"none:#62ff43,horizontal,30x45,fine-art-paper";"";"";"";"";"";"";"0";"0";"0";"0";"5";"1";"";"0";"0";"";"0000-00-00";"";"";"2";""
"";"";"14";"";"";"color,radio,color,radio";"frame,Shape,size,Type";"frame,shape,size,Type";"natural-wood:#ffd083,horizontal,30x45,fine-art-paper";"";"";"";"";"";"";"0";"0";"0";"0";"5";"1";"";"0";"0";"";"0000-00-00";"";"";"2";""
"";"";"14";"";"";"color,radio,color,radio";"frame,Shape,size,Type";"frame,shape,size,Type";"dark-wood:#ce6600,horizontal,30x45,fine-art-paper";"";"";"";"";"";"";"0";"0";"0";"0";"5";"1";"";"0";"0";"";"0000-00-00";"";"";"2";""
"";"";"14";"";"";"color,radio,color,radio";"frame,Shape,size,Type";"frame,shape,size,Type";"charcol-black:#3b1200,horizontal,30x45,fine-art-paper";"";"";"";"";"";"";"0";"0";"0";"0";"5";"1";"";"0";"0";"";"0000-00-00";"";"";"2";""
"";"";"14";"";"";"color,radio,color,radio";"frame,Shape,size,Type";"frame,shape,size,Type";"charcol-white:#e3fffe,horizontal,30x45,fine-art-paper";"";"";"";"";"";"";"0";"0";"0";"0";"5";"1";"";"0";"0";"";"0000-00-00";"";"";"2";""
"";"";"14";"";"";"color,radio,color,radio";"frame,Shape,size,Type";"frame,shape,size,Type";"pine-wood:#a3afff,horizontal,30x45,fine-art-paper";"";"";"";"";"";"";"0";"0";"0";"0";"5";"1";"";"0";"0";"";"0000-00-00";"";"";"2";""
"";"";"17";"";"";"color,radio,color,radio";"frame,Shape,size,Type";"frame,shape,size,Type";"none:#62ff43,horizontal,15x10,canvas";"";"";"";"";"";"";"0";"0";"0";"0";"5";"1";"";"0";"0";"1";"0000-00-00";"";"";"2";""
"";"";"17";"";"";"color,radio,color,radio";"frame,Shape,size,Type";"frame,shape,size,Type";"natural-wood:#ffd083,horizontal,15x10,canvas";"";"";"";"";"";"";"0";"0";"0";"0";"5";"1";"";"0";"0";"";"0000-00-00";"";"";"2";""
"";"";"17";"";"";"color,radio,color,radio";"frame,Shape,size,Type";"frame,shape,size,Type";"dark-wood:#ce6600,horizontal,15x10,canvas";"";"";"";"";"";"";"0";"0";"0";"0";"5";"1";"";"0";"0";"";"0000-00-00";"";"";"2";""
"";"";"17";"";"";"color,radio,color,radio";"frame,Shape,size,Type";"frame,shape,size,Type";"charcol-black:#3b1200,horizontal,15x10,canvas";"";"";"";"";"";"";"0";"0";"0";"0";"5";"1";"";"0";"0";"";"0000-00-00";"";"";"2";""
"";"";"17";"";"";"color,radio,color,radio";"frame,Shape,size,Type";"frame,shape,size,Type";"charcol-white:#e3fffe,horizontal,15x10,canvas";"";"";"";"";"";"";"0";"0";"0";"0";"5";"1";"";"0";"0";"";"0000-00-00";"";"";"2";""
"";"";"17";"";"";"color,radio,color,radio";"frame,Shape,size,Type";"frame,shape,size,Type";"pine-wood:#a3afff,horizontal,15x10,canvas";"";"";"";"";"";"";"0";"0";"0";"0";"5";"1";"";"0";"0";"";"0000-00-00";"";"";"2";""
"";"";"17";"";"";"color,radio,color,radio";"frame,Shape,size,Type";"frame,shape,size,Type";"none:#62ff43,horizontal,18x12,canvas";"";"";"";"";"";"";"0";"0";"0";"0";"5";"1";"";"0";"0";"";"0000-00-00";"";"";"2";""
"";"";"17";"";"";"color,radio,color,radio";"frame,Shape,size,Type";"frame,shape,size,Type";"natural-wood:#ffd083,horizontal,18x12,canvas";"";"";"";"";"";"";"0";"0";"0";"0";"5";"1";"";"0";"0";"";"0000-00-00";"";"";"2";""
"";"";"17";"";"";"color,radio,color,radio";"frame,Shape,size,Type";"frame,shape,size,Type";"dark-wood:#ce6600,horizontal,18x12,canvas";"";"";"";"";"";"";"0";"0";"0";"0";"5";"1";"";"0";"0";"";"0000-00-00";"";"";"2";""
"";"";"17";"";"";"color,radio,color,radio";"frame,Shape,size,Type";"frame,shape,size,Type";"charcol-black:#3b1200,horizontal,18x12,canvas";"";"";"";"";"";"";"0";"0";"0";"0";"5";"1";"";"0";"0";"";"0000-00-00";"";"";"2";""
"";"";"17";"";"";"color,radio,color,radio";"frame,Shape,size,Type";"frame,shape,size,Type";"charcol-white:#e3fffe,horizontal,18x12,canvas";"";"";"";"";"";"";"0";"0";"0";"0";"5";"1";"";"0";"0";"";"0000-00-00";"";"";"2";""
"";"";"17";"";"";"color,radio,color,radio";"frame,Shape,size,Type";"frame,shape,size,Type";"pine-wood:#a3afff,horizontal,18x12,canvas";"";"";"";"";"";"";"0";"0";"0";"0";"5";"1";"";"0";"0";"";"0000-00-00";"";"";"2";""
"";"";"17";"";"";"color,radio,color,radio";"frame,Shape,size,Type";"frame,shape,size,Type";"none:#62ff43,horizontal,24x16,canvas";"";"";"";"";"";"";"0";"0";"0";"0";"5";"1";"";"0";"0";"";"0000-00-00";"";"";"2";""
"";"";"17";"";"";"color,radio,color,radio";"frame,Shape,size,Type";"frame,shape,size,Type";"natural-wood:#ffd083,horizontal,24x16,canvas";"";"";"";"";"";"";"0";"0";"0";"0";"5";"1";"";"0";"0";"";"0000-00-00";"";"";"2";""
"";"";"17";"";"";"color,radio,color,radio";"frame,Shape,size,Type";"frame,shape,size,Type";"dark-wood:#ce6600,horizontal,24x16,canvas";"";"";"";"";"";"";"0";"0";"0";"0";"5";"1";"";"0";"0";"";"0000-00-00";"";"";"2";""
"";"";"17";"";"";"color,radio,color,radio";"frame,Shape,size,Type";"frame,shape,size,Type";"charcol-black:#3b1200,horizontal,24x16,canvas";"";"";"";"";"";"";"0";"0";"0";"0";"5";"1";"";"0";"0";"";"0000-00-00";"";"";"2";""
"";"";"17";"";"";"color,radio,color,radio";"frame,Shape,size,Type";"frame,shape,size,Type";"charcol-white:#e3fffe,horizontal,24x16,canvas";"";"";"";"";"";"";"0";"0";"0";"0";"5";"1";"";"0";"0";"";"0000-00-00";"";"";"2";""
"";"";"17";"";"";"color,radio,color,radio";"frame,Shape,size,Type";"frame,shape,size,Type";"pine-wood:#a3afff,horizontal,24x16,canvas";"";"";"";"";"";"";"0";"0";"0";"0";"5";"1";"";"0";"0";"";"0000-00-00";"";"";"2";""
"";"";"17";"";"";"color,radio,color,radio";"frame,Shape,size,Type";"frame,shape,size,Type";"none:#62ff43,horizontal,30x20,canvas";"";"";"";"";"";"";"0";"0";"0";"0";"5";"1";"";"0";"0";"";"0000-00-00";"";"";"2";""
"";"";"17";"";"";"color,radio,color,radio";"frame,Shape,size,Type";"frame,shape,size,Type";"natural-wood:#ffd083,horizontal,30x20,canvas";"";"";"";"";"";"";"0";"0";"0";"0";"5";"1";"";"0";"0";"";"0000-00-00";"";"";"2";""
"";"";"17";"";"";"color,radio,color,radio";"frame,Shape,size,Type";"frame,shape,size,Type";"dark-wood:#ce6600,horizontal,30x20,canvas";"";"";"";"";"";"";"0";"0";"0";"0";"5";"1";"";"0";"0";"";"0000-00-00";"";"";"2";""
"";"";"17";"";"";"color,radio,color,radio";"frame,Shape,size,Type";"frame,shape,size,Type";"charcol-black:#3b1200,horizontal,30x20,canvas";"";"";"";"";"";"";"0";"0";"0";"0";"5";"1";"";"0";"0";"";"0000-00-00";"";"";"2";""
"";"";"17";"";"";"color,radio,color,radio";"frame,Shape,size,Type";"frame,shape,size,Type";"charcol-white:#e3fffe,horizontal,30x20,canvas";"";"";"";"";"";"";"0";"0";"0";"0";"5";"1";"";"0";"0";"";"0000-00-00";"";"";"2";""
"";"";"17";"";"";"color,radio,color,radio";"frame,Shape,size,Type";"frame,shape,size,Type";"pine-wood:#a3afff,horizontal,30x20,canvas";"";"";"";"";"";"";"0";"0";"0";"0";"5";"1";"";"0";"0";"";"0000-00-00";"";"";"2";""
"";"";"17";"";"";"color,radio,color,radio";"frame,Shape,size,Type";"frame,shape,size,Type";"none:#62ff43,horizontal,36x24,canvas";"";"";"";"";"";"";"0";"0";"0";"0";"5";"1";"";"0";"0";"";"0000-00-00";"";"";"2";""
"";"";"17";"";"";"color,radio,color,radio";"frame,Shape,size,Type";"frame,shape,size,Type";"natural-wood:#ffd083,horizontal,36x24,canvas";"";"";"";"";"";"";"0";"0";"0";"0";"5";"1";"";"0";"0";"";"0000-00-00";"";"";"2";""
"";"";"17";"";"";"color,radio,color,radio";"frame,Shape,size,Type";"frame,shape,size,Type";"dark-wood:#ce6600,horizontal,36x24,canvas";"";"";"";"";"";"";"0";"0";"0";"0";"5";"1";"";"0";"0";"";"0000-00-00";"";"";"2";""
"";"";"17";"";"";"color,radio,color,radio";"frame,Shape,size,Type";"frame,shape,size,Type";"charcol-black:#3b1200,horizontal,36x24,canvas";"";"";"";"";"";"";"0";"0";"0";"0";"5";"1";"";"0";"0";"";"0000-00-00";"";"";"2";""
"";"";"17";"";"";"color,radio,color,radio";"frame,Shape,size,Type";"frame,shape,size,Type";"charcol-white:#e3fffe,horizontal,36x24,canvas";"";"";"";"";"";"";"0";"0";"0";"0";"5";"1";"";"0";"0";"";"0000-00-00";"";"";"2";""
"";"";"17";"";"";"color,radio,color,radio";"frame,Shape,size,Type";"frame,shape,size,Type";"pine-wood:#a3afff,horizontal,36x24,canvas";"";"";"";"";"";"";"0";"0";"0";"0";"5";"1";"";"0";"0";"";"0000-00-00";"";"";"2";""
"";"";"17";"";"";"color,radio,color,radio";"frame,Shape,size,Type";"frame,shape,size,Type";"none:#62ff43,horizontal,30x45,canvas";"";"";"";"";"";"";"0";"0";"0";"0";"5";"1";"";"0";"0";"";"0000-00-00";"";"";"2";""
"";"";"17";"";"";"color,radio,color,radio";"frame,Shape,size,Type";"frame,shape,size,Type";"natural-wood:#ffd083,horizontal,30x45,canvas";"";"";"";"";"";"";"0";"0";"0";"0";"5";"1";"";"0";"0";"";"0000-00-00";"";"";"2";""
"";"";"17";"";"";"color,radio,color,radio";"frame,Shape,size,Type";"frame,shape,size,Type";"dark-wood:#ce6600,horizontal,30x45,canvas";"";"";"";"";"";"";"0";"0";"0";"0";"5";"1";"";"0";"0";"";"0000-00-00";"";"";"2";""
"";"";"17";"";"";"color,radio,color,radio";"frame,Shape,size,Type";"frame,shape,size,Type";"charcol-black:#3b1200,horizontal,30x45,canvas";"";"";"";"";"";"";"0";"0";"0";"0";"5";"1";"";"0";"0";"";"0000-00-00";"";"";"2";""
"";"";"17";"";"";"color,radio,color,radio";"frame,Shape,size,Type";"frame,shape,size,Type";"charcol-white:#e3fffe,horizontal,30x45,canvas";"";"";"";"";"";"";"0";"0";"0";"0";"5";"1";"";"0";"0";"";"0000-00-00";"";"";"2";""
"";"";"17";"";"";"color,radio,color,radio";"frame,Shape,size,Type";"frame,shape,size,Type";"pine-wood:#a3afff,horizontal,30x45,canvas";"";"";"";"";"";"";"0";"0";"0";"0";"5";"1";"";"0";"0";"";"0000-00-00";"";"";"2";""
"";"";"17";"";"";"color,radio,color,radio";"frame,Shape,size,Type";"frame,shape,size,Type";"none:#62ff43,horizontal,15x10,fine-art-paper";"";"";"";"";"";"";"0";"0";"0";"0";"5";"1";"";"0";"0";"";"0000-00-00";"";"";"2";""
"";"";"17";"";"";"color,radio,color,radio";"frame,Shape,size,Type";"frame,shape,size,Type";"natural-wood:#ffd083,horizontal,15x10,fine-art-paper";"";"";"";"";"";"";"0";"0";"0";"0";"5";"1";"";"0";"0";"";"0000-00-00";"";"";"2";""
"";"";"17";"";"";"color,radio,color,radio";"frame,Shape,size,Type";"frame,shape,size,Type";"dark-wood:#ce6600,horizontal,15x10,fine-art-paper";"";"";"";"";"";"";"0";"0";"0";"0";"5";"1";"";"0";"0";"";"0000-00-00";"";"";"2";""
"";"";"17";"";"";"color,radio,color,radio";"frame,Shape,size,Type";"frame,shape,size,Type";"charcol-black:#3b1200,horizontal,15x10,fine-art-paper";"";"";"";"";"";"";"0";"0";"0";"0";"5";"1";"";"0";"0";"";"0000-00-00";"";"";"2";""
"";"";"17";"";"";"color,radio,color,radio";"frame,Shape,size,Type";"frame,shape,size,Type";"charcol-white:#e3fffe,horizontal,15x10,fine-art-paper";"";"";"";"";"";"";"0";"0";"0";"0";"5";"1";"";"0";"0";"";"0000-00-00";"";"";"2";""
"";"";"17";"";"";"color,radio,color,radio";"frame,Shape,size,Type";"frame,shape,size,Type";"pine-wood:#a3afff,horizontal,15x10,fine-art-paper";"";"";"";"";"";"";"0";"0";"0";"0";"5";"1";"";"0";"0";"";"0000-00-00";"";"";"2";""
"";"";"17";"";"";"color,radio,color,radio";"frame,Shape,size,Type";"frame,shape,size,Type";"none:#62ff43,horizontal,18x12,fine-art-paper";"";"";"";"";"";"";"0";"0";"0";"0";"5";"1";"";"0";"0";"";"0000-00-00";"";"";"2";""
"";"";"17";"";"";"color,radio,color,radio";"frame,Shape,size,Type";"frame,shape,size,Type";"natural-wood:#ffd083,horizontal,18x12,fine-art-paper";"";"";"";"";"";"";"0";"0";"0";"0";"5";"1";"";"0";"0";"";"0000-00-00";"";"";"2";""
"";"";"17";"";"";"color,radio,color,radio";"frame,Shape,size,Type";"frame,shape,size,Type";"dark-wood:#ce6600,horizontal,18x12,fine-art-paper";"";"";"";"";"";"";"0";"0";"0";"0";"5";"1";"";"0";"0";"";"0000-00-00";"";"";"2";""
"";"";"17";"";"";"color,radio,color,radio";"frame,Shape,size,Type";"frame,shape,size,Type";"charcol-black:#3b1200,horizontal,18x12,fine-art-paper";"";"";"";"";"";"";"0";"0";"0";"0";"5";"1";"";"0";"0";"";"0000-00-00";"";"";"2";""
"";"";"17";"";"";"color,radio,color,radio";"frame,Shape,size,Type";"frame,shape,size,Type";"charcol-white:#e3fffe,horizontal,18x12,fine-art-paper";"";"";"";"";"";"";"0";"0";"0";"0";"5";"1";"";"0";"0";"";"0000-00-00";"";"";"2";""
"";"";"17";"";"";"color,radio,color,radio";"frame,Shape,size,Type";"frame,shape,size,Type";"pine-wood:#a3afff,horizontal,18x12,fine-art-paper";"";"";"";"";"";"";"0";"0";"0";"0";"5";"1";"";"0";"0";"";"0000-00-00";"";"";"2";""
"";"";"17";"";"";"color,radio,color,radio";"frame,Shape,size,Type";"frame,shape,size,Type";"none:#62ff43,horizontal,24x16,fine-art-paper";"";"";"";"";"";"";"0";"0";"0";"0";"5";"1";"";"0";"0";"";"0000-00-00";"";"";"2";""
"";"";"17";"";"";"color,radio,color,radio";"frame,Shape,size,Type";"frame,shape,size,Type";"natural-wood:#ffd083,horizontal,24x16,fine-art-paper";"";"";"";"";"";"";"0";"0";"0";"0";"5";"1";"";"0";"0";"";"0000-00-00";"";"";"2";""
"";"";"17";"";"";"color,radio,color,radio";"frame,Shape,size,Type";"frame,shape,size,Type";"dark-wood:#ce6600,horizontal,24x16,fine-art-paper";"";"";"";"";"";"";"0";"0";"0";"0";"5";"1";"";"0";"0";"";"0000-00-00";"";"";"2";""
"";"";"17";"";"";"color,radio,color,radio";"frame,Shape,size,Type";"frame,shape,size,Type";"charcol-black:#3b1200,horizontal,24x16,fine-art-paper";"";"";"";"";"";"";"0";"0";"0";"0";"5";"1";"";"0";"0";"";"0000-00-00";"";"";"2";""
"";"";"17";"";"";"color,radio,color,radio";"frame,Shape,size,Type";"frame,shape,size,Type";"charcol-white:#e3fffe,horizontal,24x16,fine-art-paper";"";"";"";"";"";"";"0";"0";"0";"0";"5";"1";"";"0";"0";"";"0000-00-00";"";"";"2";""
"";"";"17";"";"";"color,radio,color,radio";"frame,Shape,size,Type";"frame,shape,size,Type";"pine-wood:#a3afff,horizontal,24x16,fine-art-paper";"";"";"";"";"";"";"0";"0";"0";"0";"5";"1";"";"0";"0";"";"0000-00-00";"";"";"2";""
"";"";"17";"";"";"color,radio,color,radio";"frame,Shape,size,Type";"frame,shape,size,Type";"none:#62ff43,horizontal,30x20,fine-art-paper";"";"";"";"";"";"";"0";"0";"0";"0";"5";"1";"";"0";"0";"";"0000-00-00";"";"";"2";""
"";"";"17";"";"";"color,radio,color,radio";"frame,Shape,size,Type";"frame,shape,size,Type";"natural-wood:#ffd083,horizontal,30x20,fine-art-paper";"";"";"";"";"";"";"0";"0";"0";"0";"5";"1";"";"0";"0";"";"0000-00-00";"";"";"2";""
"";"";"17";"";"";"color,radio,color,radio";"frame,Shape,size,Type";"frame,shape,size,Type";"dark-wood:#ce6600,horizontal,30x20,fine-art-paper";"";"";"";"";"";"";"0";"0";"0";"0";"5";"1";"";"0";"0";"";"0000-00-00";"";"";"2";""
"";"";"17";"";"";"color,radio,color,radio";"frame,Shape,size,Type";"frame,shape,size,Type";"charcol-black:#3b1200,horizontal,30x20,fine-art-paper";"";"";"";"";"";"";"0";"0";"0";"0";"5";"1";"";"0";"0";"";"0000-00-00";"";"";"2";""
"";"";"17";"";"";"color,radio,color,radio";"frame,Shape,size,Type";"frame,shape,size,Type";"charcol-white:#e3fffe,horizontal,30x20,fine-art-paper";"";"";"";"";"";"";"0";"0";"0";"0";"5";"1";"";"0";"0";"";"0000-00-00";"";"";"2";""
"";"";"17";"";"";"color,radio,color,radio";"frame,Shape,size,Type";"frame,shape,size,Type";"pine-wood:#a3afff,horizontal,30x20,fine-art-paper";"";"";"";"";"";"";"0";"0";"0";"0";"5";"1";"";"0";"0";"";"0000-00-00";"";"";"2";""
"";"";"17";"";"";"color,radio,color,radio";"frame,Shape,size,Type";"frame,shape,size,Type";"none:#62ff43,horizontal,36x24,fine-art-paper";"";"";"";"";"";"";"0";"0";"0";"0";"5";"1";"";"0";"0";"";"0000-00-00";"";"";"2";""
"";"";"17";"";"";"color,radio,color,radio";"frame,Shape,size,Type";"frame,shape,size,Type";"natural-wood:#ffd083,horizontal,36x24,fine-art-paper";"";"";"";"";"";"";"0";"0";"0";"0";"5";"1";"";"0";"0";"";"0000-00-00";"";"";"2";""
"";"";"17";"";"";"color,radio,color,radio";"frame,Shape,size,Type";"frame,shape,size,Type";"dark-wood:#ce6600,horizontal,36x24,fine-art-paper";"";"";"";"";"";"";"0";"0";"0";"0";"5";"1";"";"0";"0";"";"0000-00-00";"";"";"2";""
"";"";"17";"";"";"color,radio,color,radio";"frame,Shape,size,Type";"frame,shape,size,Type";"charcol-black:#3b1200,horizontal,36x24,fine-art-paper";"";"";"";"";"";"";"0";"0";"0";"0";"5";"1";"";"0";"0";"";"0000-00-00";"";"";"2";""
"";"";"17";"";"";"color,radio,color,radio";"frame,Shape,size,Type";"frame,shape,size,Type";"charcol-white:#e3fffe,horizontal,36x24,fine-art-paper";"";"";"";"";"";"";"0";"0";"0";"0";"5";"1";"";"0";"0";"";"0000-00-00";"";"";"2";""
"";"";"17";"";"";"color,radio,color,radio";"frame,Shape,size,Type";"frame,shape,size,Type";"pine-wood:#a3afff,horizontal,36x24,fine-art-paper";"";"";"";"";"";"";"0";"0";"0";"0";"5";"1";"";"0";"0";"";"0000-00-00";"";"";"2";""
"";"";"17";"";"";"color,radio,color,radio";"frame,Shape,size,Type";"frame,shape,size,Type";"none:#62ff43,horizontal,30x45,fine-art-paper";"";"";"";"";"";"";"0";"0";"0";"0";"5";"1";"";"0";"0";"";"0000-00-00";"";"";"2";""
"";"";"17";"";"";"color,radio,color,radio";"frame,Shape,size,Type";"frame,shape,size,Type";"natural-wood:#ffd083,horizontal,30x45,fine-art-paper";"";"";"";"";"";"";"0";"0";"0";"0";"5";"1";"";"0";"0";"";"0000-00-00";"";"";"2";""
"";"";"17";"";"";"color,radio,color,radio";"frame,Shape,size,Type";"frame,shape,size,Type";"dark-wood:#ce6600,horizontal,30x45,fine-art-paper";"";"";"";"";"";"";"0";"0";"0";"0";"5";"1";"";"0";"0";"";"0000-00-00";"";"";"2";""
"";"";"17";"";"";"color,radio,color,radio";"frame,Shape,size,Type";"frame,shape,size,Type";"charcol-black:#3b1200,horizontal,30x45,fine-art-paper";"";"";"";"";"";"";"0";"0";"0";"0";"5";"1";"";"0";"0";"";"0000-00-00";"";"";"2";""
"";"";"17";"";"";"color,radio,color,radio";"frame,Shape,size,Type";"frame,shape,size,Type";"charcol-white:#e3fffe,horizontal,30x45,fine-art-paper";"";"";"";"";"";"";"0";"0";"0";"0";"5";"1";"";"0";"0";"";"0000-00-00";"";"";"2";""
"";"";"17";"";"";"color,radio,color,radio";"frame,Shape,size,Type";"frame,shape,size,Type";"pine-wood:#a3afff,horizontal,30x45,fine-art-paper";"";"";"";"";"";"";"0";"0";"0";"0";"5";"1";"";"0";"0";"";"0000-00-00";"";"";"2";""
"";"";"20";"";"";"color,radio,color,radio";"frame,Shape,size,Type";"frame,shape,size,Type";"none:#62ff43,horizontal,15x10,canvas";"";"";"";"";"";"";"0";"0";"0";"0";"5";"1";"";"0";"0";"1";"0000-00-00";"";"";"2";""
"";"";"20";"";"";"color,radio,color,radio";"frame,Shape,size,Type";"frame,shape,size,Type";"natural-wood:#ffd083,horizontal,15x10,canvas";"";"";"";"";"";"";"0";"0";"0";"0";"5";"1";"";"0";"0";"";"0000-00-00";"";"";"2";""
"";"";"20";"";"";"color,radio,color,radio";"frame,Shape,size,Type";"frame,shape,size,Type";"dark-wood:#ce6600,horizontal,15x10,canvas";"";"";"";"";"";"";"0";"0";"0";"0";"5";"1";"";"0";"0";"";"0000-00-00";"";"";"2";""
"";"";"20";"";"";"color,radio,color,radio";"frame,Shape,size,Type";"frame,shape,size,Type";"charcol-black:#3b1200,horizontal,15x10,canvas";"";"";"";"";"";"";"0";"0";"0";"0";"5";"1";"";"0";"0";"";"0000-00-00";"";"";"2";""
"";"";"20";"";"";"color,radio,color,radio";"frame,Shape,size,Type";"frame,shape,size,Type";"charcol-white:#e3fffe,horizontal,15x10,canvas";"";"";"";"";"";"";"0";"0";"0";"0";"5";"1";"";"0";"0";"";"0000-00-00";"";"";"2";""
"";"";"20";"";"";"color,radio,color,radio";"frame,Shape,size,Type";"frame,shape,size,Type";"pine-wood:#a3afff,horizontal,15x10,canvas";"";"";"";"";"";"";"0";"0";"0";"0";"5";"1";"";"0";"0";"";"0000-00-00";"";"";"2";""
"";"";"20";"";"";"color,radio,color,radio";"frame,Shape,size,Type";"frame,shape,size,Type";"none:#62ff43,horizontal,18x12,canvas";"";"";"";"";"";"";"0";"0";"0";"0";"5";"1";"";"0";"0";"";"0000-00-00";"";"";"2";""
"";"";"20";"";"";"color,radio,color,radio";"frame,Shape,size,Type";"frame,shape,size,Type";"natural-wood:#ffd083,horizontal,18x12,canvas";"";"";"";"";"";"";"0";"0";"0";"0";"5";"1";"";"0";"0";"";"0000-00-00";"";"";"2";""
"";"";"20";"";"";"color,radio,color,radio";"frame,Shape,size,Type";"frame,shape,size,Type";"dark-wood:#ce6600,horizontal,18x12,canvas";"";"";"";"";"";"";"0";"0";"0";"0";"5";"1";"";"0";"0";"";"0000-00-00";"";"";"2";""
"";"";"20";"";"";"color,radio,color,radio";"frame,Shape,size,Type";"frame,shape,size,Type";"charcol-black:#3b1200,horizontal,18x12,canvas";"";"";"";"";"";"";"0";"0";"0";"0";"5";"1";"";"0";"0";"";"0000-00-00";"";"";"2";""
"";"";"20";"";"";"color,radio,color,radio";"frame,Shape,size,Type";"frame,shape,size,Type";"charcol-white:#e3fffe,horizontal,18x12,canvas";"";"";"";"";"";"";"0";"0";"0";"0";"5";"1";"";"0";"0";"";"0000-00-00";"";"";"2";""
"";"";"20";"";"";"color,radio,color,radio";"frame,Shape,size,Type";"frame,shape,size,Type";"pine-wood:#a3afff,horizontal,18x12,canvas";"";"";"";"";"";"";"0";"0";"0";"0";"5";"1";"";"0";"0";"";"0000-00-00";"";"";"2";""
"";"";"20";"";"";"color,radio,color,radio";"frame,Shape,size,Type";"frame,shape,size,Type";"none:#62ff43,horizontal,24x16,canvas";"";"";"";"";"";"";"0";"0";"0";"0";"5";"1";"";"0";"0";"";"0000-00-00";"";"";"2";""
"";"";"20";"";"";"color,radio,color,radio";"frame,Shape,size,Type";"frame,shape,size,Type";"natural-wood:#ffd083,horizontal,24x16,canvas";"";"";"";"";"";"";"0";"0";"0";"0";"5";"1";"";"0";"0";"";"0000-00-00";"";"";"2";""
"";"";"20";"";"";"color,radio,color,radio";"frame,Shape,size,Type";"frame,shape,size,Type";"dark-wood:#ce6600,horizontal,24x16,canvas";"";"";"";"";"";"";"0";"0";"0";"0";"5";"1";"";"0";"0";"";"0000-00-00";"";"";"2";""
"";"";"20";"";"";"color,radio,color,radio";"frame,Shape,size,Type";"frame,shape,size,Type";"charcol-black:#3b1200,horizontal,24x16,canvas";"";"";"";"";"";"";"0";"0";"0";"0";"5";"1";"";"0";"0";"";"0000-00-00";"";"";"2";""
"";"";"20";"";"";"color,radio,color,radio";"frame,Shape,size,Type";"frame,shape,size,Type";"charcol-white:#e3fffe,horizontal,24x16,canvas";"";"";"";"";"";"";"0";"0";"0";"0";"5";"1";"";"0";"0";"";"0000-00-00";"";"";"2";""
"";"";"20";"";"";"color,radio,color,radio";"frame,Shape,size,Type";"frame,shape,size,Type";"pine-wood:#a3afff,horizontal,24x16,canvas";"";"";"";"";"";"";"0";"0";"0";"0";"5";"1";"";"0";"0";"";"0000-00-00";"";"";"2";""
"";"";"20";"";"";"color,radio,color,radio";"frame,Shape,size,Type";"frame,shape,size,Type";"none:#62ff43,horizontal,30x20,canvas";"";"";"";"";"";"";"0";"0";"0";"0";"5";"1";"";"0";"0";"";"0000-00-00";"";"";"2";""
"";"";"20";"";"";"color,radio,color,radio";"frame,Shape,size,Type";"frame,shape,size,Type";"natural-wood:#ffd083,horizontal,30x20,canvas";"";"";"";"";"";"";"0";"0";"0";"0";"5";"1";"";"0";"0";"";"0000-00-00";"";"";"2";""
"";"";"20";"";"";"color,radio,color,radio";"frame,Shape,size,Type";"frame,shape,size,Type";"dark-wood:#ce6600,horizontal,30x20,canvas";"";"";"";"";"";"";"0";"0";"0";"0";"5";"1";"";"0";"0";"";"0000-00-00";"";"";"2";""
"";"";"20";"";"";"color,radio,color,radio";"frame,Shape,size,Type";"frame,shape,size,Type";"charcol-black:#3b1200,horizontal,30x20,canvas";"";"";"";"";"";"";"0";"0";"0";"0";"5";"1";"";"0";"0";"";"0000-00-00";"";"";"2";""
"";"";"20";"";"";"color,radio,color,radio";"frame,Shape,size,Type";"frame,shape,size,Type";"charcol-white:#e3fffe,horizontal,30x20,canvas";"";"";"";"";"";"";"0";"0";"0";"0";"5";"1";"";"0";"0";"";"0000-00-00";"";"";"2";""
"";"";"20";"";"";"color,radio,color,radio";"frame,Shape,size,Type";"frame,shape,size,Type";"pine-wood:#a3afff,horizontal,30x20,canvas";"";"";"";"";"";"";"0";"0";"0";"0";"5";"1";"";"0";"0";"";"0000-00-00";"";"";"2";""
"";"";"20";"";"";"color,radio,color,radio";"frame,Shape,size,Type";"frame,shape,size,Type";"none:#62ff43,horizontal,36x24,canvas";"";"";"";"";"";"";"0";"0";"0";"0";"5";"1";"";"0";"0";"";"0000-00-00";"";"";"2";""
"";"";"20";"";"";"color,radio,color,radio";"frame,Shape,size,Type";"frame,shape,size,Type";"natural-wood:#ffd083,horizontal,36x24,canvas";"";"";"";"";"";"";"0";"0";"0";"0";"5";"1";"";"0";"0";"";"0000-00-00";"";"";"2";""
"";"";"20";"";"";"color,radio,color,radio";"frame,Shape,size,Type";"frame,shape,size,Type";"dark-wood:#ce6600,horizontal,36x24,canvas";"";"";"";"";"";"";"0";"0";"0";"0";"5";"1";"";"0";"0";"";"0000-00-00";"";"";"2";""
"";"";"20";"";"";"color,radio,color,radio";"frame,Shape,size,Type";"frame,shape,size,Type";"charcol-black:#3b1200,horizontal,36x24,canvas";"";"";"";"";"";"";"0";"0";"0";"0";"5";"1";"";"0";"0";"";"0000-00-00";"";"";"2";""
"";"";"20";"";"";"color,radio,color,radio";"frame,Shape,size,Type";"frame,shape,size,Type";"charcol-white:#e3fffe,horizontal,36x24,canvas";"";"";"";"";"";"";"0";"0";"0";"0";"5";"1";"";"0";"0";"";"0000-00-00";"";"";"2";""
"";"";"20";"";"";"color,radio,color,radio";"frame,Shape,size,Type";"frame,shape,size,Type";"pine-wood:#a3afff,horizontal,36x24,canvas";"";"";"";"";"";"";"0";"0";"0";"0";"5";"1";"";"0";"0";"";"0000-00-00";"";"";"2";""
"";"";"20";"";"";"color,radio,color,radio";"frame,Shape,size,Type";"frame,shape,size,Type";"none:#62ff43,horizontal,30x45,canvas";"";"";"";"";"";"";"0";"0";"0";"0";"5";"1";"";"0";"0";"";"0000-00-00";"";"";"2";""
"";"";"20";"";"";"color,radio,color,radio";"frame,Shape,size,Type";"frame,shape,size,Type";"natural-wood:#ffd083,horizontal,30x45,canvas";"";"";"";"";"";"";"0";"0";"0";"0";"5";"1";"";"0";"0";"";"0000-00-00";"";"";"2";""
"";"";"20";"";"";"color,radio,color,radio";"frame,Shape,size,Type";"frame,shape,size,Type";"dark-wood:#ce6600,horizontal,30x45,canvas";"";"";"";"";"";"";"0";"0";"0";"0";"5";"1";"";"0";"0";"";"0000-00-00";"";"";"2";""
"";"";"20";"";"";"color,radio,color,radio";"frame,Shape,size,Type";"frame,shape,size,Type";"charcol-black:#3b1200,horizontal,30x45,canvas";"";"";"";"";"";"";"0";"0";"0";"0";"5";"1";"";"0";"0";"";"0000-00-00";"";"";"2";""
"";"";"20";"";"";"color,radio,color,radio";"frame,Shape,size,Type";"frame,shape,size,Type";"charcol-white:#e3fffe,horizontal,30x45,canvas";"";"";"";"";"";"";"0";"0";"0";"0";"5";"1";"";"0";"0";"";"0000-00-00";"";"";"2";""
"";"";"20";"";"";"color,radio,color,radio";"frame,Shape,size,Type";"frame,shape,size,Type";"pine-wood:#a3afff,horizontal,30x45,canvas";"";"";"";"";"";"";"0";"0";"0";"0";"5";"1";"";"0";"0";"";"0000-00-00";"";"";"2";""
"";"";"20";"";"";"color,radio,color,radio";"frame,Shape,size,Type";"frame,shape,size,Type";"none:#62ff43,horizontal,15x10,fine-art-paper";"";"";"";"";"";"";"0";"0";"0";"0";"5";"1";"";"0";"0";"";"0000-00-00";"";"";"2";""
"";"";"20";"";"";"color,radio,color,radio";"frame,Shape,size,Type";"frame,shape,size,Type";"natural-wood:#ffd083,horizontal,15x10,fine-art-paper";"";"";"";"";"";"";"0";"0";"0";"0";"5";"1";"";"0";"0";"";"0000-00-00";"";"";"2";""
"";"";"20";"";"";"color,radio,color,radio";"frame,Shape,size,Type";"frame,shape,size,Type";"dark-wood:#ce6600,horizontal,15x10,fine-art-paper";"";"";"";"";"";"";"0";"0";"0";"0";"5";"1";"";"0";"0";"";"0000-00-00";"";"";"2";""
"";"";"20";"";"";"color,radio,color,radio";"frame,Shape,size,Type";"frame,shape,size,Type";"charcol-black:#3b1200,horizontal,15x10,fine-art-paper";"";"";"";"";"";"";"0";"0";"0";"0";"5";"1";"";"0";"0";"";"0000-00-00";"";"";"2";""
"";"";"20";"";"";"color,radio,color,radio";"frame,Shape,size,Type";"frame,shape,size,Type";"charcol-white:#e3fffe,horizontal,15x10,fine-art-paper";"";"";"";"";"";"";"0";"0";"0";"0";"5";"1";"";"0";"0";"";"0000-00-00";"";"";"2";""
"";"";"20";"";"";"color,radio,color,radio";"frame,Shape,size,Type";"frame,shape,size,Type";"pine-wood:#a3afff,horizontal,15x10,fine-art-paper";"";"";"";"";"";"";"0";"0";"0";"0";"5";"1";"";"0";"0";"";"0000-00-00";"";"";"2";""
"";"";"20";"";"";"color,radio,color,radio";"frame,Shape,size,Type";"frame,shape,size,Type";"none:#62ff43,horizontal,18x12,fine-art-paper";"";"";"";"";"";"";"0";"0";"0";"0";"5";"1";"";"0";"0";"";"0000-00-00";"";"";"2";""
"";"";"20";"";"";"color,radio,color,radio";"frame,Shape,size,Type";"frame,shape,size,Type";"natural-wood:#ffd083,horizontal,18x12,fine-art-paper";"";"";"";"";"";"";"0";"0";"0";"0";"5";"1";"";"0";"0";"";"0000-00-00";"";"";"2";""
"";"";"20";"";"";"color,radio,color,radio";"frame,Shape,size,Type";"frame,shape,size,Type";"dark-wood:#ce6600,horizontal,18x12,fine-art-paper";"";"";"";"";"";"";"0";"0";"0";"0";"5";"1";"";"0";"0";"";"0000-00-00";"";"";"2";""
"";"";"20";"";"";"color,radio,color,radio";"frame,Shape,size,Type";"frame,shape,size,Type";"charcol-black:#3b1200,horizontal,18x12,fine-art-paper";"";"";"";"";"";"";"0";"0";"0";"0";"5";"1";"";"0";"0";"";"0000-00-00";"";"";"2";""
"";"";"20";"";"";"color,radio,color,radio";"frame,Shape,size,Type";"frame,shape,size,Type";"charcol-white:#e3fffe,horizontal,18x12,fine-art-paper";"";"";"";"";"";"";"0";"0";"0";"0";"5";"1";"";"0";"0";"";"0000-00-00";"";"";"2";""
"";"";"20";"";"";"color,radio,color,radio";"frame,Shape,size,Type";"frame,shape,size,Type";"pine-wood:#a3afff,horizontal,18x12,fine-art-paper";"";"";"";"";"";"";"0";"0";"0";"0";"5";"1";"";"0";"0";"";"0000-00-00";"";"";"2";""
"";"";"20";"";"";"color,radio,color,radio";"frame,Shape,size,Type";"frame,shape,size,Type";"none:#62ff43,horizontal,24x16,fine-art-paper";"";"";"";"";"";"";"0";"0";"0";"0";"5";"1";"";"0";"0";"";"0000-00-00";"";"";"2";""
"";"";"20";"";"";"color,radio,color,radio";"frame,Shape,size,Type";"frame,shape,size,Type";"natural-wood:#ffd083,horizontal,24x16,fine-art-paper";"";"";"";"";"";"";"0";"0";"0";"0";"5";"1";"";"0";"0";"";"0000-00-00";"";"";"2";""
"";"";"20";"";"";"color,radio,color,radio";"frame,Shape,size,Type";"frame,shape,size,Type";"dark-wood:#ce6600,horizontal,24x16,fine-art-paper";"";"";"";"";"";"";"0";"0";"0";"0";"5";"1";"";"0";"0";"";"0000-00-00";"";"";"2";""
"";"";"20";"";"";"color,radio,color,radio";"frame,Shape,size,Type";"frame,shape,size,Type";"charcol-black:#3b1200,horizontal,24x16,fine-art-paper";"";"";"";"";"";"";"0";"0";"0";"0";"5";"1";"";"0";"0";"";"0000-00-00";"";"";"2";""
"";"";"20";"";"";"color,radio,color,radio";"frame,Shape,size,Type";"frame,shape,size,Type";"charcol-white:#e3fffe,horizontal,24x16,fine-art-paper";"";"";"";"";"";"";"0";"0";"0";"0";"5";"1";"";"0";"0";"";"0000-00-00";"";"";"2";""
"";"";"20";"";"";"color,radio,color,radio";"frame,Shape,size,Type";"frame,shape,size,Type";"pine-wood:#a3afff,horizontal,24x16,fine-art-paper";"";"";"";"";"";"";"0";"0";"0";"0";"5";"1";"";"0";"0";"";"0000-00-00";"";"";"2";""
"";"";"20";"";"";"color,radio,color,radio";"frame,Shape,size,Type";"frame,shape,size,Type";"none:#62ff43,horizontal,30x20,fine-art-paper";"";"";"";"";"";"";"0";"0";"0";"0";"5";"1";"";"0";"0";"";"0000-00-00";"";"";"2";""
"";"";"20";"";"";"color,radio,color,radio";"frame,Shape,size,Type";"frame,shape,size,Type";"natural-wood:#ffd083,horizontal,30x20,fine-art-paper";"";"";"";"";"";"";"0";"0";"0";"0";"5";"1";"";"0";"0";"";"0000-00-00";"";"";"2";""
"";"";"20";"";"";"color,radio,color,radio";"frame,Shape,size,Type";"frame,shape,size,Type";"dark-wood:#ce6600,horizontal,30x20,fine-art-paper";"";"";"";"";"";"";"0";"0";"0";"0";"5";"1";"";"0";"0";"";"0000-00-00";"";"";"2";""
"";"";"20";"";"";"color,radio,color,radio";"frame,Shape,size,Type";"frame,shape,size,Type";"charcol-black:#3b1200,horizontal,30x20,fine-art-paper";"";"";"";"";"";"";"0";"0";"0";"0";"5";"1";"";"0";"0";"";"0000-00-00";"";"";"2";""
"";"";"20";"";"";"color,radio,color,radio";"frame,Shape,size,Type";"frame,shape,size,Type";"charcol-white:#e3fffe,horizontal,30x20,fine-art-paper";"";"";"";"";"";"";"0";"0";"0";"0";"5";"1";"";"0";"0";"";"0000-00-00";"";"";"2";""
"";"";"20";"";"";"color,radio,color,radio";"frame,Shape,size,Type";"frame,shape,size,Type";"pine-wood:#a3afff,horizontal,30x20,fine-art-paper";"";"";"";"";"";"";"0";"0";"0";"0";"5";"1";"";"0";"0";"";"0000-00-00";"";"";"2";""
"";"";"20";"";"";"color,radio,color,radio";"frame,Shape,size,Type";"frame,shape,size,Type";"none:#62ff43,horizontal,36x24,fine-art-paper";"";"";"";"";"";"";"0";"0";"0";"0";"5";"1";"";"0";"0";"";"0000-00-00";"";"";"2";""
"";"";"20";"";"";"color,radio,color,radio";"frame,Shape,size,Type";"frame,shape,size,Type";"natural-wood:#ffd083,horizontal,36x24,fine-art-paper";"";"";"";"";"";"";"0";"0";"0";"0";"5";"1";"";"0";"0";"";"0000-00-00";"";"";"2";""
"";"";"20";"";"";"color,radio,color,radio";"frame,Shape,size,Type";"frame,shape,size,Type";"dark-wood:#ce6600,horizontal,36x24,fine-art-paper";"";"";"";"";"";"";"0";"0";"0";"0";"5";"1";"";"0";"0";"";"0000-00-00";"";"";"2";""
"";"";"20";"";"";"color,radio,color,radio";"frame,Shape,size,Type";"frame,shape,size,Type";"charcol-black:#3b1200,horizontal,36x24,fine-art-paper";"";"";"";"";"";"";"0";"0";"0";"0";"5";"1";"";"0";"0";"";"0000-00-00";"";"";"2";""
"";"";"20";"";"";"color,radio,color,radio";"frame,Shape,size,Type";"frame,shape,size,Type";"charcol-white:#e3fffe,horizontal,36x24,fine-art-paper";"";"";"";"";"";"";"0";"0";"0";"0";"5";"1";"";"0";"0";"";"0000-00-00";"";"";"2";""
"";"";"20";"";"";"color,radio,color,radio";"frame,Shape,size,Type";"frame,shape,size,Type";"pine-wood:#a3afff,horizontal,36x24,fine-art-paper";"";"";"";"";"";"";"0";"0";"0";"0";"5";"1";"";"0";"0";"";"0000-00-00";"";"";"2";""
"";"";"20";"";"";"color,radio,color,radio";"frame,Shape,size,Type";"frame,shape,size,Type";"none:#62ff43,horizontal,30x45,fine-art-paper";"";"";"";"";"";"";"0";"0";"0";"0";"5";"1";"";"0";"0";"";"0000-00-00";"";"";"2";""
"";"";"20";"";"";"color,radio,color,radio";"frame,Shape,size,Type";"frame,shape,size,Type";"natural-wood:#ffd083,horizontal,30x45,fine-art-paper";"";"";"";"";"";"";"0";"0";"0";"0";"5";"1";"";"0";"0";"";"0000-00-00";"";"";"2";""
"";"";"20";"";"";"color,radio,color,radio";"frame,Shape,size,Type";"frame,shape,size,Type";"dark-wood:#ce6600,horizontal,30x45,fine-art-paper";"";"";"";"";"";"";"0";"0";"0";"0";"5";"1";"";"0";"0";"";"0000-00-00";"";"";"2";""
"";"";"20";"";"";"color,radio,color,radio";"frame,Shape,size,Type";"frame,shape,size,Type";"charcol-black:#3b1200,horizontal,30x45,fine-art-paper";"";"";"";"";"";"";"0";"0";"0";"0";"5";"1";"";"0";"0";"";"0000-00-00";"";"";"2";""
"";"";"20";"";"";"color,radio,color,radio";"frame,Shape,size,Type";"frame,shape,size,Type";"charcol-white:#e3fffe,horizontal,30x45,fine-art-paper";"";"";"";"";"";"";"0";"0";"0";"0";"5";"1";"";"0";"0";"";"0000-00-00";"";"";"2";""
"";"";"20";"";"";"color,radio,color,radio";"frame,Shape,size,Type";"frame,shape,size,Type";"pine-wood:#a3afff,horizontal,30x45,fine-art-paper";"";"";"";"";"";"";"0";"0";"0";"0";"5";"1";"";"0";"0";"";"0000-00-00";"";"";"2";""
"";"";"23";"";"";"color,radio,color,radio";"frame,Shape,size,Type";"frame,shape,size,Type";"none:#62ff43,horizontal,15x10,canvas";"";"";"";"";"";"";"0";"0";"0";"0";"5";"1";"";"0";"0";"1";"0000-00-00";"";"";"2";""
"";"";"23";"";"";"color,radio,color,radio";"frame,Shape,size,Type";"frame,shape,size,Type";"natural-wood:#ffd083,horizontal,15x10,canvas";"";"";"";"";"";"";"0";"0";"0";"0";"5";"1";"";"0";"0";"";"0000-00-00";"";"";"2";""
"";"";"23";"";"";"color,radio,color,radio";"frame,Shape,size,Type";"frame,shape,size,Type";"dark-wood:#ce6600,horizontal,15x10,canvas";"";"";"";"";"";"";"0";"0";"0";"0";"5";"1";"";"0";"0";"";"0000-00-00";"";"";"2";""
"";"";"23";"";"";"color,radio,color,radio";"frame,Shape,size,Type";"frame,shape,size,Type";"charcol-black:#3b1200,horizontal,15x10,canvas";"";"";"";"";"";"";"0";"0";"0";"0";"5";"1";"";"0";"0";"";"0000-00-00";"";"";"2";""
"";"";"23";"";"";"color,radio,color,radio";"frame,Shape,size,Type";"frame,shape,size,Type";"charcol-white:#e3fffe,horizontal,15x10,canvas";"";"";"";"";"";"";"0";"0";"0";"0";"5";"1";"";"0";"0";"";"0000-00-00";"";"";"2";""
"";"";"23";"";"";"color,radio,color,radio";"frame,Shape,size,Type";"frame,shape,size,Type";"pine-wood:#a3afff,horizontal,15x10,canvas";"";"";"";"";"";"";"0";"0";"0";"0";"5";"1";"";"0";"0";"";"0000-00-00";"";"";"2";""
"";"";"23";"";"";"color,radio,color,radio";"frame,Shape,size,Type";"frame,shape,size,Type";"none:#62ff43,horizontal,18x12,canvas";"";"";"";"";"";"";"0";"0";"0";"0";"5";"1";"";"0";"0";"";"0000-00-00";"";"";"2";""
"";"";"23";"";"";"color,radio,color,radio";"frame,Shape,size,Type";"frame,shape,size,Type";"natural-wood:#ffd083,horizontal,18x12,canvas";"";"";"";"";"";"";"0";"0";"0";"0";"5";"1";"";"0";"0";"";"0000-00-00";"";"";"2";""
"";"";"23";"";"";"color,radio,color,radio";"frame,Shape,size,Type";"frame,shape,size,Type";"dark-wood:#ce6600,horizontal,18x12,canvas";"";"";"";"";"";"";"0";"0";"0";"0";"5";"1";"";"0";"0";"";"0000-00-00";"";"";"2";""
"";"";"23";"";"";"color,radio,color,radio";"frame,Shape,size,Type";"frame,shape,size,Type";"charcol-black:#3b1200,horizontal,18x12,canvas";"";"";"";"";"";"";"0";"0";"0";"0";"5";"1";"";"0";"0";"";"0000-00-00";"";"";"2";""
"";"";"23";"";"";"color,radio,color,radio";"frame,Shape,size,Type";"frame,shape,size,Type";"charcol-white:#e3fffe,horizontal,18x12,canvas";"";"";"";"";"";"";"0";"0";"0";"0";"5";"1";"";"0";"0";"";"0000-00-00";"";"";"2";""
"";"";"23";"";"";"color,radio,color,radio";"frame,Shape,size,Type";"frame,shape,size,Type";"pine-wood:#a3afff,horizontal,18x12,canvas";"";"";"";"";"";"";"0";"0";"0";"0";"5";"1";"";"0";"0";"";"0000-00-00";"";"";"2";""
"";"";"23";"";"";"color,radio,color,radio";"frame,Shape,size,Type";"frame,shape,size,Type";"none:#62ff43,horizontal,24x16,canvas";"";"";"";"";"";"";"0";"0";"0";"0";"5";"1";"";"0";"0";"";"0000-00-00";"";"";"2";""
"";"";"23";"";"";"color,radio,color,radio";"frame,Shape,size,Type";"frame,shape,size,Type";"natural-wood:#ffd083,horizontal,24x16,canvas";"";"";"";"";"";"";"0";"0";"0";"0";"5";"1";"";"0";"0";"";"0000-00-00";"";"";"2";""
"";"";"23";"";"";"color,radio,color,radio";"frame,Shape,size,Type";"frame,shape,size,Type";"dark-wood:#ce6600,horizontal,24x16,canvas";"";"";"";"";"";"";"0";"0";"0";"0";"5";"1";"";"0";"0";"";"0000-00-00";"";"";"2";""
"";"";"23";"";"";"color,radio,color,radio";"frame,Shape,size,Type";"frame,shape,size,Type";"charcol-black:#3b1200,horizontal,24x16,canvas";"";"";"";"";"";"";"0";"0";"0";"0";"5";"1";"";"0";"0";"";"0000-00-00";"";"";"2";""
"";"";"23";"";"";"color,radio,color,radio";"frame,Shape,size,Type";"frame,shape,size,Type";"charcol-white:#e3fffe,horizontal,24x16,canvas";"";"";"";"";"";"";"0";"0";"0";"0";"5";"1";"";"0";"0";"";"0000-00-00";"";"";"2";""
"";"";"23";"";"";"color,radio,color,radio";"frame,Shape,size,Type";"frame,shape,size,Type";"pine-wood:#a3afff,horizontal,24x16,canvas";"";"";"";"";"";"";"0";"0";"0";"0";"5";"1";"";"0";"0";"";"0000-00-00";"";"";"2";""
"";"";"23";"";"";"color,radio,color,radio";"frame,Shape,size,Type";"frame,shape,size,Type";"none:#62ff43,horizontal,30x20,canvas";"";"";"";"";"";"";"0";"0";"0";"0";"5";"1";"";"0";"0";"";"0000-00-00";"";"";"2";""
"";"";"23";"";"";"color,radio,color,radio";"frame,Shape,size,Type";"frame,shape,size,Type";"natural-wood:#ffd083,horizontal,30x20,canvas";"";"";"";"";"";"";"0";"0";"0";"0";"5";"1";"";"0";"0";"";"0000-00-00";"";"";"2";""
"";"";"23";"";"";"color,radio,color,radio";"frame,Shape,size,Type";"frame,shape,size,Type";"dark-wood:#ce6600,horizontal,30x20,canvas";"";"";"";"";"";"";"0";"0";"0";"0";"5";"1";"";"0";"0";"";"0000-00-00";"";"";"2";""
"";"";"23";"";"";"color,radio,color,radio";"frame,Shape,size,Type";"frame,shape,size,Type";"charcol-black:#3b1200,horizontal,30x20,canvas";"";"";"";"";"";"";"0";"0";"0";"0";"5";"1";"";"0";"0";"";"0000-00-00";"";"";"2";""
"";"";"23";"";"";"color,radio,color,radio";"frame,Shape,size,Type";"frame,shape,size,Type";"charcol-white:#e3fffe,horizontal,30x20,canvas";"";"";"";"";"";"";"0";"0";"0";"0";"5";"1";"";"0";"0";"";"0000-00-00";"";"";"2";""
"";"";"23";"";"";"color,radio,color,radio";"frame,Shape,size,Type";"frame,shape,size,Type";"pine-wood:#a3afff,horizontal,30x20,canvas";"";"";"";"";"";"";"0";"0";"0";"0";"5";"1";"";"0";"0";"";"0000-00-00";"";"";"2";""
"";"";"23";"";"";"color,radio,color,radio";"frame,Shape,size,Type";"frame,shape,size,Type";"none:#62ff43,horizontal,36x24,canvas";"";"";"";"";"";"";"0";"0";"0";"0";"5";"1";"";"0";"0";"";"0000-00-00";"";"";"2";""
"";"";"23";"";"";"color,radio,color,radio";"frame,Shape,size,Type";"frame,shape,size,Type";"natural-wood:#ffd083,horizontal,36x24,canvas";"";"";"";"";"";"";"0";"0";"0";"0";"5";"1";"";"0";"0";"";"0000-00-00";"";"";"2";""
"";"";"23";"";"";"color,radio,color,radio";"frame,Shape,size,Type";"frame,shape,size,Type";"dark-wood:#ce6600,horizontal,36x24,canvas";"";"";"";"";"";"";"0";"0";"0";"0";"5";"1";"";"0";"0";"";"0000-00-00";"";"";"2";""
"";"";"23";"";"";"color,radio,color,radio";"frame,Shape,size,Type";"frame,shape,size,Type";"charcol-black:#3b1200,horizontal,36x24,canvas";"";"";"";"";"";"";"0";"0";"0";"0";"5";"1";"";"0";"0";"";"0000-00-00";"";"";"2";""
"";"";"23";"";"";"color,radio,color,radio";"frame,Shape,size,Type";"frame,shape,size,Type";"charcol-white:#e3fffe,horizontal,36x24,canvas";"";"";"";"";"";"";"0";"0";"0";"0";"5";"1";"";"0";"0";"";"0000-00-00";"";"";"2";""
"";"";"23";"";"";"color,radio,color,radio";"frame,Shape,size,Type";"frame,shape,size,Type";"pine-wood:#a3afff,horizontal,36x24,canvas";"";"";"";"";"";"";"0";"0";"0";"0";"5";"1";"";"0";"0";"";"0000-00-00";"";"";"2";""
"";"";"23";"";"";"color,radio,color,radio";"frame,Shape,size,Type";"frame,shape,size,Type";"none:#62ff43,horizontal,30x45,canvas";"";"";"";"";"";"";"0";"0";"0";"0";"5";"1";"";"0";"0";"";"0000-00-00";"";"";"2";""
"";"";"23";"";"";"color,radio,color,radio";"frame,Shape,size,Type";"frame,shape,size,Type";"natural-wood:#ffd083,horizontal,30x45,canvas";"";"";"";"";"";"";"0";"0";"0";"0";"5";"1";"";"0";"0";"";"0000-00-00";"";"";"2";""
"";"";"23";"";"";"color,radio,color,radio";"frame,Shape,size,Type";"frame,shape,size,Type";"dark-wood:#ce6600,horizontal,30x45,canvas";"";"";"";"";"";"";"0";"0";"0";"0";"5";"1";"";"0";"0";"";"0000-00-00";"";"";"2";""
"";"";"23";"";"";"color,radio,color,radio";"frame,Shape,size,Type";"frame,shape,size,Type";"charcol-black:#3b1200,horizontal,30x45,canvas";"";"";"";"";"";"";"0";"0";"0";"0";"5";"1";"";"0";"0";"";"0000-00-00";"";"";"2";""
"";"";"23";"";"";"color,radio,color,radio";"frame,Shape,size,Type";"frame,shape,size,Type";"charcol-white:#e3fffe,horizontal,30x45,canvas";"";"";"";"";"";"";"0";"0";"0";"0";"5";"1";"";"0";"0";"";"0000-00-00";"";"";"2";""
"";"";"23";"";"";"color,radio,color,radio";"frame,Shape,size,Type";"frame,shape,size,Type";"pine-wood:#a3afff,horizontal,30x45,canvas";"";"";"";"";"";"";"0";"0";"0";"0";"5";"1";"";"0";"0";"";"0000-00-00";"";"";"2";""
"";"";"23";"";"";"color,radio,color,radio";"frame,Shape,size,Type";"frame,shape,size,Type";"none:#62ff43,horizontal,15x10,fine-art-paper";"";"";"";"";"";"";"0";"0";"0";"0";"5";"1";"";"0";"0";"";"0000-00-00";"";"";"2";""
"";"";"23";"";"";"color,radio,color,radio";"frame,Shape,size,Type";"frame,shape,size,Type";"natural-wood:#ffd083,horizontal,15x10,fine-art-paper";"";"";"";"";"";"";"0";"0";"0";"0";"5";"1";"";"0";"0";"";"0000-00-00";"";"";"2";""
"";"";"23";"";"";"color,radio,color,radio";"frame,Shape,size,Type";"frame,shape,size,Type";"dark-wood:#ce6600,horizontal,15x10,fine-art-paper";"";"";"";"";"";"";"0";"0";"0";"0";"5";"1";"";"0";"0";"";"0000-00-00";"";"";"2";""
"";"";"23";"";"";"color,radio,color,radio";"frame,Shape,size,Type";"frame,shape,size,Type";"charcol-black:#3b1200,horizontal,15x10,fine-art-paper";"";"";"";"";"";"";"0";"0";"0";"0";"5";"1";"";"0";"0";"";"0000-00-00";"";"";"2";""
"";"";"23";"";"";"color,radio,color,radio";"frame,Shape,size,Type";"frame,shape,size,Type";"charcol-white:#e3fffe,horizontal,15x10,fine-art-paper";"";"";"";"";"";"";"0";"0";"0";"0";"5";"1";"";"0";"0";"";"0000-00-00";"";"";"2";""
"";"";"23";"";"";"color,radio,color,radio";"frame,Shape,size,Type";"frame,shape,size,Type";"pine-wood:#a3afff,horizontal,15x10,fine-art-paper";"";"";"";"";"";"";"0";"0";"0";"0";"5";"1";"";"0";"0";"";"0000-00-00";"";"";"2";""
"";"";"23";"";"";"color,radio,color,radio";"frame,Shape,size,Type";"frame,shape,size,Type";"none:#62ff43,horizontal,18x12,fine-art-paper";"";"";"";"";"";"";"0";"0";"0";"0";"5";"1";"";"0";"0";"";"0000-00-00";"";"";"2";""
"";"";"23";"";"";"color,radio,color,radio";"frame,Shape,size,Type";"frame,shape,size,Type";"natural-wood:#ffd083,horizontal,18x12,fine-art-paper";"";"";"";"";"";"";"0";"0";"0";"0";"5";"1";"";"0";"0";"";"0000-00-00";"";"";"2";""
"";"";"23";"";"";"color,radio,color,radio";"frame,Shape,size,Type";"frame,shape,size,Type";"dark-wood:#ce6600,horizontal,18x12,fine-art-paper";"";"";"";"";"";"";"0";"0";"0";"0";"5";"1";"";"0";"0";"";"0000-00-00";"";"";"2";""
"";"";"23";"";"";"color,radio,color,radio";"frame,Shape,size,Type";"frame,shape,size,Type";"charcol-black:#3b1200,horizontal,18x12,fine-art-paper";"";"";"";"";"";"";"0";"0";"0";"0";"5";"1";"";"0";"0";"";"0000-00-00";"";"";"2";""
"";"";"23";"";"";"color,radio,color,radio";"frame,Shape,size,Type";"frame,shape,size,Type";"charcol-white:#e3fffe,horizontal,18x12,fine-art-paper";"";"";"";"";"";"";"0";"0";"0";"0";"5";"1";"";"0";"0";"";"0000-00-00";"";"";"2";""
"";"";"23";"";"";"color,radio,color,radio";"frame,Shape,size,Type";"frame,shape,size,Type";"pine-wood:#a3afff,horizontal,18x12,fine-art-paper";"";"";"";"";"";"";"0";"0";"0";"0";"5";"1";"";"0";"0";"";"0000-00-00";"";"";"2";""
"";"";"23";"";"";"color,radio,color,radio";"frame,Shape,size,Type";"frame,shape,size,Type";"none:#62ff43,horizontal,24x16,fine-art-paper";"";"";"";"";"";"";"0";"0";"0";"0";"5";"1";"";"0";"0";"";"0000-00-00";"";"";"2";""
"";"";"23";"";"";"color,radio,color,radio";"frame,Shape,size,Type";"frame,shape,size,Type";"natural-wood:#ffd083,horizontal,24x16,fine-art-paper";"";"";"";"";"";"";"0";"0";"0";"0";"5";"1";"";"0";"0";"";"0000-00-00";"";"";"2";""
"";"";"23";"";"";"color,radio,color,radio";"frame,Shape,size,Type";"frame,shape,size,Type";"dark-wood:#ce6600,horizontal,24x16,fine-art-paper";"";"";"";"";"";"";"0";"0";"0";"0";"5";"1";"";"0";"0";"";"0000-00-00";"";"";"2";""
"";"";"23";"";"";"color,radio,color,radio";"frame,Shape,size,Type";"frame,shape,size,Type";"charcol-black:#3b1200,horizontal,24x16,fine-art-paper";"";"";"";"";"";"";"0";"0";"0";"0";"5";"1";"";"0";"0";"";"0000-00-00";"";"";"2";""
"";"";"23";"";"";"color,radio,color,radio";"frame,Shape,size,Type";"frame,shape,size,Type";"charcol-white:#e3fffe,horizontal,24x16,fine-art-paper";"";"";"";"";"";"";"0";"0";"0";"0";"5";"1";"";"0";"0";"";"0000-00-00";"";"";"2";""
"";"";"23";"";"";"color,radio,color,radio";"frame,Shape,size,Type";"frame,shape,size,Type";"pine-wood:#a3afff,horizontal,24x16,fine-art-paper";"";"";"";"";"";"";"0";"0";"0";"0";"5";"1";"";"0";"0";"";"0000-00-00";"";"";"2";""
"";"";"23";"";"";"color,radio,color,radio";"frame,Shape,size,Type";"frame,shape,size,Type";"none:#62ff43,horizontal,30x20,fine-art-paper";"";"";"";"";"";"";"0";"0";"0";"0";"5";"1";"";"0";"0";"";"0000-00-00";"";"";"2";""
"";"";"23";"";"";"color,radio,color,radio";"frame,Shape,size,Type";"frame,shape,size,Type";"natural-wood:#ffd083,horizontal,30x20,fine-art-paper";"";"";"";"";"";"";"0";"0";"0";"0";"5";"1";"";"0";"0";"";"0000-00-00";"";"";"2";""
"";"";"23";"";"";"color,radio,color,radio";"frame,Shape,size,Type";"frame,shape,size,Type";"dark-wood:#ce6600,horizontal,30x20,fine-art-paper";"";"";"";"";"";"";"0";"0";"0";"0";"5";"1";"";"0";"0";"";"0000-00-00";"";"";"2";""
"";"";"23";"";"";"color,radio,color,radio";"frame,Shape,size,Type";"frame,shape,size,Type";"charcol-black:#3b1200,horizontal,30x20,fine-art-paper";"";"";"";"";"";"";"0";"0";"0";"0";"5";"1";"";"0";"0";"";"0000-00-00";"";"";"2";""
"";"";"23";"";"";"color,radio,color,radio";"frame,Shape,size,Type";"frame,shape,size,Type";"charcol-white:#e3fffe,horizontal,30x20,fine-art-paper";"";"";"";"";"";"";"0";"0";"0";"0";"5";"1";"";"0";"0";"";"0000-00-00";"";"";"2";""
"";"";"23";"";"";"color,radio,color,radio";"frame,Shape,size,Type";"frame,shape,size,Type";"pine-wood:#a3afff,horizontal,30x20,fine-art-paper";"";"";"";"";"";"";"0";"0";"0";"0";"5";"1";"";"0";"0";"";"0000-00-00";"";"";"2";""
"";"";"23";"";"";"color,radio,color,radio";"frame,Shape,size,Type";"frame,shape,size,Type";"none:#62ff43,horizontal,36x24,fine-art-paper";"";"";"";"";"";"";"0";"0";"0";"0";"5";"1";"";"0";"0";"";"0000-00-00";"";"";"2";""
"";"";"23";"";"";"color,radio,color,radio";"frame,Shape,size,Type";"frame,shape,size,Type";"natural-wood:#ffd083,horizontal,36x24,fine-art-paper";"";"";"";"";"";"";"0";"0";"0";"0";"5";"1";"";"0";"0";"";"0000-00-00";"";"";"2";""
"";"";"23";"";"";"color,radio,color,radio";"frame,Shape,size,Type";"frame,shape,size,Type";"dark-wood:#ce6600,horizontal,36x24,fine-art-paper";"";"";"";"";"";"";"0";"0";"0";"0";"5";"1";"";"0";"0";"";"0000-00-00";"";"";"2";""
"";"";"23";"";"";"color,radio,color,radio";"frame,Shape,size,Type";"frame,shape,size,Type";"charcol-black:#3b1200,horizontal,36x24,fine-art-paper";"";"";"";"";"";"";"0";"0";"0";"0";"5";"1";"";"0";"0";"";"0000-00-00";"";"";"2";""
"";"";"23";"";"";"color,radio,color,radio";"frame,Shape,size,Type";"frame,shape,size,Type";"charcol-white:#e3fffe,horizontal,36x24,fine-art-paper";"";"";"";"";"";"";"0";"0";"0";"0";"5";"1";"";"0";"0";"";"0000-00-00";"";"";"2";""
"";"";"23";"";"";"color,radio,color,radio";"frame,Shape,size,Type";"frame,shape,size,Type";"pine-wood:#a3afff,horizontal,36x24,fine-art-paper";"";"";"";"";"";"";"0";"0";"0";"0";"5";"1";"";"0";"0";"";"0000-00-00";"";"";"2";""
"";"";"23";"";"";"color,radio,color,radio";"frame,Shape,size,Type";"frame,shape,size,Type";"none:#62ff43,horizontal,30x45,fine-art-paper";"";"";"";"";"";"";"0";"0";"0";"0";"5";"1";"";"0";"0";"";"0000-00-00";"";"";"2";""
"";"";"23";"";"";"color,radio,color,radio";"frame,Shape,size,Type";"frame,shape,size,Type";"natural-wood:#ffd083,horizontal,30x45,fine-art-paper";"";"";"";"";"";"";"0";"0";"0";"0";"5";"1";"";"0";"0";"";"0000-00-00";"";"";"2";""
"";"";"23";"";"";"color,radio,color,radio";"frame,Shape,size,Type";"frame,shape,size,Type";"dark-wood:#ce6600,horizontal,30x45,fine-art-paper";"";"";"";"";"";"";"0";"0";"0";"0";"5";"1";"";"0";"0";"";"0000-00-00";"";"";"2";""
"";"";"23";"";"";"color,radio,color,radio";"frame,Shape,size,Type";"frame,shape,size,Type";"charcol-black:#3b1200,horizontal,30x45,fine-art-paper";"";"";"";"";"";"";"0";"0";"0";"0";"5";"1";"";"0";"0";"";"0000-00-00";"";"";"2";""
"";"";"23";"";"";"color,radio,color,radio";"frame,Shape,size,Type";"frame,shape,size,Type";"charcol-white:#e3fffe,horizontal,30x45,fine-art-paper";"";"";"";"";"";"";"0";"0";"0";"0";"5";"1";"";"0";"0";"";"0000-00-00";"";"";"2";""
"";"";"23";"";"";"color,radio,color,radio";"frame,Shape,size,Type";"frame,shape,size,Type";"pine-wood:#a3afff,horizontal,30x45,fine-art-paper";"";"";"";"";"";"";"0";"0";"0";"0";"5";"1";"";"0";"0";"";"0000-00-00";"";"";"2";""
"";"";"26";"";"";"color,radio,color,radio";"frame,Shape,size,Type";"frame,shape,size,Type";"none:#62ff43,horizontal,15x10,canvas";"";"";"";"";"";"";"0";"0";"0";"0";"5";"1";"";"0";"0";"1";"0000-00-00";"";"";"2";""
"";"";"26";"";"";"color,radio,color,radio";"frame,Shape,size,Type";"frame,shape,size,Type";"natural-wood:#ffd083,horizontal,15x10,canvas";"";"";"";"";"";"";"0";"0";"0";"0";"5";"1";"";"0";"0";"";"0000-00-00";"";"";"2";""
"";"";"26";"";"";"color,radio,color,radio";"frame,Shape,size,Type";"frame,shape,size,Type";"dark-wood:#ce6600,horizontal,15x10,canvas";"";"";"";"";"";"";"0";"0";"0";"0";"5";"1";"";"0";"0";"";"0000-00-00";"";"";"2";""
"";"";"26";"";"";"color,radio,color,radio";"frame,Shape,size,Type";"frame,shape,size,Type";"charcol-black:#3b1200,horizontal,15x10,canvas";"";"";"";"";"";"";"0";"0";"0";"0";"5";"1";"";"0";"0";"";"0000-00-00";"";"";"2";""
"";"";"26";"";"";"color,radio,color,radio";"frame,Shape,size,Type";"frame,shape,size,Type";"charcol-white:#e3fffe,horizontal,15x10,canvas";"";"";"";"";"";"";"0";"0";"0";"0";"5";"1";"";"0";"0";"";"0000-00-00";"";"";"2";""
"";"";"26";"";"";"color,radio,color,radio";"frame,Shape,size,Type";"frame,shape,size,Type";"pine-wood:#a3afff,horizontal,15x10,canvas";"";"";"";"";"";"";"0";"0";"0";"0";"5";"1";"";"0";"0";"";"0000-00-00";"";"";"2";""
"";"";"26";"";"";"color,radio,color,radio";"frame,Shape,size,Type";"frame,shape,size,Type";"none:#62ff43,horizontal,18x12,canvas";"";"";"";"";"";"";"0";"0";"0";"0";"5";"1";"";"0";"0";"";"0000-00-00";"";"";"2";""
"";"";"26";"";"";"color,radio,color,radio";"frame,Shape,size,Type";"frame,shape,size,Type";"natural-wood:#ffd083,horizontal,18x12,canvas";"";"";"";"";"";"";"0";"0";"0";"0";"5";"1";"";"0";"0";"";"0000-00-00";"";"";"2";""
"";"";"26";"";"";"color,radio,color,radio";"frame,Shape,size,Type";"frame,shape,size,Type";"dark-wood:#ce6600,horizontal,18x12,canvas";"";"";"";"";"";"";"0";"0";"0";"0";"5";"1";"";"0";"0";"";"0000-00-00";"";"";"2";""
"";"";"26";"";"";"color,radio,color,radio";"frame,Shape,size,Type";"frame,shape,size,Type";"charcol-black:#3b1200,horizontal,18x12,canvas";"";"";"";"";"";"";"0";"0";"0";"0";"5";"1";"";"0";"0";"";"0000-00-00";"";"";"2";""
"";"";"26";"";"";"color,radio,color,radio";"frame,Shape,size,Type";"frame,shape,size,Type";"charcol-white:#e3fffe,horizontal,18x12,canvas";"";"";"";"";"";"";"0";"0";"0";"0";"5";"1";"";"0";"0";"";"0000-00-00";"";"";"2";""
"";"";"26";"";"";"color,radio,color,radio";"frame,Shape,size,Type";"frame,shape,size,Type";"pine-wood:#a3afff,horizontal,18x12,canvas";"";"";"";"";"";"";"0";"0";"0";"0";"5";"1";"";"0";"0";"";"0000-00-00";"";"";"2";""
"";"";"26";"";"";"color,radio,color,radio";"frame,Shape,size,Type";"frame,shape,size,Type";"none:#62ff43,horizontal,24x16,canvas";"";"";"";"";"";"";"0";"0";"0";"0";"5";"1";"";"0";"0";"";"0000-00-00";"";"";"2";""
"";"";"26";"";"";"color,radio,color,radio";"frame,Shape,size,Type";"frame,shape,size,Type";"natural-wood:#ffd083,horizontal,24x16,canvas";"";"";"";"";"";"";"0";"0";"0";"0";"5";"1";"";"0";"0";"";"0000-00-00";"";"";"2";""
"";"";"26";"";"";"color,radio,color,radio";"frame,Shape,size,Type";"frame,shape,size,Type";"dark-wood:#ce6600,horizontal,24x16,canvas";"";"";"";"";"";"";"0";"0";"0";"0";"5";"1";"";"0";"0";"";"0000-00-00";"";"";"2";""
"";"";"26";"";"";"color,radio,color,radio";"frame,Shape,size,Type";"frame,shape,size,Type";"charcol-black:#3b1200,horizontal,24x16,canvas";"";"";"";"";"";"";"0";"0";"0";"0";"5";"1";"";"0";"0";"";"0000-00-00";"";"";"2";""
"";"";"26";"";"";"color,radio,color,radio";"frame,Shape,size,Type";"frame,shape,size,Type";"charcol-white:#e3fffe,horizontal,24x16,canvas";"";"";"";"";"";"";"0";"0";"0";"0";"5";"1";"";"0";"0";"";"0000-00-00";"";"";"2";""
"";"";"26";"";"";"color,radio,color,radio";"frame,Shape,size,Type";"frame,shape,size,Type";"pine-wood:#a3afff,horizontal,24x16,canvas";"";"";"";"";"";"";"0";"0";"0";"0";"5";"1";"";"0";"0";"";"0000-00-00";"";"";"2";""
"";"";"26";"";"";"color,radio,color,radio";"frame,Shape,size,Type";"frame,shape,size,Type";"none:#62ff43,horizontal,30x20,canvas";"";"";"";"";"";"";"0";"0";"0";"0";"5";"1";"";"0";"0";"";"0000-00-00";"";"";"2";""
"";"";"26";"";"";"color,radio,color,radio";"frame,Shape,size,Type";"frame,shape,size,Type";"natural-wood:#ffd083,horizontal,30x20,canvas";"";"";"";"";"";"";"0";"0";"0";"0";"5";"1";"";"0";"0";"";"0000-00-00";"";"";"2";""
"";"";"26";"";"";"color,radio,color,radio";"frame,Shape,size,Type";"frame,shape,size,Type";"dark-wood:#ce6600,horizontal,30x20,canvas";"";"";"";"";"";"";"0";"0";"0";"0";"5";"1";"";"0";"0";"";"0000-00-00";"";"";"2";""
"";"";"26";"";"";"color,radio,color,radio";"frame,Shape,size,Type";"frame,shape,size,Type";"charcol-black:#3b1200,horizontal,30x20,canvas";"";"";"";"";"";"";"0";"0";"0";"0";"5";"1";"";"0";"0";"";"0000-00-00";"";"";"2";""
"";"";"26";"";"";"color,radio,color,radio";"frame,Shape,size,Type";"frame,shape,size,Type";"charcol-white:#e3fffe,horizontal,30x20,canvas";"";"";"";"";"";"";"0";"0";"0";"0";"5";"1";"";"0";"0";"";"0000-00-00";"";"";"2";""
"";"";"26";"";"";"color,radio,color,radio";"frame,Shape,size,Type";"frame,shape,size,Type";"pine-wood:#a3afff,horizontal,30x20,canvas";"";"";"";"";"";"";"0";"0";"0";"0";"5";"1";"";"0";"0";"";"0000-00-00";"";"";"2";""
"";"";"26";"";"";"color,radio,color,radio";"frame,Shape,size,Type";"frame,shape,size,Type";"none:#62ff43,horizontal,36x24,canvas";"";"";"";"";"";"";"0";"0";"0";"0";"5";"1";"";"0";"0";"";"0000-00-00";"";"";"2";""
"";"";"26";"";"";"color,radio,color,radio";"frame,Shape,size,Type";"frame,shape,size,Type";"natural-wood:#ffd083,horizontal,36x24,canvas";"";"";"";"";"";"";"0";"0";"0";"0";"5";"1";"";"0";"0";"";"0000-00-00";"";"";"2";""
"";"";"26";"";"";"color,radio,color,radio";"frame,Shape,size,Type";"frame,shape,size,Type";"dark-wood:#ce6600,horizontal,36x24,canvas";"";"";"";"";"";"";"0";"0";"0";"0";"5";"1";"";"0";"0";"";"0000-00-00";"";"";"2";""
"";"";"26";"";"";"color,radio,color,radio";"frame,Shape,size,Type";"frame,shape,size,Type";"charcol-black:#3b1200,horizontal,36x24,canvas";"";"";"";"";"";"";"0";"0";"0";"0";"5";"1";"";"0";"0";"";"0000-00-00";"";"";"2";""
"";"";"26";"";"";"color,radio,color,radio";"frame,Shape,size,Type";"frame,shape,size,Type";"charcol-white:#e3fffe,horizontal,36x24,canvas";"";"";"";"";"";"";"0";"0";"0";"0";"5";"1";"";"0";"0";"";"0000-00-00";"";"";"2";""
"";"";"26";"";"";"color,radio,color,radio";"frame,Shape,size,Type";"frame,shape,size,Type";"pine-wood:#a3afff,horizontal,36x24,canvas";"";"";"";"";"";"";"0";"0";"0";"0";"5";"1";"";"0";"0";"";"0000-00-00";"";"";"2";""
"";"";"26";"";"";"color,radio,color,radio";"frame,Shape,size,Type";"frame,shape,size,Type";"none:#62ff43,horizontal,30x45,canvas";"";"";"";"";"";"";"0";"0";"0";"0";"5";"1";"";"0";"0";"";"0000-00-00";"";"";"2";""
"";"";"26";"";"";"color,radio,color,radio";"frame,Shape,size,Type";"frame,shape,size,Type";"natural-wood:#ffd083,horizontal,30x45,canvas";"";"";"";"";"";"";"0";"0";"0";"0";"5";"1";"";"0";"0";"";"0000-00-00";"";"";"2";""
"";"";"26";"";"";"color,radio,color,radio";"frame,Shape,size,Type";"frame,shape,size,Type";"dark-wood:#ce6600,horizontal,30x45,canvas";"";"";"";"";"";"";"0";"0";"0";"0";"5";"1";"";"0";"0";"";"0000-00-00";"";"";"2";""
"";"";"26";"";"";"color,radio,color,radio";"frame,Shape,size,Type";"frame,shape,size,Type";"charcol-black:#3b1200,horizontal,30x45,canvas";"";"";"";"";"";"";"0";"0";"0";"0";"5";"1";"";"0";"0";"";"0000-00-00";"";"";"2";""
"";"";"26";"";"";"color,radio,color,radio";"frame,Shape,size,Type";"frame,shape,size,Type";"charcol-white:#e3fffe,horizontal,30x45,canvas";"";"";"";"";"";"";"0";"0";"0";"0";"5";"1";"";"0";"0";"";"0000-00-00";"";"";"2";""
"";"";"26";"";"";"color,radio,color,radio";"frame,Shape,size,Type";"frame,shape,size,Type";"pine-wood:#a3afff,horizontal,30x45,canvas";"";"";"";"";"";"";"0";"0";"0";"0";"5";"1";"";"0";"0";"";"0000-00-00";"";"";"2";""
"";"";"26";"";"";"color,radio,color,radio";"frame,Shape,size,Type";"frame,shape,size,Type";"none:#62ff43,horizontal,15x10,fine-art-paper";"";"";"";"";"";"";"0";"0";"0";"0";"5";"1";"";"0";"0";"";"0000-00-00";"";"";"2";""
"";"";"26";"";"";"color,radio,color,radio";"frame,Shape,size,Type";"frame,shape,size,Type";"natural-wood:#ffd083,horizontal,15x10,fine-art-paper";"";"";"";"";"";"";"0";"0";"0";"0";"5";"1";"";"0";"0";"";"0000-00-00";"";"";"2";""
"";"";"26";"";"";"color,radio,color,radio";"frame,Shape,size,Type";"frame,shape,size,Type";"dark-wood:#ce6600,horizontal,15x10,fine-art-paper";"";"";"";"";"";"";"0";"0";"0";"0";"5";"1";"";"0";"0";"";"0000-00-00";"";"";"2";""
"";"";"26";"";"";"color,radio,color,radio";"frame,Shape,size,Type";"frame,shape,size,Type";"charcol-black:#3b1200,horizontal,15x10,fine-art-paper";"";"";"";"";"";"";"0";"0";"0";"0";"5";"1";"";"0";"0";"";"0000-00-00";"";"";"2";""
"";"";"26";"";"";"color,radio,color,radio";"frame,Shape,size,Type";"frame,shape,size,Type";"charcol-white:#e3fffe,horizontal,15x10,fine-art-paper";"";"";"";"";"";"";"0";"0";"0";"0";"5";"1";"";"0";"0";"";"0000-00-00";"";"";"2";""
"";"";"26";"";"";"color,radio,color,radio";"frame,Shape,size,Type";"frame,shape,size,Type";"pine-wood:#a3afff,horizontal,15x10,fine-art-paper";"";"";"";"";"";"";"0";"0";"0";"0";"5";"1";"";"0";"0";"";"0000-00-00";"";"";"2";""
"";"";"26";"";"";"color,radio,color,radio";"frame,Shape,size,Type";"frame,shape,size,Type";"none:#62ff43,horizontal,18x12,fine-art-paper";"";"";"";"";"";"";"0";"0";"0";"0";"5";"1";"";"0";"0";"";"0000-00-00";"";"";"2";""
"";"";"26";"";"";"color,radio,color,radio";"frame,Shape,size,Type";"frame,shape,size,Type";"natural-wood:#ffd083,horizontal,18x12,fine-art-paper";"";"";"";"";"";"";"0";"0";"0";"0";"5";"1";"";"0";"0";"";"0000-00-00";"";"";"2";""
"";"";"26";"";"";"color,radio,color,radio";"frame,Shape,size,Type";"frame,shape,size,Type";"dark-wood:#ce6600,horizontal,18x12,fine-art-paper";"";"";"";"";"";"";"0";"0";"0";"0";"5";"1";"";"0";"0";"";"0000-00-00";"";"";"2";""
"";"";"26";"";"";"color,radio,color,radio";"frame,Shape,size,Type";"frame,shape,size,Type";"charcol-black:#3b1200,horizontal,18x12,fine-art-paper";"";"";"";"";"";"";"0";"0";"0";"0";"5";"1";"";"0";"0";"";"0000-00-00";"";"";"2";""
"";"";"26";"";"";"color,radio,color,radio";"frame,Shape,size,Type";"frame,shape,size,Type";"charcol-white:#e3fffe,horizontal,18x12,fine-art-paper";"";"";"";"";"";"";"0";"0";"0";"0";"5";"1";"";"0";"0";"";"0000-00-00";"";"";"2";""
"";"";"26";"";"";"color,radio,color,radio";"frame,Shape,size,Type";"frame,shape,size,Type";"pine-wood:#a3afff,horizontal,18x12,fine-art-paper";"";"";"";"";"";"";"0";"0";"0";"0";"5";"1";"";"0";"0";"";"0000-00-00";"";"";"2";""
"";"";"26";"";"";"color,radio,color,radio";"frame,Shape,size,Type";"frame,shape,size,Type";"none:#62ff43,horizontal,24x16,fine-art-paper";"";"";"";"";"";"";"0";"0";"0";"0";"5";"1";"";"0";"0";"";"0000-00-00";"";"";"2";""
"";"";"26";"";"";"color,radio,color,radio";"frame,Shape,size,Type";"frame,shape,size,Type";"natural-wood:#ffd083,horizontal,24x16,fine-art-paper";"";"";"";"";"";"";"0";"0";"0";"0";"5";"1";"";"0";"0";"";"0000-00-00";"";"";"2";""
"";"";"26";"";"";"color,radio,color,radio";"frame,Shape,size,Type";"frame,shape,size,Type";"dark-wood:#ce6600,horizontal,24x16,fine-art-paper";"";"";"";"";"";"";"0";"0";"0";"0";"5";"1";"";"0";"0";"";"0000-00-00";"";"";"2";""
"";"";"26";"";"";"color,radio,color,radio";"frame,Shape,size,Type";"frame,shape,size,Type";"charcol-black:#3b1200,horizontal,24x16,fine-art-paper";"";"";"";"";"";"";"0";"0";"0";"0";"5";"1";"";"0";"0";"";"0000-00-00";"";"";"2";""
"";"";"26";"";"";"color,radio,color,radio";"frame,Shape,size,Type";"frame,shape,size,Type";"charcol-white:#e3fffe,horizontal,24x16,fine-art-paper";"";"";"";"";"";"";"0";"0";"0";"0";"5";"1";"";"0";"0";"";"0000-00-00";"";"";"2";""
"";"";"26";"";"";"color,radio,color,radio";"frame,Shape,size,Type";"frame,shape,size,Type";"pine-wood:#a3afff,horizontal,24x16,fine-art-paper";"";"";"";"";"";"";"0";"0";"0";"0";"5";"1";"";"0";"0";"";"0000-00-00";"";"";"2";""
"";"";"26";"";"";"color,radio,color,radio";"frame,Shape,size,Type";"frame,shape,size,Type";"none:#62ff43,horizontal,30x20,fine-art-paper";"";"";"";"";"";"";"0";"0";"0";"0";"5";"1";"";"0";"0";"";"0000-00-00";"";"";"2";""
"";"";"26";"";"";"color,radio,color,radio";"frame,Shape,size,Type";"frame,shape,size,Type";"natural-wood:#ffd083,horizontal,30x20,fine-art-paper";"";"";"";"";"";"";"0";"0";"0";"0";"5";"1";"";"0";"0";"";"0000-00-00";"";"";"2";""
"";"";"26";"";"";"color,radio,color,radio";"frame,Shape,size,Type";"frame,shape,size,Type";"dark-wood:#ce6600,horizontal,30x20,fine-art-paper";"";"";"";"";"";"";"0";"0";"0";"0";"5";"1";"";"0";"0";"";"0000-00-00";"";"";"2";""
"";"";"26";"";"";"color,radio,color,radio";"frame,Shape,size,Type";"frame,shape,size,Type";"charcol-black:#3b1200,horizontal,30x20,fine-art-paper";"";"";"";"";"";"";"0";"0";"0";"0";"5";"1";"";"0";"0";"";"0000-00-00";"";"";"2";""
"";"";"26";"";"";"color,radio,color,radio";"frame,Shape,size,Type";"frame,shape,size,Type";"charcol-white:#e3fffe,horizontal,30x20,fine-art-paper";"";"";"";"";"";"";"0";"0";"0";"0";"5";"1";"";"0";"0";"";"0000-00-00";"";"";"2";""
"";"";"26";"";"";"color,radio,color,radio";"frame,Shape,size,Type";"frame,shape,size,Type";"pine-wood:#a3afff,horizontal,30x20,fine-art-paper";"";"";"";"";"";"";"0";"0";"0";"0";"5";"1";"";"0";"0";"";"0000-00-00";"";"";"2";""
"";"";"26";"";"";"color,radio,color,radio";"frame,Shape,size,Type";"frame,shape,size,Type";"none:#62ff43,horizontal,36x24,fine-art-paper";"";"";"";"";"";"";"0";"0";"0";"0";"5";"1";"";"0";"0";"";"0000-00-00";"";"";"2";""
"";"";"26";"";"";"color,radio,color,radio";"frame,Shape,size,Type";"frame,shape,size,Type";"natural-wood:#ffd083,horizontal,36x24,fine-art-paper";"";"";"";"";"";"";"0";"0";"0";"0";"5";"1";"";"0";"0";"";"0000-00-00";"";"";"2";""
"";"";"26";"";"";"color,radio,color,radio";"frame,Shape,size,Type";"frame,shape,size,Type";"dark-wood:#ce6600,horizontal,36x24,fine-art-paper";"";"";"";"";"";"";"0";"0";"0";"0";"5";"1";"";"0";"0";"";"0000-00-00";"";"";"2";""
"";"";"26";"";"";"color,radio,color,radio";"frame,Shape,size,Type";"frame,shape,size,Type";"charcol-black:#3b1200,horizontal,36x24,fine-art-paper";"";"";"";"";"";"";"0";"0";"0";"0";"5";"1";"";"0";"0";"";"0000-00-00";"";"";"2";""
"";"";"26";"";"";"color,radio,color,radio";"frame,Shape,size,Type";"frame,shape,size,Type";"charcol-white:#e3fffe,horizontal,36x24,fine-art-paper";"";"";"";"";"";"";"0";"0";"0";"0";"5";"1";"";"0";"0";"";"0000-00-00";"";"";"2";""
"";"";"26";"";"";"color,radio,color,radio";"frame,Shape,size,Type";"frame,shape,size,Type";"pine-wood:#a3afff,horizontal,36x24,fine-art-paper";"";"";"";"";"";"";"0";"0";"0";"0";"5";"1";"";"0";"0";"";"0000-00-00";"";"";"2";""
"";"";"26";"";"";"color,radio,color,radio";"frame,Shape,size,Type";"frame,shape,size,Type";"none:#62ff43,horizontal,30x45,fine-art-paper";"";"";"";"";"";"";"0";"0";"0";"0";"5";"1";"";"0";"0";"";"0000-00-00";"";"";"2";""
"";"";"26";"";"";"color,radio,color,radio";"frame,Shape,size,Type";"frame,shape,size,Type";"natural-wood:#ffd083,horizontal,30x45,fine-art-paper";"";"";"";"";"";"";"0";"0";"0";"0";"5";"1";"";"0";"0";"";"0000-00-00";"";"";"2";""
"";"";"26";"";"";"color,radio,color,radio";"frame,Shape,size,Type";"frame,shape,size,Type";"dark-wood:#ce6600,horizontal,30x45,fine-art-paper";"";"";"";"";"";"";"0";"0";"0";"0";"5";"1";"";"0";"0";"";"0000-00-00";"";"";"2";""
"";"";"26";"";"";"color,radio,color,radio";"frame,Shape,size,Type";"frame,shape,size,Type";"charcol-black:#3b1200,horizontal,30x45,fine-art-paper";"";"";"";"";"";"";"0";"0";"0";"0";"5";"1";"";"0";"0";"";"0000-00-00";"";"";"2";""
"";"";"26";"";"";"color,radio,color,radio";"frame,Shape,size,Type";"frame,shape,size,Type";"charcol-white:#e3fffe,horizontal,30x45,fine-art-paper";"";"";"";"";"";"";"0";"0";"0";"0";"5";"1";"";"0";"0";"";"0000-00-00";"";"";"2";""
"";"";"26";"";"";"color,radio,color,radio";"frame,Shape,size,Type";"frame,shape,size,Type";"pine-wood:#a3afff,horizontal,30x45,fine-art-paper";"";"";"";"";"";"";"0";"0";"0";"0";"5";"1";"";"0";"0";"";"0000-00-00";"";"";"2";""
"";"";"29";"";"";"color,radio,color,radio";"frame,Shape,size,Type";"frame,shape,size,Type";"none:#62ff43,horizontal,15x10,canvas";"";"";"";"";"";"";"0";"0";"0";"0";"5";"1";"";"0";"0";"1";"0000-00-00";"";"";"2";""
"";"";"29";"";"";"color,radio,color,radio";"frame,Shape,size,Type";"frame,shape,size,Type";"natural-wood:#ffd083,horizontal,15x10,canvas";"";"";"";"";"";"";"0";"0";"0";"0";"5";"1";"";"0";"0";"";"0000-00-00";"";"";"2";""
"";"";"29";"";"";"color,radio,color,radio";"frame,Shape,size,Type";"frame,shape,size,Type";"dark-wood:#ce6600,horizontal,15x10,canvas";"";"";"";"";"";"";"0";"0";"0";"0";"5";"1";"";"0";"0";"";"0000-00-00";"";"";"2";""
"";"";"29";"";"";"color,radio,color,radio";"frame,Shape,size,Type";"frame,shape,size,Type";"charcol-black:#3b1200,horizontal,15x10,canvas";"";"";"";"";"";"";"0";"0";"0";"0";"5";"1";"";"0";"0";"";"0000-00-00";"";"";"2";""
"";"";"29";"";"";"color,radio,color,radio";"frame,Shape,size,Type";"frame,shape,size,Type";"charcol-white:#e3fffe,horizontal,15x10,canvas";"";"";"";"";"";"";"0";"0";"0";"0";"5";"1";"";"0";"0";"";"0000-00-00";"";"";"2";""
"";"";"29";"";"";"color,radio,color,radio";"frame,Shape,size,Type";"frame,shape,size,Type";"pine-wood:#a3afff,horizontal,15x10,canvas";"";"";"";"";"";"";"0";"0";"0";"0";"5";"1";"";"0";"0";"";"0000-00-00";"";"";"2";""
"";"";"29";"";"";"color,radio,color,radio";"frame,Shape,size,Type";"frame,shape,size,Type";"none:#62ff43,horizontal,18x12,canvas";"";"";"";"";"";"";"0";"0";"0";"0";"5";"1";"";"0";"0";"";"0000-00-00";"";"";"2";""
"";"";"29";"";"";"color,radio,color,radio";"frame,Shape,size,Type";"frame,shape,size,Type";"natural-wood:#ffd083,horizontal,18x12,canvas";"";"";"";"";"";"";"0";"0";"0";"0";"5";"1";"";"0";"0";"";"0000-00-00";"";"";"2";""
"";"";"29";"";"";"color,radio,color,radio";"frame,Shape,size,Type";"frame,shape,size,Type";"dark-wood:#ce6600,horizontal,18x12,canvas";"";"";"";"";"";"";"0";"0";"0";"0";"5";"1";"";"0";"0";"";"0000-00-00";"";"";"2";""
"";"";"29";"";"";"color,radio,color,radio";"frame,Shape,size,Type";"frame,shape,size,Type";"charcol-black:#3b1200,horizontal,18x12,canvas";"";"";"";"";"";"";"0";"0";"0";"0";"5";"1";"";"0";"0";"";"0000-00-00";"";"";"2";""
"";"";"29";"";"";"color,radio,color,radio";"frame,Shape,size,Type";"frame,shape,size,Type";"charcol-white:#e3fffe,horizontal,18x12,canvas";"";"";"";"";"";"";"0";"0";"0";"0";"5";"1";"";"0";"0";"";"0000-00-00";"";"";"2";""
"";"";"29";"";"";"color,radio,color,radio";"frame,Shape,size,Type";"frame,shape,size,Type";"pine-wood:#a3afff,horizontal,18x12,canvas";"";"";"";"";"";"";"0";"0";"0";"0";"5";"1";"";"0";"0";"";"0000-00-00";"";"";"2";""
"";"";"29";"";"";"color,radio,color,radio";"frame,Shape,size,Type";"frame,shape,size,Type";"none:#62ff43,horizontal,24x16,canvas";"";"";"";"";"";"";"0";"0";"0";"0";"5";"1";"";"0";"0";"";"0000-00-00";"";"";"2";""
"";"";"29";"";"";"color,radio,color,radio";"frame,Shape,size,Type";"frame,shape,size,Type";"natural-wood:#ffd083,horizontal,24x16,canvas";"";"";"";"";"";"";"0";"0";"0";"0";"5";"1";"";"0";"0";"";"0000-00-00";"";"";"2";""
"";"";"29";"";"";"color,radio,color,radio";"frame,Shape,size,Type";"frame,shape,size,Type";"dark-wood:#ce6600,horizontal,24x16,canvas";"";"";"";"";"";"";"0";"0";"0";"0";"5";"1";"";"0";"0";"";"0000-00-00";"";"";"2";""
"";"";"29";"";"";"color,radio,color,radio";"frame,Shape,size,Type";"frame,shape,size,Type";"charcol-black:#3b1200,horizontal,24x16,canvas";"";"";"";"";"";"";"0";"0";"0";"0";"5";"1";"";"0";"0";"";"0000-00-00";"";"";"2";""
"";"";"29";"";"";"color,radio,color,radio";"frame,Shape,size,Type";"frame,shape,size,Type";"charcol-white:#e3fffe,horizontal,24x16,canvas";"";"";"";"";"";"";"0";"0";"0";"0";"5";"1";"";"0";"0";"";"0000-00-00";"";"";"2";""
"";"";"29";"";"";"color,radio,color,radio";"frame,Shape,size,Type";"frame,shape,size,Type";"pine-wood:#a3afff,horizontal,24x16,canvas";"";"";"";"";"";"";"0";"0";"0";"0";"5";"1";"";"0";"0";"";"0000-00-00";"";"";"2";""
"";"";"29";"";"";"color,radio,color,radio";"frame,Shape,size,Type";"frame,shape,size,Type";"none:#62ff43,horizontal,30x20,canvas";"";"";"";"";"";"";"0";"0";"0";"0";"5";"1";"";"0";"0";"";"0000-00-00";"";"";"2";""
"";"";"29";"";"";"color,radio,color,radio";"frame,Shape,size,Type";"frame,shape,size,Type";"natural-wood:#ffd083,horizontal,30x20,canvas";"";"";"";"";"";"";"0";"0";"0";"0";"5";"1";"";"0";"0";"";"0000-00-00";"";"";"2";""
"";"";"29";"";"";"color,radio,color,radio";"frame,Shape,size,Type";"frame,shape,size,Type";"dark-wood:#ce6600,horizontal,30x20,canvas";"";"";"";"";"";"";"0";"0";"0";"0";"5";"1";"";"0";"0";"";"0000-00-00";"";"";"2";""
"";"";"29";"";"";"color,radio,color,radio";"frame,Shape,size,Type";"frame,shape,size,Type";"charcol-black:#3b1200,horizontal,30x20,canvas";"";"";"";"";"";"";"0";"0";"0";"0";"5";"1";"";"0";"0";"";"0000-00-00";"";"";"2";""
"";"";"29";"";"";"color,radio,color,radio";"frame,Shape,size,Type";"frame,shape,size,Type";"charcol-white:#e3fffe,horizontal,30x20,canvas";"";"";"";"";"";"";"0";"0";"0";"0";"5";"1";"";"0";"0";"";"0000-00-00";"";"";"2";""
"";"";"29";"";"";"color,radio,color,radio";"frame,Shape,size,Type";"frame,shape,size,Type";"pine-wood:#a3afff,horizontal,30x20,canvas";"";"";"";"";"";"";"0";"0";"0";"0";"5";"1";"";"0";"0";"";"0000-00-00";"";"";"2";""
"";"";"29";"";"";"color,radio,color,radio";"frame,Shape,size,Type";"frame,shape,size,Type";"none:#62ff43,horizontal,36x24,canvas";"";"";"";"";"";"";"0";"0";"0";"0";"5";"1";"";"0";"0";"";"0000-00-00";"";"";"2";""
"";"";"29";"";"";"color,radio,color,radio";"frame,Shape,size,Type";"frame,shape,size,Type";"natural-wood:#ffd083,horizontal,36x24,canvas";"";"";"";"";"";"";"0";"0";"0";"0";"5";"1";"";"0";"0";"";"0000-00-00";"";"";"2";""
"";"";"29";"";"";"color,radio,color,radio";"frame,Shape,size,Type";"frame,shape,size,Type";"dark-wood:#ce6600,horizontal,36x24,canvas";"";"";"";"";"";"";"0";"0";"0";"0";"5";"1";"";"0";"0";"";"0000-00-00";"";"";"2";""
"";"";"29";"";"";"color,radio,color,radio";"frame,Shape,size,Type";"frame,shape,size,Type";"charcol-black:#3b1200,horizontal,36x24,canvas";"";"";"";"";"";"";"0";"0";"0";"0";"5";"1";"";"0";"0";"";"0000-00-00";"";"";"2";""
"";"";"29";"";"";"color,radio,color,radio";"frame,Shape,size,Type";"frame,shape,size,Type";"charcol-white:#e3fffe,horizontal,36x24,canvas";"";"";"";"";"";"";"0";"0";"0";"0";"5";"1";"";"0";"0";"";"0000-00-00";"";"";"2";""
"";"";"29";"";"";"color,radio,color,radio";"frame,Shape,size,Type";"frame,shape,size,Type";"pine-wood:#a3afff,horizontal,36x24,canvas";"";"";"";"";"";"";"0";"0";"0";"0";"5";"1";"";"0";"0";"";"0000-00-00";"";"";"2";""
"";"";"29";"";"";"color,radio,color,radio";"frame,Shape,size,Type";"frame,shape,size,Type";"none:#62ff43,horizontal,30x45,canvas";"";"";"";"";"";"";"0";"0";"0";"0";"5";"1";"";"0";"0";"";"0000-00-00";"";"";"2";""
"";"";"29";"";"";"color,radio,color,radio";"frame,Shape,size,Type";"frame,shape,size,Type";"natural-wood:#ffd083,horizontal,30x45,canvas";"";"";"";"";"";"";"0";"0";"0";"0";"5";"1";"";"0";"0";"";"0000-00-00";"";"";"2";""
"";"";"29";"";"";"color,radio,color,radio";"frame,Shape,size,Type";"frame,shape,size,Type";"dark-wood:#ce6600,horizontal,30x45,canvas";"";"";"";"";"";"";"0";"0";"0";"0";"5";"1";"";"0";"0";"";"0000-00-00";"";"";"2";""
"";"";"29";"";"";"color,radio,color,radio";"frame,Shape,size,Type";"frame,shape,size,Type";"charcol-black:#3b1200,horizontal,30x45,canvas";"";"";"";"";"";"";"0";"0";"0";"0";"5";"1";"";"0";"0";"";"0000-00-00";"";"";"2";""
"";"";"29";"";"";"color,radio,color,radio";"frame,Shape,size,Type";"frame,shape,size,Type";"charcol-white:#e3fffe,horizontal,30x45,canvas";"";"";"";"";"";"";"0";"0";"0";"0";"5";"1";"";"0";"0";"";"0000-00-00";"";"";"2";""
"";"";"29";"";"";"color,radio,color,radio";"frame,Shape,size,Type";"frame,shape,size,Type";"pine-wood:#a3afff,horizontal,30x45,canvas";"";"";"";"";"";"";"0";"0";"0";"0";"5";"1";"";"0";"0";"";"0000-00-00";"";"";"2";""
"";"";"29";"";"";"color,radio,color,radio";"frame,Shape,size,Type";"frame,shape,size,Type";"none:#62ff43,horizontal,15x10,fine-art-paper";"";"";"";"";"";"";"0";"0";"0";"0";"5";"1";"";"0";"0";"";"0000-00-00";"";"";"2";""
"";"";"29";"";"";"color,radio,color,radio";"frame,Shape,size,Type";"frame,shape,size,Type";"natural-wood:#ffd083,horizontal,15x10,fine-art-paper";"";"";"";"";"";"";"0";"0";"0";"0";"5";"1";"";"0";"0";"";"0000-00-00";"";"";"2";""
"";"";"29";"";"";"color,radio,color,radio";"frame,Shape,size,Type";"frame,shape,size,Type";"dark-wood:#ce6600,horizontal,15x10,fine-art-paper";"";"";"";"";"";"";"0";"0";"0";"0";"5";"1";"";"0";"0";"";"0000-00-00";"";"";"2";""
"";"";"29";"";"";"color,radio,color,radio";"frame,Shape,size,Type";"frame,shape,size,Type";"charcol-black:#3b1200,horizontal,15x10,fine-art-paper";"";"";"";"";"";"";"0";"0";"0";"0";"5";"1";"";"0";"0";"";"0000-00-00";"";"";"2";""
"";"";"29";"";"";"color,radio,color,radio";"frame,Shape,size,Type";"frame,shape,size,Type";"charcol-white:#e3fffe,horizontal,15x10,fine-art-paper";"";"";"";"";"";"";"0";"0";"0";"0";"5";"1";"";"0";"0";"";"0000-00-00";"";"";"2";""
"";"";"29";"";"";"color,radio,color,radio";"frame,Shape,size,Type";"frame,shape,size,Type";"pine-wood:#a3afff,horizontal,15x10,fine-art-paper";"";"";"";"";"";"";"0";"0";"0";"0";"5";"1";"";"0";"0";"";"0000-00-00";"";"";"2";""
"";"";"29";"";"";"color,radio,color,radio";"frame,Shape,size,Type";"frame,shape,size,Type";"none:#62ff43,horizontal,18x12,fine-art-paper";"";"";"";"";"";"";"0";"0";"0";"0";"5";"1";"";"0";"0";"";"0000-00-00";"";"";"2";""
"";"";"29";"";"";"color,radio,color,radio";"frame,Shape,size,Type";"frame,shape,size,Type";"natural-wood:#ffd083,horizontal,18x12,fine-art-paper";"";"";"";"";"";"";"0";"0";"0";"0";"5";"1";"";"0";"0";"";"0000-00-00";"";"";"2";""
"";"";"29";"";"";"color,radio,color,radio";"frame,Shape,size,Type";"frame,shape,size,Type";"dark-wood:#ce6600,horizontal,18x12,fine-art-paper";"";"";"";"";"";"";"0";"0";"0";"0";"5";"1";"";"0";"0";"";"0000-00-00";"";"";"2";""
"";"";"29";"";"";"color,radio,color,radio";"frame,Shape,size,Type";"frame,shape,size,Type";"charcol-black:#3b1200,horizontal,18x12,fine-art-paper";"";"";"";"";"";"";"0";"0";"0";"0";"5";"1";"";"0";"0";"";"0000-00-00";"";"";"2";""
"";"";"29";"";"";"color,radio,color,radio";"frame,Shape,size,Type";"frame,shape,size,Type";"charcol-white:#e3fffe,horizontal,18x12,fine-art-paper";"";"";"";"";"";"";"0";"0";"0";"0";"5";"1";"";"0";"0";"";"0000-00-00";"";"";"2";""
"";"";"29";"";"";"color,radio,color,radio";"frame,Shape,size,Type";"frame,shape,size,Type";"pine-wood:#a3afff,horizontal,18x12,fine-art-paper";"";"";"";"";"";"";"0";"0";"0";"0";"5";"1";"";"0";"0";"";"0000-00-00";"";"";"2";""
"";"";"29";"";"";"color,radio,color,radio";"frame,Shape,size,Type";"frame,shape,size,Type";"none:#62ff43,horizontal,24x16,fine-art-paper";"";"";"";"";"";"";"0";"0";"0";"0";"5";"1";"";"0";"0";"";"0000-00-00";"";"";"2";""
"";"";"29";"";"";"color,radio,color,radio";"frame,Shape,size,Type";"frame,shape,size,Type";"natural-wood:#ffd083,horizontal,24x16,fine-art-paper";"";"";"";"";"";"";"0";"0";"0";"0";"5";"1";"";"0";"0";"";"0000-00-00";"";"";"2";""
"";"";"29";"";"";"color,radio,color,radio";"frame,Shape,size,Type";"frame,shape,size,Type";"dark-wood:#ce6600,horizontal,24x16,fine-art-paper";"";"";"";"";"";"";"0";"0";"0";"0";"5";"1";"";"0";"0";"";"0000-00-00";"";"";"2";""
"";"";"29";"";"";"color,radio,color,radio";"frame,Shape,size,Type";"frame,shape,size,Type";"charcol-black:#3b1200,horizontal,24x16,fine-art-paper";"";"";"";"";"";"";"0";"0";"0";"0";"5";"1";"";"0";"0";"";"0000-00-00";"";"";"2";""
"";"";"29";"";"";"color,radio,color,radio";"frame,Shape,size,Type";"frame,shape,size,Type";"charcol-white:#e3fffe,horizontal,24x16,fine-art-paper";"";"";"";"";"";"";"0";"0";"0";"0";"5";"1";"";"0";"0";"";"0000-00-00";"";"";"2";""
"";"";"29";"";"";"color,radio,color,radio";"frame,Shape,size,Type";"frame,shape,size,Type";"pine-wood:#a3afff,horizontal,24x16,fine-art-paper";"";"";"";"";"";"";"0";"0";"0";"0";"5";"1";"";"0";"0";"";"0000-00-00";"";"";"2";""
"";"";"29";"";"";"color,radio,color,radio";"frame,Shape,size,Type";"frame,shape,size,Type";"none:#62ff43,horizontal,30x20,fine-art-paper";"";"";"";"";"";"";"0";"0";"0";"0";"5";"1";"";"0";"0";"";"0000-00-00";"";"";"2";""
"";"";"29";"";"";"color,radio,color,radio";"frame,Shape,size,Type";"frame,shape,size,Type";"natural-wood:#ffd083,horizontal,30x20,fine-art-paper";"";"";"";"";"";"";"0";"0";"0";"0";"5";"1";"";"0";"0";"";"0000-00-00";"";"";"2";""
"";"";"29";"";"";"color,radio,color,radio";"frame,Shape,size,Type";"frame,shape,size,Type";"dark-wood:#ce6600,horizontal,30x20,fine-art-paper";"";"";"";"";"";"";"0";"0";"0";"0";"5";"1";"";"0";"0";"";"0000-00-00";"";"";"2";""
"";"";"29";"";"";"color,radio,color,radio";"frame,Shape,size,Type";"frame,shape,size,Type";"charcol-black:#3b1200,horizontal,30x20,fine-art-paper";"";"";"";"";"";"";"0";"0";"0";"0";"5";"1";"";"0";"0";"";"0000-00-00";"";"";"2";""
"";"";"29";"";"";"color,radio,color,radio";"frame,Shape,size,Type";"frame,shape,size,Type";"charcol-white:#e3fffe,horizontal,30x20,fine-art-paper";"";"";"";"";"";"";"0";"0";"0";"0";"5";"1";"";"0";"0";"";"0000-00-00";"";"";"2";""
"";"";"29";"";"";"color,radio,color,radio";"frame,Shape,size,Type";"frame,shape,size,Type";"pine-wood:#a3afff,horizontal,30x20,fine-art-paper";"";"";"";"";"";"";"0";"0";"0";"0";"5";"1";"";"0";"0";"";"0000-00-00";"";"";"2";""
"";"";"29";"";"";"color,radio,color,radio";"frame,Shape,size,Type";"frame,shape,size,Type";"none:#62ff43,horizontal,36x24,fine-art-paper";"";"";"";"";"";"";"0";"0";"0";"0";"5";"1";"";"0";"0";"";"0000-00-00";"";"";"2";""
"";"";"29";"";"";"color,radio,color,radio";"frame,Shape,size,Type";"frame,shape,size,Type";"natural-wood:#ffd083,horizontal,36x24,fine-art-paper";"";"";"";"";"";"";"0";"0";"0";"0";"5";"1";"";"0";"0";"";"0000-00-00";"";"";"2";""
"";"";"29";"";"";"color,radio,color,radio";"frame,Shape,size,Type";"frame,shape,size,Type";"dark-wood:#ce6600,horizontal,36x24,fine-art-paper";"";"";"";"";"";"";"0";"0";"0";"0";"5";"1";"";"0";"0";"";"0000-00-00";"";"";"2";""
"";"";"29";"";"";"color,radio,color,radio";"frame,Shape,size,Type";"frame,shape,size,Type";"charcol-black:#3b1200,horizontal,36x24,fine-art-paper";"";"";"";"";"";"";"0";"0";"0";"0";"5";"1";"";"0";"0";"";"0000-00-00";"";"";"2";""
"";"";"29";"";"";"color,radio,color,radio";"frame,Shape,size,Type";"frame,shape,size,Type";"charcol-white:#e3fffe,horizontal,36x24,fine-art-paper";"";"";"";"";"";"";"0";"0";"0";"0";"5";"1";"";"0";"0";"";"0000-00-00";"";"";"2";""
"";"";"29";"";"";"color,radio,color,radio";"frame,Shape,size,Type";"frame,shape,size,Type";"pine-wood:#a3afff,horizontal,36x24,fine-art-paper";"";"";"";"";"";"";"0";"0";"0";"0";"5";"1";"";"0";"0";"";"0000-00-00";"";"";"2";""
"";"";"29";"";"";"color,radio,color,radio";"frame,Shape,size,Type";"frame,shape,size,Type";"none:#62ff43,horizontal,30x45,fine-art-paper";"";"";"";"";"";"";"0";"0";"0";"0";"5";"1";"";"0";"0";"";"0000-00-00";"";"";"2";""
"";"";"29";"";"";"color,radio,color,radio";"frame,Shape,size,Type";"frame,shape,size,Type";"natural-wood:#ffd083,horizontal,30x45,fine-art-paper";"";"";"";"";"";"";"0";"0";"0";"0";"5";"1";"";"0";"0";"";"0000-00-00";"";"";"2";""
"";"";"29";"";"";"color,radio,color,radio";"frame,Shape,size,Type";"frame,shape,size,Type";"dark-wood:#ce6600,horizontal,30x45,fine-art-paper";"";"";"";"";"";"";"0";"0";"0";"0";"5";"1";"";"0";"0";"";"0000-00-00";"";"";"2";""
"";"";"29";"";"";"color,radio,color,radio";"frame,Shape,size,Type";"frame,shape,size,Type";"charcol-black:#3b1200,horizontal,30x45,fine-art-paper";"";"";"";"";"";"";"0";"0";"0";"0";"5";"1";"";"0";"0";"";"0000-00-00";"";"";"2";""
"";"";"29";"";"";"color,radio,color,radio";"frame,Shape,size,Type";"frame,shape,size,Type";"charcol-white:#e3fffe,horizontal,30x45,fine-art-paper";"";"";"";"";"";"";"0";"0";"0";"0";"5";"1";"";"0";"0";"";"0000-00-00";"";"";"2";""
"";"";"29";"";"";"color,radio,color,radio";"frame,Shape,size,Type";"frame,shape,size,Type";"pine-wood:#a3afff,horizontal,30x45,fine-art-paper";"";"";"";"";"";"";"0";"0";"0";"0";"5";"1";"";"0";"0";"";"0000-00-00";"";"";"2";""
"";"";"32";"";"";"color,radio,color,radio";"frame,Shape,size,Type";"frame,shape,size,Type";"none:#62ff43,horizontal,15x10,canvas";"";"";"";"";"";"";"0";"0";"0";"0";"5";"1";"";"0";"0";"1";"0000-00-00";"";"";"2";""
"";"";"32";"";"";"color,radio,color,radio";"frame,Shape,size,Type";"frame,shape,size,Type";"natural-wood:#ffd083,horizontal,15x10,canvas";"";"";"";"";"";"";"0";"0";"0";"0";"5";"1";"";"0";"0";"";"0000-00-00";"";"";"2";""
"";"";"32";"";"";"color,radio,color,radio";"frame,Shape,size,Type";"frame,shape,size,Type";"dark-wood:#ce6600,horizontal,15x10,canvas";"";"";"";"";"";"";"0";"0";"0";"0";"5";"1";"";"0";"0";"";"0000-00-00";"";"";"2";""
"";"";"32";"";"";"color,radio,color,radio";"frame,Shape,size,Type";"frame,shape,size,Type";"charcol-black:#3b1200,horizontal,15x10,canvas";"";"";"";"";"";"";"0";"0";"0";"0";"5";"1";"";"0";"0";"";"0000-00-00";"";"";"2";""
"";"";"32";"";"";"color,radio,color,radio";"frame,Shape,size,Type";"frame,shape,size,Type";"charcol-white:#e3fffe,horizontal,15x10,canvas";"";"";"";"";"";"";"0";"0";"0";"0";"5";"1";"";"0";"0";"";"0000-00-00";"";"";"2";""
"";"";"32";"";"";"color,radio,color,radio";"frame,Shape,size,Type";"frame,shape,size,Type";"pine-wood:#a3afff,horizontal,15x10,canvas";"";"";"";"";"";"";"0";"0";"0";"0";"5";"1";"";"0";"0";"";"0000-00-00";"";"";"2";""
"";"";"32";"";"";"color,radio,color,radio";"frame,Shape,size,Type";"frame,shape,size,Type";"none:#62ff43,horizontal,18x12,canvas";"";"";"";"";"";"";"0";"0";"0";"0";"5";"1";"";"0";"0";"";"0000-00-00";"";"";"2";""
"";"";"32";"";"";"color,radio,color,radio";"frame,Shape,size,Type";"frame,shape,size,Type";"natural-wood:#ffd083,horizontal,18x12,canvas";"";"";"";"";"";"";"0";"0";"0";"0";"5";"1";"";"0";"0";"";"0000-00-00";"";"";"2";""
"";"";"32";"";"";"color,radio,color,radio";"frame,Shape,size,Type";"frame,shape,size,Type";"dark-wood:#ce6600,horizontal,18x12,canvas";"";"";"";"";"";"";"0";"0";"0";"0";"5";"1";"";"0";"0";"";"0000-00-00";"";"";"2";""
"";"";"32";"";"";"color,radio,color,radio";"frame,Shape,size,Type";"frame,shape,size,Type";"charcol-black:#3b1200,horizontal,18x12,canvas";"";"";"";"";"";"";"0";"0";"0";"0";"5";"1";"";"0";"0";"";"0000-00-00";"";"";"2";""
"";"";"32";"";"";"color,radio,color,radio";"frame,Shape,size,Type";"frame,shape,size,Type";"charcol-white:#e3fffe,horizontal,18x12,canvas";"";"";"";"";"";"";"0";"0";"0";"0";"5";"1";"";"0";"0";"";"0000-00-00";"";"";"2";""
"";"";"32";"";"";"color,radio,color,radio";"frame,Shape,size,Type";"frame,shape,size,Type";"pine-wood:#a3afff,horizontal,18x12,canvas";"";"";"";"";"";"";"0";"0";"0";"0";"5";"1";"";"0";"0";"";"0000-00-00";"";"";"2";""
"";"";"32";"";"";"color,radio,color,radio";"frame,Shape,size,Type";"frame,shape,size,Type";"none:#62ff43,horizontal,24x16,canvas";"";"";"";"";"";"";"0";"0";"0";"0";"5";"1";"";"0";"0";"";"0000-00-00";"";"";"2";""
"";"";"32";"";"";"color,radio,color,radio";"frame,Shape,size,Type";"frame,shape,size,Type";"natural-wood:#ffd083,horizontal,24x16,canvas";"";"";"";"";"";"";"0";"0";"0";"0";"5";"1";"";"0";"0";"";"0000-00-00";"";"";"2";""
"";"";"32";"";"";"color,radio,color,radio";"frame,Shape,size,Type";"frame,shape,size,Type";"dark-wood:#ce6600,horizontal,24x16,canvas";"";"";"";"";"";"";"0";"0";"0";"0";"5";"1";"";"0";"0";"";"0000-00-00";"";"";"2";""
"";"";"32";"";"";"color,radio,color,radio";"frame,Shape,size,Type";"frame,shape,size,Type";"charcol-black:#3b1200,horizontal,24x16,canvas";"";"";"";"";"";"";"0";"0";"0";"0";"5";"1";"";"0";"0";"";"0000-00-00";"";"";"2";""
"";"";"32";"";"";"color,radio,color,radio";"frame,Shape,size,Type";"frame,shape,size,Type";"charcol-white:#e3fffe,horizontal,24x16,canvas";"";"";"";"";"";"";"0";"0";"0";"0";"5";"1";"";"0";"0";"";"0000-00-00";"";"";"2";""
"";"";"32";"";"";"color,radio,color,radio";"frame,Shape,size,Type";"frame,shape,size,Type";"pine-wood:#a3afff,horizontal,24x16,canvas";"";"";"";"";"";"";"0";"0";"0";"0";"5";"1";"";"0";"0";"";"0000-00-00";"";"";"2";""
"";"";"32";"";"";"color,radio,color,radio";"frame,Shape,size,Type";"frame,shape,size,Type";"none:#62ff43,horizontal,30x20,canvas";"";"";"";"";"";"";"0";"0";"0";"0";"5";"1";"";"0";"0";"";"0000-00-00";"";"";"2";""
"";"";"32";"";"";"color,radio,color,radio";"frame,Shape,size,Type";"frame,shape,size,Type";"natural-wood:#ffd083,horizontal,30x20,canvas";"";"";"";"";"";"";"0";"0";"0";"0";"5";"1";"";"0";"0";"";"0000-00-00";"";"";"2";""
"";"";"32";"";"";"color,radio,color,radio";"frame,Shape,size,Type";"frame,shape,size,Type";"dark-wood:#ce6600,horizontal,30x20,canvas";"";"";"";"";"";"";"0";"0";"0";"0";"5";"1";"";"0";"0";"";"0000-00-00";"";"";"2";""
"";"";"32";"";"";"color,radio,color,radio";"frame,Shape,size,Type";"frame,shape,size,Type";"charcol-black:#3b1200,horizontal,30x20,canvas";"";"";"";"";"";"";"0";"0";"0";"0";"5";"1";"";"0";"0";"";"0000-00-00";"";"";"2";""
"";"";"32";"";"";"color,radio,color,radio";"frame,Shape,size,Type";"frame,shape,size,Type";"charcol-white:#e3fffe,horizontal,30x20,canvas";"";"";"";"";"";"";"0";"0";"0";"0";"5";"1";"";"0";"0";"";"0000-00-00";"";"";"2";""
"";"";"32";"";"";"color,radio,color,radio";"frame,Shape,size,Type";"frame,shape,size,Type";"pine-wood:#a3afff,horizontal,30x20,canvas";"";"";"";"";"";"";"0";"0";"0";"0";"5";"1";"";"0";"0";"";"0000-00-00";"";"";"2";""
"";"";"32";"";"";"color,radio,color,radio";"frame,Shape,size,Type";"frame,shape,size,Type";"none:#62ff43,horizontal,36x24,canvas";"";"";"";"";"";"";"0";"0";"0";"0";"5";"1";"";"0";"0";"";"0000-00-00";"";"";"2";""
"";"";"32";"";"";"color,radio,color,radio";"frame,Shape,size,Type";"frame,shape,size,Type";"natural-wood:#ffd083,horizontal,36x24,canvas";"";"";"";"";"";"";"0";"0";"0";"0";"5";"1";"";"0";"0";"";"0000-00-00";"";"";"2";""
"";"";"32";"";"";"color,radio,color,radio";"frame,Shape,size,Type";"frame,shape,size,Type";"dark-wood:#ce6600,horizontal,36x24,canvas";"";"";"";"";"";"";"0";"0";"0";"0";"5";"1";"";"0";"0";"";"0000-00-00";"";"";"2";""
"";"";"32";"";"";"color,radio,color,radio";"frame,Shape,size,Type";"frame,shape,size,Type";"charcol-black:#3b1200,horizontal,36x24,canvas";"";"";"";"";"";"";"0";"0";"0";"0";"5";"1";"";"0";"0";"";"0000-00-00";"";"";"2";""
"";"";"32";"";"";"color,radio,color,radio";"frame,Shape,size,Type";"frame,shape,size,Type";"charcol-white:#e3fffe,horizontal,36x24,canvas";"";"";"";"";"";"";"0";"0";"0";"0";"5";"1";"";"0";"0";"";"0000-00-00";"";"";"2";""
"";"";"32";"";"";"color,radio,color,radio";"frame,Shape,size,Type";"frame,shape,size,Type";"pine-wood:#a3afff,horizontal,36x24,canvas";"";"";"";"";"";"";"0";"0";"0";"0";"5";"1";"";"0";"0";"";"0000-00-00";"";"";"2";""
"";"";"32";"";"";"color,radio,color,radio";"frame,Shape,size,Type";"frame,shape,size,Type";"none:#62ff43,horizontal,30x45,canvas";"";"";"";"";"";"";"0";"0";"0";"0";"5";"1";"";"0";"0";"";"0000-00-00";"";"";"2";""
"";"";"32";"";"";"color,radio,color,radio";"frame,Shape,size,Type";"frame,shape,size,Type";"natural-wood:#ffd083,horizontal,30x45,canvas";"";"";"";"";"";"";"0";"0";"0";"0";"5";"1";"";"0";"0";"";"0000-00-00";"";"";"2";""
"";"";"32";"";"";"color,radio,color,radio";"frame,Shape,size,Type";"frame,shape,size,Type";"dark-wood:#ce6600,horizontal,30x45,canvas";"";"";"";"";"";"";"0";"0";"0";"0";"5";"1";"";"0";"0";"";"0000-00-00";"";"";"2";""
"";"";"32";"";"";"color,radio,color,radio";"frame,Shape,size,Type";"frame,shape,size,Type";"charcol-black:#3b1200,horizontal,30x45,canvas";"";"";"";"";"";"";"0";"0";"0";"0";"5";"1";"";"0";"0";"";"0000-00-00";"";"";"2";""
"";"";"32";"";"";"color,radio,color,radio";"frame,Shape,size,Type";"frame,shape,size,Type";"charcol-white:#e3fffe,horizontal,30x45,canvas";"";"";"";"";"";"";"0";"0";"0";"0";"5";"1";"";"0";"0";"";"0000-00-00";"";"";"2";""
"";"";"32";"";"";"color,radio,color,radio";"frame,Shape,size,Type";"frame,shape,size,Type";"pine-wood:#a3afff,horizontal,30x45,canvas";"";"";"";"";"";"";"0";"0";"0";"0";"5";"1";"";"0";"0";"";"0000-00-00";"";"";"2";""
"";"";"32";"";"";"color,radio,color,radio";"frame,Shape,size,Type";"frame,shape,size,Type";"none:#62ff43,horizontal,15x10,fine-art-paper";"";"";"";"";"";"";"0";"0";"0";"0";"5";"1";"";"0";"0";"";"0000-00-00";"";"";"2";""
"";"";"32";"";"";"color,radio,color,radio";"frame,Shape,size,Type";"frame,shape,size,Type";"natural-wood:#ffd083,horizontal,15x10,fine-art-paper";"";"";"";"";"";"";"0";"0";"0";"0";"5";"1";"";"0";"0";"";"0000-00-00";"";"";"2";""
"";"";"32";"";"";"color,radio,color,radio";"frame,Shape,size,Type";"frame,shape,size,Type";"dark-wood:#ce6600,horizontal,15x10,fine-art-paper";"";"";"";"";"";"";"0";"0";"0";"0";"5";"1";"";"0";"0";"";"0000-00-00";"";"";"2";""
"";"";"32";"";"";"color,radio,color,radio";"frame,Shape,size,Type";"frame,shape,size,Type";"charcol-black:#3b1200,horizontal,15x10,fine-art-paper";"";"";"";"";"";"";"0";"0";"0";"0";"5";"1";"";"0";"0";"";"0000-00-00";"";"";"2";""
"";"";"32";"";"";"color,radio,color,radio";"frame,Shape,size,Type";"frame,shape,size,Type";"charcol-white:#e3fffe,horizontal,15x10,fine-art-paper";"";"";"";"";"";"";"0";"0";"0";"0";"5";"1";"";"0";"0";"";"0000-00-00";"";"";"2";""
"";"";"32";"";"";"color,radio,color,radio";"frame,Shape,size,Type";"frame,shape,size,Type";"pine-wood:#a3afff,horizontal,15x10,fine-art-paper";"";"";"";"";"";"";"0";"0";"0";"0";"5";"1";"";"0";"0";"";"0000-00-00";"";"";"2";""
"";"";"32";"";"";"color,radio,color,radio";"frame,Shape,size,Type";"frame,shape,size,Type";"none:#62ff43,horizontal,18x12,fine-art-paper";"";"";"";"";"";"";"0";"0";"0";"0";"5";"1";"";"0";"0";"";"0000-00-00";"";"";"2";""
"";"";"32";"";"";"color,radio,color,radio";"frame,Shape,size,Type";"frame,shape,size,Type";"natural-wood:#ffd083,horizontal,18x12,fine-art-paper";"";"";"";"";"";"";"0";"0";"0";"0";"5";"1";"";"0";"0";"";"0000-00-00";"";"";"2";""
"";"";"32";"";"";"color,radio,color,radio";"frame,Shape,size,Type";"frame,shape,size,Type";"dark-wood:#ce6600,horizontal,18x12,fine-art-paper";"";"";"";"";"";"";"0";"0";"0";"0";"5";"1";"";"0";"0";"";"0000-00-00";"";"";"2";""
"";"";"32";"";"";"color,radio,color,radio";"frame,Shape,size,Type";"frame,shape,size,Type";"charcol-black:#3b1200,horizontal,18x12,fine-art-paper";"";"";"";"";"";"";"0";"0";"0";"0";"5";"1";"";"0";"0";"";"0000-00-00";"";"";"2";""
"";"";"32";"";"";"color,radio,color,radio";"frame,Shape,size,Type";"frame,shape,size,Type";"charcol-white:#e3fffe,horizontal,18x12,fine-art-paper";"";"";"";"";"";"";"0";"0";"0";"0";"5";"1";"";"0";"0";"";"0000-00-00";"";"";"2";""
"";"";"32";"";"";"color,radio,color,radio";"frame,Shape,size,Type";"frame,shape,size,Type";"pine-wood:#a3afff,horizontal,18x12,fine-art-paper";"";"";"";"";"";"";"0";"0";"0";"0";"5";"1";"";"0";"0";"";"0000-00-00";"";"";"2";""
"";"";"32";"";"";"color,radio,color,radio";"frame,Shape,size,Type";"frame,shape,size,Type";"none:#62ff43,horizontal,24x16,fine-art-paper";"";"";"";"";"";"";"0";"0";"0";"0";"5";"1";"";"0";"0";"";"0000-00-00";"";"";"2";""
"";"";"32";"";"";"color,radio,color,radio";"frame,Shape,size,Type";"frame,shape,size,Type";"natural-wood:#ffd083,horizontal,24x16,fine-art-paper";"";"";"";"";"";"";"0";"0";"0";"0";"5";"1";"";"0";"0";"";"0000-00-00";"";"";"2";""
"";"";"32";"";"";"color,radio,color,radio";"frame,Shape,size,Type";"frame,shape,size,Type";"dark-wood:#ce6600,horizontal,24x16,fine-art-paper";"";"";"";"";"";"";"0";"0";"0";"0";"5";"1";"";"0";"0";"";"0000-00-00";"";"";"2";""
"";"";"32";"";"";"color,radio,color,radio";"frame,Shape,size,Type";"frame,shape,size,Type";"charcol-black:#3b1200,horizontal,24x16,fine-art-paper";"";"";"";"";"";"";"0";"0";"0";"0";"5";"1";"";"0";"0";"";"0000-00-00";"";"";"2";""
"";"";"32";"";"";"color,radio,color,radio";"frame,Shape,size,Type";"frame,shape,size,Type";"charcol-white:#e3fffe,horizontal,24x16,fine-art-paper";"";"";"";"";"";"";"0";"0";"0";"0";"5";"1";"";"0";"0";"";"0000-00-00";"";"";"2";""
"";"";"32";"";"";"color,radio,color,radio";"frame,Shape,size,Type";"frame,shape,size,Type";"pine-wood:#a3afff,horizontal,24x16,fine-art-paper";"";"";"";"";"";"";"0";"0";"0";"0";"5";"1";"";"0";"0";"";"0000-00-00";"";"";"2";""
"";"";"32";"";"";"color,radio,color,radio";"frame,Shape,size,Type";"frame,shape,size,Type";"none:#62ff43,horizontal,30x20,fine-art-paper";"";"";"";"";"";"";"0";"0";"0";"0";"5";"1";"";"0";"0";"";"0000-00-00";"";"";"2";""
"";"";"32";"";"";"color,radio,color,radio";"frame,Shape,size,Type";"frame,shape,size,Type";"natural-wood:#ffd083,horizontal,30x20,fine-art-paper";"";"";"";"";"";"";"0";"0";"0";"0";"5";"1";"";"0";"0";"";"0000-00-00";"";"";"2";""
"";"";"32";"";"";"color,radio,color,radio";"frame,Shape,size,Type";"frame,shape,size,Type";"dark-wood:#ce6600,horizontal,30x20,fine-art-paper";"";"";"";"";"";"";"0";"0";"0";"0";"5";"1";"";"0";"0";"";"0000-00-00";"";"";"2";""
"";"";"32";"";"";"color,radio,color,radio";"frame,Shape,size,Type";"frame,shape,size,Type";"charcol-black:#3b1200,horizontal,30x20,fine-art-paper";"";"";"";"";"";"";"0";"0";"0";"0";"5";"1";"";"0";"0";"";"0000-00-00";"";"";"2";""
"";"";"32";"";"";"color,radio,color,radio";"frame,Shape,size,Type";"frame,shape,size,Type";"charcol-white:#e3fffe,horizontal,30x20,fine-art-paper";"";"";"";"";"";"";"0";"0";"0";"0";"5";"1";"";"0";"0";"";"0000-00-00";"";"";"2";""
"";"";"32";"";"";"color,radio,color,radio";"frame,Shape,size,Type";"frame,shape,size,Type";"pine-wood:#a3afff,horizontal,30x20,fine-art-paper";"";"";"";"";"";"";"0";"0";"0";"0";"5";"1";"";"0";"0";"";"0000-00-00";"";"";"2";""
"";"";"32";"";"";"color,radio,color,radio";"frame,Shape,size,Type";"frame,shape,size,Type";"none:#62ff43,horizontal,36x24,fine-art-paper";"";"";"";"";"";"";"0";"0";"0";"0";"5";"1";"";"0";"0";"";"0000-00-00";"";"";"2";""
"";"";"32";"";"";"color,radio,color,radio";"frame,Shape,size,Type";"frame,shape,size,Type";"natural-wood:#ffd083,horizontal,36x24,fine-art-paper";"";"";"";"";"";"";"0";"0";"0";"0";"5";"1";"";"0";"0";"";"0000-00-00";"";"";"2";""
"";"";"32";"";"";"color,radio,color,radio";"frame,Shape,size,Type";"frame,shape,size,Type";"dark-wood:#ce6600,horizontal,36x24,fine-art-paper";"";"";"";"";"";"";"0";"0";"0";"0";"5";"1";"";"0";"0";"";"0000-00-00";"";"";"2";""
"";"";"32";"";"";"color,radio,color,radio";"frame,Shape,size,Type";"frame,shape,size,Type";"charcol-black:#3b1200,horizontal,36x24,fine-art-paper";"";"";"";"";"";"";"0";"0";"0";"0";"5";"1";"";"0";"0";"";"0000-00-00";"";"";"2";""
"";"";"32";"";"";"color,radio,color,radio";"frame,Shape,size,Type";"frame,shape,size,Type";"charcol-white:#e3fffe,horizontal,36x24,fine-art-paper";"";"";"";"";"";"";"0";"0";"0";"0";"5";"1";"";"0";"0";"";"0000-00-00";"";"";"2";""
"";"";"32";"";"";"color,radio,color,radio";"frame,Shape,size,Type";"frame,shape,size,Type";"pine-wood:#a3afff,horizontal,36x24,fine-art-paper";"";"";"";"";"";"";"0";"0";"0";"0";"5";"1";"";"0";"0";"";"0000-00-00";"";"";"2";""
"";"";"32";"";"";"color,radio,color,radio";"frame,Shape,size,Type";"frame,shape,size,Type";"none:#62ff43,horizontal,30x45,fine-art-paper";"";"";"";"";"";"";"0";"0";"0";"0";"5";"1";"";"0";"0";"";"0000-00-00";"";"";"2";""
"";"";"32";"";"";"color,radio,color,radio";"frame,Shape,size,Type";"frame,shape,size,Type";"natural-wood:#ffd083,horizontal,30x45,fine-art-paper";"";"";"";"";"";"";"0";"0";"0";"0";"5";"1";"";"0";"0";"";"0000-00-00";"";"";"2";""
"";"";"32";"";"";"color,radio,color,radio";"frame,Shape,size,Type";"frame,shape,size,Type";"dark-wood:#ce6600,horizontal,30x45,fine-art-paper";"";"";"";"";"";"";"0";"0";"0";"0";"5";"1";"";"0";"0";"";"0000-00-00";"";"";"2";""
"";"";"32";"";"";"color,radio,color,radio";"frame,Shape,size,Type";"frame,shape,size,Type";"charcol-black:#3b1200,horizontal,30x45,fine-art-paper";"";"";"";"";"";"";"0";"0";"0";"0";"5";"1";"";"0";"0";"";"0000-00-00";"";"";"2";""
"";"";"32";"";"";"color,radio,color,radio";"frame,Shape,size,Type";"frame,shape,size,Type";"charcol-white:#e3fffe,horizontal,30x45,fine-art-paper";"";"";"";"";"";"";"0";"0";"0";"0";"5";"1";"";"0";"0";"";"0000-00-00";"";"";"2";""
"";"";"32";"";"";"color,radio,color,radio";"frame,Shape,size,Type";"frame,shape,size,Type";"pine-wood:#a3afff,horizontal,30x45,fine-art-paper";"";"";"";"";"";"";"0";"0";"0";"0";"5";"1";"";"0";"0";"";"0000-00-00";"";"";"2";""
"";"";"35";"";"";"color,radio,color,radio";"frame,Shape,size,Type";"frame,shape,size,Type";"none:#62ff43,horizontal,15x10,canvas";"";"";"";"";"";"";"0";"0";"0";"0";"5";"1";"";"0";"0";"1";"0000-00-00";"";"";"2";""
"";"";"35";"";"";"color,radio,color,radio";"frame,Shape,size,Type";"frame,shape,size,Type";"natural-wood:#ffd083,horizontal,15x10,canvas";"";"";"";"";"";"";"0";"0";"0";"0";"5";"1";"";"0";"0";"";"0000-00-00";"";"";"2";""
"";"";"35";"";"";"color,radio,color,radio";"frame,Shape,size,Type";"frame,shape,size,Type";"dark-wood:#ce6600,horizontal,15x10,canvas";"";"";"";"";"";"";"0";"0";"0";"0";"5";"1";"";"0";"0";"";"0000-00-00";"";"";"2";""
"";"";"35";"";"";"color,radio,color,radio";"frame,Shape,size,Type";"frame,shape,size,Type";"charcol-black:#3b1200,horizontal,15x10,canvas";"";"";"";"";"";"";"0";"0";"0";"0";"5";"1";"";"0";"0";"";"0000-00-00";"";"";"2";""
"";"";"35";"";"";"color,radio,color,radio";"frame,Shape,size,Type";"frame,shape,size,Type";"charcol-white:#e3fffe,horizontal,15x10,canvas";"";"";"";"";"";"";"0";"0";"0";"0";"5";"1";"";"0";"0";"";"0000-00-00";"";"";"2";""
"";"";"35";"";"";"color,radio,color,radio";"frame,Shape,size,Type";"frame,shape,size,Type";"pine-wood:#a3afff,horizontal,15x10,canvas";"";"";"";"";"";"";"0";"0";"0";"0";"5";"1";"";"0";"0";"";"0000-00-00";"";"";"2";""
"";"";"35";"";"";"color,radio,color,radio";"frame,Shape,size,Type";"frame,shape,size,Type";"none:#62ff43,horizontal,18x12,canvas";"";"";"";"";"";"";"0";"0";"0";"0";"5";"1";"";"0";"0";"";"0000-00-00";"";"";"2";""
"";"";"35";"";"";"color,radio,color,radio";"frame,Shape,size,Type";"frame,shape,size,Type";"natural-wood:#ffd083,horizontal,18x12,canvas";"";"";"";"";"";"";"0";"0";"0";"0";"5";"1";"";"0";"0";"";"0000-00-00";"";"";"2";""
"";"";"35";"";"";"color,radio,color,radio";"frame,Shape,size,Type";"frame,shape,size,Type";"dark-wood:#ce6600,horizontal,18x12,canvas";"";"";"";"";"";"";"0";"0";"0";"0";"5";"1";"";"0";"0";"";"0000-00-00";"";"";"2";""
"";"";"35";"";"";"color,radio,color,radio";"frame,Shape,size,Type";"frame,shape,size,Type";"charcol-black:#3b1200,horizontal,18x12,canvas";"";"";"";"";"";"";"0";"0";"0";"0";"5";"1";"";"0";"0";"";"0000-00-00";"";"";"2";""
"";"";"35";"";"";"color,radio,color,radio";"frame,Shape,size,Type";"frame,shape,size,Type";"charcol-white:#e3fffe,horizontal,18x12,canvas";"";"";"";"";"";"";"0";"0";"0";"0";"5";"1";"";"0";"0";"";"0000-00-00";"";"";"2";""
"";"";"35";"";"";"color,radio,color,radio";"frame,Shape,size,Type";"frame,shape,size,Type";"pine-wood:#a3afff,horizontal,18x12,canvas";"";"";"";"";"";"";"0";"0";"0";"0";"5";"1";"";"0";"0";"";"0000-00-00";"";"";"2";""
"";"";"35";"";"";"color,radio,color,radio";"frame,Shape,size,Type";"frame,shape,size,Type";"none:#62ff43,horizontal,24x16,canvas";"";"";"";"";"";"";"0";"0";"0";"0";"5";"1";"";"0";"0";"";"0000-00-00";"";"";"2";""
"";"";"35";"";"";"color,radio,color,radio";"frame,Shape,size,Type";"frame,shape,size,Type";"natural-wood:#ffd083,horizontal,24x16,canvas";"";"";"";"";"";"";"0";"0";"0";"0";"5";"1";"";"0";"0";"";"0000-00-00";"";"";"2";""
"";"";"35";"";"";"color,radio,color,radio";"frame,Shape,size,Type";"frame,shape,size,Type";"dark-wood:#ce6600,horizontal,24x16,canvas";"";"";"";"";"";"";"0";"0";"0";"0";"5";"1";"";"0";"0";"";"0000-00-00";"";"";"2";""
"";"";"35";"";"";"color,radio,color,radio";"frame,Shape,size,Type";"frame,shape,size,Type";"charcol-black:#3b1200,horizontal,24x16,canvas";"";"";"";"";"";"";"0";"0";"0";"0";"5";"1";"";"0";"0";"";"0000-00-00";"";"";"2";""
"";"";"35";"";"";"color,radio,color,radio";"frame,Shape,size,Type";"frame,shape,size,Type";"charcol-white:#e3fffe,horizontal,24x16,canvas";"";"";"";"";"";"";"0";"0";"0";"0";"5";"1";"";"0";"0";"";"0000-00-00";"";"";"2";""
"";"";"35";"";"";"color,radio,color,radio";"frame,Shape,size,Type";"frame,shape,size,Type";"pine-wood:#a3afff,horizontal,24x16,canvas";"";"";"";"";"";"";"0";"0";"0";"0";"5";"1";"";"0";"0";"";"0000-00-00";"";"";"2";""
"";"";"35";"";"";"color,radio,color,radio";"frame,Shape,size,Type";"frame,shape,size,Type";"none:#62ff43,horizontal,30x20,canvas";"";"";"";"";"";"";"0";"0";"0";"0";"5";"1";"";"0";"0";"";"0000-00-00";"";"";"2";""
"";"";"35";"";"";"color,radio,color,radio";"frame,Shape,size,Type";"frame,shape,size,Type";"natural-wood:#ffd083,horizontal,30x20,canvas";"";"";"";"";"";"";"0";"0";"0";"0";"5";"1";"";"0";"0";"";"0000-00-00";"";"";"2";""
"";"";"35";"";"";"color,radio,color,radio";"frame,Shape,size,Type";"frame,shape,size,Type";"dark-wood:#ce6600,horizontal,30x20,canvas";"";"";"";"";"";"";"0";"0";"0";"0";"5";"1";"";"0";"0";"";"0000-00-00";"";"";"2";""
"";"";"35";"";"";"color,radio,color,radio";"frame,Shape,size,Type";"frame,shape,size,Type";"charcol-black:#3b1200,horizontal,30x20,canvas";"";"";"";"";"";"";"0";"0";"0";"0";"5";"1";"";"0";"0";"";"0000-00-00";"";"";"2";""
"";"";"35";"";"";"color,radio,color,radio";"frame,Shape,size,Type";"frame,shape,size,Type";"charcol-white:#e3fffe,horizontal,30x20,canvas";"";"";"";"";"";"";"0";"0";"0";"0";"5";"1";"";"0";"0";"";"0000-00-00";"";"";"2";""
"";"";"35";"";"";"color,radio,color,radio";"frame,Shape,size,Type";"frame,shape,size,Type";"pine-wood:#a3afff,horizontal,30x20,canvas";"";"";"";"";"";"";"0";"0";"0";"0";"5";"1";"";"0";"0";"";"0000-00-00";"";"";"2";""
"";"";"35";"";"";"color,radio,color,radio";"frame,Shape,size,Type";"frame,shape,size,Type";"none:#62ff43,horizontal,36x24,canvas";"";"";"";"";"";"";"0";"0";"0";"0";"5";"1";"";"0";"0";"";"0000-00-00";"";"";"2";""
"";"";"35";"";"";"color,radio,color,radio";"frame,Shape,size,Type";"frame,shape,size,Type";"natural-wood:#ffd083,horizontal,36x24,canvas";"";"";"";"";"";"";"0";"0";"0";"0";"5";"1";"";"0";"0";"";"0000-00-00";"";"";"2";""
"";"";"35";"";"";"color,radio,color,radio";"frame,Shape,size,Type";"frame,shape,size,Type";"dark-wood:#ce6600,horizontal,36x24,canvas";"";"";"";"";"";"";"0";"0";"0";"0";"5";"1";"";"0";"0";"";"0000-00-00";"";"";"2";""
"";"";"35";"";"";"color,radio,color,radio";"frame,Shape,size,Type";"frame,shape,size,Type";"charcol-black:#3b1200,horizontal,36x24,canvas";"";"";"";"";"";"";"0";"0";"0";"0";"5";"1";"";"0";"0";"";"0000-00-00";"";"";"2";""
"";"";"35";"";"";"color,radio,color,radio";"frame,Shape,size,Type";"frame,shape,size,Type";"charcol-white:#e3fffe,horizontal,36x24,canvas";"";"";"";"";"";"";"0";"0";"0";"0";"5";"1";"";"0";"0";"";"0000-00-00";"";"";"2";""
"";"";"35";"";"";"color,radio,color,radio";"frame,Shape,size,Type";"frame,shape,size,Type";"pine-wood:#a3afff,horizontal,36x24,canvas";"";"";"";"";"";"";"0";"0";"0";"0";"5";"1";"";"0";"0";"";"0000-00-00";"";"";"2";""
"";"";"35";"";"";"color,radio,color,radio";"frame,Shape,size,Type";"frame,shape,size,Type";"none:#62ff43,horizontal,30x45,canvas";"";"";"";"";"";"";"0";"0";"0";"0";"5";"1";"";"0";"0";"";"0000-00-00";"";"";"2";""
"";"";"35";"";"";"color,radio,color,radio";"frame,Shape,size,Type";"frame,shape,size,Type";"natural-wood:#ffd083,horizontal,30x45,canvas";"";"";"";"";"";"";"0";"0";"0";"0";"5";"1";"";"0";"0";"";"0000-00-00";"";"";"2";""
"";"";"35";"";"";"color,radio,color,radio";"frame,Shape,size,Type";"frame,shape,size,Type";"dark-wood:#ce6600,horizontal,30x45,canvas";"";"";"";"";"";"";"0";"0";"0";"0";"5";"1";"";"0";"0";"";"0000-00-00";"";"";"2";""
"";"";"35";"";"";"color,radio,color,radio";"frame,Shape,size,Type";"frame,shape,size,Type";"charcol-black:#3b1200,horizontal,30x45,canvas";"";"";"";"";"";"";"0";"0";"0";"0";"5";"1";"";"0";"0";"";"0000-00-00";"";"";"2";""
"";"";"35";"";"";"color,radio,color,radio";"frame,Shape,size,Type";"frame,shape,size,Type";"charcol-white:#e3fffe,horizontal,30x45,canvas";"";"";"";"";"";"";"0";"0";"0";"0";"5";"1";"";"0";"0";"";"0000-00-00";"";"";"2";""
"";"";"35";"";"";"color,radio,color,radio";"frame,Shape,size,Type";"frame,shape,size,Type";"pine-wood:#a3afff,horizontal,30x45,canvas";"";"";"";"";"";"";"0";"0";"0";"0";"5";"1";"";"0";"0";"";"0000-00-00";"";"";"2";""
"";"";"35";"";"";"color,radio,color,radio";"frame,Shape,size,Type";"frame,shape,size,Type";"none:#62ff43,horizontal,15x10,fine-art-paper";"";"";"";"";"";"";"0";"0";"0";"0";"5";"1";"";"0";"0";"";"0000-00-00";"";"";"2";""
"";"";"35";"";"";"color,radio,color,radio";"frame,Shape,size,Type";"frame,shape,size,Type";"natural-wood:#ffd083,horizontal,15x10,fine-art-paper";"";"";"";"";"";"";"0";"0";"0";"0";"5";"1";"";"0";"0";"";"0000-00-00";"";"";"2";""
"";"";"35";"";"";"color,radio,color,radio";"frame,Shape,size,Type";"frame,shape,size,Type";"dark-wood:#ce6600,horizontal,15x10,fine-art-paper";"";"";"";"";"";"";"0";"0";"0";"0";"5";"1";"";"0";"0";"";"0000-00-00";"";"";"2";""
"";"";"35";"";"";"color,radio,color,radio";"frame,Shape,size,Type";"frame,shape,size,Type";"charcol-black:#3b1200,horizontal,15x10,fine-art-paper";"";"";"";"";"";"";"0";"0";"0";"0";"5";"1";"";"0";"0";"";"0000-00-00";"";"";"2";""
"";"";"35";"";"";"color,radio,color,radio";"frame,Shape,size,Type";"frame,shape,size,Type";"charcol-white:#e3fffe,horizontal,15x10,fine-art-paper";"";"";"";"";"";"";"0";"0";"0";"0";"5";"1";"";"0";"0";"";"0000-00-00";"";"";"2";""
"";"";"35";"";"";"color,radio,color,radio";"frame,Shape,size,Type";"frame,shape,size,Type";"pine-wood:#a3afff,horizontal,15x10,fine-art-paper";"";"";"";"";"";"";"0";"0";"0";"0";"5";"1";"";"0";"0";"";"0000-00-00";"";"";"2";""
"";"";"35";"";"";"color,radio,color,radio";"frame,Shape,size,Type";"frame,shape,size,Type";"none:#62ff43,horizontal,18x12,fine-art-paper";"";"";"";"";"";"";"0";"0";"0";"0";"5";"1";"";"0";"0";"";"0000-00-00";"";"";"2";""
"";"";"35";"";"";"color,radio,color,radio";"frame,Shape,size,Type";"frame,shape,size,Type";"natural-wood:#ffd083,horizontal,18x12,fine-art-paper";"";"";"";"";"";"";"0";"0";"0";"0";"5";"1";"";"0";"0";"";"0000-00-00";"";"";"2";""
"";"";"35";"";"";"color,radio,color,radio";"frame,Shape,size,Type";"frame,shape,size,Type";"dark-wood:#ce6600,horizontal,18x12,fine-art-paper";"";"";"";"";"";"";"0";"0";"0";"0";"5";"1";"";"0";"0";"";"0000-00-00";"";"";"2";""
"";"";"35";"";"";"color,radio,color,radio";"frame,Shape,size,Type";"frame,shape,size,Type";"charcol-black:#3b1200,horizontal,18x12,fine-art-paper";"";"";"";"";"";"";"0";"0";"0";"0";"5";"1";"";"0";"0";"";"0000-00-00";"";"";"2";""
"";"";"35";"";"";"color,radio,color,radio";"frame,Shape,size,Type";"frame,shape,size,Type";"charcol-white:#e3fffe,horizontal,18x12,fine-art-paper";"";"";"";"";"";"";"0";"0";"0";"0";"5";"1";"";"0";"0";"";"0000-00-00";"";"";"2";""
"";"";"35";"";"";"color,radio,color,radio";"frame,Shape,size,Type";"frame,shape,size,Type";"pine-wood:#a3afff,horizontal,18x12,fine-art-paper";"";"";"";"";"";"";"0";"0";"0";"0";"5";"1";"";"0";"0";"";"0000-00-00";"";"";"2";""
"";"";"35";"";"";"color,radio,color,radio";"frame,Shape,size,Type";"frame,shape,size,Type";"none:#62ff43,horizontal,24x16,fine-art-paper";"";"";"";"";"";"";"0";"0";"0";"0";"5";"1";"";"0";"0";"";"0000-00-00";"";"";"2";""
"";"";"35";"";"";"color,radio,color,radio";"frame,Shape,size,Type";"frame,shape,size,Type";"natural-wood:#ffd083,horizontal,24x16,fine-art-paper";"";"";"";"";"";"";"0";"0";"0";"0";"5";"1";"";"0";"0";"";"0000-00-00";"";"";"2";""
"";"";"35";"";"";"color,radio,color,radio";"frame,Shape,size,Type";"frame,shape,size,Type";"dark-wood:#ce6600,horizontal,24x16,fine-art-paper";"";"";"";"";"";"";"0";"0";"0";"0";"5";"1";"";"0";"0";"";"0000-00-00";"";"";"2";""
"";"";"35";"";"";"color,radio,color,radio";"frame,Shape,size,Type";"frame,shape,size,Type";"charcol-black:#3b1200,horizontal,24x16,fine-art-paper";"";"";"";"";"";"";"0";"0";"0";"0";"5";"1";"";"0";"0";"";"0000-00-00";"";"";"2";""
"";"";"35";"";"";"color,radio,color,radio";"frame,Shape,size,Type";"frame,shape,size,Type";"charcol-white:#e3fffe,horizontal,24x16,fine-art-paper";"";"";"";"";"";"";"0";"0";"0";"0";"5";"1";"";"0";"0";"";"0000-00-00";"";"";"2";""
"";"";"35";"";"";"color,radio,color,radio";"frame,Shape,size,Type";"frame,shape,size,Type";"pine-wood:#a3afff,horizontal,24x16,fine-art-paper";"";"";"";"";"";"";"0";"0";"0";"0";"5";"1";"";"0";"0";"";"0000-00-00";"";"";"2";""
"";"";"35";"";"";"color,radio,color,radio";"frame,Shape,size,Type";"frame,shape,size,Type";"none:#62ff43,horizontal,30x20,fine-art-paper";"";"";"";"";"";"";"0";"0";"0";"0";"5";"1";"";"0";"0";"";"0000-00-00";"";"";"2";""
"";"";"35";"";"";"color,radio,color,radio";"frame,Shape,size,Type";"frame,shape,size,Type";"natural-wood:#ffd083,horizontal,30x20,fine-art-paper";"";"";"";"";"";"";"0";"0";"0";"0";"5";"1";"";"0";"0";"";"0000-00-00";"";"";"2";""
"";"";"35";"";"";"color,radio,color,radio";"frame,Shape,size,Type";"frame,shape,size,Type";"dark-wood:#ce6600,horizontal,30x20,fine-art-paper";"";"";"";"";"";"";"0";"0";"0";"0";"5";"1";"";"0";"0";"";"0000-00-00";"";"";"2";""
"";"";"35";"";"";"color,radio,color,radio";"frame,Shape,size,Type";"frame,shape,size,Type";"charcol-black:#3b1200,horizontal,30x20,fine-art-paper";"";"";"";"";"";"";"0";"0";"0";"0";"5";"1";"";"0";"0";"";"0000-00-00";"";"";"2";""
"";"";"35";"";"";"color,radio,color,radio";"frame,Shape,size,Type";"frame,shape,size,Type";"charcol-white:#e3fffe,horizontal,30x20,fine-art-paper";"";"";"";"";"";"";"0";"0";"0";"0";"5";"1";"";"0";"0";"";"0000-00-00";"";"";"2";""
"";"";"35";"";"";"color,radio,color,radio";"frame,Shape,size,Type";"frame,shape,size,Type";"pine-wood:#a3afff,horizontal,30x20,fine-art-paper";"";"";"";"";"";"";"0";"0";"0";"0";"5";"1";"";"0";"0";"";"0000-00-00";"";"";"2";""
"";"";"35";"";"";"color,radio,color,radio";"frame,Shape,size,Type";"frame,shape,size,Type";"none:#62ff43,horizontal,36x24,fine-art-paper";"";"";"";"";"";"";"0";"0";"0";"0";"5";"1";"";"0";"0";"";"0000-00-00";"";"";"2";""
"";"";"35";"";"";"color,radio,color,radio";"frame,Shape,size,Type";"frame,shape,size,Type";"natural-wood:#ffd083,horizontal,36x24,fine-art-paper";"";"";"";"";"";"";"0";"0";"0";"0";"5";"1";"";"0";"0";"";"0000-00-00";"";"";"2";""
"";"";"35";"";"";"color,radio,color,radio";"frame,Shape,size,Type";"frame,shape,size,Type";"dark-wood:#ce6600,horizontal,36x24,fine-art-paper";"";"";"";"";"";"";"0";"0";"0";"0";"5";"1";"";"0";"0";"";"0000-00-00";"";"";"2";""
"";"";"35";"";"";"color,radio,color,radio";"frame,Shape,size,Type";"frame,shape,size,Type";"charcol-black:#3b1200,horizontal,36x24,fine-art-paper";"";"";"";"";"";"";"0";"0";"0";"0";"5";"1";"";"0";"0";"";"0000-00-00";"";"";"2";""
"";"";"35";"";"";"color,radio,color,radio";"frame,Shape,size,Type";"frame,shape,size,Type";"charcol-white:#e3fffe,horizontal,36x24,fine-art-paper";"";"";"";"";"";"";"0";"0";"0";"0";"5";"1";"";"0";"0";"";"0000-00-00";"";"";"2";""
"";"";"35";"";"";"color,radio,color,radio";"frame,Shape,size,Type";"frame,shape,size,Type";"pine-wood:#a3afff,horizontal,36x24,fine-art-paper";"";"";"";"";"";"";"0";"0";"0";"0";"5";"1";"";"0";"0";"";"0000-00-00";"";"";"2";""
"";"";"35";"";"";"color,radio,color,radio";"frame,Shape,size,Type";"frame,shape,size,Type";"none:#62ff43,horizontal,30x45,fine-art-paper";"";"";"";"";"";"";"0";"0";"0";"0";"5";"1";"";"0";"0";"";"0000-00-00";"";"";"2";""
"";"";"35";"";"";"color,radio,color,radio";"frame,Shape,size,Type";"frame,shape,size,Type";"natural-wood:#ffd083,horizontal,30x45,fine-art-paper";"";"";"";"";"";"";"0";"0";"0";"0";"5";"1";"";"0";"0";"";"0000-00-00";"";"";"2";""
"";"";"35";"";"";"color,radio,color,radio";"frame,Shape,size,Type";"frame,shape,size,Type";"dark-wood:#ce6600,horizontal,30x45,fine-art-paper";"";"";"";"";"";"";"0";"0";"0";"0";"5";"1";"";"0";"0";"";"0000-00-00";"";"";"2";""
"";"";"35";"";"";"color,radio,color,radio";"frame,Shape,size,Type";"frame,shape,size,Type";"charcol-black:#3b1200,horizontal,30x45,fine-art-paper";"";"";"";"";"";"";"0";"0";"0";"0";"5";"1";"";"0";"0";"";"0000-00-00";"";"";"2";""
"";"";"35";"";"";"color,radio,color,radio";"frame,Shape,size,Type";"frame,shape,size,Type";"charcol-white:#e3fffe,horizontal,30x45,fine-art-paper";"";"";"";"";"";"";"0";"0";"0";"0";"5";"1";"";"0";"0";"";"0000-00-00";"";"";"2";""
"";"";"35";"";"";"color,radio,color,radio";"frame,Shape,size,Type";"frame,shape,size,Type";"pine-wood:#a3afff,horizontal,30x45,fine-art-paper";"";"";"";"";"";"";"0";"0";"0";"0";"5";"1";"";"0";"0";"";"0000-00-00";"";"";"2";""
"";"";"38";"";"";"color,radio,color,radio";"frame,Shape,size,Type";"frame,shape,size,Type";"none:#62ff43,horizontal,15x10,canvas";"";"";"";"";"";"";"0";"0";"0";"0";"5";"1";"";"0";"0";"1";"0000-00-00";"";"";"2";""
"";"";"38";"";"";"color,radio,color,radio";"frame,Shape,size,Type";"frame,shape,size,Type";"natural-wood:#ffd083,horizontal,15x10,canvas";"";"";"";"";"";"";"0";"0";"0";"0";"5";"1";"";"0";"0";"";"0000-00-00";"";"";"2";""
"";"";"38";"";"";"color,radio,color,radio";"frame,Shape,size,Type";"frame,shape,size,Type";"dark-wood:#ce6600,horizontal,15x10,canvas";"";"";"";"";"";"";"0";"0";"0";"0";"5";"1";"";"0";"0";"";"0000-00-00";"";"";"2";""
"";"";"38";"";"";"color,radio,color,radio";"frame,Shape,size,Type";"frame,shape,size,Type";"charcol-black:#3b1200,horizontal,15x10,canvas";"";"";"";"";"";"";"0";"0";"0";"0";"5";"1";"";"0";"0";"";"0000-00-00";"";"";"2";""
"";"";"38";"";"";"color,radio,color,radio";"frame,Shape,size,Type";"frame,shape,size,Type";"charcol-white:#e3fffe,horizontal,15x10,canvas";"";"";"";"";"";"";"0";"0";"0";"0";"5";"1";"";"0";"0";"";"0000-00-00";"";"";"2";""
"";"";"38";"";"";"color,radio,color,radio";"frame,Shape,size,Type";"frame,shape,size,Type";"pine-wood:#a3afff,horizontal,15x10,canvas";"";"";"";"";"";"";"0";"0";"0";"0";"5";"1";"";"0";"0";"";"0000-00-00";"";"";"2";""
"";"";"38";"";"";"color,radio,color,radio";"frame,Shape,size,Type";"frame,shape,size,Type";"none:#62ff43,horizontal,18x12,canvas";"";"";"";"";"";"";"0";"0";"0";"0";"5";"1";"";"0";"0";"";"0000-00-00";"";"";"2";""
"";"";"38";"";"";"color,radio,color,radio";"frame,Shape,size,Type";"frame,shape,size,Type";"natural-wood:#ffd083,horizontal,18x12,canvas";"";"";"";"";"";"";"0";"0";"0";"0";"5";"1";"";"0";"0";"";"0000-00-00";"";"";"2";""
"";"";"38";"";"";"color,radio,color,radio";"frame,Shape,size,Type";"frame,shape,size,Type";"dark-wood:#ce6600,horizontal,18x12,canvas";"";"";"";"";"";"";"0";"0";"0";"0";"5";"1";"";"0";"0";"";"0000-00-00";"";"";"2";""
"";"";"38";"";"";"color,radio,color,radio";"frame,Shape,size,Type";"frame,shape,size,Type";"charcol-black:#3b1200,horizontal,18x12,canvas";"";"";"";"";"";"";"0";"0";"0";"0";"5";"1";"";"0";"0";"";"0000-00-00";"";"";"2";""
"";"";"38";"";"";"color,radio,color,radio";"frame,Shape,size,Type";"frame,shape,size,Type";"charcol-white:#e3fffe,horizontal,18x12,canvas";"";"";"";"";"";"";"0";"0";"0";"0";"5";"1";"";"0";"0";"";"0000-00-00";"";"";"2";""
"";"";"38";"";"";"color,radio,color,radio";"frame,Shape,size,Type";"frame,shape,size,Type";"pine-wood:#a3afff,horizontal,18x12,canvas";"";"";"";"";"";"";"0";"0";"0";"0";"5";"1";"";"0";"0";"";"0000-00-00";"";"";"2";""
"";"";"38";"";"";"color,radio,color,radio";"frame,Shape,size,Type";"frame,shape,size,Type";"none:#62ff43,horizontal,24x16,canvas";"";"";"";"";"";"";"0";"0";"0";"0";"5";"1";"";"0";"0";"";"0000-00-00";"";"";"2";""
"";"";"38";"";"";"color,radio,color,radio";"frame,Shape,size,Type";"frame,shape,size,Type";"natural-wood:#ffd083,horizontal,24x16,canvas";"";"";"";"";"";"";"0";"0";"0";"0";"5";"1";"";"0";"0";"";"0000-00-00";"";"";"2";""
"";"";"38";"";"";"color,radio,color,radio";"frame,Shape,size,Type";"frame,shape,size,Type";"dark-wood:#ce6600,horizontal,24x16,canvas";"";"";"";"";"";"";"0";"0";"0";"0";"5";"1";"";"0";"0";"";"0000-00-00";"";"";"2";""
"";"";"38";"";"";"color,radio,color,radio";"frame,Shape,size,Type";"frame,shape,size,Type";"charcol-black:#3b1200,horizontal,24x16,canvas";"";"";"";"";"";"";"0";"0";"0";"0";"5";"1";"";"0";"0";"";"0000-00-00";"";"";"2";""
"";"";"38";"";"";"color,radio,color,radio";"frame,Shape,size,Type";"frame,shape,size,Type";"charcol-white:#e3fffe,horizontal,24x16,canvas";"";"";"";"";"";"";"0";"0";"0";"0";"5";"1";"";"0";"0";"";"0000-00-00";"";"";"2";""
"";"";"38";"";"";"color,radio,color,radio";"frame,Shape,size,Type";"frame,shape,size,Type";"pine-wood:#a3afff,horizontal,24x16,canvas";"";"";"";"";"";"";"0";"0";"0";"0";"5";"1";"";"0";"0";"";"0000-00-00";"";"";"2";""
"";"";"38";"";"";"color,radio,color,radio";"frame,Shape,size,Type";"frame,shape,size,Type";"none:#62ff43,horizontal,30x20,canvas";"";"";"";"";"";"";"0";"0";"0";"0";"5";"1";"";"0";"0";"";"0000-00-00";"";"";"2";""
"";"";"38";"";"";"color,radio,color,radio";"frame,Shape,size,Type";"frame,shape,size,Type";"natural-wood:#ffd083,horizontal,30x20,canvas";"";"";"";"";"";"";"0";"0";"0";"0";"5";"1";"";"0";"0";"";"0000-00-00";"";"";"2";""
"";"";"38";"";"";"color,radio,color,radio";"frame,Shape,size,Type";"frame,shape,size,Type";"dark-wood:#ce6600,horizontal,30x20,canvas";"";"";"";"";"";"";"0";"0";"0";"0";"5";"1";"";"0";"0";"";"0000-00-00";"";"";"2";""
"";"";"38";"";"";"color,radio,color,radio";"frame,Shape,size,Type";"frame,shape,size,Type";"charcol-black:#3b1200,horizontal,30x20,canvas";"";"";"";"";"";"";"0";"0";"0";"0";"5";"1";"";"0";"0";"";"0000-00-00";"";"";"2";""
"";"";"38";"";"";"color,radio,color,radio";"frame,Shape,size,Type";"frame,shape,size,Type";"charcol-white:#e3fffe,horizontal,30x20,canvas";"";"";"";"";"";"";"0";"0";"0";"0";"5";"1";"";"0";"0";"";"0000-00-00";"";"";"2";""
"";"";"38";"";"";"color,radio,color,radio";"frame,Shape,size,Type";"frame,shape,size,Type";"pine-wood:#a3afff,horizontal,30x20,canvas";"";"";"";"";"";"";"0";"0";"0";"0";"5";"1";"";"0";"0";"";"0000-00-00";"";"";"2";""
"";"";"38";"";"";"color,radio,color,radio";"frame,Shape,size,Type";"frame,shape,size,Type";"none:#62ff43,horizontal,36x24,canvas";"";"";"";"";"";"";"0";"0";"0";"0";"5";"1";"";"0";"0";"";"0000-00-00";"";"";"2";""
"";"";"38";"";"";"color,radio,color,radio";"frame,Shape,size,Type";"frame,shape,size,Type";"natural-wood:#ffd083,horizontal,36x24,canvas";"";"";"";"";"";"";"0";"0";"0";"0";"5";"1";"";"0";"0";"";"0000-00-00";"";"";"2";""
"";"";"38";"";"";"color,radio,color,radio";"frame,Shape,size,Type";"frame,shape,size,Type";"dark-wood:#ce6600,horizontal,36x24,canvas";"";"";"";"";"";"";"0";"0";"0";"0";"5";"1";"";"0";"0";"";"0000-00-00";"";"";"2";""
"";"";"38";"";"";"color,radio,color,radio";"frame,Shape,size,Type";"frame,shape,size,Type";"charcol-black:#3b1200,horizontal,36x24,canvas";"";"";"";"";"";"";"0";"0";"0";"0";"5";"1";"";"0";"0";"";"0000-00-00";"";"";"2";""
"";"";"38";"";"";"color,radio,color,radio";"frame,Shape,size,Type";"frame,shape,size,Type";"charcol-white:#e3fffe,horizontal,36x24,canvas";"";"";"";"";"";"";"0";"0";"0";"0";"5";"1";"";"0";"0";"";"0000-00-00";"";"";"2";""
"";"";"38";"";"";"color,radio,color,radio";"frame,Shape,size,Type";"frame,shape,size,Type";"pine-wood:#a3afff,horizontal,36x24,canvas";"";"";"";"";"";"";"0";"0";"0";"0";"5";"1";"";"0";"0";"";"0000-00-00";"";"";"2";""
"";"";"38";"";"";"color,radio,color,radio";"frame,Shape,size,Type";"frame,shape,size,Type";"none:#62ff43,horizontal,30x45,canvas";"";"";"";"";"";"";"0";"0";"0";"0";"5";"1";"";"0";"0";"";"0000-00-00";"";"";"2";""
"";"";"38";"";"";"color,radio,color,radio";"frame,Shape,size,Type";"frame,shape,size,Type";"natural-wood:#ffd083,horizontal,30x45,canvas";"";"";"";"";"";"";"0";"0";"0";"0";"5";"1";"";"0";"0";"";"0000-00-00";"";"";"2";""
"";"";"38";"";"";"color,radio,color,radio";"frame,Shape,size,Type";"frame,shape,size,Type";"dark-wood:#ce6600,horizontal,30x45,canvas";"";"";"";"";"";"";"0";"0";"0";"0";"5";"1";"";"0";"0";"";"0000-00-00";"";"";"2";""
"";"";"38";"";"";"color,radio,color,radio";"frame,Shape,size,Type";"frame,shape,size,Type";"charcol-black:#3b1200,horizontal,30x45,canvas";"";"";"";"";"";"";"0";"0";"0";"0";"5";"1";"";"0";"0";"";"0000-00-00";"";"";"2";""
"";"";"38";"";"";"color,radio,color,radio";"frame,Shape,size,Type";"frame,shape,size,Type";"charcol-white:#e3fffe,horizontal,30x45,canvas";"";"";"";"";"";"";"0";"0";"0";"0";"5";"1";"";"0";"0";"";"0000-00-00";"";"";"2";""
"";"";"38";"";"";"color,radio,color,radio";"frame,Shape,size,Type";"frame,shape,size,Type";"pine-wood:#a3afff,horizontal,30x45,canvas";"";"";"";"";"";"";"0";"0";"0";"0";"5";"1";"";"0";"0";"";"0000-00-00";"";"";"2";""
"";"";"38";"";"";"color,radio,color,radio";"frame,Shape,size,Type";"frame,shape,size,Type";"none:#62ff43,horizontal,15x10,fine-art-paper";"";"";"";"";"";"";"0";"0";"0";"0";"5";"1";"";"0";"0";"";"0000-00-00";"";"";"2";""
"";"";"38";"";"";"color,radio,color,radio";"frame,Shape,size,Type";"frame,shape,size,Type";"natural-wood:#ffd083,horizontal,15x10,fine-art-paper";"";"";"";"";"";"";"0";"0";"0";"0";"5";"1";"";"0";"0";"";"0000-00-00";"";"";"2";""
"";"";"38";"";"";"color,radio,color,radio";"frame,Shape,size,Type";"frame,shape,size,Type";"dark-wood:#ce6600,horizontal,15x10,fine-art-paper";"";"";"";"";"";"";"0";"0";"0";"0";"5";"1";"";"0";"0";"";"0000-00-00";"";"";"2";""
"";"";"38";"";"";"color,radio,color,radio";"frame,Shape,size,Type";"frame,shape,size,Type";"charcol-black:#3b1200,horizontal,15x10,fine-art-paper";"";"";"";"";"";"";"0";"0";"0";"0";"5";"1";"";"0";"0";"";"0000-00-00";"";"";"2";""
"";"";"38";"";"";"color,radio,color,radio";"frame,Shape,size,Type";"frame,shape,size,Type";"charcol-white:#e3fffe,horizontal,15x10,fine-art-paper";"";"";"";"";"";"";"0";"0";"0";"0";"5";"1";"";"0";"0";"";"0000-00-00";"";"";"2";""
"";"";"38";"";"";"color,radio,color,radio";"frame,Shape,size,Type";"frame,shape,size,Type";"pine-wood:#a3afff,horizontal,15x10,fine-art-paper";"";"";"";"";"";"";"0";"0";"0";"0";"5";"1";"";"0";"0";"";"0000-00-00";"";"";"2";""
"";"";"38";"";"";"color,radio,color,radio";"frame,Shape,size,Type";"frame,shape,size,Type";"none:#62ff43,horizontal,18x12,fine-art-paper";"";"";"";"";"";"";"0";"0";"0";"0";"5";"1";"";"0";"0";"";"0000-00-00";"";"";"2";""
"";"";"38";"";"";"color,radio,color,radio";"frame,Shape,size,Type";"frame,shape,size,Type";"natural-wood:#ffd083,horizontal,18x12,fine-art-paper";"";"";"";"";"";"";"0";"0";"0";"0";"5";"1";"";"0";"0";"";"0000-00-00";"";"";"2";""
"";"";"38";"";"";"color,radio,color,radio";"frame,Shape,size,Type";"frame,shape,size,Type";"dark-wood:#ce6600,horizontal,18x12,fine-art-paper";"";"";"";"";"";"";"0";"0";"0";"0";"5";"1";"";"0";"0";"";"0000-00-00";"";"";"2";""
"";"";"38";"";"";"color,radio,color,radio";"frame,Shape,size,Type";"frame,shape,size,Type";"charcol-black:#3b1200,horizontal,18x12,fine-art-paper";"";"";"";"";"";"";"0";"0";"0";"0";"5";"1";"";"0";"0";"";"0000-00-00";"";"";"2";""
"";"";"38";"";"";"color,radio,color,radio";"frame,Shape,size,Type";"frame,shape,size,Type";"charcol-white:#e3fffe,horizontal,18x12,fine-art-paper";"";"";"";"";"";"";"0";"0";"0";"0";"5";"1";"";"0";"0";"";"0000-00-00";"";"";"2";""
"";"";"38";"";"";"color,radio,color,radio";"frame,Shape,size,Type";"frame,shape,size,Type";"pine-wood:#a3afff,horizontal,18x12,fine-art-paper";"";"";"";"";"";"";"0";"0";"0";"0";"5";"1";"";"0";"0";"";"0000-00-00";"";"";"2";""
"";"";"38";"";"";"color,radio,color,radio";"frame,Shape,size,Type";"frame,shape,size,Type";"none:#62ff43,horizontal,24x16,fine-art-paper";"";"";"";"";"";"";"0";"0";"0";"0";"5";"1";"";"0";"0";"";"0000-00-00";"";"";"2";""
"";"";"38";"";"";"color,radio,color,radio";"frame,Shape,size,Type";"frame,shape,size,Type";"natural-wood:#ffd083,horizontal,24x16,fine-art-paper";"";"";"";"";"";"";"0";"0";"0";"0";"5";"1";"";"0";"0";"";"0000-00-00";"";"";"2";""
"";"";"38";"";"";"color,radio,color,radio";"frame,Shape,size,Type";"frame,shape,size,Type";"dark-wood:#ce6600,horizontal,24x16,fine-art-paper";"";"";"";"";"";"";"0";"0";"0";"0";"5";"1";"";"0";"0";"";"0000-00-00";"";"";"2";""
"";"";"38";"";"";"color,radio,color,radio";"frame,Shape,size,Type";"frame,shape,size,Type";"charcol-black:#3b1200,horizontal,24x16,fine-art-paper";"";"";"";"";"";"";"0";"0";"0";"0";"5";"1";"";"0";"0";"";"0000-00-00";"";"";"2";""
"";"";"38";"";"";"color,radio,color,radio";"frame,Shape,size,Type";"frame,shape,size,Type";"charcol-white:#e3fffe,horizontal,24x16,fine-art-paper";"";"";"";"";"";"";"0";"0";"0";"0";"5";"1";"";"0";"0";"";"0000-00-00";"";"";"2";""
"";"";"38";"";"";"color,radio,color,radio";"frame,Shape,size,Type";"frame,shape,size,Type";"pine-wood:#a3afff,horizontal,24x16,fine-art-paper";"";"";"";"";"";"";"0";"0";"0";"0";"5";"1";"";"0";"0";"";"0000-00-00";"";"";"2";""
"";"";"38";"";"";"color,radio,color,radio";"frame,Shape,size,Type";"frame,shape,size,Type";"none:#62ff43,horizontal,30x20,fine-art-paper";"";"";"";"";"";"";"0";"0";"0";"0";"5";"1";"";"0";"0";"";"0000-00-00";"";"";"2";""
"";"";"38";"";"";"color,radio,color,radio";"frame,Shape,size,Type";"frame,shape,size,Type";"natural-wood:#ffd083,horizontal,30x20,fine-art-paper";"";"";"";"";"";"";"0";"0";"0";"0";"5";"1";"";"0";"0";"";"0000-00-00";"";"";"2";""
"";"";"38";"";"";"color,radio,color,radio";"frame,Shape,size,Type";"frame,shape,size,Type";"dark-wood:#ce6600,horizontal,30x20,fine-art-paper";"";"";"";"";"";"";"0";"0";"0";"0";"5";"1";"";"0";"0";"";"0000-00-00";"";"";"2";""
"";"";"38";"";"";"color,radio,color,radio";"frame,Shape,size,Type";"frame,shape,size,Type";"charcol-black:#3b1200,horizontal,30x20,fine-art-paper";"";"";"";"";"";"";"0";"0";"0";"0";"5";"1";"";"0";"0";"";"0000-00-00";"";"";"2";""
"";"";"38";"";"";"color,radio,color,radio";"frame,Shape,size,Type";"frame,shape,size,Type";"charcol-white:#e3fffe,horizontal,30x20,fine-art-paper";"";"";"";"";"";"";"0";"0";"0";"0";"5";"1";"";"0";"0";"";"0000-00-00";"";"";"2";""
"";"";"38";"";"";"color,radio,color,radio";"frame,Shape,size,Type";"frame,shape,size,Type";"pine-wood:#a3afff,horizontal,30x20,fine-art-paper";"";"";"";"";"";"";"0";"0";"0";"0";"5";"1";"";"0";"0";"";"0000-00-00";"";"";"2";""
"";"";"38";"";"";"color,radio,color,radio";"frame,Shape,size,Type";"frame,shape,size,Type";"none:#62ff43,horizontal,36x24,fine-art-paper";"";"";"";"";"";"";"0";"0";"0";"0";"5";"1";"";"0";"0";"";"0000-00-00";"";"";"2";""
"";"";"38";"";"";"color,radio,color,radio";"frame,Shape,size,Type";"frame,shape,size,Type";"natural-wood:#ffd083,horizontal,36x24,fine-art-paper";"";"";"";"";"";"";"0";"0";"0";"0";"5";"1";"";"0";"0";"";"0000-00-00";"";"";"2";""
"";"";"38";"";"";"color,radio,color,radio";"frame,Shape,size,Type";"frame,shape,size,Type";"dark-wood:#ce6600,horizontal,36x24,fine-art-paper";"";"";"";"";"";"";"0";"0";"0";"0";"5";"1";"";"0";"0";"";"0000-00-00";"";"";"2";""
"";"";"38";"";"";"color,radio,color,radio";"frame,Shape,size,Type";"frame,shape,size,Type";"charcol-black:#3b1200,horizontal,36x24,fine-art-paper";"";"";"";"";"";"";"0";"0";"0";"0";"5";"1";"";"0";"0";"";"0000-00-00";"";"";"2";""
"";"";"38";"";"";"color,radio,color,radio";"frame,Shape,size,Type";"frame,shape,size,Type";"charcol-white:#e3fffe,horizontal,36x24,fine-art-paper";"";"";"";"";"";"";"0";"0";"0";"0";"5";"1";"";"0";"0";"";"0000-00-00";"";"";"2";""
"";"";"38";"";"";"color,radio,color,radio";"frame,Shape,size,Type";"frame,shape,size,Type";"pine-wood:#a3afff,horizontal,36x24,fine-art-paper";"";"";"";"";"";"";"0";"0";"0";"0";"5";"1";"";"0";"0";"";"0000-00-00";"";"";"2";""
"";"";"38";"";"";"color,radio,color,radio";"frame,Shape,size,Type";"frame,shape,size,Type";"none:#62ff43,horizontal,30x45,fine-art-paper";"";"";"";"";"";"";"0";"0";"0";"0";"5";"1";"";"0";"0";"";"0000-00-00";"";"";"2";""
"";"";"38";"";"";"color,radio,color,radio";"frame,Shape,size,Type";"frame,shape,size,Type";"natural-wood:#ffd083,horizontal,30x45,fine-art-paper";"";"";"";"";"";"";"0";"0";"0";"0";"5";"1";"";"0";"0";"";"0000-00-00";"";"";"2";""
"";"";"38";"";"";"color,radio,color,radio";"frame,Shape,size,Type";"frame,shape,size,Type";"dark-wood:#ce6600,horizontal,30x45,fine-art-paper";"";"";"";"";"";"";"0";"0";"0";"0";"5";"1";"";"0";"0";"";"0000-00-00";"";"";"2";""
"";"";"38";"";"";"color,radio,color,radio";"frame,Shape,size,Type";"frame,shape,size,Type";"charcol-black:#3b1200,horizontal,30x45,fine-art-paper";"";"";"";"";"";"";"0";"0";"0";"0";"5";"1";"";"0";"0";"";"0000-00-00";"";"";"2";""
"";"";"38";"";"";"color,radio,color,radio";"frame,Shape,size,Type";"frame,shape,size,Type";"charcol-white:#e3fffe,horizontal,30x45,fine-art-paper";"";"";"";"";"";"";"0";"0";"0";"0";"5";"1";"";"0";"0";"";"0000-00-00";"";"";"2";""
"";"";"38";"";"";"color,radio,color,radio";"frame,Shape,size,Type";"frame,shape,size,Type";"pine-wood:#a3afff,horizontal,30x45,fine-art-paper";"";"";"";"";"";"";"0";"0";"0";"0";"5";"1";"";"0";"0";"";"0000-00-00";"";"";"2";""
"";"";"41";"";"";"color,radio,color,radio";"frame,Shape,size,Type";"frame,shape,size,Type";"none:#62ff43,horizontal,15x10,canvas";"";"";"";"";"";"";"0";"0";"0";"0";"5";"1";"";"0";"0";"1";"0000-00-00";"";"";"2";""
"";"";"41";"";"";"color,radio,color,radio";"frame,Shape,size,Type";"frame,shape,size,Type";"natural-wood:#ffd083,horizontal,15x10,canvas";"";"";"";"";"";"";"0";"0";"0";"0";"5";"1";"";"0";"0";"";"0000-00-00";"";"";"2";""
"";"";"41";"";"";"color,radio,color,radio";"frame,Shape,size,Type";"frame,shape,size,Type";"dark-wood:#ce6600,horizontal,15x10,canvas";"";"";"";"";"";"";"0";"0";"0";"0";"5";"1";"";"0";"0";"";"0000-00-00";"";"";"2";""
"";"";"41";"";"";"color,radio,color,radio";"frame,Shape,size,Type";"frame,shape,size,Type";"charcol-black:#3b1200,horizontal,15x10,canvas";"";"";"";"";"";"";"0";"0";"0";"0";"5";"1";"";"0";"0";"";"0000-00-00";"";"";"2";""
"";"";"41";"";"";"color,radio,color,radio";"frame,Shape,size,Type";"frame,shape,size,Type";"charcol-white:#e3fffe,horizontal,15x10,canvas";"";"";"";"";"";"";"0";"0";"0";"0";"5";"1";"";"0";"0";"";"0000-00-00";"";"";"2";""
"";"";"41";"";"";"color,radio,color,radio";"frame,Shape,size,Type";"frame,shape,size,Type";"pine-wood:#a3afff,horizontal,15x10,canvas";"";"";"";"";"";"";"0";"0";"0";"0";"5";"1";"";"0";"0";"";"0000-00-00";"";"";"2";""
"";"";"41";"";"";"color,radio,color,radio";"frame,Shape,size,Type";"frame,shape,size,Type";"none:#62ff43,horizontal,18x12,canvas";"";"";"";"";"";"";"0";"0";"0";"0";"5";"1";"";"0";"0";"";"0000-00-00";"";"";"2";""
"";"";"41";"";"";"color,radio,color,radio";"frame,Shape,size,Type";"frame,shape,size,Type";"natural-wood:#ffd083,horizontal,18x12,canvas";"";"";"";"";"";"";"0";"0";"0";"0";"5";"1";"";"0";"0";"";"0000-00-00";"";"";"2";""
"";"";"41";"";"";"color,radio,color,radio";"frame,Shape,size,Type";"frame,shape,size,Type";"dark-wood:#ce6600,horizontal,18x12,canvas";"";"";"";"";"";"";"0";"0";"0";"0";"5";"1";"";"0";"0";"";"0000-00-00";"";"";"2";""
"";"";"41";"";"";"color,radio,color,radio";"frame,Shape,size,Type";"frame,shape,size,Type";"charcol-black:#3b1200,horizontal,18x12,canvas";"";"";"";"";"";"";"0";"0";"0";"0";"5";"1";"";"0";"0";"";"0000-00-00";"";"";"2";""
"";"";"41";"";"";"color,radio,color,radio";"frame,Shape,size,Type";"frame,shape,size,Type";"charcol-white:#e3fffe,horizontal,18x12,canvas";"";"";"";"";"";"";"0";"0";"0";"0";"5";"1";"";"0";"0";"";"0000-00-00";"";"";"2";""
"";"";"41";"";"";"color,radio,color,radio";"frame,Shape,size,Type";"frame,shape,size,Type";"pine-wood:#a3afff,horizontal,18x12,canvas";"";"";"";"";"";"";"0";"0";"0";"0";"5";"1";"";"0";"0";"";"0000-00-00";"";"";"2";""
"";"";"41";"";"";"color,radio,color,radio";"frame,Shape,size,Type";"frame,shape,size,Type";"none:#62ff43,horizontal,24x16,canvas";"";"";"";"";"";"";"0";"0";"0";"0";"5";"1";"";"0";"0";"";"0000-00-00";"";"";"2";""
"";"";"41";"";"";"color,radio,color,radio";"frame,Shape,size,Type";"frame,shape,size,Type";"natural-wood:#ffd083,horizontal,24x16,canvas";"";"";"";"";"";"";"0";"0";"0";"0";"5";"1";"";"0";"0";"";"0000-00-00";"";"";"2";""
"";"";"41";"";"";"color,radio,color,radio";"frame,Shape,size,Type";"frame,shape,size,Type";"dark-wood:#ce6600,horizontal,24x16,canvas";"";"";"";"";"";"";"0";"0";"0";"0";"5";"1";"";"0";"0";"";"0000-00-00";"";"";"2";""
"";"";"41";"";"";"color,radio,color,radio";"frame,Shape,size,Type";"frame,shape,size,Type";"charcol-black:#3b1200,horizontal,24x16,canvas";"";"";"";"";"";"";"0";"0";"0";"0";"5";"1";"";"0";"0";"";"0000-00-00";"";"";"2";""
"";"";"41";"";"";"color,radio,color,radio";"frame,Shape,size,Type";"frame,shape,size,Type";"charcol-white:#e3fffe,horizontal,24x16,canvas";"";"";"";"";"";"";"0";"0";"0";"0";"5";"1";"";"0";"0";"";"0000-00-00";"";"";"2";""
"";"";"41";"";"";"color,radio,color,radio";"frame,Shape,size,Type";"frame,shape,size,Type";"pine-wood:#a3afff,horizontal,24x16,canvas";"";"";"";"";"";"";"0";"0";"0";"0";"5";"1";"";"0";"0";"";"0000-00-00";"";"";"2";""
"";"";"41";"";"";"color,radio,color,radio";"frame,Shape,size,Type";"frame,shape,size,Type";"none:#62ff43,horizontal,30x20,canvas";"";"";"";"";"";"";"0";"0";"0";"0";"5";"1";"";"0";"0";"";"0000-00-00";"";"";"2";""
"";"";"41";"";"";"color,radio,color,radio";"frame,Shape,size,Type";"frame,shape,size,Type";"natural-wood:#ffd083,horizontal,30x20,canvas";"";"";"";"";"";"";"0";"0";"0";"0";"5";"1";"";"0";"0";"";"0000-00-00";"";"";"2";""
"";"";"41";"";"";"color,radio,color,radio";"frame,Shape,size,Type";"frame,shape,size,Type";"dark-wood:#ce6600,horizontal,30x20,canvas";"";"";"";"";"";"";"0";"0";"0";"0";"5";"1";"";"0";"0";"";"0000-00-00";"";"";"2";""
"";"";"41";"";"";"color,radio,color,radio";"frame,Shape,size,Type";"frame,shape,size,Type";"charcol-black:#3b1200,horizontal,30x20,canvas";"";"";"";"";"";"";"0";"0";"0";"0";"5";"1";"";"0";"0";"";"0000-00-00";"";"";"2";""
"";"";"41";"";"";"color,radio,color,radio";"frame,Shape,size,Type";"frame,shape,size,Type";"charcol-white:#e3fffe,horizontal,30x20,canvas";"";"";"";"";"";"";"0";"0";"0";"0";"5";"1";"";"0";"0";"";"0000-00-00";"";"";"2";""
"";"";"41";"";"";"color,radio,color,radio";"frame,Shape,size,Type";"frame,shape,size,Type";"pine-wood:#a3afff,horizontal,30x20,canvas";"";"";"";"";"";"";"0";"0";"0";"0";"5";"1";"";"0";"0";"";"0000-00-00";"";"";"2";""
"";"";"41";"";"";"color,radio,color,radio";"frame,Shape,size,Type";"frame,shape,size,Type";"none:#62ff43,horizontal,36x24,canvas";"";"";"";"";"";"";"0";"0";"0";"0";"5";"1";"";"0";"0";"";"0000-00-00";"";"";"2";""
"";"";"41";"";"";"color,radio,color,radio";"frame,Shape,size,Type";"frame,shape,size,Type";"natural-wood:#ffd083,horizontal,36x24,canvas";"";"";"";"";"";"";"0";"0";"0";"0";"5";"1";"";"0";"0";"";"0000-00-00";"";"";"2";""
"";"";"41";"";"";"color,radio,color,radio";"frame,Shape,size,Type";"frame,shape,size,Type";"dark-wood:#ce6600,horizontal,36x24,canvas";"";"";"";"";"";"";"0";"0";"0";"0";"5";"1";"";"0";"0";"";"0000-00-00";"";"";"2";""
"";"";"41";"";"";"color,radio,color,radio";"frame,Shape,size,Type";"frame,shape,size,Type";"charcol-black:#3b1200,horizontal,36x24,canvas";"";"";"";"";"";"";"0";"0";"0";"0";"5";"1";"";"0";"0";"";"0000-00-00";"";"";"2";""
"";"";"41";"";"";"color,radio,color,radio";"frame,Shape,size,Type";"frame,shape,size,Type";"charcol-white:#e3fffe,horizontal,36x24,canvas";"";"";"";"";"";"";"0";"0";"0";"0";"5";"1";"";"0";"0";"";"0000-00-00";"";"";"2";""
"";"";"41";"";"";"color,radio,color,radio";"frame,Shape,size,Type";"frame,shape,size,Type";"pine-wood:#a3afff,horizontal,36x24,canvas";"";"";"";"";"";"";"0";"0";"0";"0";"5";"1";"";"0";"0";"";"0000-00-00";"";"";"2";""
"";"";"41";"";"";"color,radio,color,radio";"frame,Shape,size,Type";"frame,shape,size,Type";"none:#62ff43,horizontal,30x45,canvas";"";"";"";"";"";"";"0";"0";"0";"0";"5";"1";"";"0";"0";"";"0000-00-00";"";"";"2";""
"";"";"41";"";"";"color,radio,color,radio";"frame,Shape,size,Type";"frame,shape,size,Type";"natural-wood:#ffd083,horizontal,30x45,canvas";"";"";"";"";"";"";"0";"0";"0";"0";"5";"1";"";"0";"0";"";"0000-00-00";"";"";"2";""
"";"";"41";"";"";"color,radio,color,radio";"frame,Shape,size,Type";"frame,shape,size,Type";"dark-wood:#ce6600,horizontal,30x45,canvas";"";"";"";"";"";"";"0";"0";"0";"0";"5";"1";"";"0";"0";"";"0000-00-00";"";"";"2";""
"";"";"41";"";"";"color,radio,color,radio";"frame,Shape,size,Type";"frame,shape,size,Type";"charcol-black:#3b1200,horizontal,30x45,canvas";"";"";"";"";"";"";"0";"0";"0";"0";"5";"1";"";"0";"0";"";"0000-00-00";"";"";"2";""
"";"";"41";"";"";"color,radio,color,radio";"frame,Shape,size,Type";"frame,shape,size,Type";"charcol-white:#e3fffe,horizontal,30x45,canvas";"";"";"";"";"";"";"0";"0";"0";"0";"5";"1";"";"0";"0";"";"0000-00-00";"";"";"2";""
"";"";"41";"";"";"color,radio,color,radio";"frame,Shape,size,Type";"frame,shape,size,Type";"pine-wood:#a3afff,horizontal,30x45,canvas";"";"";"";"";"";"";"0";"0";"0";"0";"5";"1";"";"0";"0";"";"0000-00-00";"";"";"2";""
"";"";"41";"";"";"color,radio,color,radio";"frame,Shape,size,Type";"frame,shape,size,Type";"none:#62ff43,horizontal,15x10,fine-art-paper";"";"";"";"";"";"";"0";"0";"0";"0";"5";"1";"";"0";"0";"";"0000-00-00";"";"";"2";""
"";"";"41";"";"";"color,radio,color,radio";"frame,Shape,size,Type";"frame,shape,size,Type";"natural-wood:#ffd083,horizontal,15x10,fine-art-paper";"";"";"";"";"";"";"0";"0";"0";"0";"5";"1";"";"0";"0";"";"0000-00-00";"";"";"2";""
"";"";"41";"";"";"color,radio,color,radio";"frame,Shape,size,Type";"frame,shape,size,Type";"dark-wood:#ce6600,horizontal,15x10,fine-art-paper";"";"";"";"";"";"";"0";"0";"0";"0";"5";"1";"";"0";"0";"";"0000-00-00";"";"";"2";""
"";"";"41";"";"";"color,radio,color,radio";"frame,Shape,size,Type";"frame,shape,size,Type";"charcol-black:#3b1200,horizontal,15x10,fine-art-paper";"";"";"";"";"";"";"0";"0";"0";"0";"5";"1";"";"0";"0";"";"0000-00-00";"";"";"2";""
"";"";"41";"";"";"color,radio,color,radio";"frame,Shape,size,Type";"frame,shape,size,Type";"charcol-white:#e3fffe,horizontal,15x10,fine-art-paper";"";"";"";"";"";"";"0";"0";"0";"0";"5";"1";"";"0";"0";"";"0000-00-00";"";"";"2";""
"";"";"41";"";"";"color,radio,color,radio";"frame,Shape,size,Type";"frame,shape,size,Type";"pine-wood:#a3afff,horizontal,15x10,fine-art-paper";"";"";"";"";"";"";"0";"0";"0";"0";"5";"1";"";"0";"0";"";"0000-00-00";"";"";"2";""
"";"";"41";"";"";"color,radio,color,radio";"frame,Shape,size,Type";"frame,shape,size,Type";"none:#62ff43,horizontal,18x12,fine-art-paper";"";"";"";"";"";"";"0";"0";"0";"0";"5";"1";"";"0";"0";"";"0000-00-00";"";"";"2";""
"";"";"41";"";"";"color,radio,color,radio";"frame,Shape,size,Type";"frame,shape,size,Type";"natural-wood:#ffd083,horizontal,18x12,fine-art-paper";"";"";"";"";"";"";"0";"0";"0";"0";"5";"1";"";"0";"0";"";"0000-00-00";"";"";"2";""
"";"";"41";"";"";"color,radio,color,radio";"frame,Shape,size,Type";"frame,shape,size,Type";"dark-wood:#ce6600,horizontal,18x12,fine-art-paper";"";"";"";"";"";"";"0";"0";"0";"0";"5";"1";"";"0";"0";"";"0000-00-00";"";"";"2";""
"";"";"41";"";"";"color,radio,color,radio";"frame,Shape,size,Type";"frame,shape,size,Type";"charcol-black:#3b1200,horizontal,18x12,fine-art-paper";"";"";"";"";"";"";"0";"0";"0";"0";"5";"1";"";"0";"0";"";"0000-00-00";"";"";"2";""
"";"";"41";"";"";"color,radio,color,radio";"frame,Shape,size,Type";"frame,shape,size,Type";"charcol-white:#e3fffe,horizontal,18x12,fine-art-paper";"";"";"";"";"";"";"0";"0";"0";"0";"5";"1";"";"0";"0";"";"0000-00-00";"";"";"2";""
"";"";"41";"";"";"color,radio,color,radio";"frame,Shape,size,Type";"frame,shape,size,Type";"pine-wood:#a3afff,horizontal,18x12,fine-art-paper";"";"";"";"";"";"";"0";"0";"0";"0";"5";"1";"";"0";"0";"";"0000-00-00";"";"";"2";""
"";"";"41";"";"";"color,radio,color,radio";"frame,Shape,size,Type";"frame,shape,size,Type";"none:#62ff43,horizontal,24x16,fine-art-paper";"";"";"";"";"";"";"0";"0";"0";"0";"5";"1";"";"0";"0";"";"0000-00-00";"";"";"2";""
"";"";"41";"";"";"color,radio,color,radio";"frame,Shape,size,Type";"frame,shape,size,Type";"natural-wood:#ffd083,horizontal,24x16,fine-art-paper";"";"";"";"";"";"";"0";"0";"0";"0";"5";"1";"";"0";"0";"";"0000-00-00";"";"";"2";""
"";"";"41";"";"";"color,radio,color,radio";"frame,Shape,size,Type";"frame,shape,size,Type";"dark-wood:#ce6600,horizontal,24x16,fine-art-paper";"";"";"";"";"";"";"0";"0";"0";"0";"5";"1";"";"0";"0";"";"0000-00-00";"";"";"2";""
"";"";"41";"";"";"color,radio,color,radio";"frame,Shape,size,Type";"frame,shape,size,Type";"charcol-black:#3b1200,horizontal,24x16,fine-art-paper";"";"";"";"";"";"";"0";"0";"0";"0";"5";"1";"";"0";"0";"";"0000-00-00";"";"";"2";""
"";"";"41";"";"";"color,radio,color,radio";"frame,Shape,size,Type";"frame,shape,size,Type";"charcol-white:#e3fffe,horizontal,24x16,fine-art-paper";"";"";"";"";"";"";"0";"0";"0";"0";"5";"1";"";"0";"0";"";"0000-00-00";"";"";"2";""
"";"";"41";"";"";"color,radio,color,radio";"frame,Shape,size,Type";"frame,shape,size,Type";"pine-wood:#a3afff,horizontal,24x16,fine-art-paper";"";"";"";"";"";"";"0";"0";"0";"0";"5";"1";"";"0";"0";"";"0000-00-00";"";"";"2";""
"";"";"41";"";"";"color,radio,color,radio";"frame,Shape,size,Type";"frame,shape,size,Type";"none:#62ff43,horizontal,30x20,fine-art-paper";"";"";"";"";"";"";"0";"0";"0";"0";"5";"1";"";"0";"0";"";"0000-00-00";"";"";"2";""
"";"";"41";"";"";"color,radio,color,radio";"frame,Shape,size,Type";"frame,shape,size,Type";"natural-wood:#ffd083,horizontal,30x20,fine-art-paper";"";"";"";"";"";"";"0";"0";"0";"0";"5";"1";"";"0";"0";"";"0000-00-00";"";"";"2";""
"";"";"41";"";"";"color,radio,color,radio";"frame,Shape,size,Type";"frame,shape,size,Type";"dark-wood:#ce6600,horizontal,30x20,fine-art-paper";"";"";"";"";"";"";"0";"0";"0";"0";"5";"1";"";"0";"0";"";"0000-00-00";"";"";"2";""
"";"";"41";"";"";"color,radio,color,radio";"frame,Shape,size,Type";"frame,shape,size,Type";"charcol-black:#3b1200,horizontal,30x20,fine-art-paper";"";"";"";"";"";"";"0";"0";"0";"0";"5";"1";"";"0";"0";"";"0000-00-00";"";"";"2";""
"";"";"41";"";"";"color,radio,color,radio";"frame,Shape,size,Type";"frame,shape,size,Type";"charcol-white:#e3fffe,horizontal,30x20,fine-art-paper";"";"";"";"";"";"";"0";"0";"0";"0";"5";"1";"";"0";"0";"";"0000-00-00";"";"";"2";""
"";"";"41";"";"";"color,radio,color,radio";"frame,Shape,size,Type";"frame,shape,size,Type";"pine-wood:#a3afff,horizontal,30x20,fine-art-paper";"";"";"";"";"";"";"0";"0";"0";"0";"5";"1";"";"0";"0";"";"0000-00-00";"";"";"2";""
"";"";"41";"";"";"color,radio,color,radio";"frame,Shape,size,Type";"frame,shape,size,Type";"none:#62ff43,horizontal,36x24,fine-art-paper";"";"";"";"";"";"";"0";"0";"0";"0";"5";"1";"";"0";"0";"";"0000-00-00";"";"";"2";""
"";"";"41";"";"";"color,radio,color,radio";"frame,Shape,size,Type";"frame,shape,size,Type";"natural-wood:#ffd083,horizontal,36x24,fine-art-paper";"";"";"";"";"";"";"0";"0";"0";"0";"5";"1";"";"0";"0";"";"0000-00-00";"";"";"2";""
"";"";"41";"";"";"color,radio,color,radio";"frame,Shape,size,Type";"frame,shape,size,Type";"dark-wood:#ce6600,horizontal,36x24,fine-art-paper";"";"";"";"";"";"";"0";"0";"0";"0";"5";"1";"";"0";"0";"";"0000-00-00";"";"";"2";""
"";"";"41";"";"";"color,radio,color,radio";"frame,Shape,size,Type";"frame,shape,size,Type";"charcol-black:#3b1200,horizontal,36x24,fine-art-paper";"";"";"";"";"";"";"0";"0";"0";"0";"5";"1";"";"0";"0";"";"0000-00-00";"";"";"2";""
"";"";"41";"";"";"color,radio,color,radio";"frame,Shape,size,Type";"frame,shape,size,Type";"charcol-white:#e3fffe,horizontal,36x24,fine-art-paper";"";"";"";"";"";"";"0";"0";"0";"0";"5";"1";"";"0";"0";"";"0000-00-00";"";"";"2";""
"";"";"41";"";"";"color,radio,color,radio";"frame,Shape,size,Type";"frame,shape,size,Type";"pine-wood:#a3afff,horizontal,36x24,fine-art-paper";"";"";"";"";"";"";"0";"0";"0";"0";"5";"1";"";"0";"0";"";"0000-00-00";"";"";"2";""
"";"";"41";"";"";"color,radio,color,radio";"frame,Shape,size,Type";"frame,shape,size,Type";"none:#62ff43,horizontal,30x45,fine-art-paper";"";"";"";"";"";"";"0";"0";"0";"0";"5";"1";"";"0";"0";"";"0000-00-00";"";"";"2";""
"";"";"41";"";"";"color,radio,color,radio";"frame,Shape,size,Type";"frame,shape,size,Type";"natural-wood:#ffd083,horizontal,30x45,fine-art-paper";"";"";"";"";"";"";"0";"0";"0";"0";"5";"1";"";"0";"0";"";"0000-00-00";"";"";"2";""
"";"";"41";"";"";"color,radio,color,radio";"frame,Shape,size,Type";"frame,shape,size,Type";"dark-wood:#ce6600,horizontal,30x45,fine-art-paper";"";"";"";"";"";"";"0";"0";"0";"0";"5";"1";"";"0";"0";"";"0000-00-00";"";"";"2";""
"";"";"41";"";"";"color,radio,color,radio";"frame,Shape,size,Type";"frame,shape,size,Type";"charcol-black:#3b1200,horizontal,30x45,fine-art-paper";"";"";"";"";"";"";"0";"0";"0";"0";"5";"1";"";"0";"0";"";"0000-00-00";"";"";"2";""
"";"";"41";"";"";"color,radio,color,radio";"frame,Shape,size,Type";"frame,shape,size,Type";"charcol-white:#e3fffe,horizontal,30x45,fine-art-paper";"";"";"";"";"";"";"0";"0";"0";"0";"5";"1";"";"0";"0";"";"0000-00-00";"";"";"2";""
"";"";"41";"";"";"color,radio,color,radio";"frame,Shape,size,Type";"frame,shape,size,Type";"pine-wood:#a3afff,horizontal,30x45,fine-art-paper";"";"";"";"";"";"";"0";"0";"0";"0";"5";"1";"";"0";"0";"";"0000-00-00";"";"";"2";""
"";"";"44";"";"";"color,radio,color,radio";"frame,Shape,size,Type";"frame,shape,size,Type";"none:#62ff43,horizontal,15x10,canvas";"";"";"";"";"";"";"0";"0";"0";"0";"5";"1";"";"0";"0";"1";"0000-00-00";"";"";"2";""
"";"";"44";"";"";"color,radio,color,radio";"frame,Shape,size,Type";"frame,shape,size,Type";"natural-wood:#ffd083,horizontal,15x10,canvas";"";"";"";"";"";"";"0";"0";"0";"0";"5";"1";"";"0";"0";"";"0000-00-00";"";"";"2";""
"";"";"44";"";"";"color,radio,color,radio";"frame,Shape,size,Type";"frame,shape,size,Type";"dark-wood:#ce6600,horizontal,15x10,canvas";"";"";"";"";"";"";"0";"0";"0";"0";"5";"1";"";"0";"0";"";"0000-00-00";"";"";"2";""
"";"";"44";"";"";"color,radio,color,radio";"frame,Shape,size,Type";"frame,shape,size,Type";"charcol-black:#3b1200,horizontal,15x10,canvas";"";"";"";"";"";"";"0";"0";"0";"0";"5";"1";"";"0";"0";"";"0000-00-00";"";"";"2";""
"";"";"44";"";"";"color,radio,color,radio";"frame,Shape,size,Type";"frame,shape,size,Type";"charcol-white:#e3fffe,horizontal,15x10,canvas";"";"";"";"";"";"";"0";"0";"0";"0";"5";"1";"";"0";"0";"";"0000-00-00";"";"";"2";""
"";"";"44";"";"";"color,radio,color,radio";"frame,Shape,size,Type";"frame,shape,size,Type";"pine-wood:#a3afff,horizontal,15x10,canvas";"";"";"";"";"";"";"0";"0";"0";"0";"5";"1";"";"0";"0";"";"0000-00-00";"";"";"2";""
"";"";"44";"";"";"color,radio,color,radio";"frame,Shape,size,Type";"frame,shape,size,Type";"none:#62ff43,horizontal,18x12,canvas";"";"";"";"";"";"";"0";"0";"0";"0";"5";"1";"";"0";"0";"";"0000-00-00";"";"";"2";""
"";"";"44";"";"";"color,radio,color,radio";"frame,Shape,size,Type";"frame,shape,size,Type";"natural-wood:#ffd083,horizontal,18x12,canvas";"";"";"";"";"";"";"0";"0";"0";"0";"5";"1";"";"0";"0";"";"0000-00-00";"";"";"2";""
"";"";"44";"";"";"color,radio,color,radio";"frame,Shape,size,Type";"frame,shape,size,Type";"dark-wood:#ce6600,horizontal,18x12,canvas";"";"";"";"";"";"";"0";"0";"0";"0";"5";"1";"";"0";"0";"";"0000-00-00";"";"";"2";""
"";"";"44";"";"";"color,radio,color,radio";"frame,Shape,size,Type";"frame,shape,size,Type";"charcol-black:#3b1200,horizontal,18x12,canvas";"";"";"";"";"";"";"0";"0";"0";"0";"5";"1";"";"0";"0";"";"0000-00-00";"";"";"2";""
"";"";"44";"";"";"color,radio,color,radio";"frame,Shape,size,Type";"frame,shape,size,Type";"charcol-white:#e3fffe,horizontal,18x12,canvas";"";"";"";"";"";"";"0";"0";"0";"0";"5";"1";"";"0";"0";"";"0000-00-00";"";"";"2";""
"";"";"44";"";"";"color,radio,color,radio";"frame,Shape,size,Type";"frame,shape,size,Type";"pine-wood:#a3afff,horizontal,18x12,canvas";"";"";"";"";"";"";"0";"0";"0";"0";"5";"1";"";"0";"0";"";"0000-00-00";"";"";"2";""
"";"";"44";"";"";"color,radio,color,radio";"frame,Shape,size,Type";"frame,shape,size,Type";"none:#62ff43,horizontal,24x16,canvas";"";"";"";"";"";"";"0";"0";"0";"0";"5";"1";"";"0";"0";"";"0000-00-00";"";"";"2";""
"";"";"44";"";"";"color,radio,color,radio";"frame,Shape,size,Type";"frame,shape,size,Type";"natural-wood:#ffd083,horizontal,24x16,canvas";"";"";"";"";"";"";"0";"0";"0";"0";"5";"1";"";"0";"0";"";"0000-00-00";"";"";"2";""
"";"";"44";"";"";"color,radio,color,radio";"frame,Shape,size,Type";"frame,shape,size,Type";"dark-wood:#ce6600,horizontal,24x16,canvas";"";"";"";"";"";"";"0";"0";"0";"0";"5";"1";"";"0";"0";"";"0000-00-00";"";"";"2";""
"";"";"44";"";"";"color,radio,color,radio";"frame,Shape,size,Type";"frame,shape,size,Type";"charcol-black:#3b1200,horizontal,24x16,canvas";"";"";"";"";"";"";"0";"0";"0";"0";"5";"1";"";"0";"0";"";"0000-00-00";"";"";"2";""
"";"";"44";"";"";"color,radio,color,radio";"frame,Shape,size,Type";"frame,shape,size,Type";"charcol-white:#e3fffe,horizontal,24x16,canvas";"";"";"";"";"";"";"0";"0";"0";"0";"5";"1";"";"0";"0";"";"0000-00-00";"";"";"2";""
"";"";"44";"";"";"color,radio,color,radio";"frame,Shape,size,Type";"frame,shape,size,Type";"pine-wood:#a3afff,horizontal,24x16,canvas";"";"";"";"";"";"";"0";"0";"0";"0";"5";"1";"";"0";"0";"";"0000-00-00";"";"";"2";""
"";"";"44";"";"";"color,radio,color,radio";"frame,Shape,size,Type";"frame,shape,size,Type";"none:#62ff43,horizontal,30x20,canvas";"";"";"";"";"";"";"0";"0";"0";"0";"5";"1";"";"0";"0";"";"0000-00-00";"";"";"2";""
"";"";"44";"";"";"color,radio,color,radio";"frame,Shape,size,Type";"frame,shape,size,Type";"natural-wood:#ffd083,horizontal,30x20,canvas";"";"";"";"";"";"";"0";"0";"0";"0";"5";"1";"";"0";"0";"";"0000-00-00";"";"";"2";""
"";"";"44";"";"";"color,radio,color,radio";"frame,Shape,size,Type";"frame,shape,size,Type";"dark-wood:#ce6600,horizontal,30x20,canvas";"";"";"";"";"";"";"0";"0";"0";"0";"5";"1";"";"0";"0";"";"0000-00-00";"";"";"2";""
"";"";"44";"";"";"color,radio,color,radio";"frame,Shape,size,Type";"frame,shape,size,Type";"charcol-black:#3b1200,horizontal,30x20,canvas";"";"";"";"";"";"";"0";"0";"0";"0";"5";"1";"";"0";"0";"";"0000-00-00";"";"";"2";""
"";"";"44";"";"";"color,radio,color,radio";"frame,Shape,size,Type";"frame,shape,size,Type";"charcol-white:#e3fffe,horizontal,30x20,canvas";"";"";"";"";"";"";"0";"0";"0";"0";"5";"1";"";"0";"0";"";"0000-00-00";"";"";"2";""
"";"";"44";"";"";"color,radio,color,radio";"frame,Shape,size,Type";"frame,shape,size,Type";"pine-wood:#a3afff,horizontal,30x20,canvas";"";"";"";"";"";"";"0";"0";"0";"0";"5";"1";"";"0";"0";"";"0000-00-00";"";"";"2";""
"";"";"44";"";"";"color,radio,color,radio";"frame,Shape,size,Type";"frame,shape,size,Type";"none:#62ff43,horizontal,36x24,canvas";"";"";"";"";"";"";"0";"0";"0";"0";"5";"1";"";"0";"0";"";"0000-00-00";"";"";"2";""
"";"";"44";"";"";"color,radio,color,radio";"frame,Shape,size,Type";"frame,shape,size,Type";"natural-wood:#ffd083,horizontal,36x24,canvas";"";"";"";"";"";"";"0";"0";"0";"0";"5";"1";"";"0";"0";"";"0000-00-00";"";"";"2";""
"";"";"44";"";"";"color,radio,color,radio";"frame,Shape,size,Type";"frame,shape,size,Type";"dark-wood:#ce6600,horizontal,36x24,canvas";"";"";"";"";"";"";"0";"0";"0";"0";"5";"1";"";"0";"0";"";"0000-00-00";"";"";"2";""
"";"";"44";"";"";"color,radio,color,radio";"frame,Shape,size,Type";"frame,shape,size,Type";"charcol-black:#3b1200,horizontal,36x24,canvas";"";"";"";"";"";"";"0";"0";"0";"0";"5";"1";"";"0";"0";"";"0000-00-00";"";"";"2";""
"";"";"44";"";"";"color,radio,color,radio";"frame,Shape,size,Type";"frame,shape,size,Type";"charcol-white:#e3fffe,horizontal,36x24,canvas";"";"";"";"";"";"";"0";"0";"0";"0";"5";"1";"";"0";"0";"";"0000-00-00";"";"";"2";""
"";"";"44";"";"";"color,radio,color,radio";"frame,Shape,size,Type";"frame,shape,size,Type";"pine-wood:#a3afff,horizontal,36x24,canvas";"";"";"";"";"";"";"0";"0";"0";"0";"5";"1";"";"0";"0";"";"0000-00-00";"";"";"2";""
"";"";"44";"";"";"color,radio,color,radio";"frame,Shape,size,Type";"frame,shape,size,Type";"none:#62ff43,horizontal,30x45,canvas";"";"";"";"";"";"";"0";"0";"0";"0";"5";"1";"";"0";"0";"";"0000-00-00";"";"";"2";""
"";"";"44";"";"";"color,radio,color,radio";"frame,Shape,size,Type";"frame,shape,size,Type";"natural-wood:#ffd083,horizontal,30x45,canvas";"";"";"";"";"";"";"0";"0";"0";"0";"5";"1";"";"0";"0";"";"0000-00-00";"";"";"2";""
"";"";"44";"";"";"color,radio,color,radio";"frame,Shape,size,Type";"frame,shape,size,Type";"dark-wood:#ce6600,horizontal,30x45,canvas";"";"";"";"";"";"";"0";"0";"0";"0";"5";"1";"";"0";"0";"";"0000-00-00";"";"";"2";""
"";"";"44";"";"";"color,radio,color,radio";"frame,Shape,size,Type";"frame,shape,size,Type";"charcol-black:#3b1200,horizontal,30x45,canvas";"";"";"";"";"";"";"0";"0";"0";"0";"5";"1";"";"0";"0";"";"0000-00-00";"";"";"2";""
"";"";"44";"";"";"color,radio,color,radio";"frame,Shape,size,Type";"frame,shape,size,Type";"charcol-white:#e3fffe,horizontal,30x45,canvas";"";"";"";"";"";"";"0";"0";"0";"0";"5";"1";"";"0";"0";"";"0000-00-00";"";"";"2";""
"";"";"44";"";"";"color,radio,color,radio";"frame,Shape,size,Type";"frame,shape,size,Type";"pine-wood:#a3afff,horizontal,30x45,canvas";"";"";"";"";"";"";"0";"0";"0";"0";"5";"1";"";"0";"0";"";"0000-00-00";"";"";"2";""
"";"";"44";"";"";"color,radio,color,radio";"frame,Shape,size,Type";"frame,shape,size,Type";"none:#62ff43,horizontal,15x10,fine-art-paper";"";"";"";"";"";"";"0";"0";"0";"0";"5";"1";"";"0";"0";"";"0000-00-00";"";"";"2";""
"";"";"44";"";"";"color,radio,color,radio";"frame,Shape,size,Type";"frame,shape,size,Type";"natural-wood:#ffd083,horizontal,15x10,fine-art-paper";"";"";"";"";"";"";"0";"0";"0";"0";"5";"1";"";"0";"0";"";"0000-00-00";"";"";"2";""
"";"";"44";"";"";"color,radio,color,radio";"frame,Shape,size,Type";"frame,shape,size,Type";"dark-wood:#ce6600,horizontal,15x10,fine-art-paper";"";"";"";"";"";"";"0";"0";"0";"0";"5";"1";"";"0";"0";"";"0000-00-00";"";"";"2";""
"";"";"44";"";"";"color,radio,color,radio";"frame,Shape,size,Type";"frame,shape,size,Type";"charcol-black:#3b1200,horizontal,15x10,fine-art-paper";"";"";"";"";"";"";"0";"0";"0";"0";"5";"1";"";"0";"0";"";"0000-00-00";"";"";"2";""
"";"";"44";"";"";"color,radio,color,radio";"frame,Shape,size,Type";"frame,shape,size,Type";"charcol-white:#e3fffe,horizontal,15x10,fine-art-paper";"";"";"";"";"";"";"0";"0";"0";"0";"5";"1";"";"0";"0";"";"0000-00-00";"";"";"2";""
"";"";"44";"";"";"color,radio,color,radio";"frame,Shape,size,Type";"frame,shape,size,Type";"pine-wood:#a3afff,horizontal,15x10,fine-art-paper";"";"";"";"";"";"";"0";"0";"0";"0";"5";"1";"";"0";"0";"";"0000-00-00";"";"";"2";""
"";"";"44";"";"";"color,radio,color,radio";"frame,Shape,size,Type";"frame,shape,size,Type";"none:#62ff43,horizontal,18x12,fine-art-paper";"";"";"";"";"";"";"0";"0";"0";"0";"5";"1";"";"0";"0";"";"0000-00-00";"";"";"2";""
"";"";"44";"";"";"color,radio,color,radio";"frame,Shape,size,Type";"frame,shape,size,Type";"natural-wood:#ffd083,horizontal,18x12,fine-art-paper";"";"";"";"";"";"";"0";"0";"0";"0";"5";"1";"";"0";"0";"";"0000-00-00";"";"";"2";""
"";"";"44";"";"";"color,radio,color,radio";"frame,Shape,size,Type";"frame,shape,size,Type";"dark-wood:#ce6600,horizontal,18x12,fine-art-paper";"";"";"";"";"";"";"0";"0";"0";"0";"5";"1";"";"0";"0";"";"0000-00-00";"";"";"2";""
"";"";"44";"";"";"color,radio,color,radio";"frame,Shape,size,Type";"frame,shape,size,Type";"charcol-black:#3b1200,horizontal,18x12,fine-art-paper";"";"";"";"";"";"";"0";"0";"0";"0";"5";"1";"";"0";"0";"";"0000-00-00";"";"";"2";""
"";"";"44";"";"";"color,radio,color,radio";"frame,Shape,size,Type";"frame,shape,size,Type";"charcol-white:#e3fffe,horizontal,18x12,fine-art-paper";"";"";"";"";"";"";"0";"0";"0";"0";"5";"1";"";"0";"0";"";"0000-00-00";"";"";"2";""
"";"";"44";"";"";"color,radio,color,radio";"frame,Shape,size,Type";"frame,shape,size,Type";"pine-wood:#a3afff,horizontal,18x12,fine-art-paper";"";"";"";"";"";"";"0";"0";"0";"0";"5";"1";"";"0";"0";"";"0000-00-00";"";"";"2";""
"";"";"44";"";"";"color,radio,color,radio";"frame,Shape,size,Type";"frame,shape,size,Type";"none:#62ff43,horizontal,24x16,fine-art-paper";"";"";"";"";"";"";"0";"0";"0";"0";"5";"1";"";"0";"0";"";"0000-00-00";"";"";"2";""
"";"";"44";"";"";"color,radio,color,radio";"frame,Shape,size,Type";"frame,shape,size,Type";"natural-wood:#ffd083,horizontal,24x16,fine-art-paper";"";"";"";"";"";"";"0";"0";"0";"0";"5";"1";"";"0";"0";"";"0000-00-00";"";"";"2";""
"";"";"44";"";"";"color,radio,color,radio";"frame,Shape,size,Type";"frame,shape,size,Type";"dark-wood:#ce6600,horizontal,24x16,fine-art-paper";"";"";"";"";"";"";"0";"0";"0";"0";"5";"1";"";"0";"0";"";"0000-00-00";"";"";"2";""
"";"";"44";"";"";"color,radio,color,radio";"frame,Shape,size,Type";"frame,shape,size,Type";"charcol-black:#3b1200,horizontal,24x16,fine-art-paper";"";"";"";"";"";"";"0";"0";"0";"0";"5";"1";"";"0";"0";"";"0000-00-00";"";"";"2";""
"";"";"44";"";"";"color,radio,color,radio";"frame,Shape,size,Type";"frame,shape,size,Type";"charcol-white:#e3fffe,horizontal,24x16,fine-art-paper";"";"";"";"";"";"";"0";"0";"0";"0";"5";"1";"";"0";"0";"";"0000-00-00";"";"";"2";""
"";"";"44";"";"";"color,radio,color,radio";"frame,Shape,size,Type";"frame,shape,size,Type";"pine-wood:#a3afff,horizontal,24x16,fine-art-paper";"";"";"";"";"";"";"0";"0";"0";"0";"5";"1";"";"0";"0";"";"0000-00-00";"";"";"2";""
"";"";"44";"";"";"color,radio,color,radio";"frame,Shape,size,Type";"frame,shape,size,Type";"none:#62ff43,horizontal,30x20,fine-art-paper";"";"";"";"";"";"";"0";"0";"0";"0";"5";"1";"";"0";"0";"";"0000-00-00";"";"";"2";""
"";"";"44";"";"";"color,radio,color,radio";"frame,Shape,size,Type";"frame,shape,size,Type";"natural-wood:#ffd083,horizontal,30x20,fine-art-paper";"";"";"";"";"";"";"0";"0";"0";"0";"5";"1";"";"0";"0";"";"0000-00-00";"";"";"2";""
"";"";"44";"";"";"color,radio,color,radio";"frame,Shape,size,Type";"frame,shape,size,Type";"dark-wood:#ce6600,horizontal,30x20,fine-art-paper";"";"";"";"";"";"";"0";"0";"0";"0";"5";"1";"";"0";"0";"";"0000-00-00";"";"";"2";""
"";"";"44";"";"";"color,radio,color,radio";"frame,Shape,size,Type";"frame,shape,size,Type";"charcol-black:#3b1200,horizontal,30x20,fine-art-paper";"";"";"";"";"";"";"0";"0";"0";"0";"5";"1";"";"0";"0";"";"0000-00-00";"";"";"2";""
"";"";"44";"";"";"color,radio,color,radio";"frame,Shape,size,Type";"frame,shape,size,Type";"charcol-white:#e3fffe,horizontal,30x20,fine-art-paper";"";"";"";"";"";"";"0";"0";"0";"0";"5";"1";"";"0";"0";"";"0000-00-00";"";"";"2";""
"";"";"44";"";"";"color,radio,color,radio";"frame,Shape,size,Type";"frame,shape,size,Type";"pine-wood:#a3afff,horizontal,30x20,fine-art-paper";"";"";"";"";"";"";"0";"0";"0";"0";"5";"1";"";"0";"0";"";"0000-00-00";"";"";"2";""
"";"";"44";"";"";"color,radio,color,radio";"frame,Shape,size,Type";"frame,shape,size,Type";"none:#62ff43,horizontal,36x24,fine-art-paper";"";"";"";"";"";"";"0";"0";"0";"0";"5";"1";"";"0";"0";"";"0000-00-00";"";"";"2";""
"";"";"44";"";"";"color,radio,color,radio";"frame,Shape,size,Type";"frame,shape,size,Type";"natural-wood:#ffd083,horizontal,36x24,fine-art-paper";"";"";"";"";"";"";"0";"0";"0";"0";"5";"1";"";"0";"0";"";"0000-00-00";"";"";"2";""
"";"";"44";"";"";"color,radio,color,radio";"frame,Shape,size,Type";"frame,shape,size,Type";"dark-wood:#ce6600,horizontal,36x24,fine-art-paper";"";"";"";"";"";"";"0";"0";"0";"0";"5";"1";"";"0";"0";"";"0000-00-00";"";"";"2";""
"";"";"44";"";"";"color,radio,color,radio";"frame,Shape,size,Type";"frame,shape,size,Type";"charcol-black:#3b1200,horizontal,36x24,fine-art-paper";"";"";"";"";"";"";"0";"0";"0";"0";"5";"1";"";"0";"0";"";"0000-00-00";"";"";"2";""
"";"";"44";"";"";"color,radio,color,radio";"frame,Shape,size,Type";"frame,shape,size,Type";"charcol-white:#e3fffe,horizontal,36x24,fine-art-paper";"";"";"";"";"";"";"0";"0";"0";"0";"5";"1";"";"0";"0";"";"0000-00-00";"";"";"2";""
"";"";"44";"";"";"color,radio,color,radio";"frame,Shape,size,Type";"frame,shape,size,Type";"pine-wood:#a3afff,horizontal,36x24,fine-art-paper";"";"";"";"";"";"";"0";"0";"0";"0";"5";"1";"";"0";"0";"";"0000-00-00";"";"";"2";""
"";"";"44";"";"";"color,radio,color,radio";"frame,Shape,size,Type";"frame,shape,size,Type";"none:#62ff43,horizontal,30x45,fine-art-paper";"";"";"";"";"";"";"0";"0";"0";"0";"5";"1";"";"0";"0";"";"0000-00-00";"";"";"2";""
"";"";"44";"";"";"color,radio,color,radio";"frame,Shape,size,Type";"frame,shape,size,Type";"natural-wood:#ffd083,horizontal,30x45,fine-art-paper";"";"";"";"";"";"";"0";"0";"0";"0";"5";"1";"";"0";"0";"";"0000-00-00";"";"";"2";""
"";"";"44";"";"";"color,radio,color,radio";"frame,Shape,size,Type";"frame,shape,size,Type";"dark-wood:#ce6600,horizontal,30x45,fine-art-paper";"";"";"";"";"";"";"0";"0";"0";"0";"5";"1";"";"0";"0";"";"0000-00-00";"";"";"2";""
"";"";"44";"";"";"color,radio,color,radio";"frame,Shape,size,Type";"frame,shape,size,Type";"charcol-black:#3b1200,horizontal,30x45,fine-art-paper";"";"";"";"";"";"";"0";"0";"0";"0";"5";"1";"";"0";"0";"";"0000-00-00";"";"";"2";""
"";"";"44";"";"";"color,radio,color,radio";"frame,Shape,size,Type";"frame,shape,size,Type";"charcol-white:#e3fffe,horizontal,30x45,fine-art-paper";"";"";"";"";"";"";"0";"0";"0";"0";"5";"1";"";"0";"0";"";"0000-00-00";"";"";"2";""
"";"";"44";"";"";"color,radio,color,radio";"frame,Shape,size,Type";"frame,shape,size,Type";"pine-wood:#a3afff,horizontal,30x45,fine-art-paper";"";"";"";"";"";"";"0";"0";"0";"0";"5";"1";"";"0";"0";"";"0000-00-00";"";"";"2";""
"";"";"47";"";"";"color,radio,color,radio";"frame,Shape,size,Type";"frame,shape,size,Type";"none:#62ff43,horizontal,15x10,canvas";"";"";"";"";"";"";"0";"0";"0";"0";"5";"1";"";"0";"0";"1";"0000-00-00";"";"";"2";""
"";"";"47";"";"";"color,radio,color,radio";"frame,Shape,size,Type";"frame,shape,size,Type";"natural-wood:#ffd083,horizontal,15x10,canvas";"";"";"";"";"";"";"0";"0";"0";"0";"5";"1";"";"0";"0";"";"0000-00-00";"";"";"2";""
"";"";"47";"";"";"color,radio,color,radio";"frame,Shape,size,Type";"frame,shape,size,Type";"dark-wood:#ce6600,horizontal,15x10,canvas";"";"";"";"";"";"";"0";"0";"0";"0";"5";"1";"";"0";"0";"";"0000-00-00";"";"";"2";""
"";"";"47";"";"";"color,radio,color,radio";"frame,Shape,size,Type";"frame,shape,size,Type";"charcol-black:#3b1200,horizontal,15x10,canvas";"";"";"";"";"";"";"0";"0";"0";"0";"5";"1";"";"0";"0";"";"0000-00-00";"";"";"2";""
"";"";"47";"";"";"color,radio,color,radio";"frame,Shape,size,Type";"frame,shape,size,Type";"charcol-white:#e3fffe,horizontal,15x10,canvas";"";"";"";"";"";"";"0";"0";"0";"0";"5";"1";"";"0";"0";"";"0000-00-00";"";"";"2";""
"";"";"47";"";"";"color,radio,color,radio";"frame,Shape,size,Type";"frame,shape,size,Type";"pine-wood:#a3afff,horizontal,15x10,canvas";"";"";"";"";"";"";"0";"0";"0";"0";"5";"1";"";"0";"0";"";"0000-00-00";"";"";"2";""
"";"";"47";"";"";"color,radio,color,radio";"frame,Shape,size,Type";"frame,shape,size,Type";"none:#62ff43,horizontal,18x12,canvas";"";"";"";"";"";"";"0";"0";"0";"0";"5";"1";"";"0";"0";"";"0000-00-00";"";"";"2";""
"";"";"47";"";"";"color,radio,color,radio";"frame,Shape,size,Type";"frame,shape,size,Type";"natural-wood:#ffd083,horizontal,18x12,canvas";"";"";"";"";"";"";"0";"0";"0";"0";"5";"1";"";"0";"0";"";"0000-00-00";"";"";"2";""
"";"";"47";"";"";"color,radio,color,radio";"frame,Shape,size,Type";"frame,shape,size,Type";"dark-wood:#ce6600,horizontal,18x12,canvas";"";"";"";"";"";"";"0";"0";"0";"0";"5";"1";"";"0";"0";"";"0000-00-00";"";"";"2";""
"";"";"47";"";"";"color,radio,color,radio";"frame,Shape,size,Type";"frame,shape,size,Type";"charcol-black:#3b1200,horizontal,18x12,canvas";"";"";"";"";"";"";"0";"0";"0";"0";"5";"1";"";"0";"0";"";"0000-00-00";"";"";"2";""
"";"";"47";"";"";"color,radio,color,radio";"frame,Shape,size,Type";"frame,shape,size,Type";"charcol-white:#e3fffe,horizontal,18x12,canvas";"";"";"";"";"";"";"0";"0";"0";"0";"5";"1";"";"0";"0";"";"0000-00-00";"";"";"2";""
"";"";"47";"";"";"color,radio,color,radio";"frame,Shape,size,Type";"frame,shape,size,Type";"pine-wood:#a3afff,horizontal,18x12,canvas";"";"";"";"";"";"";"0";"0";"0";"0";"5";"1";"";"0";"0";"";"0000-00-00";"";"";"2";""
"";"";"47";"";"";"color,radio,color,radio";"frame,Shape,size,Type";"frame,shape,size,Type";"none:#62ff43,horizontal,24x16,canvas";"";"";"";"";"";"";"0";"0";"0";"0";"5";"1";"";"0";"0";"";"0000-00-00";"";"";"2";""
"";"";"47";"";"";"color,radio,color,radio";"frame,Shape,size,Type";"frame,shape,size,Type";"natural-wood:#ffd083,horizontal,24x16,canvas";"";"";"";"";"";"";"0";"0";"0";"0";"5";"1";"";"0";"0";"";"0000-00-00";"";"";"2";""
"";"";"47";"";"";"color,radio,color,radio";"frame,Shape,size,Type";"frame,shape,size,Type";"dark-wood:#ce6600,horizontal,24x16,canvas";"";"";"";"";"";"";"0";"0";"0";"0";"5";"1";"";"0";"0";"";"0000-00-00";"";"";"2";""
"";"";"47";"";"";"color,radio,color,radio";"frame,Shape,size,Type";"frame,shape,size,Type";"charcol-black:#3b1200,horizontal,24x16,canvas";"";"";"";"";"";"";"0";"0";"0";"0";"5";"1";"";"0";"0";"";"0000-00-00";"";"";"2";""
"";"";"47";"";"";"color,radio,color,radio";"frame,Shape,size,Type";"frame,shape,size,Type";"charcol-white:#e3fffe,horizontal,24x16,canvas";"";"";"";"";"";"";"0";"0";"0";"0";"5";"1";"";"0";"0";"";"0000-00-00";"";"";"2";""
"";"";"47";"";"";"color,radio,color,radio";"frame,Shape,size,Type";"frame,shape,size,Type";"pine-wood:#a3afff,horizontal,24x16,canvas";"";"";"";"";"";"";"0";"0";"0";"0";"5";"1";"";"0";"0";"";"0000-00-00";"";"";"2";""
"";"";"47";"";"";"color,radio,color,radio";"frame,Shape,size,Type";"frame,shape,size,Type";"none:#62ff43,horizontal,30x20,canvas";"";"";"";"";"";"";"0";"0";"0";"0";"5";"1";"";"0";"0";"";"0000-00-00";"";"";"2";""
"";"";"47";"";"";"color,radio,color,radio";"frame,Shape,size,Type";"frame,shape,size,Type";"natural-wood:#ffd083,horizontal,30x20,canvas";"";"";"";"";"";"";"0";"0";"0";"0";"5";"1";"";"0";"0";"";"0000-00-00";"";"";"2";""
"";"";"47";"";"";"color,radio,color,radio";"frame,Shape,size,Type";"frame,shape,size,Type";"dark-wood:#ce6600,horizontal,30x20,canvas";"";"";"";"";"";"";"0";"0";"0";"0";"5";"1";"";"0";"0";"";"0000-00-00";"";"";"2";""
"";"";"47";"";"";"color,radio,color,radio";"frame,Shape,size,Type";"frame,shape,size,Type";"charcol-black:#3b1200,horizontal,30x20,canvas";"";"";"";"";"";"";"0";"0";"0";"0";"5";"1";"";"0";"0";"";"0000-00-00";"";"";"2";""
"";"";"47";"";"";"color,radio,color,radio";"frame,Shape,size,Type";"frame,shape,size,Type";"charcol-white:#e3fffe,horizontal,30x20,canvas";"";"";"";"";"";"";"0";"0";"0";"0";"5";"1";"";"0";"0";"";"0000-00-00";"";"";"2";""
"";"";"47";"";"";"color,radio,color,radio";"frame,Shape,size,Type";"frame,shape,size,Type";"pine-wood:#a3afff,horizontal,30x20,canvas";"";"";"";"";"";"";"0";"0";"0";"0";"5";"1";"";"0";"0";"";"0000-00-00";"";"";"2";""
"";"";"47";"";"";"color,radio,color,radio";"frame,Shape,size,Type";"frame,shape,size,Type";"none:#62ff43,horizontal,36x24,canvas";"";"";"";"";"";"";"0";"0";"0";"0";"5";"1";"";"0";"0";"";"0000-00-00";"";"";"2";""
"";"";"47";"";"";"color,radio,color,radio";"frame,Shape,size,Type";"frame,shape,size,Type";"natural-wood:#ffd083,horizontal,36x24,canvas";"";"";"";"";"";"";"0";"0";"0";"0";"5";"1";"";"0";"0";"";"0000-00-00";"";"";"2";""
"";"";"47";"";"";"color,radio,color,radio";"frame,Shape,size,Type";"frame,shape,size,Type";"dark-wood:#ce6600,horizontal,36x24,canvas";"";"";"";"";"";"";"0";"0";"0";"0";"5";"1";"";"0";"0";"";"0000-00-00";"";"";"2";""
"";"";"47";"";"";"color,radio,color,radio";"frame,Shape,size,Type";"frame,shape,size,Type";"charcol-black:#3b1200,horizontal,36x24,canvas";"";"";"";"";"";"";"0";"0";"0";"0";"5";"1";"";"0";"0";"";"0000-00-00";"";"";"2";""
"";"";"47";"";"";"color,radio,color,radio";"frame,Shape,size,Type";"frame,shape,size,Type";"charcol-white:#e3fffe,horizontal,36x24,canvas";"";"";"";"";"";"";"0";"0";"0";"0";"5";"1";"";"0";"0";"";"0000-00-00";"";"";"2";""
"";"";"47";"";"";"color,radio,color,radio";"frame,Shape,size,Type";"frame,shape,size,Type";"pine-wood:#a3afff,horizontal,36x24,canvas";"";"";"";"";"";"";"0";"0";"0";"0";"5";"1";"";"0";"0";"";"0000-00-00";"";"";"2";""
"";"";"47";"";"";"color,radio,color,radio";"frame,Shape,size,Type";"frame,shape,size,Type";"none:#62ff43,horizontal,30x45,canvas";"";"";"";"";"";"";"0";"0";"0";"0";"5";"1";"";"0";"0";"";"0000-00-00";"";"";"2";""
"";"";"47";"";"";"color,radio,color,radio";"frame,Shape,size,Type";"frame,shape,size,Type";"natural-wood:#ffd083,horizontal,30x45,canvas";"";"";"";"";"";"";"0";"0";"0";"0";"5";"1";"";"0";"0";"";"0000-00-00";"";"";"2";""
"";"";"47";"";"";"color,radio,color,radio";"frame,Shape,size,Type";"frame,shape,size,Type";"dark-wood:#ce6600,horizontal,30x45,canvas";"";"";"";"";"";"";"0";"0";"0";"0";"5";"1";"";"0";"0";"";"0000-00-00";"";"";"2";""
"";"";"47";"";"";"color,radio,color,radio";"frame,Shape,size,Type";"frame,shape,size,Type";"charcol-black:#3b1200,horizontal,30x45,canvas";"";"";"";"";"";"";"0";"0";"0";"0";"5";"1";"";"0";"0";"";"0000-00-00";"";"";"2";""
"";"";"47";"";"";"color,radio,color,radio";"frame,Shape,size,Type";"frame,shape,size,Type";"charcol-white:#e3fffe,horizontal,30x45,canvas";"";"";"";"";"";"";"0";"0";"0";"0";"5";"1";"";"0";"0";"";"0000-00-00";"";"";"2";""
"";"";"47";"";"";"color,radio,color,radio";"frame,Shape,size,Type";"frame,shape,size,Type";"pine-wood:#a3afff,horizontal,30x45,canvas";"";"";"";"";"";"";"0";"0";"0";"0";"5";"1";"";"0";"0";"";"0000-00-00";"";"";"2";""
"";"";"47";"";"";"color,radio,color,radio";"frame,Shape,size,Type";"frame,shape,size,Type";"none:#62ff43,horizontal,15x10,fine-art-paper";"";"";"";"";"";"";"0";"0";"0";"0";"5";"1";"";"0";"0";"";"0000-00-00";"";"";"2";""
"";"";"47";"";"";"color,radio,color,radio";"frame,Shape,size,Type";"frame,shape,size,Type";"natural-wood:#ffd083,horizontal,15x10,fine-art-paper";"";"";"";"";"";"";"0";"0";"0";"0";"5";"1";"";"0";"0";"";"0000-00-00";"";"";"2";""
"";"";"47";"";"";"color,radio,color,radio";"frame,Shape,size,Type";"frame,shape,size,Type";"dark-wood:#ce6600,horizontal,15x10,fine-art-paper";"";"";"";"";"";"";"0";"0";"0";"0";"5";"1";"";"0";"0";"";"0000-00-00";"";"";"2";""
"";"";"47";"";"";"color,radio,color,radio";"frame,Shape,size,Type";"frame,shape,size,Type";"charcol-black:#3b1200,horizontal,15x10,fine-art-paper";"";"";"";"";"";"";"0";"0";"0";"0";"5";"1";"";"0";"0";"";"0000-00-00";"";"";"2";""
"";"";"47";"";"";"color,radio,color,radio";"frame,Shape,size,Type";"frame,shape,size,Type";"charcol-white:#e3fffe,horizontal,15x10,fine-art-paper";"";"";"";"";"";"";"0";"0";"0";"0";"5";"1";"";"0";"0";"";"0000-00-00";"";"";"2";""
"";"";"47";"";"";"color,radio,color,radio";"frame,Shape,size,Type";"frame,shape,size,Type";"pine-wood:#a3afff,horizontal,15x10,fine-art-paper";"";"";"";"";"";"";"0";"0";"0";"0";"5";"1";"";"0";"0";"";"0000-00-00";"";"";"2";""
"";"";"47";"";"";"color,radio,color,radio";"frame,Shape,size,Type";"frame,shape,size,Type";"none:#62ff43,horizontal,18x12,fine-art-paper";"";"";"";"";"";"";"0";"0";"0";"0";"5";"1";"";"0";"0";"";"0000-00-00";"";"";"2";""
"";"";"47";"";"";"color,radio,color,radio";"frame,Shape,size,Type";"frame,shape,size,Type";"natural-wood:#ffd083,horizontal,18x12,fine-art-paper";"";"";"";"";"";"";"0";"0";"0";"0";"5";"1";"";"0";"0";"";"0000-00-00";"";"";"2";""
"";"";"47";"";"";"color,radio,color,radio";"frame,Shape,size,Type";"frame,shape,size,Type";"dark-wood:#ce6600,horizontal,18x12,fine-art-paper";"";"";"";"";"";"";"0";"0";"0";"0";"5";"1";"";"0";"0";"";"0000-00-00";"";"";"2";""
"";"";"47";"";"";"color,radio,color,radio";"frame,Shape,size,Type";"frame,shape,size,Type";"charcol-black:#3b1200,horizontal,18x12,fine-art-paper";"";"";"";"";"";"";"0";"0";"0";"0";"5";"1";"";"0";"0";"";"0000-00-00";"";"";"2";""
"";"";"47";"";"";"color,radio,color,radio";"frame,Shape,size,Type";"frame,shape,size,Type";"charcol-white:#e3fffe,horizontal,18x12,fine-art-paper";"";"";"";"";"";"";"0";"0";"0";"0";"5";"1";"";"0";"0";"";"0000-00-00";"";"";"2";""
"";"";"47";"";"";"color,radio,color,radio";"frame,Shape,size,Type";"frame,shape,size,Type";"pine-wood:#a3afff,horizontal,18x12,fine-art-paper";"";"";"";"";"";"";"0";"0";"0";"0";"5";"1";"";"0";"0";"";"0000-00-00";"";"";"2";""
"";"";"47";"";"";"color,radio,color,radio";"frame,Shape,size,Type";"frame,shape,size,Type";"none:#62ff43,horizontal,24x16,fine-art-paper";"";"";"";"";"";"";"0";"0";"0";"0";"5";"1";"";"0";"0";"";"0000-00-00";"";"";"2";""
"";"";"47";"";"";"color,radio,color,radio";"frame,Shape,size,Type";"frame,shape,size,Type";"natural-wood:#ffd083,horizontal,24x16,fine-art-paper";"";"";"";"";"";"";"0";"0";"0";"0";"5";"1";"";"0";"0";"";"0000-00-00";"";"";"2";""
"";"";"47";"";"";"color,radio,color,radio";"frame,Shape,size,Type";"frame,shape,size,Type";"dark-wood:#ce6600,horizontal,24x16,fine-art-paper";"";"";"";"";"";"";"0";"0";"0";"0";"5";"1";"";"0";"0";"";"0000-00-00";"";"";"2";""
"";"";"47";"";"";"color,radio,color,radio";"frame,Shape,size,Type";"frame,shape,size,Type";"charcol-black:#3b1200,horizontal,24x16,fine-art-paper";"";"";"";"";"";"";"0";"0";"0";"0";"5";"1";"";"0";"0";"";"0000-00-00";"";"";"2";""
"";"";"47";"";"";"color,radio,color,radio";"frame,Shape,size,Type";"frame,shape,size,Type";"charcol-white:#e3fffe,horizontal,24x16,fine-art-paper";"";"";"";"";"";"";"0";"0";"0";"0";"5";"1";"";"0";"0";"";"0000-00-00";"";"";"2";""
"";"";"47";"";"";"color,radio,color,radio";"frame,Shape,size,Type";"frame,shape,size,Type";"pine-wood:#a3afff,horizontal,24x16,fine-art-paper";"";"";"";"";"";"";"0";"0";"0";"0";"5";"1";"";"0";"0";"";"0000-00-00";"";"";"2";""
"";"";"47";"";"";"color,radio,color,radio";"frame,Shape,size,Type";"frame,shape,size,Type";"none:#62ff43,horizontal,30x20,fine-art-paper";"";"";"";"";"";"";"0";"0";"0";"0";"5";"1";"";"0";"0";"";"0000-00-00";"";"";"2";""
"";"";"47";"";"";"color,radio,color,radio";"frame,Shape,size,Type";"frame,shape,size,Type";"natural-wood:#ffd083,horizontal,30x20,fine-art-paper";"";"";"";"";"";"";"0";"0";"0";"0";"5";"1";"";"0";"0";"";"0000-00-00";"";"";"2";""
"";"";"47";"";"";"color,radio,color,radio";"frame,Shape,size,Type";"frame,shape,size,Type";"dark-wood:#ce6600,horizontal,30x20,fine-art-paper";"";"";"";"";"";"";"0";"0";"0";"0";"5";"1";"";"0";"0";"";"0000-00-00";"";"";"2";""
"";"";"47";"";"";"color,radio,color,radio";"frame,Shape,size,Type";"frame,shape,size,Type";"charcol-black:#3b1200,horizontal,30x20,fine-art-paper";"";"";"";"";"";"";"0";"0";"0";"0";"5";"1";"";"0";"0";"";"0000-00-00";"";"";"2";""
"";"";"47";"";"";"color,radio,color,radio";"frame,Shape,size,Type";"frame,shape,size,Type";"charcol-white:#e3fffe,horizontal,30x20,fine-art-paper";"";"";"";"";"";"";"0";"0";"0";"0";"5";"1";"";"0";"0";"";"0000-00-00";"";"";"2";""
"";"";"47";"";"";"color,radio,color,radio";"frame,Shape,size,Type";"frame,shape,size,Type";"pine-wood:#a3afff,horizontal,30x20,fine-art-paper";"";"";"";"";"";"";"0";"0";"0";"0";"5";"1";"";"0";"0";"";"0000-00-00";"";"";"2";""
"";"";"47";"";"";"color,radio,color,radio";"frame,Shape,size,Type";"frame,shape,size,Type";"none:#62ff43,horizontal,36x24,fine-art-paper";"";"";"";"";"";"";"0";"0";"0";"0";"5";"1";"";"0";"0";"";"0000-00-00";"";"";"2";""
"";"";"47";"";"";"color,radio,color,radio";"frame,Shape,size,Type";"frame,shape,size,Type";"natural-wood:#ffd083,horizontal,36x24,fine-art-paper";"";"";"";"";"";"";"0";"0";"0";"0";"5";"1";"";"0";"0";"";"0000-00-00";"";"";"2";""
"";"";"47";"";"";"color,radio,color,radio";"frame,Shape,size,Type";"frame,shape,size,Type";"dark-wood:#ce6600,horizontal,36x24,fine-art-paper";"";"";"";"";"";"";"0";"0";"0";"0";"5";"1";"";"0";"0";"";"0000-00-00";"";"";"2";""
"";"";"47";"";"";"color,radio,color,radio";"frame,Shape,size,Type";"frame,shape,size,Type";"charcol-black:#3b1200,horizontal,36x24,fine-art-paper";"";"";"";"";"";"";"0";"0";"0";"0";"5";"1";"";"0";"0";"";"0000-00-00";"";"";"2";""
"";"";"47";"";"";"color,radio,color,radio";"frame,Shape,size,Type";"frame,shape,size,Type";"charcol-white:#e3fffe,horizontal,36x24,fine-art-paper";"";"";"";"";"";"";"0";"0";"0";"0";"5";"1";"";"0";"0";"";"0000-00-00";"";"";"2";""
"";"";"47";"";"";"color,radio,color,radio";"frame,Shape,size,Type";"frame,shape,size,Type";"pine-wood:#a3afff,horizontal,36x24,fine-art-paper";"";"";"";"";"";"";"0";"0";"0";"0";"5";"1";"";"0";"0";"";"0000-00-00";"";"";"2";""
"";"";"47";"";"";"color,radio,color,radio";"frame,Shape,size,Type";"frame,shape,size,Type";"none:#62ff43,horizontal,30x45,fine-art-paper";"";"";"";"";"";"";"0";"0";"0";"0";"5";"1";"";"0";"0";"";"0000-00-00";"";"";"2";""
"";"";"47";"";"";"color,radio,color,radio";"frame,Shape,size,Type";"frame,shape,size,Type";"natural-wood:#ffd083,horizontal,30x45,fine-art-paper";"";"";"";"";"";"";"0";"0";"0";"0";"5";"1";"";"0";"0";"";"0000-00-00";"";"";"2";""
"";"";"47";"";"";"color,radio,color,radio";"frame,Shape,size,Type";"frame,shape,size,Type";"dark-wood:#ce6600,horizontal,30x45,fine-art-paper";"";"";"";"";"";"";"0";"0";"0";"0";"5";"1";"";"0";"0";"";"0000-00-00";"";"";"2";""
"";"";"47";"";"";"color,radio,color,radio";"frame,Shape,size,Type";"frame,shape,size,Type";"charcol-black:#3b1200,horizontal,30x45,fine-art-paper";"";"";"";"";"";"";"0";"0";"0";"0";"5";"1";"";"0";"0";"";"0000-00-00";"";"";"2";""
"";"";"47";"";"";"color,radio,color,radio";"frame,Shape,size,Type";"frame,shape,size,Type";"charcol-white:#e3fffe,horizontal,30x45,fine-art-paper";"";"";"";"";"";"";"0";"0";"0";"0";"5";"1";"";"0";"0";"";"0000-00-00";"";"";"2";""
"";"";"47";"";"";"color,radio,color,radio";"frame,Shape,size,Type";"frame,shape,size,Type";"pine-wood:#a3afff,horizontal,30x45,fine-art-paper";"";"";"";"";"";"";"0";"0";"0";"0";"5";"1";"";"0";"0";"";"0000-00-00";"";"";"2";""
"";"";"50";"";"";"color,radio,color,radio";"frame,Shape,size,Type";"frame,shape,size,Type";"none:#62ff43,horizontal,15x10,canvas";"";"";"";"";"";"";"0";"0";"0";"0";"5";"1";"";"0";"0";"1";"0000-00-00";"";"";"2";""
"";"";"50";"";"";"color,radio,color,radio";"frame,Shape,size,Type";"frame,shape,size,Type";"natural-wood:#ffd083,horizontal,15x10,canvas";"";"";"";"";"";"";"0";"0";"0";"0";"5";"1";"";"0";"0";"";"0000-00-00";"";"";"2";""
"";"";"50";"";"";"color,radio,color,radio";"frame,Shape,size,Type";"frame,shape,size,Type";"dark-wood:#ce6600,horizontal,15x10,canvas";"";"";"";"";"";"";"0";"0";"0";"0";"5";"1";"";"0";"0";"";"0000-00-00";"";"";"2";""
"";"";"50";"";"";"color,radio,color,radio";"frame,Shape,size,Type";"frame,shape,size,Type";"charcol-black:#3b1200,horizontal,15x10,canvas";"";"";"";"";"";"";"0";"0";"0";"0";"5";"1";"";"0";"0";"";"0000-00-00";"";"";"2";""
"";"";"50";"";"";"color,radio,color,radio";"frame,Shape,size,Type";"frame,shape,size,Type";"charcol-white:#e3fffe,horizontal,15x10,canvas";"";"";"";"";"";"";"0";"0";"0";"0";"5";"1";"";"0";"0";"";"0000-00-00";"";"";"2";""
"";"";"50";"";"";"color,radio,color,radio";"frame,Shape,size,Type";"frame,shape,size,Type";"pine-wood:#a3afff,horizontal,15x10,canvas";"";"";"";"";"";"";"0";"0";"0";"0";"5";"1";"";"0";"0";"";"0000-00-00";"";"";"2";""
"";"";"50";"";"";"color,radio,color,radio";"frame,Shape,size,Type";"frame,shape,size,Type";"none:#62ff43,horizontal,18x12,canvas";"";"";"";"";"";"";"0";"0";"0";"0";"5";"1";"";"0";"0";"";"0000-00-00";"";"";"2";""
"";"";"50";"";"";"color,radio,color,radio";"frame,Shape,size,Type";"frame,shape,size,Type";"natural-wood:#ffd083,horizontal,18x12,canvas";"";"";"";"";"";"";"0";"0";"0";"0";"5";"1";"";"0";"0";"";"0000-00-00";"";"";"2";""
"";"";"50";"";"";"color,radio,color,radio";"frame,Shape,size,Type";"frame,shape,size,Type";"dark-wood:#ce6600,horizontal,18x12,canvas";"";"";"";"";"";"";"0";"0";"0";"0";"5";"1";"";"0";"0";"";"0000-00-00";"";"";"2";""
"";"";"50";"";"";"color,radio,color,radio";"frame,Shape,size,Type";"frame,shape,size,Type";"charcol-black:#3b1200,horizontal,18x12,canvas";"";"";"";"";"";"";"0";"0";"0";"0";"5";"1";"";"0";"0";"";"0000-00-00";"";"";"2";""
"";"";"50";"";"";"color,radio,color,radio";"frame,Shape,size,Type";"frame,shape,size,Type";"charcol-white:#e3fffe,horizontal,18x12,canvas";"";"";"";"";"";"";"0";"0";"0";"0";"5";"1";"";"0";"0";"";"0000-00-00";"";"";"2";""
"";"";"50";"";"";"color,radio,color,radio";"frame,Shape,size,Type";"frame,shape,size,Type";"pine-wood:#a3afff,horizontal,18x12,canvas";"";"";"";"";"";"";"0";"0";"0";"0";"5";"1";"";"0";"0";"";"0000-00-00";"";"";"2";""
"";"";"50";"";"";"color,radio,color,radio";"frame,Shape,size,Type";"frame,shape,size,Type";"none:#62ff43,horizontal,24x16,canvas";"";"";"";"";"";"";"0";"0";"0";"0";"5";"1";"";"0";"0";"";"0000-00-00";"";"";"2";""
"";"";"50";"";"";"color,radio,color,radio";"frame,Shape,size,Type";"frame,shape,size,Type";"natural-wood:#ffd083,horizontal,24x16,canvas";"";"";"";"";"";"";"0";"0";"0";"0";"5";"1";"";"0";"0";"";"0000-00-00";"";"";"2";""
"";"";"50";"";"";"color,radio,color,radio";"frame,Shape,size,Type";"frame,shape,size,Type";"dark-wood:#ce6600,horizontal,24x16,canvas";"";"";"";"";"";"";"0";"0";"0";"0";"5";"1";"";"0";"0";"";"0000-00-00";"";"";"2";""
"";"";"50";"";"";"color,radio,color,radio";"frame,Shape,size,Type";"frame,shape,size,Type";"charcol-black:#3b1200,horizontal,24x16,canvas";"";"";"";"";"";"";"0";"0";"0";"0";"5";"1";"";"0";"0";"";"0000-00-00";"";"";"2";""
"";"";"50";"";"";"color,radio,color,radio";"frame,Shape,size,Type";"frame,shape,size,Type";"charcol-white:#e3fffe,horizontal,24x16,canvas";"";"";"";"";"";"";"0";"0";"0";"0";"5";"1";"";"0";"0";"";"0000-00-00";"";"";"2";""
"";"";"50";"";"";"color,radio,color,radio";"frame,Shape,size,Type";"frame,shape,size,Type";"pine-wood:#a3afff,horizontal,24x16,canvas";"";"";"";"";"";"";"0";"0";"0";"0";"5";"1";"";"0";"0";"";"0000-00-00";"";"";"2";""
"";"";"50";"";"";"color,radio,color,radio";"frame,Shape,size,Type";"frame,shape,size,Type";"none:#62ff43,horizontal,30x20,canvas";"";"";"";"";"";"";"0";"0";"0";"0";"5";"1";"";"0";"0";"";"0000-00-00";"";"";"2";""
"";"";"50";"";"";"color,radio,color,radio";"frame,Shape,size,Type";"frame,shape,size,Type";"natural-wood:#ffd083,horizontal,30x20,canvas";"";"";"";"";"";"";"0";"0";"0";"0";"5";"1";"";"0";"0";"";"0000-00-00";"";"";"2";""
"";"";"50";"";"";"color,radio,color,radio";"frame,Shape,size,Type";"frame,shape,size,Type";"dark-wood:#ce6600,horizontal,30x20,canvas";"";"";"";"";"";"";"0";"0";"0";"0";"5";"1";"";"0";"0";"";"0000-00-00";"";"";"2";""
"";"";"50";"";"";"color,radio,color,radio";"frame,Shape,size,Type";"frame,shape,size,Type";"charcol-black:#3b1200,horizontal,30x20,canvas";"";"";"";"";"";"";"0";"0";"0";"0";"5";"1";"";"0";"0";"";"0000-00-00";"";"";"2";""
"";"";"50";"";"";"color,radio,color,radio";"frame,Shape,size,Type";"frame,shape,size,Type";"charcol-white:#e3fffe,horizontal,30x20,canvas";"";"";"";"";"";"";"0";"0";"0";"0";"5";"1";"";"0";"0";"";"0000-00-00";"";"";"2";""
"";"";"50";"";"";"color,radio,color,radio";"frame,Shape,size,Type";"frame,shape,size,Type";"pine-wood:#a3afff,horizontal,30x20,canvas";"";"";"";"";"";"";"0";"0";"0";"0";"5";"1";"";"0";"0";"";"0000-00-00";"";"";"2";""
"";"";"50";"";"";"color,radio,color,radio";"frame,Shape,size,Type";"frame,shape,size,Type";"none:#62ff43,horizontal,36x24,canvas";"";"";"";"";"";"";"0";"0";"0";"0";"5";"1";"";"0";"0";"";"0000-00-00";"";"";"2";""
"";"";"50";"";"";"color,radio,color,radio";"frame,Shape,size,Type";"frame,shape,size,Type";"natural-wood:#ffd083,horizontal,36x24,canvas";"";"";"";"";"";"";"0";"0";"0";"0";"5";"1";"";"0";"0";"";"0000-00-00";"";"";"2";""
"";"";"50";"";"";"color,radio,color,radio";"frame,Shape,size,Type";"frame,shape,size,Type";"dark-wood:#ce6600,horizontal,36x24,canvas";"";"";"";"";"";"";"0";"0";"0";"0";"5";"1";"";"0";"0";"";"0000-00-00";"";"";"2";""
"";"";"50";"";"";"color,radio,color,radio";"frame,Shape,size,Type";"frame,shape,size,Type";"charcol-black:#3b1200,horizontal,36x24,canvas";"";"";"";"";"";"";"0";"0";"0";"0";"5";"1";"";"0";"0";"";"0000-00-00";"";"";"2";""
"";"";"50";"";"";"color,radio,color,radio";"frame,Shape,size,Type";"frame,shape,size,Type";"charcol-white:#e3fffe,horizontal,36x24,canvas";"";"";"";"";"";"";"0";"0";"0";"0";"5";"1";"";"0";"0";"";"0000-00-00";"";"";"2";""
"";"";"50";"";"";"color,radio,color,radio";"frame,Shape,size,Type";"frame,shape,size,Type";"pine-wood:#a3afff,horizontal,36x24,canvas";"";"";"";"";"";"";"0";"0";"0";"0";"5";"1";"";"0";"0";"";"0000-00-00";"";"";"2";""
"";"";"50";"";"";"color,radio,color,radio";"frame,Shape,size,Type";"frame,shape,size,Type";"none:#62ff43,horizontal,30x45,canvas";"";"";"";"";"";"";"0";"0";"0";"0";"5";"1";"";"0";"0";"";"0000-00-00";"";"";"2";""
"";"";"50";"";"";"color,radio,color,radio";"frame,Shape,size,Type";"frame,shape,size,Type";"natural-wood:#ffd083,horizontal,30x45,canvas";"";"";"";"";"";"";"0";"0";"0";"0";"5";"1";"";"0";"0";"";"0000-00-00";"";"";"2";""
"";"";"50";"";"";"color,radio,color,radio";"frame,Shape,size,Type";"frame,shape,size,Type";"dark-wood:#ce6600,horizontal,30x45,canvas";"";"";"";"";"";"";"0";"0";"0";"0";"5";"1";"";"0";"0";"";"0000-00-00";"";"";"2";""
"";"";"50";"";"";"color,radio,color,radio";"frame,Shape,size,Type";"frame,shape,size,Type";"charcol-black:#3b1200,horizontal,30x45,canvas";"";"";"";"";"";"";"0";"0";"0";"0";"5";"1";"";"0";"0";"";"0000-00-00";"";"";"2";""
"";"";"50";"";"";"color,radio,color,radio";"frame,Shape,size,Type";"frame,shape,size,Type";"charcol-white:#e3fffe,horizontal,30x45,canvas";"";"";"";"";"";"";"0";"0";"0";"0";"5";"1";"";"0";"0";"";"0000-00-00";"";"";"2";""
"";"";"50";"";"";"color,radio,color,radio";"frame,Shape,size,Type";"frame,shape,size,Type";"pine-wood:#a3afff,horizontal,30x45,canvas";"";"";"";"";"";"";"0";"0";"0";"0";"5";"1";"";"0";"0";"";"0000-00-00";"";"";"2";""
"";"";"50";"";"";"color,radio,color,radio";"frame,Shape,size,Type";"frame,shape,size,Type";"none:#62ff43,horizontal,15x10,fine-art-paper";"";"";"";"";"";"";"0";"0";"0";"0";"5";"1";"";"0";"0";"";"0000-00-00";"";"";"2";""
"";"";"50";"";"";"color,radio,color,radio";"frame,Shape,size,Type";"frame,shape,size,Type";"natural-wood:#ffd083,horizontal,15x10,fine-art-paper";"";"";"";"";"";"";"0";"0";"0";"0";"5";"1";"";"0";"0";"";"0000-00-00";"";"";"2";""
"";"";"50";"";"";"color,radio,color,radio";"frame,Shape,size,Type";"frame,shape,size,Type";"dark-wood:#ce6600,horizontal,15x10,fine-art-paper";"";"";"";"";"";"";"0";"0";"0";"0";"5";"1";"";"0";"0";"";"0000-00-00";"";"";"2";""
"";"";"50";"";"";"color,radio,color,radio";"frame,Shape,size,Type";"frame,shape,size,Type";"charcol-black:#3b1200,horizontal,15x10,fine-art-paper";"";"";"";"";"";"";"0";"0";"0";"0";"5";"1";"";"0";"0";"";"0000-00-00";"";"";"2";""
"";"";"50";"";"";"color,radio,color,radio";"frame,Shape,size,Type";"frame,shape,size,Type";"charcol-white:#e3fffe,horizontal,15x10,fine-art-paper";"";"";"";"";"";"";"0";"0";"0";"0";"5";"1";"";"0";"0";"";"0000-00-00";"";"";"2";""
"";"";"50";"";"";"color,radio,color,radio";"frame,Shape,size,Type";"frame,shape,size,Type";"pine-wood:#a3afff,horizontal,15x10,fine-art-paper";"";"";"";"";"";"";"0";"0";"0";"0";"5";"1";"";"0";"0";"";"0000-00-00";"";"";"2";""
"";"";"50";"";"";"color,radio,color,radio";"frame,Shape,size,Type";"frame,shape,size,Type";"none:#62ff43,horizontal,18x12,fine-art-paper";"";"";"";"";"";"";"0";"0";"0";"0";"5";"1";"";"0";"0";"";"0000-00-00";"";"";"2";""
"";"";"50";"";"";"color,radio,color,radio";"frame,Shape,size,Type";"frame,shape,size,Type";"natural-wood:#ffd083,horizontal,18x12,fine-art-paper";"";"";"";"";"";"";"0";"0";"0";"0";"5";"1";"";"0";"0";"";"0000-00-00";"";"";"2";""
"";"";"50";"";"";"color,radio,color,radio";"frame,Shape,size,Type";"frame,shape,size,Type";"dark-wood:#ce6600,horizontal,18x12,fine-art-paper";"";"";"";"";"";"";"0";"0";"0";"0";"5";"1";"";"0";"0";"";"0000-00-00";"";"";"2";""
"";"";"50";"";"";"color,radio,color,radio";"frame,Shape,size,Type";"frame,shape,size,Type";"charcol-black:#3b1200,horizontal,18x12,fine-art-paper";"";"";"";"";"";"";"0";"0";"0";"0";"5";"1";"";"0";"0";"";"0000-00-00";"";"";"2";""
"";"";"50";"";"";"color,radio,color,radio";"frame,Shape,size,Type";"frame,shape,size,Type";"charcol-white:#e3fffe,horizontal,18x12,fine-art-paper";"";"";"";"";"";"";"0";"0";"0";"0";"5";"1";"";"0";"0";"";"0000-00-00";"";"";"2";""
"";"";"50";"";"";"color,radio,color,radio";"frame,Shape,size,Type";"frame,shape,size,Type";"pine-wood:#a3afff,horizontal,18x12,fine-art-paper";"";"";"";"";"";"";"0";"0";"0";"0";"5";"1";"";"0";"0";"";"0000-00-00";"";"";"2";""
"";"";"50";"";"";"color,radio,color,radio";"frame,Shape,size,Type";"frame,shape,size,Type";"none:#62ff43,horizontal,24x16,fine-art-paper";"";"";"";"";"";"";"0";"0";"0";"0";"5";"1";"";"0";"0";"";"0000-00-00";"";"";"2";""
"";"";"50";"";"";"color,radio,color,radio";"frame,Shape,size,Type";"frame,shape,size,Type";"natural-wood:#ffd083,horizontal,24x16,fine-art-paper";"";"";"";"";"";"";"0";"0";"0";"0";"5";"1";"";"0";"0";"";"0000-00-00";"";"";"2";""
"";"";"50";"";"";"color,radio,color,radio";"frame,Shape,size,Type";"frame,shape,size,Type";"dark-wood:#ce6600,horizontal,24x16,fine-art-paper";"";"";"";"";"";"";"0";"0";"0";"0";"5";"1";"";"0";"0";"";"0000-00-00";"";"";"2";""
"";"";"50";"";"";"color,radio,color,radio";"frame,Shape,size,Type";"frame,shape,size,Type";"charcol-black:#3b1200,horizontal,24x16,fine-art-paper";"";"";"";"";"";"";"0";"0";"0";"0";"5";"1";"";"0";"0";"";"0000-00-00";"";"";"2";""
"";"";"50";"";"";"color,radio,color,radio";"frame,Shape,size,Type";"frame,shape,size,Type";"charcol-white:#e3fffe,horizontal,24x16,fine-art-paper";"";"";"";"";"";"";"0";"0";"0";"0";"5";"1";"";"0";"0";"";"0000-00-00";"";"";"2";""
"";"";"50";"";"";"color,radio,color,radio";"frame,Shape,size,Type";"frame,shape,size,Type";"pine-wood:#a3afff,horizontal,24x16,fine-art-paper";"";"";"";"";"";"";"0";"0";"0";"0";"5";"1";"";"0";"0";"";"0000-00-00";"";"";"2";""
"";"";"50";"";"";"color,radio,color,radio";"frame,Shape,size,Type";"frame,shape,size,Type";"none:#62ff43,horizontal,30x20,fine-art-paper";"";"";"";"";"";"";"0";"0";"0";"0";"5";"1";"";"0";"0";"";"0000-00-00";"";"";"2";""
"";"";"50";"";"";"color,radio,color,radio";"frame,Shape,size,Type";"frame,shape,size,Type";"natural-wood:#ffd083,horizontal,30x20,fine-art-paper";"";"";"";"";"";"";"0";"0";"0";"0";"5";"1";"";"0";"0";"";"0000-00-00";"";"";"2";""
"";"";"50";"";"";"color,radio,color,radio";"frame,Shape,size,Type";"frame,shape,size,Type";"dark-wood:#ce6600,horizontal,30x20,fine-art-paper";"";"";"";"";"";"";"0";"0";"0";"0";"5";"1";"";"0";"0";"";"0000-00-00";"";"";"2";""
"";"";"50";"";"";"color,radio,color,radio";"frame,Shape,size,Type";"frame,shape,size,Type";"charcol-black:#3b1200,horizontal,30x20,fine-art-paper";"";"";"";"";"";"";"0";"0";"0";"0";"5";"1";"";"0";"0";"";"0000-00-00";"";"";"2";""
"";"";"50";"";"";"color,radio,color,radio";"frame,Shape,size,Type";"frame,shape,size,Type";"charcol-white:#e3fffe,horizontal,30x20,fine-art-paper";"";"";"";"";"";"";"0";"0";"0";"0";"5";"1";"";"0";"0";"";"0000-00-00";"";"";"2";""
"";"";"50";"";"";"color,radio,color,radio";"frame,Shape,size,Type";"frame,shape,size,Type";"pine-wood:#a3afff,horizontal,30x20,fine-art-paper";"";"";"";"";"";"";"0";"0";"0";"0";"5";"1";"";"0";"0";"";"0000-00-00";"";"";"2";""
"";"";"50";"";"";"color,radio,color,radio";"frame,Shape,size,Type";"frame,shape,size,Type";"none:#62ff43,horizontal,36x24,fine-art-paper";"";"";"";"";"";"";"0";"0";"0";"0";"5";"1";"";"0";"0";"";"0000-00-00";"";"";"2";""
"";"";"50";"";"";"color,radio,color,radio";"frame,Shape,size,Type";"frame,shape,size,Type";"natural-wood:#ffd083,horizontal,36x24,fine-art-paper";"";"";"";"";"";"";"0";"0";"0";"0";"5";"1";"";"0";"0";"";"0000-00-00";"";"";"2";""
"";"";"50";"";"";"color,radio,color,radio";"frame,Shape,size,Type";"frame,shape,size,Type";"dark-wood:#ce6600,horizontal,36x24,fine-art-paper";"";"";"";"";"";"";"0";"0";"0";"0";"5";"1";"";"0";"0";"";"0000-00-00";"";"";"2";""
"";"";"50";"";"";"color,radio,color,radio";"frame,Shape,size,Type";"frame,shape,size,Type";"charcol-black:#3b1200,horizontal,36x24,fine-art-paper";"";"";"";"";"";"";"0";"0";"0";"0";"5";"1";"";"0";"0";"";"0000-00-00";"";"";"2";""
"";"";"50";"";"";"color,radio,color,radio";"frame,Shape,size,Type";"frame,shape,size,Type";"charcol-white:#e3fffe,horizontal,36x24,fine-art-paper";"";"";"";"";"";"";"0";"0";"0";"0";"5";"1";"";"0";"0";"";"0000-00-00";"";"";"2";""
"";"";"50";"";"";"color,radio,color,radio";"frame,Shape,size,Type";"frame,shape,size,Type";"pine-wood:#a3afff,horizontal,36x24,fine-art-paper";"";"";"";"";"";"";"0";"0";"0";"0";"5";"1";"";"0";"0";"";"0000-00-00";"";"";"2";""
"";"";"50";"";"";"color,radio,color,radio";"frame,Shape,size,Type";"frame,shape,size,Type";"none:#62ff43,horizontal,30x45,fine-art-paper";"";"";"";"";"";"";"0";"0";"0";"0";"5";"1";"";"0";"0";"";"0000-00-00";"";"";"2";""
"";"";"50";"";"";"color,radio,color,radio";"frame,Shape,size,Type";"frame,shape,size,Type";"natural-wood:#ffd083,horizontal,30x45,fine-art-paper";"";"";"";"";"";"";"0";"0";"0";"0";"5";"1";"";"0";"0";"";"0000-00-00";"";"";"2";""
"";"";"50";"";"";"color,radio,color,radio";"frame,Shape,size,Type";"frame,shape,size,Type";"dark-wood:#ce6600,horizontal,30x45,fine-art-paper";"";"";"";"";"";"";"0";"0";"0";"0";"5";"1";"";"0";"0";"";"0000-00-00";"";"";"2";""
"";"";"50";"";"";"color,radio,color,radio";"frame,Shape,size,Type";"frame,shape,size,Type";"charcol-black:#3b1200,horizontal,30x45,fine-art-paper";"";"";"";"";"";"";"0";"0";"0";"0";"5";"1";"";"0";"0";"";"0000-00-00";"";"";"2";""
"";"";"50";"";"";"color,radio,color,radio";"frame,Shape,size,Type";"frame,shape,size,Type";"charcol-white:#e3fffe,horizontal,30x45,fine-art-paper";"";"";"";"";"";"";"0";"0";"0";"0";"5";"1";"";"0";"0";"";"0000-00-00";"";"";"2";""
"";"";"50";"";"";"color,radio,color,radio";"frame,Shape,size,Type";"frame,shape,size,Type";"pine-wood:#a3afff,horizontal,30x45,fine-art-paper";"";"";"";"";"";"";"0";"0";"0";"0";"5";"1";"";"0";"0";"";"0000-00-00";"";"";"2";""
"";"";"53";"";"";"color,radio,color,radio";"frame,Shape,size,Type";"frame,shape,size,Type";"none:#62ff43,horizontal,15x10,canvas";"";"";"";"";"";"";"0";"0";"0";"0";"5";"1";"";"0";"0";"1";"0000-00-00";"";"";"2";""
"";"";"53";"";"";"color,radio,color,radio";"frame,Shape,size,Type";"frame,shape,size,Type";"natural-wood:#ffd083,horizontal,15x10,canvas";"";"";"";"";"";"";"0";"0";"0";"0";"5";"1";"";"0";"0";"";"0000-00-00";"";"";"2";""
"";"";"53";"";"";"color,radio,color,radio";"frame,Shape,size,Type";"frame,shape,size,Type";"dark-wood:#ce6600,horizontal,15x10,canvas";"";"";"";"";"";"";"0";"0";"0";"0";"5";"1";"";"0";"0";"";"0000-00-00";"";"";"2";""
"";"";"53";"";"";"color,radio,color,radio";"frame,Shape,size,Type";"frame,shape,size,Type";"charcol-black:#3b1200,horizontal,15x10,canvas";"";"";"";"";"";"";"0";"0";"0";"0";"5";"1";"";"0";"0";"";"0000-00-00";"";"";"2";""
"";"";"53";"";"";"color,radio,color,radio";"frame,Shape,size,Type";"frame,shape,size,Type";"charcol-white:#e3fffe,horizontal,15x10,canvas";"";"";"";"";"";"";"0";"0";"0";"0";"5";"1";"";"0";"0";"";"0000-00-00";"";"";"2";""
"";"";"53";"";"";"color,radio,color,radio";"frame,Shape,size,Type";"frame,shape,size,Type";"pine-wood:#a3afff,horizontal,15x10,canvas";"";"";"";"";"";"";"0";"0";"0";"0";"5";"1";"";"0";"0";"";"0000-00-00";"";"";"2";""
"";"";"53";"";"";"color,radio,color,radio";"frame,Shape,size,Type";"frame,shape,size,Type";"none:#62ff43,horizontal,18x12,canvas";"";"";"";"";"";"";"0";"0";"0";"0";"5";"1";"";"0";"0";"";"0000-00-00";"";"";"2";""
"";"";"53";"";"";"color,radio,color,radio";"frame,Shape,size,Type";"frame,shape,size,Type";"natural-wood:#ffd083,horizontal,18x12,canvas";"";"";"";"";"";"";"0";"0";"0";"0";"5";"1";"";"0";"0";"";"0000-00-00";"";"";"2";""
"";"";"53";"";"";"color,radio,color,radio";"frame,Shape,size,Type";"frame,shape,size,Type";"dark-wood:#ce6600,horizontal,18x12,canvas";"";"";"";"";"";"";"0";"0";"0";"0";"5";"1";"";"0";"0";"";"0000-00-00";"";"";"2";""
"";"";"53";"";"";"color,radio,color,radio";"frame,Shape,size,Type";"frame,shape,size,Type";"charcol-black:#3b1200,horizontal,18x12,canvas";"";"";"";"";"";"";"0";"0";"0";"0";"5";"1";"";"0";"0";"";"0000-00-00";"";"";"2";""
"";"";"53";"";"";"color,radio,color,radio";"frame,Shape,size,Type";"frame,shape,size,Type";"charcol-white:#e3fffe,horizontal,18x12,canvas";"";"";"";"";"";"";"0";"0";"0";"0";"5";"1";"";"0";"0";"";"0000-00-00";"";"";"2";""
"";"";"53";"";"";"color,radio,color,radio";"frame,Shape,size,Type";"frame,shape,size,Type";"pine-wood:#a3afff,horizontal,18x12,canvas";"";"";"";"";"";"";"0";"0";"0";"0";"5";"1";"";"0";"0";"";"0000-00-00";"";"";"2";""
"";"";"53";"";"";"color,radio,color,radio";"frame,Shape,size,Type";"frame,shape,size,Type";"none:#62ff43,horizontal,24x16,canvas";"";"";"";"";"";"";"0";"0";"0";"0";"5";"1";"";"0";"0";"";"0000-00-00";"";"";"2";""
"";"";"53";"";"";"color,radio,color,radio";"frame,Shape,size,Type";"frame,shape,size,Type";"natural-wood:#ffd083,horizontal,24x16,canvas";"";"";"";"";"";"";"0";"0";"0";"0";"5";"1";"";"0";"0";"";"0000-00-00";"";"";"2";""
"";"";"53";"";"";"color,radio,color,radio";"frame,Shape,size,Type";"frame,shape,size,Type";"dark-wood:#ce6600,horizontal,24x16,canvas";"";"";"";"";"";"";"0";"0";"0";"0";"5";"1";"";"0";"0";"";"0000-00-00";"";"";"2";""
"";"";"53";"";"";"color,radio,color,radio";"frame,Shape,size,Type";"frame,shape,size,Type";"charcol-black:#3b1200,horizontal,24x16,canvas";"";"";"";"";"";"";"0";"0";"0";"0";"5";"1";"";"0";"0";"";"0000-00-00";"";"";"2";""
"";"";"53";"";"";"color,radio,color,radio";"frame,Shape,size,Type";"frame,shape,size,Type";"charcol-white:#e3fffe,horizontal,24x16,canvas";"";"";"";"";"";"";"0";"0";"0";"0";"5";"1";"";"0";"0";"";"0000-00-00";"";"";"2";""
"";"";"53";"";"";"color,radio,color,radio";"frame,Shape,size,Type";"frame,shape,size,Type";"pine-wood:#a3afff,horizontal,24x16,canvas";"";"";"";"";"";"";"0";"0";"0";"0";"5";"1";"";"0";"0";"";"0000-00-00";"";"";"2";""
"";"";"53";"";"";"color,radio,color,radio";"frame,Shape,size,Type";"frame,shape,size,Type";"none:#62ff43,horizontal,30x20,canvas";"";"";"";"";"";"";"0";"0";"0";"0";"5";"1";"";"0";"0";"";"0000-00-00";"";"";"2";""
"";"";"53";"";"";"color,radio,color,radio";"frame,Shape,size,Type";"frame,shape,size,Type";"natural-wood:#ffd083,horizontal,30x20,canvas";"";"";"";"";"";"";"0";"0";"0";"0";"5";"1";"";"0";"0";"";"0000-00-00";"";"";"2";""
"";"";"53";"";"";"color,radio,color,radio";"frame,Shape,size,Type";"frame,shape,size,Type";"dark-wood:#ce6600,horizontal,30x20,canvas";"";"";"";"";"";"";"0";"0";"0";"0";"5";"1";"";"0";"0";"";"0000-00-00";"";"";"2";""
"";"";"53";"";"";"color,radio,color,radio";"frame,Shape,size,Type";"frame,shape,size,Type";"charcol-black:#3b1200,horizontal,30x20,canvas";"";"";"";"";"";"";"0";"0";"0";"0";"5";"1";"";"0";"0";"";"0000-00-00";"";"";"2";""
"";"";"53";"";"";"color,radio,color,radio";"frame,Shape,size,Type";"frame,shape,size,Type";"charcol-white:#e3fffe,horizontal,30x20,canvas";"";"";"";"";"";"";"0";"0";"0";"0";"5";"1";"";"0";"0";"";"0000-00-00";"";"";"2";""
"";"";"53";"";"";"color,radio,color,radio";"frame,Shape,size,Type";"frame,shape,size,Type";"pine-wood:#a3afff,horizontal,30x20,canvas";"";"";"";"";"";"";"0";"0";"0";"0";"5";"1";"";"0";"0";"";"0000-00-00";"";"";"2";""
"";"";"53";"";"";"color,radio,color,radio";"frame,Shape,size,Type";"frame,shape,size,Type";"none:#62ff43,horizontal,36x24,canvas";"";"";"";"";"";"";"0";"0";"0";"0";"5";"1";"";"0";"0";"";"0000-00-00";"";"";"2";""
"";"";"53";"";"";"color,radio,color,radio";"frame,Shape,size,Type";"frame,shape,size,Type";"natural-wood:#ffd083,horizontal,36x24,canvas";"";"";"";"";"";"";"0";"0";"0";"0";"5";"1";"";"0";"0";"";"0000-00-00";"";"";"2";""
"";"";"53";"";"";"color,radio,color,radio";"frame,Shape,size,Type";"frame,shape,size,Type";"dark-wood:#ce6600,horizontal,36x24,canvas";"";"";"";"";"";"";"0";"0";"0";"0";"5";"1";"";"0";"0";"";"0000-00-00";"";"";"2";""
"";"";"53";"";"";"color,radio,color,radio";"frame,Shape,size,Type";"frame,shape,size,Type";"charcol-black:#3b1200,horizontal,36x24,canvas";"";"";"";"";"";"";"0";"0";"0";"0";"5";"1";"";"0";"0";"";"0000-00-00";"";"";"2";""
"";"";"53";"";"";"color,radio,color,radio";"frame,Shape,size,Type";"frame,shape,size,Type";"charcol-white:#e3fffe,horizontal,36x24,canvas";"";"";"";"";"";"";"0";"0";"0";"0";"5";"1";"";"0";"0";"";"0000-00-00";"";"";"2";""
"";"";"53";"";"";"color,radio,color,radio";"frame,Shape,size,Type";"frame,shape,size,Type";"pine-wood:#a3afff,horizontal,36x24,canvas";"";"";"";"";"";"";"0";"0";"0";"0";"5";"1";"";"0";"0";"";"0000-00-00";"";"";"2";""
"";"";"53";"";"";"color,radio,color,radio";"frame,Shape,size,Type";"frame,shape,size,Type";"none:#62ff43,horizontal,30x45,canvas";"";"";"";"";"";"";"0";"0";"0";"0";"5";"1";"";"0";"0";"";"0000-00-00";"";"";"2";""
"";"";"53";"";"";"color,radio,color,radio";"frame,Shape,size,Type";"frame,shape,size,Type";"natural-wood:#ffd083,horizontal,30x45,canvas";"";"";"";"";"";"";"0";"0";"0";"0";"5";"1";"";"0";"0";"";"0000-00-00";"";"";"2";""
"";"";"53";"";"";"color,radio,color,radio";"frame,Shape,size,Type";"frame,shape,size,Type";"dark-wood:#ce6600,horizontal,30x45,canvas";"";"";"";"";"";"";"0";"0";"0";"0";"5";"1";"";"0";"0";"";"0000-00-00";"";"";"2";""
"";"";"53";"";"";"color,radio,color,radio";"frame,Shape,size,Type";"frame,shape,size,Type";"charcol-black:#3b1200,horizontal,30x45,canvas";"";"";"";"";"";"";"0";"0";"0";"0";"5";"1";"";"0";"0";"";"0000-00-00";"";"";"2";""
"";"";"53";"";"";"color,radio,color,radio";"frame,Shape,size,Type";"frame,shape,size,Type";"charcol-white:#e3fffe,horizontal,30x45,canvas";"";"";"";"";"";"";"0";"0";"0";"0";"5";"1";"";"0";"0";"";"0000-00-00";"";"";"2";""
"";"";"53";"";"";"color,radio,color,radio";"frame,Shape,size,Type";"frame,shape,size,Type";"pine-wood:#a3afff,horizontal,30x45,canvas";"";"";"";"";"";"";"0";"0";"0";"0";"5";"1";"";"0";"0";"";"0000-00-00";"";"";"2";""
"";"";"53";"";"";"color,radio,color,radio";"frame,Shape,size,Type";"frame,shape,size,Type";"none:#62ff43,horizontal,15x10,fine-art-paper";"";"";"";"";"";"";"0";"0";"0";"0";"5";"1";"";"0";"0";"";"0000-00-00";"";"";"2";""
"";"";"53";"";"";"color,radio,color,radio";"frame,Shape,size,Type";"frame,shape,size,Type";"natural-wood:#ffd083,horizontal,15x10,fine-art-paper";"";"";"";"";"";"";"0";"0";"0";"0";"5";"1";"";"0";"0";"";"0000-00-00";"";"";"2";""
"";"";"53";"";"";"color,radio,color,radio";"frame,Shape,size,Type";"frame,shape,size,Type";"dark-wood:#ce6600,horizontal,15x10,fine-art-paper";"";"";"";"";"";"";"0";"0";"0";"0";"5";"1";"";"0";"0";"";"0000-00-00";"";"";"2";""
"";"";"53";"";"";"color,radio,color,radio";"frame,Shape,size,Type";"frame,shape,size,Type";"charcol-black:#3b1200,horizontal,15x10,fine-art-paper";"";"";"";"";"";"";"0";"0";"0";"0";"5";"1";"";"0";"0";"";"0000-00-00";"";"";"2";""
"";"";"53";"";"";"color,radio,color,radio";"frame,Shape,size,Type";"frame,shape,size,Type";"charcol-white:#e3fffe,horizontal,15x10,fine-art-paper";"";"";"";"";"";"";"0";"0";"0";"0";"5";"1";"";"0";"0";"";"0000-00-00";"";"";"2";""
"";"";"53";"";"";"color,radio,color,radio";"frame,Shape,size,Type";"frame,shape,size,Type";"pine-wood:#a3afff,horizontal,15x10,fine-art-paper";"";"";"";"";"";"";"0";"0";"0";"0";"5";"1";"";"0";"0";"";"0000-00-00";"";"";"2";""
"";"";"53";"";"";"color,radio,color,radio";"frame,Shape,size,Type";"frame,shape,size,Type";"none:#62ff43,horizontal,18x12,fine-art-paper";"";"";"";"";"";"";"0";"0";"0";"0";"5";"1";"";"0";"0";"";"0000-00-00";"";"";"2";""
"";"";"53";"";"";"color,radio,color,radio";"frame,Shape,size,Type";"frame,shape,size,Type";"natural-wood:#ffd083,horizontal,18x12,fine-art-paper";"";"";"";"";"";"";"0";"0";"0";"0";"5";"1";"";"0";"0";"";"0000-00-00";"";"";"2";""
"";"";"53";"";"";"color,radio,color,radio";"frame,Shape,size,Type";"frame,shape,size,Type";"dark-wood:#ce6600,horizontal,18x12,fine-art-paper";"";"";"";"";"";"";"0";"0";"0";"0";"5";"1";"";"0";"0";"";"0000-00-00";"";"";"2";""
"";"";"53";"";"";"color,radio,color,radio";"frame,Shape,size,Type";"frame,shape,size,Type";"charcol-black:#3b1200,horizontal,18x12,fine-art-paper";"";"";"";"";"";"";"0";"0";"0";"0";"5";"1";"";"0";"0";"";"0000-00-00";"";"";"2";""
"";"";"53";"";"";"color,radio,color,radio";"frame,Shape,size,Type";"frame,shape,size,Type";"charcol-white:#e3fffe,horizontal,18x12,fine-art-paper";"";"";"";"";"";"";"0";"0";"0";"0";"5";"1";"";"0";"0";"";"0000-00-00";"";"";"2";""
"";"";"53";"";"";"color,radio,color,radio";"frame,Shape,size,Type";"frame,shape,size,Type";"pine-wood:#a3afff,horizontal,18x12,fine-art-paper";"";"";"";"";"";"";"0";"0";"0";"0";"5";"1";"";"0";"0";"";"0000-00-00";"";"";"2";""
"";"";"53";"";"";"color,radio,color,radio";"frame,Shape,size,Type";"frame,shape,size,Type";"none:#62ff43,horizontal,24x16,fine-art-paper";"";"";"";"";"";"";"0";"0";"0";"0";"5";"1";"";"0";"0";"";"0000-00-00";"";"";"2";""
"";"";"53";"";"";"color,radio,color,radio";"frame,Shape,size,Type";"frame,shape,size,Type";"natural-wood:#ffd083,horizontal,24x16,fine-art-paper";"";"";"";"";"";"";"0";"0";"0";"0";"5";"1";"";"0";"0";"";"0000-00-00";"";"";"2";""
"";"";"53";"";"";"color,radio,color,radio";"frame,Shape,size,Type";"frame,shape,size,Type";"dark-wood:#ce6600,horizontal,24x16,fine-art-paper";"";"";"";"";"";"";"0";"0";"0";"0";"5";"1";"";"0";"0";"";"0000-00-00";"";"";"2";""
"";"";"53";"";"";"color,radio,color,radio";"frame,Shape,size,Type";"frame,shape,size,Type";"charcol-black:#3b1200,horizontal,24x16,fine-art-paper";"";"";"";"";"";"";"0";"0";"0";"0";"5";"1";"";"0";"0";"";"0000-00-00";"";"";"2";""
"";"";"53";"";"";"color,radio,color,radio";"frame,Shape,size,Type";"frame,shape,size,Type";"charcol-white:#e3fffe,horizontal,24x16,fine-art-paper";"";"";"";"";"";"";"0";"0";"0";"0";"5";"1";"";"0";"0";"";"0000-00-00";"";"";"2";""
"";"";"53";"";"";"color,radio,color,radio";"frame,Shape,size,Type";"frame,shape,size,Type";"pine-wood:#a3afff,horizontal,24x16,fine-art-paper";"";"";"";"";"";"";"0";"0";"0";"0";"5";"1";"";"0";"0";"";"0000-00-00";"";"";"2";""
"";"";"53";"";"";"color,radio,color,radio";"frame,Shape,size,Type";"frame,shape,size,Type";"none:#62ff43,horizontal,30x20,fine-art-paper";"";"";"";"";"";"";"0";"0";"0";"0";"5";"1";"";"0";"0";"";"0000-00-00";"";"";"2";""
"";"";"53";"";"";"color,radio,color,radio";"frame,Shape,size,Type";"frame,shape,size,Type";"natural-wood:#ffd083,horizontal,30x20,fine-art-paper";"";"";"";"";"";"";"0";"0";"0";"0";"5";"1";"";"0";"0";"";"0000-00-00";"";"";"2";""
"";"";"53";"";"";"color,radio,color,radio";"frame,Shape,size,Type";"frame,shape,size,Type";"dark-wood:#ce6600,horizontal,30x20,fine-art-paper";"";"";"";"";"";"";"0";"0";"0";"0";"5";"1";"";"0";"0";"";"0000-00-00";"";"";"2";""
"";"";"53";"";"";"color,radio,color,radio";"frame,Shape,size,Type";"frame,shape,size,Type";"charcol-black:#3b1200,horizontal,30x20,fine-art-paper";"";"";"";"";"";"";"0";"0";"0";"0";"5";"1";"";"0";"0";"";"0000-00-00";"";"";"2";""
"";"";"53";"";"";"color,radio,color,radio";"frame,Shape,size,Type";"frame,shape,size,Type";"charcol-white:#e3fffe,horizontal,30x20,fine-art-paper";"";"";"";"";"";"";"0";"0";"0";"0";"5";"1";"";"0";"0";"";"0000-00-00";"";"";"2";""
"";"";"53";"";"";"color,radio,color,radio";"frame,Shape,size,Type";"frame,shape,size,Type";"pine-wood:#a3afff,horizontal,30x20,fine-art-paper";"";"";"";"";"";"";"0";"0";"0";"0";"5";"1";"";"0";"0";"";"0000-00-00";"";"";"2";""
"";"";"53";"";"";"color,radio,color,radio";"frame,Shape,size,Type";"frame,shape,size,Type";"none:#62ff43,horizontal,36x24,fine-art-paper";"";"";"";"";"";"";"0";"0";"0";"0";"5";"1";"";"0";"0";"";"0000-00-00";"";"";"2";""
"";"";"53";"";"";"color,radio,color,radio";"frame,Shape,size,Type";"frame,shape,size,Type";"natural-wood:#ffd083,horizontal,36x24,fine-art-paper";"";"";"";"";"";"";"0";"0";"0";"0";"5";"1";"";"0";"0";"";"0000-00-00";"";"";"2";""
"";"";"53";"";"";"color,radio,color,radio";"frame,Shape,size,Type";"frame,shape,size,Type";"dark-wood:#ce6600,horizontal,36x24,fine-art-paper";"";"";"";"";"";"";"0";"0";"0";"0";"5";"1";"";"0";"0";"";"0000-00-00";"";"";"2";""
"";"";"53";"";"";"color,radio,color,radio";"frame,Shape,size,Type";"frame,shape,size,Type";"charcol-black:#3b1200,horizontal,36x24,fine-art-paper";"";"";"";"";"";"";"0";"0";"0";"0";"5";"1";"";"0";"0";"";"0000-00-00";"";"";"2";""
"";"";"53";"";"";"color,radio,color,radio";"frame,Shape,size,Type";"frame,shape,size,Type";"charcol-white:#e3fffe,horizontal,36x24,fine-art-paper";"";"";"";"";"";"";"0";"0";"0";"0";"5";"1";"";"0";"0";"";"0000-00-00";"";"";"2";""
"";"";"53";"";"";"color,radio,color,radio";"frame,Shape,size,Type";"frame,shape,size,Type";"pine-wood:#a3afff,horizontal,36x24,fine-art-paper";"";"";"";"";"";"";"0";"0";"0";"0";"5";"1";"";"0";"0";"";"0000-00-00";"";"";"2";""
"";"";"53";"";"";"color,radio,color,radio";"frame,Shape,size,Type";"frame,shape,size,Type";"none:#62ff43,horizontal,30x45,fine-art-paper";"";"";"";"";"";"";"0";"0";"0";"0";"5";"1";"";"0";"0";"";"0000-00-00";"";"";"2";""
"";"";"53";"";"";"color,radio,color,radio";"frame,Shape,size,Type";"frame,shape,size,Type";"natural-wood:#ffd083,horizontal,30x45,fine-art-paper";"";"";"";"";"";"";"0";"0";"0";"0";"5";"1";"";"0";"0";"";"0000-00-00";"";"";"2";""
"";"";"53";"";"";"color,radio,color,radio";"frame,Shape,size,Type";"frame,shape,size,Type";"dark-wood:#ce6600,horizontal,30x45,fine-art-paper";"";"";"";"";"";"";"0";"0";"0";"0";"5";"1";"";"0";"0";"";"0000-00-00";"";"";"2";""
"";"";"53";"";"";"color,radio,color,radio";"frame,Shape,size,Type";"frame,shape,size,Type";"charcol-black:#3b1200,horizontal,30x45,fine-art-paper";"";"";"";"";"";"";"0";"0";"0";"0";"5";"1";"";"0";"0";"";"0000-00-00";"";"";"2";""
"";"";"53";"";"";"color,radio,color,radio";"frame,Shape,size,Type";"frame,shape,size,Type";"charcol-white:#e3fffe,horizontal,30x45,fine-art-paper";"";"";"";"";"";"";"0";"0";"0";"0";"5";"1";"";"0";"0";"";"0000-00-00";"";"";"2";""
"";"";"53";"";"";"color,radio,color,radio";"frame,Shape,size,Type";"frame,shape,size,Type";"pine-wood:#a3afff,horizontal,30x45,fine-art-paper";"";"";"";"";"";"";"0";"0";"0";"0";"5";"1";"";"0";"0";"";"0000-00-00";"";"";"2";""
"";"";"56";"";"";"color,radio,color,radio";"frame,Shape,size,Type";"frame,shape,size,Type";"none:#62ff43,horizontal,15x10,canvas";"";"";"";"";"";"";"0";"0";"0";"0";"5";"1";"";"0";"0";"1";"0000-00-00";"";"";"2";""
"";"";"56";"";"";"color,radio,color,radio";"frame,Shape,size,Type";"frame,shape,size,Type";"natural-wood:#ffd083,horizontal,15x10,canvas";"";"";"";"";"";"";"0";"0";"0";"0";"5";"1";"";"0";"0";"";"0000-00-00";"";"";"2";""
"";"";"56";"";"";"color,radio,color,radio";"frame,Shape,size,Type";"frame,shape,size,Type";"dark-wood:#ce6600,horizontal,15x10,canvas";"";"";"";"";"";"";"0";"0";"0";"0";"5";"1";"";"0";"0";"";"0000-00-00";"";"";"2";""
"";"";"56";"";"";"color,radio,color,radio";"frame,Shape,size,Type";"frame,shape,size,Type";"charcol-black:#3b1200,horizontal,15x10,canvas";"";"";"";"";"";"";"0";"0";"0";"0";"5";"1";"";"0";"0";"";"0000-00-00";"";"";"2";""
"";"";"56";"";"";"color,radio,color,radio";"frame,Shape,size,Type";"frame,shape,size,Type";"charcol-white:#e3fffe,horizontal,15x10,canvas";"";"";"";"";"";"";"0";"0";"0";"0";"5";"1";"";"0";"0";"";"0000-00-00";"";"";"2";""
"";"";"56";"";"";"color,radio,color,radio";"frame,Shape,size,Type";"frame,shape,size,Type";"pine-wood:#a3afff,horizontal,15x10,canvas";"";"";"";"";"";"";"0";"0";"0";"0";"5";"1";"";"0";"0";"";"0000-00-00";"";"";"2";""
"";"";"56";"";"";"color,radio,color,radio";"frame,Shape,size,Type";"frame,shape,size,Type";"none:#62ff43,horizontal,18x12,canvas";"";"";"";"";"";"";"0";"0";"0";"0";"5";"1";"";"0";"0";"";"0000-00-00";"";"";"2";""
"";"";"56";"";"";"color,radio,color,radio";"frame,Shape,size,Type";"frame,shape,size,Type";"natural-wood:#ffd083,horizontal,18x12,canvas";"";"";"";"";"";"";"0";"0";"0";"0";"5";"1";"";"0";"0";"";"0000-00-00";"";"";"2";""
"";"";"56";"";"";"color,radio,color,radio";"frame,Shape,size,Type";"frame,shape,size,Type";"dark-wood:#ce6600,horizontal,18x12,canvas";"";"";"";"";"";"";"0";"0";"0";"0";"5";"1";"";"0";"0";"";"0000-00-00";"";"";"2";""
"";"";"56";"";"";"color,radio,color,radio";"frame,Shape,size,Type";"frame,shape,size,Type";"charcol-black:#3b1200,horizontal,18x12,canvas";"";"";"";"";"";"";"0";"0";"0";"0";"5";"1";"";"0";"0";"";"0000-00-00";"";"";"2";""
"";"";"56";"";"";"color,radio,color,radio";"frame,Shape,size,Type";"frame,shape,size,Type";"charcol-white:#e3fffe,horizontal,18x12,canvas";"";"";"";"";"";"";"0";"0";"0";"0";"5";"1";"";"0";"0";"";"0000-00-00";"";"";"2";""
"";"";"56";"";"";"color,radio,color,radio";"frame,Shape,size,Type";"frame,shape,size,Type";"pine-wood:#a3afff,horizontal,18x12,canvas";"";"";"";"";"";"";"0";"0";"0";"0";"5";"1";"";"0";"0";"";"0000-00-00";"";"";"2";""
"";"";"56";"";"";"color,radio,color,radio";"frame,Shape,size,Type";"frame,shape,size,Type";"none:#62ff43,horizontal,24x16,canvas";"";"";"";"";"";"";"0";"0";"0";"0";"5";"1";"";"0";"0";"";"0000-00-00";"";"";"2";""
"";"";"56";"";"";"color,radio,color,radio";"frame,Shape,size,Type";"frame,shape,size,Type";"natural-wood:#ffd083,horizontal,24x16,canvas";"";"";"";"";"";"";"0";"0";"0";"0";"5";"1";"";"0";"0";"";"0000-00-00";"";"";"2";""
"";"";"56";"";"";"color,radio,color,radio";"frame,Shape,size,Type";"frame,shape,size,Type";"dark-wood:#ce6600,horizontal,24x16,canvas";"";"";"";"";"";"";"0";"0";"0";"0";"5";"1";"";"0";"0";"";"0000-00-00";"";"";"2";""
"";"";"56";"";"";"color,radio,color,radio";"frame,Shape,size,Type";"frame,shape,size,Type";"charcol-black:#3b1200,horizontal,24x16,canvas";"";"";"";"";"";"";"0";"0";"0";"0";"5";"1";"";"0";"0";"";"0000-00-00";"";"";"2";""
"";"";"56";"";"";"color,radio,color,radio";"frame,Shape,size,Type";"frame,shape,size,Type";"charcol-white:#e3fffe,horizontal,24x16,canvas";"";"";"";"";"";"";"0";"0";"0";"0";"5";"1";"";"0";"0";"";"0000-00-00";"";"";"2";""
"";"";"56";"";"";"color,radio,color,radio";"frame,Shape,size,Type";"frame,shape,size,Type";"pine-wood:#a3afff,horizontal,24x16,canvas";"";"";"";"";"";"";"0";"0";"0";"0";"5";"1";"";"0";"0";"";"0000-00-00";"";"";"2";""
"";"";"56";"";"";"color,radio,color,radio";"frame,Shape,size,Type";"frame,shape,size,Type";"none:#62ff43,horizontal,30x20,canvas";"";"";"";"";"";"";"0";"0";"0";"0";"5";"1";"";"0";"0";"";"0000-00-00";"";"";"2";""
"";"";"56";"";"";"color,radio,color,radio";"frame,Shape,size,Type";"frame,shape,size,Type";"natural-wood:#ffd083,horizontal,30x20,canvas";"";"";"";"";"";"";"0";"0";"0";"0";"5";"1";"";"0";"0";"";"0000-00-00";"";"";"2";""
"";"";"56";"";"";"color,radio,color,radio";"frame,Shape,size,Type";"frame,shape,size,Type";"dark-wood:#ce6600,horizontal,30x20,canvas";"";"";"";"";"";"";"0";"0";"0";"0";"5";"1";"";"0";"0";"";"0000-00-00";"";"";"2";""
"";"";"56";"";"";"color,radio,color,radio";"frame,Shape,size,Type";"frame,shape,size,Type";"charcol-black:#3b1200,horizontal,30x20,canvas";"";"";"";"";"";"";"0";"0";"0";"0";"5";"1";"";"0";"0";"";"0000-00-00";"";"";"2";""
"";"";"56";"";"";"color,radio,color,radio";"frame,Shape,size,Type";"frame,shape,size,Type";"charcol-white:#e3fffe,horizontal,30x20,canvas";"";"";"";"";"";"";"0";"0";"0";"0";"5";"1";"";"0";"0";"";"0000-00-00";"";"";"2";""
"";"";"56";"";"";"color,radio,color,radio";"frame,Shape,size,Type";"frame,shape,size,Type";"pine-wood:#a3afff,horizontal,30x20,canvas";"";"";"";"";"";"";"0";"0";"0";"0";"5";"1";"";"0";"0";"";"0000-00-00";"";"";"2";""
"";"";"56";"";"";"color,radio,color,radio";"frame,Shape,size,Type";"frame,shape,size,Type";"none:#62ff43,horizontal,36x24,canvas";"";"";"";"";"";"";"0";"0";"0";"0";"5";"1";"";"0";"0";"";"0000-00-00";"";"";"2";""
"";"";"56";"";"";"color,radio,color,radio";"frame,Shape,size,Type";"frame,shape,size,Type";"natural-wood:#ffd083,horizontal,36x24,canvas";"";"";"";"";"";"";"0";"0";"0";"0";"5";"1";"";"0";"0";"";"0000-00-00";"";"";"2";""
"";"";"56";"";"";"color,radio,color,radio";"frame,Shape,size,Type";"frame,shape,size,Type";"dark-wood:#ce6600,horizontal,36x24,canvas";"";"";"";"";"";"";"0";"0";"0";"0";"5";"1";"";"0";"0";"";"0000-00-00";"";"";"2";""
"";"";"56";"";"";"color,radio,color,radio";"frame,Shape,size,Type";"frame,shape,size,Type";"charcol-black:#3b1200,horizontal,36x24,canvas";"";"";"";"";"";"";"0";"0";"0";"0";"5";"1";"";"0";"0";"";"0000-00-00";"";"";"2";""
"";"";"56";"";"";"color,radio,color,radio";"frame,Shape,size,Type";"frame,shape,size,Type";"charcol-white:#e3fffe,horizontal,36x24,canvas";"";"";"";"";"";"";"0";"0";"0";"0";"5";"1";"";"0";"0";"";"0000-00-00";"";"";"2";""
"";"";"56";"";"";"color,radio,color,radio";"frame,Shape,size,Type";"frame,shape,size,Type";"pine-wood:#a3afff,horizontal,36x24,canvas";"";"";"";"";"";"";"0";"0";"0";"0";"5";"1";"";"0";"0";"";"0000-00-00";"";"";"2";""
"";"";"56";"";"";"color,radio,color,radio";"frame,Shape,size,Type";"frame,shape,size,Type";"none:#62ff43,horizontal,30x45,canvas";"";"";"";"";"";"";"0";"0";"0";"0";"5";"1";"";"0";"0";"";"0000-00-00";"";"";"2";""
"";"";"56";"";"";"color,radio,color,radio";"frame,Shape,size,Type";"frame,shape,size,Type";"natural-wood:#ffd083,horizontal,30x45,canvas";"";"";"";"";"";"";"0";"0";"0";"0";"5";"1";"";"0";"0";"";"0000-00-00";"";"";"2";""
"";"";"56";"";"";"color,radio,color,radio";"frame,Shape,size,Type";"frame,shape,size,Type";"dark-wood:#ce6600,horizontal,30x45,canvas";"";"";"";"";"";"";"0";"0";"0";"0";"5";"1";"";"0";"0";"";"0000-00-00";"";"";"2";""
"";"";"56";"";"";"color,radio,color,radio";"frame,Shape,size,Type";"frame,shape,size,Type";"charcol-black:#3b1200,horizontal,30x45,canvas";"";"";"";"";"";"";"0";"0";"0";"0";"5";"1";"";"0";"0";"";"0000-00-00";"";"";"2";""
"";"";"56";"";"";"color,radio,color,radio";"frame,Shape,size,Type";"frame,shape,size,Type";"charcol-white:#e3fffe,horizontal,30x45,canvas";"";"";"";"";"";"";"0";"0";"0";"0";"5";"1";"";"0";"0";"";"0000-00-00";"";"";"2";""
"";"";"56";"";"";"color,radio,color,radio";"frame,Shape,size,Type";"frame,shape,size,Type";"pine-wood:#a3afff,horizontal,30x45,canvas";"";"";"";"";"";"";"0";"0";"0";"0";"5";"1";"";"0";"0";"";"0000-00-00";"";"";"2";""
"";"";"56";"";"";"color,radio,color,radio";"frame,Shape,size,Type";"frame,shape,size,Type";"none:#62ff43,horizontal,15x10,fine-art-paper";"";"";"";"";"";"";"0";"0";"0";"0";"5";"1";"";"0";"0";"";"0000-00-00";"";"";"2";""
"";"";"56";"";"";"color,radio,color,radio";"frame,Shape,size,Type";"frame,shape,size,Type";"natural-wood:#ffd083,horizontal,15x10,fine-art-paper";"";"";"";"";"";"";"0";"0";"0";"0";"5";"1";"";"0";"0";"";"0000-00-00";"";"";"2";""
"";"";"56";"";"";"color,radio,color,radio";"frame,Shape,size,Type";"frame,shape,size,Type";"dark-wood:#ce6600,horizontal,15x10,fine-art-paper";"";"";"";"";"";"";"0";"0";"0";"0";"5";"1";"";"0";"0";"";"0000-00-00";"";"";"2";""
"";"";"56";"";"";"color,radio,color,radio";"frame,Shape,size,Type";"frame,shape,size,Type";"charcol-black:#3b1200,horizontal,15x10,fine-art-paper";"";"";"";"";"";"";"0";"0";"0";"0";"5";"1";"";"0";"0";"";"0000-00-00";"";"";"2";""
"";"";"56";"";"";"color,radio,color,radio";"frame,Shape,size,Type";"frame,shape,size,Type";"charcol-white:#e3fffe,horizontal,15x10,fine-art-paper";"";"";"";"";"";"";"0";"0";"0";"0";"5";"1";"";"0";"0";"";"0000-00-00";"";"";"2";""
"";"";"56";"";"";"color,radio,color,radio";"frame,Shape,size,Type";"frame,shape,size,Type";"pine-wood:#a3afff,horizontal,15x10,fine-art-paper";"";"";"";"";"";"";"0";"0";"0";"0";"5";"1";"";"0";"0";"";"0000-00-00";"";"";"2";""
"";"";"56";"";"";"color,radio,color,radio";"frame,Shape,size,Type";"frame,shape,size,Type";"none:#62ff43,horizontal,18x12,fine-art-paper";"";"";"";"";"";"";"0";"0";"0";"0";"5";"1";"";"0";"0";"";"0000-00-00";"";"";"2";""
"";"";"56";"";"";"color,radio,color,radio";"frame,Shape,size,Type";"frame,shape,size,Type";"natural-wood:#ffd083,horizontal,18x12,fine-art-paper";"";"";"";"";"";"";"0";"0";"0";"0";"5";"1";"";"0";"0";"";"0000-00-00";"";"";"2";""
"";"";"56";"";"";"color,radio,color,radio";"frame,Shape,size,Type";"frame,shape,size,Type";"dark-wood:#ce6600,horizontal,18x12,fine-art-paper";"";"";"";"";"";"";"0";"0";"0";"0";"5";"1";"";"0";"0";"";"0000-00-00";"";"";"2";""
"";"";"56";"";"";"color,radio,color,radio";"frame,Shape,size,Type";"frame,shape,size,Type";"charcol-black:#3b1200,horizontal,18x12,fine-art-paper";"";"";"";"";"";"";"0";"0";"0";"0";"5";"1";"";"0";"0";"";"0000-00-00";"";"";"2";""
"";"";"56";"";"";"color,radio,color,radio";"frame,Shape,size,Type";"frame,shape,size,Type";"charcol-white:#e3fffe,horizontal,18x12,fine-art-paper";"";"";"";"";"";"";"0";"0";"0";"0";"5";"1";"";"0";"0";"";"0000-00-00";"";"";"2";""
"";"";"56";"";"";"color,radio,color,radio";"frame,Shape,size,Type";"frame,shape,size,Type";"pine-wood:#a3afff,horizontal,18x12,fine-art-paper";"";"";"";"";"";"";"0";"0";"0";"0";"5";"1";"";"0";"0";"";"0000-00-00";"";"";"2";""
"";"";"56";"";"";"color,radio,color,radio";"frame,Shape,size,Type";"frame,shape,size,Type";"none:#62ff43,horizontal,24x16,fine-art-paper";"";"";"";"";"";"";"0";"0";"0";"0";"5";"1";"";"0";"0";"";"0000-00-00";"";"";"2";""
"";"";"56";"";"";"color,radio,color,radio";"frame,Shape,size,Type";"frame,shape,size,Type";"natural-wood:#ffd083,horizontal,24x16,fine-art-paper";"";"";"";"";"";"";"0";"0";"0";"0";"5";"1";"";"0";"0";"";"0000-00-00";"";"";"2";""
"";"";"56";"";"";"color,radio,color,radio";"frame,Shape,size,Type";"frame,shape,size,Type";"dark-wood:#ce6600,horizontal,24x16,fine-art-paper";"";"";"";"";"";"";"0";"0";"0";"0";"5";"1";"";"0";"0";"";"0000-00-00";"";"";"2";""
"";"";"56";"";"";"color,radio,color,radio";"frame,Shape,size,Type";"frame,shape,size,Type";"charcol-black:#3b1200,horizontal,24x16,fine-art-paper";"";"";"";"";"";"";"0";"0";"0";"0";"5";"1";"";"0";"0";"";"0000-00-00";"";"";"2";""
"";"";"56";"";"";"color,radio,color,radio";"frame,Shape,size,Type";"frame,shape,size,Type";"charcol-white:#e3fffe,horizontal,24x16,fine-art-paper";"";"";"";"";"";"";"0";"0";"0";"0";"5";"1";"";"0";"0";"";"0000-00-00";"";"";"2";""
"";"";"56";"";"";"color,radio,color,radio";"frame,Shape,size,Type";"frame,shape,size,Type";"pine-wood:#a3afff,horizontal,24x16,fine-art-paper";"";"";"";"";"";"";"0";"0";"0";"0";"5";"1";"";"0";"0";"";"0000-00-00";"";"";"2";""
"";"";"56";"";"";"color,radio,color,radio";"frame,Shape,size,Type";"frame,shape,size,Type";"none:#62ff43,horizontal,30x20,fine-art-paper";"";"";"";"";"";"";"0";"0";"0";"0";"5";"1";"";"0";"0";"";"0000-00-00";"";"";"2";""
"";"";"56";"";"";"color,radio,color,radio";"frame,Shape,size,Type";"frame,shape,size,Type";"natural-wood:#ffd083,horizontal,30x20,fine-art-paper";"";"";"";"";"";"";"0";"0";"0";"0";"5";"1";"";"0";"0";"";"0000-00-00";"";"";"2";""
"";"";"56";"";"";"color,radio,color,radio";"frame,Shape,size,Type";"frame,shape,size,Type";"dark-wood:#ce6600,horizontal,30x20,fine-art-paper";"";"";"";"";"";"";"0";"0";"0";"0";"5";"1";"";"0";"0";"";"0000-00-00";"";"";"2";""
"";"";"56";"";"";"color,radio,color,radio";"frame,Shape,size,Type";"frame,shape,size,Type";"charcol-black:#3b1200,horizontal,30x20,fine-art-paper";"";"";"";"";"";"";"0";"0";"0";"0";"5";"1";"";"0";"0";"";"0000-00-00";"";"";"2";""
"";"";"56";"";"";"color,radio,color,radio";"frame,Shape,size,Type";"frame,shape,size,Type";"charcol-white:#e3fffe,horizontal,30x20,fine-art-paper";"";"";"";"";"";"";"0";"0";"0";"0";"5";"1";"";"0";"0";"";"0000-00-00";"";"";"2";""
"";"";"56";"";"";"color,radio,color,radio";"frame,Shape,size,Type";"frame,shape,size,Type";"pine-wood:#a3afff,horizontal,30x20,fine-art-paper";"";"";"";"";"";"";"0";"0";"0";"0";"5";"1";"";"0";"0";"";"0000-00-00";"";"";"2";""
"";"";"56";"";"";"color,radio,color,radio";"frame,Shape,size,Type";"frame,shape,size,Type";"none:#62ff43,horizontal,36x24,fine-art-paper";"";"";"";"";"";"";"0";"0";"0";"0";"5";"1";"";"0";"0";"";"0000-00-00";"";"";"2";""
"";"";"56";"";"";"color,radio,color,radio";"frame,Shape,size,Type";"frame,shape,size,Type";"natural-wood:#ffd083,horizontal,36x24,fine-art-paper";"";"";"";"";"";"";"0";"0";"0";"0";"5";"1";"";"0";"0";"";"0000-00-00";"";"";"2";""
"";"";"56";"";"";"color,radio,color,radio";"frame,Shape,size,Type";"frame,shape,size,Type";"dark-wood:#ce6600,horizontal,36x24,fine-art-paper";"";"";"";"";"";"";"0";"0";"0";"0";"5";"1";"";"0";"0";"";"0000-00-00";"";"";"2";""
"";"";"56";"";"";"color,radio,color,radio";"frame,Shape,size,Type";"frame,shape,size,Type";"charcol-black:#3b1200,horizontal,36x24,fine-art-paper";"";"";"";"";"";"";"0";"0";"0";"0";"5";"1";"";"0";"0";"";"0000-00-00";"";"";"2";""
"";"";"56";"";"";"color,radio,color,radio";"frame,Shape,size,Type";"frame,shape,size,Type";"charcol-white:#e3fffe,horizontal,36x24,fine-art-paper";"";"";"";"";"";"";"0";"0";"0";"0";"5";"1";"";"0";"0";"";"0000-00-00";"";"";"2";""
"";"";"56";"";"";"color,radio,color,radio";"frame,Shape,size,Type";"frame,shape,size,Type";"pine-wood:#a3afff,horizontal,36x24,fine-art-paper";"";"";"";"";"";"";"0";"0";"0";"0";"5";"1";"";"0";"0";"";"0000-00-00";"";"";"2";""
"";"";"56";"";"";"color,radio,color,radio";"frame,Shape,size,Type";"frame,shape,size,Type";"none:#62ff43,horizontal,30x45,fine-art-paper";"";"";"";"";"";"";"0";"0";"0";"0";"5";"1";"";"0";"0";"";"0000-00-00";"";"";"2";""
"";"";"56";"";"";"color,radio,color,radio";"frame,Shape,size,Type";"frame,shape,size,Type";"natural-wood:#ffd083,horizontal,30x45,fine-art-paper";"";"";"";"";"";"";"0";"0";"0";"0";"5";"1";"";"0";"0";"";"0000-00-00";"";"";"2";""
"";"";"56";"";"";"color,radio,color,radio";"frame,Shape,size,Type";"frame,shape,size,Type";"dark-wood:#ce6600,horizontal,30x45,fine-art-paper";"";"";"";"";"";"";"0";"0";"0";"0";"5";"1";"";"0";"0";"";"0000-00-00";"";"";"2";""
"";"";"56";"";"";"color,radio,color,radio";"frame,Shape,size,Type";"frame,shape,size,Type";"charcol-black:#3b1200,horizontal,30x45,fine-art-paper";"";"";"";"";"";"";"0";"0";"0";"0";"5";"1";"";"0";"0";"";"0000-00-00";"";"";"2";""
"";"";"56";"";"";"color,radio,color,radio";"frame,Shape,size,Type";"frame,shape,size,Type";"charcol-white:#e3fffe,horizontal,30x45,fine-art-paper";"";"";"";"";"";"";"0";"0";"0";"0";"5";"1";"";"0";"0";"";"0000-00-00";"";"";"2";""
"";"";"56";"";"";"color,radio,color,radio";"frame,Shape,size,Type";"frame,shape,size,Type";"pine-wood:#a3afff,horizontal,30x45,fine-art-paper";"";"";"";"";"";"";"0";"0";"0";"0";"5";"1";"";"0";"0";"";"0000-00-00";"";"";"2";""
"";"";"59";"";"";"color,radio,color,radio";"frame,Shape,size,Type";"frame,shape,size,Type";"none:#62ff43,horizontal,15x10,canvas";"";"";"";"";"";"";"0";"0";"0";"0";"5";"1";"";"0";"0";"1";"0000-00-00";"";"";"2";""
"";"";"59";"";"";"color,radio,color,radio";"frame,Shape,size,Type";"frame,shape,size,Type";"natural-wood:#ffd083,horizontal,15x10,canvas";"";"";"";"";"";"";"0";"0";"0";"0";"5";"1";"";"0";"0";"";"0000-00-00";"";"";"2";""
"";"";"59";"";"";"color,radio,color,radio";"frame,Shape,size,Type";"frame,shape,size,Type";"dark-wood:#ce6600,horizontal,15x10,canvas";"";"";"";"";"";"";"0";"0";"0";"0";"5";"1";"";"0";"0";"";"0000-00-00";"";"";"2";""
"";"";"59";"";"";"color,radio,color,radio";"frame,Shape,size,Type";"frame,shape,size,Type";"charcol-black:#3b1200,horizontal,15x10,canvas";"";"";"";"";"";"";"0";"0";"0";"0";"5";"1";"";"0";"0";"";"0000-00-00";"";"";"2";""
"";"";"59";"";"";"color,radio,color,radio";"frame,Shape,size,Type";"frame,shape,size,Type";"charcol-white:#e3fffe,horizontal,15x10,canvas";"";"";"";"";"";"";"0";"0";"0";"0";"5";"1";"";"0";"0";"";"0000-00-00";"";"";"2";""
"";"";"59";"";"";"color,radio,color,radio";"frame,Shape,size,Type";"frame,shape,size,Type";"pine-wood:#a3afff,horizontal,15x10,canvas";"";"";"";"";"";"";"0";"0";"0";"0";"5";"1";"";"0";"0";"";"0000-00-00";"";"";"2";""
"";"";"59";"";"";"color,radio,color,radio";"frame,Shape,size,Type";"frame,shape,size,Type";"none:#62ff43,horizontal,18x12,canvas";"";"";"";"";"";"";"0";"0";"0";"0";"5";"1";"";"0";"0";"";"0000-00-00";"";"";"2";""
"";"";"59";"";"";"color,radio,color,radio";"frame,Shape,size,Type";"frame,shape,size,Type";"natural-wood:#ffd083,horizontal,18x12,canvas";"";"";"";"";"";"";"0";"0";"0";"0";"5";"1";"";"0";"0";"";"0000-00-00";"";"";"2";""
"";"";"59";"";"";"color,radio,color,radio";"frame,Shape,size,Type";"frame,shape,size,Type";"dark-wood:#ce6600,horizontal,18x12,canvas";"";"";"";"";"";"";"0";"0";"0";"0";"5";"1";"";"0";"0";"";"0000-00-00";"";"";"2";""
"";"";"59";"";"";"color,radio,color,radio";"frame,Shape,size,Type";"frame,shape,size,Type";"charcol-black:#3b1200,horizontal,18x12,canvas";"";"";"";"";"";"";"0";"0";"0";"0";"5";"1";"";"0";"0";"";"0000-00-00";"";"";"2";""
"";"";"59";"";"";"color,radio,color,radio";"frame,Shape,size,Type";"frame,shape,size,Type";"charcol-white:#e3fffe,horizontal,18x12,canvas";"";"";"";"";"";"";"0";"0";"0";"0";"5";"1";"";"0";"0";"";"0000-00-00";"";"";"2";""
"";"";"59";"";"";"color,radio,color,radio";"frame,Shape,size,Type";"frame,shape,size,Type";"pine-wood:#a3afff,horizontal,18x12,canvas";"";"";"";"";"";"";"0";"0";"0";"0";"5";"1";"";"0";"0";"";"0000-00-00";"";"";"2";""
"";"";"59";"";"";"color,radio,color,radio";"frame,Shape,size,Type";"frame,shape,size,Type";"none:#62ff43,horizontal,24x16,canvas";"";"";"";"";"";"";"0";"0";"0";"0";"5";"1";"";"0";"0";"";"0000-00-00";"";"";"2";""
"";"";"59";"";"";"color,radio,color,radio";"frame,Shape,size,Type";"frame,shape,size,Type";"natural-wood:#ffd083,horizontal,24x16,canvas";"";"";"";"";"";"";"0";"0";"0";"0";"5";"1";"";"0";"0";"";"0000-00-00";"";"";"2";""
"";"";"59";"";"";"color,radio,color,radio";"frame,Shape,size,Type";"frame,shape,size,Type";"dark-wood:#ce6600,horizontal,24x16,canvas";"";"";"";"";"";"";"0";"0";"0";"0";"5";"1";"";"0";"0";"";"0000-00-00";"";"";"2";""
"";"";"59";"";"";"color,radio,color,radio";"frame,Shape,size,Type";"frame,shape,size,Type";"charcol-black:#3b1200,horizontal,24x16,canvas";"";"";"";"";"";"";"0";"0";"0";"0";"5";"1";"";"0";"0";"";"0000-00-00";"";"";"2";""
"";"";"59";"";"";"color,radio,color,radio";"frame,Shape,size,Type";"frame,shape,size,Type";"charcol-white:#e3fffe,horizontal,24x16,canvas";"";"";"";"";"";"";"0";"0";"0";"0";"5";"1";"";"0";"0";"";"0000-00-00";"";"";"2";""
"";"";"59";"";"";"color,radio,color,radio";"frame,Shape,size,Type";"frame,shape,size,Type";"pine-wood:#a3afff,horizontal,24x16,canvas";"";"";"";"";"";"";"0";"0";"0";"0";"5";"1";"";"0";"0";"";"0000-00-00";"";"";"2";""
"";"";"59";"";"";"color,radio,color,radio";"frame,Shape,size,Type";"frame,shape,size,Type";"none:#62ff43,horizontal,30x20,canvas";"";"";"";"";"";"";"0";"0";"0";"0";"5";"1";"";"0";"0";"";"0000-00-00";"";"";"2";""
"";"";"59";"";"";"color,radio,color,radio";"frame,Shape,size,Type";"frame,shape,size,Type";"natural-wood:#ffd083,horizontal,30x20,canvas";"";"";"";"";"";"";"0";"0";"0";"0";"5";"1";"";"0";"0";"";"0000-00-00";"";"";"2";""
"";"";"59";"";"";"color,radio,color,radio";"frame,Shape,size,Type";"frame,shape,size,Type";"dark-wood:#ce6600,horizontal,30x20,canvas";"";"";"";"";"";"";"0";"0";"0";"0";"5";"1";"";"0";"0";"";"0000-00-00";"";"";"2";""
"";"";"59";"";"";"color,radio,color,radio";"frame,Shape,size,Type";"frame,shape,size,Type";"charcol-black:#3b1200,horizontal,30x20,canvas";"";"";"";"";"";"";"0";"0";"0";"0";"5";"1";"";"0";"0";"";"0000-00-00";"";"";"2";""
"";"";"59";"";"";"color,radio,color,radio";"frame,Shape,size,Type";"frame,shape,size,Type";"charcol-white:#e3fffe,horizontal,30x20,canvas";"";"";"";"";"";"";"0";"0";"0";"0";"5";"1";"";"0";"0";"";"0000-00-00";"";"";"2";""
"";"";"59";"";"";"color,radio,color,radio";"frame,Shape,size,Type";"frame,shape,size,Type";"pine-wood:#a3afff,horizontal,30x20,canvas";"";"";"";"";"";"";"0";"0";"0";"0";"5";"1";"";"0";"0";"";"0000-00-00";"";"";"2";""
"";"";"59";"";"";"color,radio,color,radio";"frame,Shape,size,Type";"frame,shape,size,Type";"none:#62ff43,horizontal,36x24,canvas";"";"";"";"";"";"";"0";"0";"0";"0";"5";"1";"";"0";"0";"";"0000-00-00";"";"";"2";""
"";"";"59";"";"";"color,radio,color,radio";"frame,Shape,size,Type";"frame,shape,size,Type";"natural-wood:#ffd083,horizontal,36x24,canvas";"";"";"";"";"";"";"0";"0";"0";"0";"5";"1";"";"0";"0";"";"0000-00-00";"";"";"2";""
"";"";"59";"";"";"color,radio,color,radio";"frame,Shape,size,Type";"frame,shape,size,Type";"dark-wood:#ce6600,horizontal,36x24,canvas";"";"";"";"";"";"";"0";"0";"0";"0";"5";"1";"";"0";"0";"";"0000-00-00";"";"";"2";""
"";"";"59";"";"";"color,radio,color,radio";"frame,Shape,size,Type";"frame,shape,size,Type";"charcol-black:#3b1200,horizontal,36x24,canvas";"";"";"";"";"";"";"0";"0";"0";"0";"5";"1";"";"0";"0";"";"0000-00-00";"";"";"2";""
"";"";"59";"";"";"color,radio,color,radio";"frame,Shape,size,Type";"frame,shape,size,Type";"charcol-white:#e3fffe,horizontal,36x24,canvas";"";"";"";"";"";"";"0";"0";"0";"0";"5";"1";"";"0";"0";"";"0000-00-00";"";"";"2";""
"";"";"59";"";"";"color,radio,color,radio";"frame,Shape,size,Type";"frame,shape,size,Type";"pine-wood:#a3afff,horizontal,36x24,canvas";"";"";"";"";"";"";"0";"0";"0";"0";"5";"1";"";"0";"0";"";"0000-00-00";"";"";"2";""
"";"";"59";"";"";"color,radio,color,radio";"frame,Shape,size,Type";"frame,shape,size,Type";"none:#62ff43,horizontal,30x45,canvas";"";"";"";"";"";"";"0";"0";"0";"0";"5";"1";"";"0";"0";"";"0000-00-00";"";"";"2";""
"";"";"59";"";"";"color,radio,color,radio";"frame,Shape,size,Type";"frame,shape,size,Type";"natural-wood:#ffd083,horizontal,30x45,canvas";"";"";"";"";"";"";"0";"0";"0";"0";"5";"1";"";"0";"0";"";"0000-00-00";"";"";"2";""
"";"";"59";"";"";"color,radio,color,radio";"frame,Shape,size,Type";"frame,shape,size,Type";"dark-wood:#ce6600,horizontal,30x45,canvas";"";"";"";"";"";"";"0";"0";"0";"0";"5";"1";"";"0";"0";"";"0000-00-00";"";"";"2";""
"";"";"59";"";"";"color,radio,color,radio";"frame,Shape,size,Type";"frame,shape,size,Type";"charcol-black:#3b1200,horizontal,30x45,canvas";"";"";"";"";"";"";"0";"0";"0";"0";"5";"1";"";"0";"0";"";"0000-00-00";"";"";"2";""
"";"";"59";"";"";"color,radio,color,radio";"frame,Shape,size,Type";"frame,shape,size,Type";"charcol-white:#e3fffe,horizontal,30x45,canvas";"";"";"";"";"";"";"0";"0";"0";"0";"5";"1";"";"0";"0";"";"0000-00-00";"";"";"2";""
"";"";"59";"";"";"color,radio,color,radio";"frame,Shape,size,Type";"frame,shape,size,Type";"pine-wood:#a3afff,horizontal,30x45,canvas";"";"";"";"";"";"";"0";"0";"0";"0";"5";"1";"";"0";"0";"";"0000-00-00";"";"";"2";""
"";"";"59";"";"";"color,radio,color,radio";"frame,Shape,size,Type";"frame,shape,size,Type";"none:#62ff43,horizontal,15x10,fine-art-paper";"";"";"";"";"";"";"0";"0";"0";"0";"5";"1";"";"0";"0";"";"0000-00-00";"";"";"2";""
"";"";"59";"";"";"color,radio,color,radio";"frame,Shape,size,Type";"frame,shape,size,Type";"natural-wood:#ffd083,horizontal,15x10,fine-art-paper";"";"";"";"";"";"";"0";"0";"0";"0";"5";"1";"";"0";"0";"";"0000-00-00";"";"";"2";""
"";"";"59";"";"";"color,radio,color,radio";"frame,Shape,size,Type";"frame,shape,size,Type";"dark-wood:#ce6600,horizontal,15x10,fine-art-paper";"";"";"";"";"";"";"0";"0";"0";"0";"5";"1";"";"0";"0";"";"0000-00-00";"";"";"2";""
"";"";"59";"";"";"color,radio,color,radio";"frame,Shape,size,Type";"frame,shape,size,Type";"charcol-black:#3b1200,horizontal,15x10,fine-art-paper";"";"";"";"";"";"";"0";"0";"0";"0";"5";"1";"";"0";"0";"";"0000-00-00";"";"";"2";""
"";"";"59";"";"";"color,radio,color,radio";"frame,Shape,size,Type";"frame,shape,size,Type";"charcol-white:#e3fffe,horizontal,15x10,fine-art-paper";"";"";"";"";"";"";"0";"0";"0";"0";"5";"1";"";"0";"0";"";"0000-00-00";"";"";"2";""
"";"";"59";"";"";"color,radio,color,radio";"frame,Shape,size,Type";"frame,shape,size,Type";"pine-wood:#a3afff,horizontal,15x10,fine-art-paper";"";"";"";"";"";"";"0";"0";"0";"0";"5";"1";"";"0";"0";"";"0000-00-00";"";"";"2";""
"";"";"59";"";"";"color,radio,color,radio";"frame,Shape,size,Type";"frame,shape,size,Type";"none:#62ff43,horizontal,18x12,fine-art-paper";"";"";"";"";"";"";"0";"0";"0";"0";"5";"1";"";"0";"0";"";"0000-00-00";"";"";"2";""
"";"";"59";"";"";"color,radio,color,radio";"frame,Shape,size,Type";"frame,shape,size,Type";"natural-wood:#ffd083,horizontal,18x12,fine-art-paper";"";"";"";"";"";"";"0";"0";"0";"0";"5";"1";"";"0";"0";"";"0000-00-00";"";"";"2";""
"";"";"59";"";"";"color,radio,color,radio";"frame,Shape,size,Type";"frame,shape,size,Type";"dark-wood:#ce6600,horizontal,18x12,fine-art-paper";"";"";"";"";"";"";"0";"0";"0";"0";"5";"1";"";"0";"0";"";"0000-00-00";"";"";"2";""
"";"";"59";"";"";"color,radio,color,radio";"frame,Shape,size,Type";"frame,shape,size,Type";"charcol-black:#3b1200,horizontal,18x12,fine-art-paper";"";"";"";"";"";"";"0";"0";"0";"0";"5";"1";"";"0";"0";"";"0000-00-00";"";"";"2";""
"";"";"59";"";"";"color,radio,color,radio";"frame,Shape,size,Type";"frame,shape,size,Type";"charcol-white:#e3fffe,horizontal,18x12,fine-art-paper";"";"";"";"";"";"";"0";"0";"0";"0";"5";"1";"";"0";"0";"";"0000-00-00";"";"";"2";""
"";"";"59";"";"";"color,radio,color,radio";"frame,Shape,size,Type";"frame,shape,size,Type";"pine-wood:#a3afff,horizontal,18x12,fine-art-paper";"";"";"";"";"";"";"0";"0";"0";"0";"5";"1";"";"0";"0";"";"0000-00-00";"";"";"2";""
"";"";"59";"";"";"color,radio,color,radio";"frame,Shape,size,Type";"frame,shape,size,Type";"none:#62ff43,horizontal,24x16,fine-art-paper";"";"";"";"";"";"";"0";"0";"0";"0";"5";"1";"";"0";"0";"";"0000-00-00";"";"";"2";""
"";"";"59";"";"";"color,radio,color,radio";"frame,Shape,size,Type";"frame,shape,size,Type";"natural-wood:#ffd083,horizontal,24x16,fine-art-paper";"";"";"";"";"";"";"0";"0";"0";"0";"5";"1";"";"0";"0";"";"0000-00-00";"";"";"2";""
"";"";"59";"";"";"color,radio,color,radio";"frame,Shape,size,Type";"frame,shape,size,Type";"dark-wood:#ce6600,horizontal,24x16,fine-art-paper";"";"";"";"";"";"";"0";"0";"0";"0";"5";"1";"";"0";"0";"";"0000-00-00";"";"";"2";""
"";"";"59";"";"";"color,radio,color,radio";"frame,Shape,size,Type";"frame,shape,size,Type";"charcol-black:#3b1200,horizontal,24x16,fine-art-paper";"";"";"";"";"";"";"0";"0";"0";"0";"5";"1";"";"0";"0";"";"0000-00-00";"";"";"2";""
"";"";"59";"";"";"color,radio,color,radio";"frame,Shape,size,Type";"frame,shape,size,Type";"charcol-white:#e3fffe,horizontal,24x16,fine-art-paper";"";"";"";"";"";"";"0";"0";"0";"0";"5";"1";"";"0";"0";"";"0000-00-00";"";"";"2";""
"";"";"59";"";"";"color,radio,color,radio";"frame,Shape,size,Type";"frame,shape,size,Type";"pine-wood:#a3afff,horizontal,24x16,fine-art-paper";"";"";"";"";"";"";"0";"0";"0";"0";"5";"1";"";"0";"0";"";"0000-00-00";"";"";"2";""
"";"";"59";"";"";"color,radio,color,radio";"frame,Shape,size,Type";"frame,shape,size,Type";"none:#62ff43,horizontal,30x20,fine-art-paper";"";"";"";"";"";"";"0";"0";"0";"0";"5";"1";"";"0";"0";"";"0000-00-00";"";"";"2";""
"";"";"59";"";"";"color,radio,color,radio";"frame,Shape,size,Type";"frame,shape,size,Type";"natural-wood:#ffd083,horizontal,30x20,fine-art-paper";"";"";"";"";"";"";"0";"0";"0";"0";"5";"1";"";"0";"0";"";"0000-00-00";"";"";"2";""
"";"";"59";"";"";"color,radio,color,radio";"frame,Shape,size,Type";"frame,shape,size,Type";"dark-wood:#ce6600,horizontal,30x20,fine-art-paper";"";"";"";"";"";"";"0";"0";"0";"0";"5";"1";"";"0";"0";"";"0000-00-00";"";"";"2";""
"";"";"59";"";"";"color,radio,color,radio";"frame,Shape,size,Type";"frame,shape,size,Type";"charcol-black:#3b1200,horizontal,30x20,fine-art-paper";"";"";"";"";"";"";"0";"0";"0";"0";"5";"1";"";"0";"0";"";"0000-00-00";"";"";"2";""
"";"";"59";"";"";"color,radio,color,radio";"frame,Shape,size,Type";"frame,shape,size,Type";"charcol-white:#e3fffe,horizontal,30x20,fine-art-paper";"";"";"";"";"";"";"0";"0";"0";"0";"5";"1";"";"0";"0";"";"0000-00-00";"";"";"2";""
"";"";"59";"";"";"color,radio,color,radio";"frame,Shape,size,Type";"frame,shape,size,Type";"pine-wood:#a3afff,horizontal,30x20,fine-art-paper";"";"";"";"";"";"";"0";"0";"0";"0";"5";"1";"";"0";"0";"";"0000-00-00";"";"";"2";""
"";"";"59";"";"";"color,radio,color,radio";"frame,Shape,size,Type";"frame,shape,size,Type";"none:#62ff43,horizontal,36x24,fine-art-paper";"";"";"";"";"";"";"0";"0";"0";"0";"5";"1";"";"0";"0";"";"0000-00-00";"";"";"2";""
"";"";"59";"";"";"color,radio,color,radio";"frame,Shape,size,Type";"frame,shape,size,Type";"natural-wood:#ffd083,horizontal,36x24,fine-art-paper";"";"";"";"";"";"";"0";"0";"0";"0";"5";"1";"";"0";"0";"";"0000-00-00";"";"";"2";""
"";"";"59";"";"";"color,radio,color,radio";"frame,Shape,size,Type";"frame,shape,size,Type";"dark-wood:#ce6600,horizontal,36x24,fine-art-paper";"";"";"";"";"";"";"0";"0";"0";"0";"5";"1";"";"0";"0";"";"0000-00-00";"";"";"2";""
"";"";"59";"";"";"color,radio,color,radio";"frame,Shape,size,Type";"frame,shape,size,Type";"charcol-black:#3b1200,horizontal,36x24,fine-art-paper";"";"";"";"";"";"";"0";"0";"0";"0";"5";"1";"";"0";"0";"";"0000-00-00";"";"";"2";""
"";"";"59";"";"";"color,radio,color,radio";"frame,Shape,size,Type";"frame,shape,size,Type";"charcol-white:#e3fffe,horizontal,36x24,fine-art-paper";"";"";"";"";"";"";"0";"0";"0";"0";"5";"1";"";"0";"0";"";"0000-00-00";"";"";"2";""
"";"";"59";"";"";"color,radio,color,radio";"frame,Shape,size,Type";"frame,shape,size,Type";"pine-wood:#a3afff,horizontal,36x24,fine-art-paper";"";"";"";"";"";"";"0";"0";"0";"0";"5";"1";"";"0";"0";"";"0000-00-00";"";"";"2";""
"";"";"59";"";"";"color,radio,color,radio";"frame,Shape,size,Type";"frame,shape,size,Type";"none:#62ff43,horizontal,30x45,fine-art-paper";"";"";"";"";"";"";"0";"0";"0";"0";"5";"1";"";"0";"0";"";"0000-00-00";"";"";"2";""
"";"";"59";"";"";"color,radio,color,radio";"frame,Shape,size,Type";"frame,shape,size,Type";"natural-wood:#ffd083,horizontal,30x45,fine-art-paper";"";"";"";"";"";"";"0";"0";"0";"0";"5";"1";"";"0";"0";"";"0000-00-00";"";"";"2";""
"";"";"59";"";"";"color,radio,color,radio";"frame,Shape,size,Type";"frame,shape,size,Type";"dark-wood:#ce6600,horizontal,30x45,fine-art-paper";"";"";"";"";"";"";"0";"0";"0";"0";"5";"1";"";"0";"0";"";"0000-00-00";"";"";"2";""
"";"";"59";"";"";"color,radio,color,radio";"frame,Shape,size,Type";"frame,shape,size,Type";"charcol-black:#3b1200,horizontal,30x45,fine-art-paper";"";"";"";"";"";"";"0";"0";"0";"0";"5";"1";"";"0";"0";"";"0000-00-00";"";"";"2";""
"";"";"59";"";"";"color,radio,color,radio";"frame,Shape,size,Type";"frame,shape,size,Type";"charcol-white:#e3fffe,horizontal,30x45,fine-art-paper";"";"";"";"";"";"";"0";"0";"0";"0";"5";"1";"";"0";"0";"";"0000-00-00";"";"";"2";""
"";"";"59";"";"";"color,radio,color,radio";"frame,Shape,size,Type";"frame,shape,size,Type";"pine-wood:#a3afff,horizontal,30x45,fine-art-paper";"";"";"";"";"";"";"0";"0";"0";"0";"5";"1";"";"0";"0";"";"0000-00-00";"";"";"2";""
"";"";"62";"";"";"color,radio,color,radio";"frame,Shape,size,Type";"frame,shape,size,Type";"none:#62ff43,horizontal,15x10,canvas";"";"";"";"";"";"";"0";"0";"0";"0";"5";"1";"";"0";"0";"1";"0000-00-00";"";"";"2";""
"";"";"62";"";"";"color,radio,color,radio";"frame,Shape,size,Type";"frame,shape,size,Type";"natural-wood:#ffd083,horizontal,15x10,canvas";"";"";"";"";"";"";"0";"0";"0";"0";"5";"1";"";"0";"0";"";"0000-00-00";"";"";"2";""
"";"";"62";"";"";"color,radio,color,radio";"frame,Shape,size,Type";"frame,shape,size,Type";"dark-wood:#ce6600,horizontal,15x10,canvas";"";"";"";"";"";"";"0";"0";"0";"0";"5";"1";"";"0";"0";"";"0000-00-00";"";"";"2";""
"";"";"62";"";"";"color,radio,color,radio";"frame,Shape,size,Type";"frame,shape,size,Type";"charcol-black:#3b1200,horizontal,15x10,canvas";"";"";"";"";"";"";"0";"0";"0";"0";"5";"1";"";"0";"0";"";"0000-00-00";"";"";"2";""
"";"";"62";"";"";"color,radio,color,radio";"frame,Shape,size,Type";"frame,shape,size,Type";"charcol-white:#e3fffe,horizontal,15x10,canvas";"";"";"";"";"";"";"0";"0";"0";"0";"5";"1";"";"0";"0";"";"0000-00-00";"";"";"2";""
"";"";"62";"";"";"color,radio,color,radio";"frame,Shape,size,Type";"frame,shape,size,Type";"pine-wood:#a3afff,horizontal,15x10,canvas";"";"";"";"";"";"";"0";"0";"0";"0";"5";"1";"";"0";"0";"";"0000-00-00";"";"";"2";""
"";"";"62";"";"";"color,radio,color,radio";"frame,Shape,size,Type";"frame,shape,size,Type";"none:#62ff43,horizontal,18x12,canvas";"";"";"";"";"";"";"0";"0";"0";"0";"5";"1";"";"0";"0";"";"0000-00-00";"";"";"2";""
"";"";"62";"";"";"color,radio,color,radio";"frame,Shape,size,Type";"frame,shape,size,Type";"natural-wood:#ffd083,horizontal,18x12,canvas";"";"";"";"";"";"";"0";"0";"0";"0";"5";"1";"";"0";"0";"";"0000-00-00";"";"";"2";""
"";"";"62";"";"";"color,radio,color,radio";"frame,Shape,size,Type";"frame,shape,size,Type";"dark-wood:#ce6600,horizontal,18x12,canvas";"";"";"";"";"";"";"0";"0";"0";"0";"5";"1";"";"0";"0";"";"0000-00-00";"";"";"2";""
"";"";"62";"";"";"color,radio,color,radio";"frame,Shape,size,Type";"frame,shape,size,Type";"charcol-black:#3b1200,horizontal,18x12,canvas";"";"";"";"";"";"";"0";"0";"0";"0";"5";"1";"";"0";"0";"";"0000-00-00";"";"";"2";""
"";"";"62";"";"";"color,radio,color,radio";"frame,Shape,size,Type";"frame,shape,size,Type";"charcol-white:#e3fffe,horizontal,18x12,canvas";"";"";"";"";"";"";"0";"0";"0";"0";"5";"1";"";"0";"0";"";"0000-00-00";"";"";"2";""
"";"";"62";"";"";"color,radio,color,radio";"frame,Shape,size,Type";"frame,shape,size,Type";"pine-wood:#a3afff,horizontal,18x12,canvas";"";"";"";"";"";"";"0";"0";"0";"0";"5";"1";"";"0";"0";"";"0000-00-00";"";"";"2";""
"";"";"62";"";"";"color,radio,color,radio";"frame,Shape,size,Type";"frame,shape,size,Type";"none:#62ff43,horizontal,24x16,canvas";"";"";"";"";"";"";"0";"0";"0";"0";"5";"1";"";"0";"0";"";"0000-00-00";"";"";"2";""
"";"";"62";"";"";"color,radio,color,radio";"frame,Shape,size,Type";"frame,shape,size,Type";"natural-wood:#ffd083,horizontal,24x16,canvas";"";"";"";"";"";"";"0";"0";"0";"0";"5";"1";"";"0";"0";"";"0000-00-00";"";"";"2";""
"";"";"62";"";"";"color,radio,color,radio";"frame,Shape,size,Type";"frame,shape,size,Type";"dark-wood:#ce6600,horizontal,24x16,canvas";"";"";"";"";"";"";"0";"0";"0";"0";"5";"1";"";"0";"0";"";"0000-00-00";"";"";"2";""
"";"";"62";"";"";"color,radio,color,radio";"frame,Shape,size,Type";"frame,shape,size,Type";"charcol-black:#3b1200,horizontal,24x16,canvas";"";"";"";"";"";"";"0";"0";"0";"0";"5";"1";"";"0";"0";"";"0000-00-00";"";"";"2";""
"";"";"62";"";"";"color,radio,color,radio";"frame,Shape,size,Type";"frame,shape,size,Type";"charcol-white:#e3fffe,horizontal,24x16,canvas";"";"";"";"";"";"";"0";"0";"0";"0";"5";"1";"";"0";"0";"";"0000-00-00";"";"";"2";""
"";"";"62";"";"";"color,radio,color,radio";"frame,Shape,size,Type";"frame,shape,size,Type";"pine-wood:#a3afff,horizontal,24x16,canvas";"";"";"";"";"";"";"0";"0";"0";"0";"5";"1";"";"0";"0";"";"0000-00-00";"";"";"2";""
"";"";"62";"";"";"color,radio,color,radio";"frame,Shape,size,Type";"frame,shape,size,Type";"none:#62ff43,horizontal,30x20,canvas";"";"";"";"";"";"";"0";"0";"0";"0";"5";"1";"";"0";"0";"";"0000-00-00";"";"";"2";""
"";"";"62";"";"";"color,radio,color,radio";"frame,Shape,size,Type";"frame,shape,size,Type";"natural-wood:#ffd083,horizontal,30x20,canvas";"";"";"";"";"";"";"0";"0";"0";"0";"5";"1";"";"0";"0";"";"0000-00-00";"";"";"2";""
"";"";"62";"";"";"color,radio,color,radio";"frame,Shape,size,Type";"frame,shape,size,Type";"dark-wood:#ce6600,horizontal,30x20,canvas";"";"";"";"";"";"";"0";"0";"0";"0";"5";"1";"";"0";"0";"";"0000-00-00";"";"";"2";""
"";"";"62";"";"";"color,radio,color,radio";"frame,Shape,size,Type";"frame,shape,size,Type";"charcol-black:#3b1200,horizontal,30x20,canvas";"";"";"";"";"";"";"0";"0";"0";"0";"5";"1";"";"0";"0";"";"0000-00-00";"";"";"2";""
"";"";"62";"";"";"color,radio,color,radio";"frame,Shape,size,Type";"frame,shape,size,Type";"charcol-white:#e3fffe,horizontal,30x20,canvas";"";"";"";"";"";"";"0";"0";"0";"0";"5";"1";"";"0";"0";"";"0000-00-00";"";"";"2";""
"";"";"62";"";"";"color,radio,color,radio";"frame,Shape,size,Type";"frame,shape,size,Type";"pine-wood:#a3afff,horizontal,30x20,canvas";"";"";"";"";"";"";"0";"0";"0";"0";"5";"1";"";"0";"0";"";"0000-00-00";"";"";"2";""
"";"";"62";"";"";"color,radio,color,radio";"frame,Shape,size,Type";"frame,shape,size,Type";"none:#62ff43,horizontal,36x24,canvas";"";"";"";"";"";"";"0";"0";"0";"0";"5";"1";"";"0";"0";"";"0000-00-00";"";"";"2";""
"";"";"62";"";"";"color,radio,color,radio";"frame,Shape,size,Type";"frame,shape,size,Type";"natural-wood:#ffd083,horizontal,36x24,canvas";"";"";"";"";"";"";"0";"0";"0";"0";"5";"1";"";"0";"0";"";"0000-00-00";"";"";"2";""
"";"";"62";"";"";"color,radio,color,radio";"frame,Shape,size,Type";"frame,shape,size,Type";"dark-wood:#ce6600,horizontal,36x24,canvas";"";"";"";"";"";"";"0";"0";"0";"0";"5";"1";"";"0";"0";"";"0000-00-00";"";"";"2";""
"";"";"62";"";"";"color,radio,color,radio";"frame,Shape,size,Type";"frame,shape,size,Type";"charcol-black:#3b1200,horizontal,36x24,canvas";"";"";"";"";"";"";"0";"0";"0";"0";"5";"1";"";"0";"0";"";"0000-00-00";"";"";"2";""
"";"";"62";"";"";"color,radio,color,radio";"frame,Shape,size,Type";"frame,shape,size,Type";"charcol-white:#e3fffe,horizontal,36x24,canvas";"";"";"";"";"";"";"0";"0";"0";"0";"5";"1";"";"0";"0";"";"0000-00-00";"";"";"2";""
"";"";"62";"";"";"color,radio,color,radio";"frame,Shape,size,Type";"frame,shape,size,Type";"pine-wood:#a3afff,horizontal,36x24,canvas";"";"";"";"";"";"";"0";"0";"0";"0";"5";"1";"";"0";"0";"";"0000-00-00";"";"";"2";""
"";"";"62";"";"";"color,radio,color,radio";"frame,Shape,size,Type";"frame,shape,size,Type";"none:#62ff43,horizontal,30x45,canvas";"";"";"";"";"";"";"0";"0";"0";"0";"5";"1";"";"0";"0";"";"0000-00-00";"";"";"2";""
"";"";"62";"";"";"color,radio,color,radio";"frame,Shape,size,Type";"frame,shape,size,Type";"natural-wood:#ffd083,horizontal,30x45,canvas";"";"";"";"";"";"";"0";"0";"0";"0";"5";"1";"";"0";"0";"";"0000-00-00";"";"";"2";""
"";"";"62";"";"";"color,radio,color,radio";"frame,Shape,size,Type";"frame,shape,size,Type";"dark-wood:#ce6600,horizontal,30x45,canvas";"";"";"";"";"";"";"0";"0";"0";"0";"5";"1";"";"0";"0";"";"0000-00-00";"";"";"2";""
"";"";"62";"";"";"color,radio,color,radio";"frame,Shape,size,Type";"frame,shape,size,Type";"charcol-black:#3b1200,horizontal,30x45,canvas";"";"";"";"";"";"";"0";"0";"0";"0";"5";"1";"";"0";"0";"";"0000-00-00";"";"";"2";""
"";"";"62";"";"";"color,radio,color,radio";"frame,Shape,size,Type";"frame,shape,size,Type";"charcol-white:#e3fffe,horizontal,30x45,canvas";"";"";"";"";"";"";"0";"0";"0";"0";"5";"1";"";"0";"0";"";"0000-00-00";"";"";"2";""
"";"";"62";"";"";"color,radio,color,radio";"frame,Shape,size,Type";"frame,shape,size,Type";"pine-wood:#a3afff,horizontal,30x45,canvas";"";"";"";"";"";"";"0";"0";"0";"0";"5";"1";"";"0";"0";"";"0000-00-00";"";"";"2";""
"";"";"62";"";"";"color,radio,color,radio";"frame,Shape,size,Type";"frame,shape,size,Type";"none:#62ff43,horizontal,15x10,fine-art-paper";"";"";"";"";"";"";"0";"0";"0";"0";"5";"1";"";"0";"0";"";"0000-00-00";"";"";"2";""
"";"";"62";"";"";"color,radio,color,radio";"frame,Shape,size,Type";"frame,shape,size,Type";"natural-wood:#ffd083,horizontal,15x10,fine-art-paper";"";"";"";"";"";"";"0";"0";"0";"0";"5";"1";"";"0";"0";"";"0000-00-00";"";"";"2";""
"";"";"62";"";"";"color,radio,color,radio";"frame,Shape,size,Type";"frame,shape,size,Type";"dark-wood:#ce6600,horizontal,15x10,fine-art-paper";"";"";"";"";"";"";"0";"0";"0";"0";"5";"1";"";"0";"0";"";"0000-00-00";"";"";"2";""
"";"";"62";"";"";"color,radio,color,radio";"frame,Shape,size,Type";"frame,shape,size,Type";"charcol-black:#3b1200,horizontal,15x10,fine-art-paper";"";"";"";"";"";"";"0";"0";"0";"0";"5";"1";"";"0";"0";"";"0000-00-00";"";"";"2";""
"";"";"62";"";"";"color,radio,color,radio";"frame,Shape,size,Type";"frame,shape,size,Type";"charcol-white:#e3fffe,horizontal,15x10,fine-art-paper";"";"";"";"";"";"";"0";"0";"0";"0";"5";"1";"";"0";"0";"";"0000-00-00";"";"";"2";""
"";"";"62";"";"";"color,radio,color,radio";"frame,Shape,size,Type";"frame,shape,size,Type";"pine-wood:#a3afff,horizontal,15x10,fine-art-paper";"";"";"";"";"";"";"0";"0";"0";"0";"5";"1";"";"0";"0";"";"0000-00-00";"";"";"2";""
"";"";"62";"";"";"color,radio,color,radio";"frame,Shape,size,Type";"frame,shape,size,Type";"none:#62ff43,horizontal,18x12,fine-art-paper";"";"";"";"";"";"";"0";"0";"0";"0";"5";"1";"";"0";"0";"";"0000-00-00";"";"";"2";""
"";"";"62";"";"";"color,radio,color,radio";"frame,Shape,size,Type";"frame,shape,size,Type";"natural-wood:#ffd083,horizontal,18x12,fine-art-paper";"";"";"";"";"";"";"0";"0";"0";"0";"5";"1";"";"0";"0";"";"0000-00-00";"";"";"2";""
"";"";"62";"";"";"color,radio,color,radio";"frame,Shape,size,Type";"frame,shape,size,Type";"dark-wood:#ce6600,horizontal,18x12,fine-art-paper";"";"";"";"";"";"";"0";"0";"0";"0";"5";"1";"";"0";"0";"";"0000-00-00";"";"";"2";""
"";"";"62";"";"";"color,radio,color,radio";"frame,Shape,size,Type";"frame,shape,size,Type";"charcol-black:#3b1200,horizontal,18x12,fine-art-paper";"";"";"";"";"";"";"0";"0";"0";"0";"5";"1";"";"0";"0";"";"0000-00-00";"";"";"2";""
"";"";"62";"";"";"color,radio,color,radio";"frame,Shape,size,Type";"frame,shape,size,Type";"charcol-white:#e3fffe,horizontal,18x12,fine-art-paper";"";"";"";"";"";"";"0";"0";"0";"0";"5";"1";"";"0";"0";"";"0000-00-00";"";"";"2";""
"";"";"62";"";"";"color,radio,color,radio";"frame,Shape,size,Type";"frame,shape,size,Type";"pine-wood:#a3afff,horizontal,18x12,fine-art-paper";"";"";"";"";"";"";"0";"0";"0";"0";"5";"1";"";"0";"0";"";"0000-00-00";"";"";"2";""
"";"";"62";"";"";"color,radio,color,radio";"frame,Shape,size,Type";"frame,shape,size,Type";"none:#62ff43,horizontal,24x16,fine-art-paper";"";"";"";"";"";"";"0";"0";"0";"0";"5";"1";"";"0";"0";"";"0000-00-00";"";"";"2";""
"";"";"62";"";"";"color,radio,color,radio";"frame,Shape,size,Type";"frame,shape,size,Type";"natural-wood:#ffd083,horizontal,24x16,fine-art-paper";"";"";"";"";"";"";"0";"0";"0";"0";"5";"1";"";"0";"0";"";"0000-00-00";"";"";"2";""
"";"";"62";"";"";"color,radio,color,radio";"frame,Shape,size,Type";"frame,shape,size,Type";"dark-wood:#ce6600,horizontal,24x16,fine-art-paper";"";"";"";"";"";"";"0";"0";"0";"0";"5";"1";"";"0";"0";"";"0000-00-00";"";"";"2";""
"";"";"62";"";"";"color,radio,color,radio";"frame,Shape,size,Type";"frame,shape,size,Type";"charcol-black:#3b1200,horizontal,24x16,fine-art-paper";"";"";"";"";"";"";"0";"0";"0";"0";"5";"1";"";"0";"0";"";"0000-00-00";"";"";"2";""
"";"";"62";"";"";"color,radio,color,radio";"frame,Shape,size,Type";"frame,shape,size,Type";"charcol-white:#e3fffe,horizontal,24x16,fine-art-paper";"";"";"";"";"";"";"0";"0";"0";"0";"5";"1";"";"0";"0";"";"0000-00-00";"";"";"2";""
"";"";"62";"";"";"color,radio,color,radio";"frame,Shape,size,Type";"frame,shape,size,Type";"pine-wood:#a3afff,horizontal,24x16,fine-art-paper";"";"";"";"";"";"";"0";"0";"0";"0";"5";"1";"";"0";"0";"";"0000-00-00";"";"";"2";""
"";"";"62";"";"";"color,radio,color,radio";"frame,Shape,size,Type";"frame,shape,size,Type";"none:#62ff43,horizontal,30x20,fine-art-paper";"";"";"";"";"";"";"0";"0";"0";"0";"5";"1";"";"0";"0";"";"0000-00-00";"";"";"2";""
"";"";"62";"";"";"color,radio,color,radio";"frame,Shape,size,Type";"frame,shape,size,Type";"natural-wood:#ffd083,horizontal,30x20,fine-art-paper";"";"";"";"";"";"";"0";"0";"0";"0";"5";"1";"";"0";"0";"";"0000-00-00";"";"";"2";""
"";"";"62";"";"";"color,radio,color,radio";"frame,Shape,size,Type";"frame,shape,size,Type";"dark-wood:#ce6600,horizontal,30x20,fine-art-paper";"";"";"";"";"";"";"0";"0";"0";"0";"5";"1";"";"0";"0";"";"0000-00-00";"";"";"2";""
"";"";"62";"";"";"color,radio,color,radio";"frame,Shape,size,Type";"frame,shape,size,Type";"charcol-black:#3b1200,horizontal,30x20,fine-art-paper";"";"";"";"";"";"";"0";"0";"0";"0";"5";"1";"";"0";"0";"";"0000-00-00";"";"";"2";""
"";"";"62";"";"";"color,radio,color,radio";"frame,Shape,size,Type";"frame,shape,size,Type";"charcol-white:#e3fffe,horizontal,30x20,fine-art-paper";"";"";"";"";"";"";"0";"0";"0";"0";"5";"1";"";"0";"0";"";"0000-00-00";"";"";"2";""
"";"";"62";"";"";"color,radio,color,radio";"frame,Shape,size,Type";"frame,shape,size,Type";"pine-wood:#a3afff,horizontal,30x20,fine-art-paper";"";"";"";"";"";"";"0";"0";"0";"0";"5";"1";"";"0";"0";"";"0000-00-00";"";"";"2";""
"";"";"62";"";"";"color,radio,color,radio";"frame,Shape,size,Type";"frame,shape,size,Type";"none:#62ff43,horizontal,36x24,fine-art-paper";"";"";"";"";"";"";"0";"0";"0";"0";"5";"1";"";"0";"0";"";"0000-00-00";"";"";"2";""
"";"";"62";"";"";"color,radio,color,radio";"frame,Shape,size,Type";"frame,shape,size,Type";"natural-wood:#ffd083,horizontal,36x24,fine-art-paper";"";"";"";"";"";"";"0";"0";"0";"0";"5";"1";"";"0";"0";"";"0000-00-00";"";"";"2";""
"";"";"62";"";"";"color,radio,color,radio";"frame,Shape,size,Type";"frame,shape,size,Type";"dark-wood:#ce6600,horizontal,36x24,fine-art-paper";"";"";"";"";"";"";"0";"0";"0";"0";"5";"1";"";"0";"0";"";"0000-00-00";"";"";"2";""
"";"";"62";"";"";"color,radio,color,radio";"frame,Shape,size,Type";"frame,shape,size,Type";"charcol-black:#3b1200,horizontal,36x24,fine-art-paper";"";"";"";"";"";"";"0";"0";"0";"0";"5";"1";"";"0";"0";"";"0000-00-00";"";"";"2";""
"";"";"62";"";"";"color,radio,color,radio";"frame,Shape,size,Type";"frame,shape,size,Type";"charcol-white:#e3fffe,horizontal,36x24,fine-art-paper";"";"";"";"";"";"";"0";"0";"0";"0";"5";"1";"";"0";"0";"";"0000-00-00";"";"";"2";""
"";"";"62";"";"";"color,radio,color,radio";"frame,Shape,size,Type";"frame,shape,size,Type";"pine-wood:#a3afff,horizontal,36x24,fine-art-paper";"";"";"";"";"";"";"0";"0";"0";"0";"5";"1";"";"0";"0";"";"0000-00-00";"";"";"2";""
"";"";"62";"";"";"color,radio,color,radio";"frame,Shape,size,Type";"frame,shape,size,Type";"none:#62ff43,horizontal,30x45,fine-art-paper";"";"";"";"";"";"";"0";"0";"0";"0";"5";"1";"";"0";"0";"";"0000-00-00";"";"";"2";""
"";"";"62";"";"";"color,radio,color,radio";"frame,Shape,size,Type";"frame,shape,size,Type";"natural-wood:#ffd083,horizontal,30x45,fine-art-paper";"";"";"";"";"";"";"0";"0";"0";"0";"5";"1";"";"0";"0";"";"0000-00-00";"";"";"2";""
"";"";"62";"";"";"color,radio,color,radio";"frame,Shape,size,Type";"frame,shape,size,Type";"dark-wood:#ce6600,horizontal,30x45,fine-art-paper";"";"";"";"";"";"";"0";"0";"0";"0";"5";"1";"";"0";"0";"";"0000-00-00";"";"";"2";""
"";"";"62";"";"";"color,radio,color,radio";"frame,Shape,size,Type";"frame,shape,size,Type";"charcol-black:#3b1200,horizontal,30x45,fine-art-paper";"";"";"";"";"";"";"0";"0";"0";"0";"5";"1";"";"0";"0";"";"0000-00-00";"";"";"2";""
"";"";"62";"";"";"color,radio,color,radio";"frame,Shape,size,Type";"frame,shape,size,Type";"charcol-white:#e3fffe,horizontal,30x45,fine-art-paper";"";"";"";"";"";"";"0";"0";"0";"0";"5";"1";"";"0";"0";"";"0000-00-00";"";"";"2";""
"";"";"62";"";"";"color,radio,color,radio";"frame,Shape,size,Type";"frame,shape,size,Type";"pine-wood:#a3afff,horizontal,30x45,fine-art-paper";"";"";"";"";"";"";"0";"0";"0";"0";"5";"1";"";"0";"0";"";"0000-00-00";"";"";"2";""
"";"";"65";"";"";"color,radio,color,radio";"frame,Shape,size,Type";"frame,shape,size,Type";"none:#62ff43,horizontal,15x10,canvas";"";"";"";"";"";"";"0";"0";"0";"0";"5";"1";"";"0";"0";"1";"0000-00-00";"";"";"2";""
"";"";"65";"";"";"color,radio,color,radio";"frame,Shape,size,Type";"frame,shape,size,Type";"natural-wood:#ffd083,horizontal,15x10,canvas";"";"";"";"";"";"";"0";"0";"0";"0";"5";"1";"";"0";"0";"";"0000-00-00";"";"";"2";""
"";"";"65";"";"";"color,radio,color,radio";"frame,Shape,size,Type";"frame,shape,size,Type";"dark-wood:#ce6600,horizontal,15x10,canvas";"";"";"";"";"";"";"0";"0";"0";"0";"5";"1";"";"0";"0";"";"0000-00-00";"";"";"2";""
"";"";"65";"";"";"color,radio,color,radio";"frame,Shape,size,Type";"frame,shape,size,Type";"charcol-black:#3b1200,horizontal,15x10,canvas";"";"";"";"";"";"";"0";"0";"0";"0";"5";"1";"";"0";"0";"";"0000-00-00";"";"";"2";""
"";"";"65";"";"";"color,radio,color,radio";"frame,Shape,size,Type";"frame,shape,size,Type";"charcol-white:#e3fffe,horizontal,15x10,canvas";"";"";"";"";"";"";"0";"0";"0";"0";"5";"1";"";"0";"0";"";"0000-00-00";"";"";"2";""
"";"";"65";"";"";"color,radio,color,radio";"frame,Shape,size,Type";"frame,shape,size,Type";"pine-wood:#a3afff,horizontal,15x10,canvas";"";"";"";"";"";"";"0";"0";"0";"0";"5";"1";"";"0";"0";"";"0000-00-00";"";"";"2";""
"";"";"65";"";"";"color,radio,color,radio";"frame,Shape,size,Type";"frame,shape,size,Type";"none:#62ff43,horizontal,18x12,canvas";"";"";"";"";"";"";"0";"0";"0";"0";"5";"1";"";"0";"0";"";"0000-00-00";"";"";"2";""
"";"";"65";"";"";"color,radio,color,radio";"frame,Shape,size,Type";"frame,shape,size,Type";"natural-wood:#ffd083,horizontal,18x12,canvas";"";"";"";"";"";"";"0";"0";"0";"0";"5";"1";"";"0";"0";"";"0000-00-00";"";"";"2";""
"";"";"65";"";"";"color,radio,color,radio";"frame,Shape,size,Type";"frame,shape,size,Type";"dark-wood:#ce6600,horizontal,18x12,canvas";"";"";"";"";"";"";"0";"0";"0";"0";"5";"1";"";"0";"0";"";"0000-00-00";"";"";"2";""
"";"";"65";"";"";"color,radio,color,radio";"frame,Shape,size,Type";"frame,shape,size,Type";"charcol-black:#3b1200,horizontal,18x12,canvas";"";"";"";"";"";"";"0";"0";"0";"0";"5";"1";"";"0";"0";"";"0000-00-00";"";"";"2";""
"";"";"65";"";"";"color,radio,color,radio";"frame,Shape,size,Type";"frame,shape,size,Type";"charcol-white:#e3fffe,horizontal,18x12,canvas";"";"";"";"";"";"";"0";"0";"0";"0";"5";"1";"";"0";"0";"";"0000-00-00";"";"";"2";""
"";"";"65";"";"";"color,radio,color,radio";"frame,Shape,size,Type";"frame,shape,size,Type";"pine-wood:#a3afff,horizontal,18x12,canvas";"";"";"";"";"";"";"0";"0";"0";"0";"5";"1";"";"0";"0";"";"0000-00-00";"";"";"2";""
"";"";"65";"";"";"color,radio,color,radio";"frame,Shape,size,Type";"frame,shape,size,Type";"none:#62ff43,horizontal,24x16,canvas";"";"";"";"";"";"";"0";"0";"0";"0";"5";"1";"";"0";"0";"";"0000-00-00";"";"";"2";""
"";"";"65";"";"";"color,radio,color,radio";"frame,Shape,size,Type";"frame,shape,size,Type";"natural-wood:#ffd083,horizontal,24x16,canvas";"";"";"";"";"";"";"0";"0";"0";"0";"5";"1";"";"0";"0";"";"0000-00-00";"";"";"2";""
"";"";"65";"";"";"color,radio,color,radio";"frame,Shape,size,Type";"frame,shape,size,Type";"dark-wood:#ce6600,horizontal,24x16,canvas";"";"";"";"";"";"";"0";"0";"0";"0";"5";"1";"";"0";"0";"";"0000-00-00";"";"";"2";""
"";"";"65";"";"";"color,radio,color,radio";"frame,Shape,size,Type";"frame,shape,size,Type";"charcol-black:#3b1200,horizontal,24x16,canvas";"";"";"";"";"";"";"0";"0";"0";"0";"5";"1";"";"0";"0";"";"0000-00-00";"";"";"2";""
"";"";"65";"";"";"color,radio,color,radio";"frame,Shape,size,Type";"frame,shape,size,Type";"charcol-white:#e3fffe,horizontal,24x16,canvas";"";"";"";"";"";"";"0";"0";"0";"0";"5";"1";"";"0";"0";"";"0000-00-00";"";"";"2";""
"";"";"65";"";"";"color,radio,color,radio";"frame,Shape,size,Type";"frame,shape,size,Type";"pine-wood:#a3afff,horizontal,24x16,canvas";"";"";"";"";"";"";"0";"0";"0";"0";"5";"1";"";"0";"0";"";"0000-00-00";"";"";"2";""
"";"";"65";"";"";"color,radio,color,radio";"frame,Shape,size,Type";"frame,shape,size,Type";"none:#62ff43,horizontal,30x20,canvas";"";"";"";"";"";"";"0";"0";"0";"0";"5";"1";"";"0";"0";"";"0000-00-00";"";"";"2";""
"";"";"65";"";"";"color,radio,color,radio";"frame,Shape,size,Type";"frame,shape,size,Type";"natural-wood:#ffd083,horizontal,30x20,canvas";"";"";"";"";"";"";"0";"0";"0";"0";"5";"1";"";"0";"0";"";"0000-00-00";"";"";"2";""
"";"";"65";"";"";"color,radio,color,radio";"frame,Shape,size,Type";"frame,shape,size,Type";"dark-wood:#ce6600,horizontal,30x20,canvas";"";"";"";"";"";"";"0";"0";"0";"0";"5";"1";"";"0";"0";"";"0000-00-00";"";"";"2";""
"";"";"65";"";"";"color,radio,color,radio";"frame,Shape,size,Type";"frame,shape,size,Type";"charcol-black:#3b1200,horizontal,30x20,canvas";"";"";"";"";"";"";"0";"0";"0";"0";"5";"1";"";"0";"0";"";"0000-00-00";"";"";"2";""
"";"";"65";"";"";"color,radio,color,radio";"frame,Shape,size,Type";"frame,shape,size,Type";"charcol-white:#e3fffe,horizontal,30x20,canvas";"";"";"";"";"";"";"0";"0";"0";"0";"5";"1";"";"0";"0";"";"0000-00-00";"";"";"2";""
"";"";"65";"";"";"color,radio,color,radio";"frame,Shape,size,Type";"frame,shape,size,Type";"pine-wood:#a3afff,horizontal,30x20,canvas";"";"";"";"";"";"";"0";"0";"0";"0";"5";"1";"";"0";"0";"";"0000-00-00";"";"";"2";""
"";"";"65";"";"";"color,radio,color,radio";"frame,Shape,size,Type";"frame,shape,size,Type";"none:#62ff43,horizontal,36x24,canvas";"";"";"";"";"";"";"0";"0";"0";"0";"5";"1";"";"0";"0";"";"0000-00-00";"";"";"2";""
"";"";"65";"";"";"color,radio,color,radio";"frame,Shape,size,Type";"frame,shape,size,Type";"natural-wood:#ffd083,horizontal,36x24,canvas";"";"";"";"";"";"";"0";"0";"0";"0";"5";"1";"";"0";"0";"";"0000-00-00";"";"";"2";""
"";"";"65";"";"";"color,radio,color,radio";"frame,Shape,size,Type";"frame,shape,size,Type";"dark-wood:#ce6600,horizontal,36x24,canvas";"";"";"";"";"";"";"0";"0";"0";"0";"5";"1";"";"0";"0";"";"0000-00-00";"";"";"2";""
"";"";"65";"";"";"color,radio,color,radio";"frame,Shape,size,Type";"frame,shape,size,Type";"charcol-black:#3b1200,horizontal,36x24,canvas";"";"";"";"";"";"";"0";"0";"0";"0";"5";"1";"";"0";"0";"";"0000-00-00";"";"";"2";""
"";"";"65";"";"";"color,radio,color,radio";"frame,Shape,size,Type";"frame,shape,size,Type";"charcol-white:#e3fffe,horizontal,36x24,canvas";"";"";"";"";"";"";"0";"0";"0";"0";"5";"1";"";"0";"0";"";"0000-00-00";"";"";"2";""
"";"";"65";"";"";"color,radio,color,radio";"frame,Shape,size,Type";"frame,shape,size,Type";"pine-wood:#a3afff,horizontal,36x24,canvas";"";"";"";"";"";"";"0";"0";"0";"0";"5";"1";"";"0";"0";"";"0000-00-00";"";"";"2";""
"";"";"65";"";"";"color,radio,color,radio";"frame,Shape,size,Type";"frame,shape,size,Type";"none:#62ff43,horizontal,30x45,canvas";"";"";"";"";"";"";"0";"0";"0";"0";"5";"1";"";"0";"0";"";"0000-00-00";"";"";"2";""
"";"";"65";"";"";"color,radio,color,radio";"frame,Shape,size,Type";"frame,shape,size,Type";"natural-wood:#ffd083,horizontal,30x45,canvas";"";"";"";"";"";"";"0";"0";"0";"0";"5";"1";"";"0";"0";"";"0000-00-00";"";"";"2";""
"";"";"65";"";"";"color,radio,color,radio";"frame,Shape,size,Type";"frame,shape,size,Type";"dark-wood:#ce6600,horizontal,30x45,canvas";"";"";"";"";"";"";"0";"0";"0";"0";"5";"1";"";"0";"0";"";"0000-00-00";"";"";"2";""
"";"";"65";"";"";"color,radio,color,radio";"frame,Shape,size,Type";"frame,shape,size,Type";"charcol-black:#3b1200,horizontal,30x45,canvas";"";"";"";"";"";"";"0";"0";"0";"0";"5";"1";"";"0";"0";"";"0000-00-00";"";"";"2";""
"";"";"65";"";"";"color,radio,color,radio";"frame,Shape,size,Type";"frame,shape,size,Type";"charcol-white:#e3fffe,horizontal,30x45,canvas";"";"";"";"";"";"";"0";"0";"0";"0";"5";"1";"";"0";"0";"";"0000-00-00";"";"";"2";""
"";"";"65";"";"";"color,radio,color,radio";"frame,Shape,size,Type";"frame,shape,size,Type";"pine-wood:#a3afff,horizontal,30x45,canvas";"";"";"";"";"";"";"0";"0";"0";"0";"5";"1";"";"0";"0";"";"0000-00-00";"";"";"2";""
"";"";"65";"";"";"color,radio,color,radio";"frame,Shape,size,Type";"frame,shape,size,Type";"none:#62ff43,horizontal,15x10,fine-art-paper";"";"";"";"";"";"";"0";"0";"0";"0";"5";"1";"";"0";"0";"";"0000-00-00";"";"";"2";""
"";"";"65";"";"";"color,radio,color,radio";"frame,Shape,size,Type";"frame,shape,size,Type";"natural-wood:#ffd083,horizontal,15x10,fine-art-paper";"";"";"";"";"";"";"0";"0";"0";"0";"5";"1";"";"0";"0";"";"0000-00-00";"";"";"2";""
"";"";"65";"";"";"color,radio,color,radio";"frame,Shape,size,Type";"frame,shape,size,Type";"dark-wood:#ce6600,horizontal,15x10,fine-art-paper";"";"";"";"";"";"";"0";"0";"0";"0";"5";"1";"";"0";"0";"";"0000-00-00";"";"";"2";""
"";"";"65";"";"";"color,radio,color,radio";"frame,Shape,size,Type";"frame,shape,size,Type";"charcol-black:#3b1200,horizontal,15x10,fine-art-paper";"";"";"";"";"";"";"0";"0";"0";"0";"5";"1";"";"0";"0";"";"0000-00-00";"";"";"2";""
"";"";"65";"";"";"color,radio,color,radio";"frame,Shape,size,Type";"frame,shape,size,Type";"charcol-white:#e3fffe,horizontal,15x10,fine-art-paper";"";"";"";"";"";"";"0";"0";"0";"0";"5";"1";"";"0";"0";"";"0000-00-00";"";"";"2";""
"";"";"65";"";"";"color,radio,color,radio";"frame,Shape,size,Type";"frame,shape,size,Type";"pine-wood:#a3afff,horizontal,15x10,fine-art-paper";"";"";"";"";"";"";"0";"0";"0";"0";"5";"1";"";"0";"0";"";"0000-00-00";"";"";"2";""
"";"";"65";"";"";"color,radio,color,radio";"frame,Shape,size,Type";"frame,shape,size,Type";"none:#62ff43,horizontal,18x12,fine-art-paper";"";"";"";"";"";"";"0";"0";"0";"0";"5";"1";"";"0";"0";"";"0000-00-00";"";"";"2";""
"";"";"65";"";"";"color,radio,color,radio";"frame,Shape,size,Type";"frame,shape,size,Type";"natural-wood:#ffd083,horizontal,18x12,fine-art-paper";"";"";"";"";"";"";"0";"0";"0";"0";"5";"1";"";"0";"0";"";"0000-00-00";"";"";"2";""
"";"";"65";"";"";"color,radio,color,radio";"frame,Shape,size,Type";"frame,shape,size,Type";"dark-wood:#ce6600,horizontal,18x12,fine-art-paper";"";"";"";"";"";"";"0";"0";"0";"0";"5";"1";"";"0";"0";"";"0000-00-00";"";"";"2";""
"";"";"65";"";"";"color,radio,color,radio";"frame,Shape,size,Type";"frame,shape,size,Type";"charcol-black:#3b1200,horizontal,18x12,fine-art-paper";"";"";"";"";"";"";"0";"0";"0";"0";"5";"1";"";"0";"0";"";"0000-00-00";"";"";"2";""
"";"";"65";"";"";"color,radio,color,radio";"frame,Shape,size,Type";"frame,shape,size,Type";"charcol-white:#e3fffe,horizontal,18x12,fine-art-paper";"";"";"";"";"";"";"0";"0";"0";"0";"5";"1";"";"0";"0";"";"0000-00-00";"";"";"2";""
"";"";"65";"";"";"color,radio,color,radio";"frame,Shape,size,Type";"frame,shape,size,Type";"pine-wood:#a3afff,horizontal,18x12,fine-art-paper";"";"";"";"";"";"";"0";"0";"0";"0";"5";"1";"";"0";"0";"";"0000-00-00";"";"";"2";""
"";"";"65";"";"";"color,radio,color,radio";"frame,Shape,size,Type";"frame,shape,size,Type";"none:#62ff43,horizontal,24x16,fine-art-paper";"";"";"";"";"";"";"0";"0";"0";"0";"5";"1";"";"0";"0";"";"0000-00-00";"";"";"2";""
"";"";"65";"";"";"color,radio,color,radio";"frame,Shape,size,Type";"frame,shape,size,Type";"natural-wood:#ffd083,horizontal,24x16,fine-art-paper";"";"";"";"";"";"";"0";"0";"0";"0";"5";"1";"";"0";"0";"";"0000-00-00";"";"";"2";""
"";"";"65";"";"";"color,radio,color,radio";"frame,Shape,size,Type";"frame,shape,size,Type";"dark-wood:#ce6600,horizontal,24x16,fine-art-paper";"";"";"";"";"";"";"0";"0";"0";"0";"5";"1";"";"0";"0";"";"0000-00-00";"";"";"2";""
"";"";"65";"";"";"color,radio,color,radio";"frame,Shape,size,Type";"frame,shape,size,Type";"charcol-black:#3b1200,horizontal,24x16,fine-art-paper";"";"";"";"";"";"";"0";"0";"0";"0";"5";"1";"";"0";"0";"";"0000-00-00";"";"";"2";""
"";"";"65";"";"";"color,radio,color,radio";"frame,Shape,size,Type";"frame,shape,size,Type";"charcol-white:#e3fffe,horizontal,24x16,fine-art-paper";"";"";"";"";"";"";"0";"0";"0";"0";"5";"1";"";"0";"0";"";"0000-00-00";"";"";"2";""
"";"";"65";"";"";"color,radio,color,radio";"frame,Shape,size,Type";"frame,shape,size,Type";"pine-wood:#a3afff,horizontal,24x16,fine-art-paper";"";"";"";"";"";"";"0";"0";"0";"0";"5";"1";"";"0";"0";"";"0000-00-00";"";"";"2";""
"";"";"65";"";"";"color,radio,color,radio";"frame,Shape,size,Type";"frame,shape,size,Type";"none:#62ff43,horizontal,30x20,fine-art-paper";"";"";"";"";"";"";"0";"0";"0";"0";"5";"1";"";"0";"0";"";"0000-00-00";"";"";"2";""
"";"";"65";"";"";"color,radio,color,radio";"frame,Shape,size,Type";"frame,shape,size,Type";"natural-wood:#ffd083,horizontal,30x20,fine-art-paper";"";"";"";"";"";"";"0";"0";"0";"0";"5";"1";"";"0";"0";"";"0000-00-00";"";"";"2";""
"";"";"65";"";"";"color,radio,color,radio";"frame,Shape,size,Type";"frame,shape,size,Type";"dark-wood:#ce6600,horizontal,30x20,fine-art-paper";"";"";"";"";"";"";"0";"0";"0";"0";"5";"1";"";"0";"0";"";"0000-00-00";"";"";"2";""
"";"";"65";"";"";"color,radio,color,radio";"frame,Shape,size,Type";"frame,shape,size,Type";"charcol-black:#3b1200,horizontal,30x20,fine-art-paper";"";"";"";"";"";"";"0";"0";"0";"0";"5";"1";"";"0";"0";"";"0000-00-00";"";"";"2";""
"";"";"65";"";"";"color,radio,color,radio";"frame,Shape,size,Type";"frame,shape,size,Type";"charcol-white:#e3fffe,horizontal,30x20,fine-art-paper";"";"";"";"";"";"";"0";"0";"0";"0";"5";"1";"";"0";"0";"";"0000-00-00";"";"";"2";""
"";"";"65";"";"";"color,radio,color,radio";"frame,Shape,size,Type";"frame,shape,size,Type";"pine-wood:#a3afff,horizontal,30x20,fine-art-paper";"";"";"";"";"";"";"0";"0";"0";"0";"5";"1";"";"0";"0";"";"0000-00-00";"";"";"2";""
"";"";"65";"";"";"color,radio,color,radio";"frame,Shape,size,Type";"frame,shape,size,Type";"none:#62ff43,horizontal,36x24,fine-art-paper";"";"";"";"";"";"";"0";"0";"0";"0";"5";"1";"";"0";"0";"";"0000-00-00";"";"";"2";""
"";"";"65";"";"";"color,radio,color,radio";"frame,Shape,size,Type";"frame,shape,size,Type";"natural-wood:#ffd083,horizontal,36x24,fine-art-paper";"";"";"";"";"";"";"0";"0";"0";"0";"5";"1";"";"0";"0";"";"0000-00-00";"";"";"2";""
"";"";"65";"";"";"color,radio,color,radio";"frame,Shape,size,Type";"frame,shape,size,Type";"dark-wood:#ce6600,horizontal,36x24,fine-art-paper";"";"";"";"";"";"";"0";"0";"0";"0";"5";"1";"";"0";"0";"";"0000-00-00";"";"";"2";""
"";"";"65";"";"";"color,radio,color,radio";"frame,Shape,size,Type";"frame,shape,size,Type";"charcol-black:#3b1200,horizontal,36x24,fine-art-paper";"";"";"";"";"";"";"0";"0";"0";"0";"5";"1";"";"0";"0";"";"0000-00-00";"";"";"2";""
"";"";"65";"";"";"color,radio,color,radio";"frame,Shape,size,Type";"frame,shape,size,Type";"charcol-white:#e3fffe,horizontal,36x24,fine-art-paper";"";"";"";"";"";"";"0";"0";"0";"0";"5";"1";"";"0";"0";"";"0000-00-00";"";"";"2";""
"";"";"65";"";"";"color,radio,color,radio";"frame,Shape,size,Type";"frame,shape,size,Type";"pine-wood:#a3afff,horizontal,36x24,fine-art-paper";"";"";"";"";"";"";"0";"0";"0";"0";"5";"1";"";"0";"0";"";"0000-00-00";"";"";"2";""
"";"";"65";"";"";"color,radio,color,radio";"frame,Shape,size,Type";"frame,shape,size,Type";"none:#62ff43,horizontal,30x45,fine-art-paper";"";"";"";"";"";"";"0";"0";"0";"0";"5";"1";"";"0";"0";"";"0000-00-00";"";"";"2";""
"";"";"65";"";"";"color,radio,color,radio";"frame,Shape,size,Type";"frame,shape,size,Type";"natural-wood:#ffd083,horizontal,30x45,fine-art-paper";"";"";"";"";"";"";"0";"0";"0";"0";"5";"1";"";"0";"0";"";"0000-00-00";"";"";"2";""
"";"";"65";"";"";"color,radio,color,radio";"frame,Shape,size,Type";"frame,shape,size,Type";"dark-wood:#ce6600,horizontal,30x45,fine-art-paper";"";"";"";"";"";"";"0";"0";"0";"0";"5";"1";"";"0";"0";"";"0000-00-00";"";"";"2";""
"";"";"65";"";"";"color,radio,color,radio";"frame,Shape,size,Type";"frame,shape,size,Type";"charcol-black:#3b1200,horizontal,30x45,fine-art-paper";"";"";"";"";"";"";"0";"0";"0";"0";"5";"1";"";"0";"0";"";"0000-00-00";"";"";"2";""
"";"";"65";"";"";"color,radio,color,radio";"frame,Shape,size,Type";"frame,shape,size,Type";"charcol-white:#e3fffe,horizontal,30x45,fine-art-paper";"";"";"";"";"";"";"0";"0";"0";"0";"5";"1";"";"0";"0";"";"0000-00-00";"";"";"2";""
"";"";"65";"";"";"color,radio,color,radio";"frame,Shape,size,Type";"frame,shape,size,Type";"pine-wood:#a3afff,horizontal,30x45,fine-art-paper";"";"";"";"";"";"";"0";"0";"0";"0";"5";"1";"";"0";"0";"";"0000-00-00";"";"";"2";""
"";"";"68";"";"";"color,radio,color,radio";"frame,Shape,size,Type";"frame,shape,size,Type";"none:#62ff43,horizontal,15x10,canvas";"";"";"";"";"";"";"0";"0";"0";"0";"5";"1";"";"0";"0";"1";"0000-00-00";"";"";"2";""
"";"";"68";"";"";"color,radio,color,radio";"frame,Shape,size,Type";"frame,shape,size,Type";"natural-wood:#ffd083,horizontal,15x10,canvas";"";"";"";"";"";"";"0";"0";"0";"0";"5";"1";"";"0";"0";"";"0000-00-00";"";"";"2";""
"";"";"68";"";"";"color,radio,color,radio";"frame,Shape,size,Type";"frame,shape,size,Type";"dark-wood:#ce6600,horizontal,15x10,canvas";"";"";"";"";"";"";"0";"0";"0";"0";"5";"1";"";"0";"0";"";"0000-00-00";"";"";"2";""
"";"";"68";"";"";"color,radio,color,radio";"frame,Shape,size,Type";"frame,shape,size,Type";"charcol-black:#3b1200,horizontal,15x10,canvas";"";"";"";"";"";"";"0";"0";"0";"0";"5";"1";"";"0";"0";"";"0000-00-00";"";"";"2";""
"";"";"68";"";"";"color,radio,color,radio";"frame,Shape,size,Type";"frame,shape,size,Type";"charcol-white:#e3fffe,horizontal,15x10,canvas";"";"";"";"";"";"";"0";"0";"0";"0";"5";"1";"";"0";"0";"";"0000-00-00";"";"";"2";""
"";"";"68";"";"";"color,radio,color,radio";"frame,Shape,size,Type";"frame,shape,size,Type";"pine-wood:#a3afff,horizontal,15x10,canvas";"";"";"";"";"";"";"0";"0";"0";"0";"5";"1";"";"0";"0";"";"0000-00-00";"";"";"2";""
"";"";"68";"";"";"color,radio,color,radio";"frame,Shape,size,Type";"frame,shape,size,Type";"none:#62ff43,horizontal,18x12,canvas";"";"";"";"";"";"";"0";"0";"0";"0";"5";"1";"";"0";"0";"";"0000-00-00";"";"";"2";""
"";"";"68";"";"";"color,radio,color,radio";"frame,Shape,size,Type";"frame,shape,size,Type";"natural-wood:#ffd083,horizontal,18x12,canvas";"";"";"";"";"";"";"0";"0";"0";"0";"5";"1";"";"0";"0";"";"0000-00-00";"";"";"2";""
"";"";"68";"";"";"color,radio,color,radio";"frame,Shape,size,Type";"frame,shape,size,Type";"dark-wood:#ce6600,horizontal,18x12,canvas";"";"";"";"";"";"";"0";"0";"0";"0";"5";"1";"";"0";"0";"";"0000-00-00";"";"";"2";""
"";"";"68";"";"";"color,radio,color,radio";"frame,Shape,size,Type";"frame,shape,size,Type";"charcol-black:#3b1200,horizontal,18x12,canvas";"";"";"";"";"";"";"0";"0";"0";"0";"5";"1";"";"0";"0";"";"0000-00-00";"";"";"2";""
"";"";"68";"";"";"color,radio,color,radio";"frame,Shape,size,Type";"frame,shape,size,Type";"charcol-white:#e3fffe,horizontal,18x12,canvas";"";"";"";"";"";"";"0";"0";"0";"0";"5";"1";"";"0";"0";"";"0000-00-00";"";"";"2";""
"";"";"68";"";"";"color,radio,color,radio";"frame,Shape,size,Type";"frame,shape,size,Type";"pine-wood:#a3afff,horizontal,18x12,canvas";"";"";"";"";"";"";"0";"0";"0";"0";"5";"1";"";"0";"0";"";"0000-00-00";"";"";"2";""
"";"";"68";"";"";"color,radio,color,radio";"frame,Shape,size,Type";"frame,shape,size,Type";"none:#62ff43,horizontal,24x16,canvas";"";"";"";"";"";"";"0";"0";"0";"0";"5";"1";"";"0";"0";"";"0000-00-00";"";"";"2";""
"";"";"68";"";"";"color,radio,color,radio";"frame,Shape,size,Type";"frame,shape,size,Type";"natural-wood:#ffd083,horizontal,24x16,canvas";"";"";"";"";"";"";"0";"0";"0";"0";"5";"1";"";"0";"0";"";"0000-00-00";"";"";"2";""
"";"";"68";"";"";"color,radio,color,radio";"frame,Shape,size,Type";"frame,shape,size,Type";"dark-wood:#ce6600,horizontal,24x16,canvas";"";"";"";"";"";"";"0";"0";"0";"0";"5";"1";"";"0";"0";"";"0000-00-00";"";"";"2";""
"";"";"68";"";"";"color,radio,color,radio";"frame,Shape,size,Type";"frame,shape,size,Type";"charcol-black:#3b1200,horizontal,24x16,canvas";"";"";"";"";"";"";"0";"0";"0";"0";"5";"1";"";"0";"0";"";"0000-00-00";"";"";"2";""
"";"";"68";"";"";"color,radio,color,radio";"frame,Shape,size,Type";"frame,shape,size,Type";"charcol-white:#e3fffe,horizontal,24x16,canvas";"";"";"";"";"";"";"0";"0";"0";"0";"5";"1";"";"0";"0";"";"0000-00-00";"";"";"2";""
"";"";"68";"";"";"color,radio,color,radio";"frame,Shape,size,Type";"frame,shape,size,Type";"pine-wood:#a3afff,horizontal,24x16,canvas";"";"";"";"";"";"";"0";"0";"0";"0";"5";"1";"";"0";"0";"";"0000-00-00";"";"";"2";""
"";"";"68";"";"";"color,radio,color,radio";"frame,Shape,size,Type";"frame,shape,size,Type";"none:#62ff43,horizontal,30x20,canvas";"";"";"";"";"";"";"0";"0";"0";"0";"5";"1";"";"0";"0";"";"0000-00-00";"";"";"2";""
"";"";"68";"";"";"color,radio,color,radio";"frame,Shape,size,Type";"frame,shape,size,Type";"natural-wood:#ffd083,horizontal,30x20,canvas";"";"";"";"";"";"";"0";"0";"0";"0";"5";"1";"";"0";"0";"";"0000-00-00";"";"";"2";""
"";"";"68";"";"";"color,radio,color,radio";"frame,Shape,size,Type";"frame,shape,size,Type";"dark-wood:#ce6600,horizontal,30x20,canvas";"";"";"";"";"";"";"0";"0";"0";"0";"5";"1";"";"0";"0";"";"0000-00-00";"";"";"2";""
"";"";"68";"";"";"color,radio,color,radio";"frame,Shape,size,Type";"frame,shape,size,Type";"charcol-black:#3b1200,horizontal,30x20,canvas";"";"";"";"";"";"";"0";"0";"0";"0";"5";"1";"";"0";"0";"";"0000-00-00";"";"";"2";""
"";"";"68";"";"";"color,radio,color,radio";"frame,Shape,size,Type";"frame,shape,size,Type";"charcol-white:#e3fffe,horizontal,30x20,canvas";"";"";"";"";"";"";"0";"0";"0";"0";"5";"1";"";"0";"0";"";"0000-00-00";"";"";"2";""
"";"";"68";"";"";"color,radio,color,radio";"frame,Shape,size,Type";"frame,shape,size,Type";"pine-wood:#a3afff,horizontal,30x20,canvas";"";"";"";"";"";"";"0";"0";"0";"0";"5";"1";"";"0";"0";"";"0000-00-00";"";"";"2";""
"";"";"68";"";"";"color,radio,color,radio";"frame,Shape,size,Type";"frame,shape,size,Type";"none:#62ff43,horizontal,36x24,canvas";"";"";"";"";"";"";"0";"0";"0";"0";"5";"1";"";"0";"0";"";"0000-00-00";"";"";"2";""
"";"";"68";"";"";"color,radio,color,radio";"frame,Shape,size,Type";"frame,shape,size,Type";"natural-wood:#ffd083,horizontal,36x24,canvas";"";"";"";"";"";"";"0";"0";"0";"0";"5";"1";"";"0";"0";"";"0000-00-00";"";"";"2";""
"";"";"68";"";"";"color,radio,color,radio";"frame,Shape,size,Type";"frame,shape,size,Type";"dark-wood:#ce6600,horizontal,36x24,canvas";"";"";"";"";"";"";"0";"0";"0";"0";"5";"1";"";"0";"0";"";"0000-00-00";"";"";"2";""
"";"";"68";"";"";"color,radio,color,radio";"frame,Shape,size,Type";"frame,shape,size,Type";"charcol-black:#3b1200,horizontal,36x24,canvas";"";"";"";"";"";"";"0";"0";"0";"0";"5";"1";"";"0";"0";"";"0000-00-00";"";"";"2";""
"";"";"68";"";"";"color,radio,color,radio";"frame,Shape,size,Type";"frame,shape,size,Type";"charcol-white:#e3fffe,horizontal,36x24,canvas";"";"";"";"";"";"";"0";"0";"0";"0";"5";"1";"";"0";"0";"";"0000-00-00";"";"";"2";""
"";"";"68";"";"";"color,radio,color,radio";"frame,Shape,size,Type";"frame,shape,size,Type";"pine-wood:#a3afff,horizontal,36x24,canvas";"";"";"";"";"";"";"0";"0";"0";"0";"5";"1";"";"0";"0";"";"0000-00-00";"";"";"2";""
"";"";"68";"";"";"color,radio,color,radio";"frame,Shape,size,Type";"frame,shape,size,Type";"none:#62ff43,horizontal,30x45,canvas";"";"";"";"";"";"";"0";"0";"0";"0";"5";"1";"";"0";"0";"";"0000-00-00";"";"";"2";""
"";"";"68";"";"";"color,radio,color,radio";"frame,Shape,size,Type";"frame,shape,size,Type";"natural-wood:#ffd083,horizontal,30x45,canvas";"";"";"";"";"";"";"0";"0";"0";"0";"5";"1";"";"0";"0";"";"0000-00-00";"";"";"2";""
"";"";"68";"";"";"color,radio,color,radio";"frame,Shape,size,Type";"frame,shape,size,Type";"dark-wood:#ce6600,horizontal,30x45,canvas";"";"";"";"";"";"";"0";"0";"0";"0";"5";"1";"";"0";"0";"";"0000-00-00";"";"";"2";""
"";"";"68";"";"";"color,radio,color,radio";"frame,Shape,size,Type";"frame,shape,size,Type";"charcol-black:#3b1200,horizontal,30x45,canvas";"";"";"";"";"";"";"0";"0";"0";"0";"5";"1";"";"0";"0";"";"0000-00-00";"";"";"2";""
"";"";"68";"";"";"color,radio,color,radio";"frame,Shape,size,Type";"frame,shape,size,Type";"charcol-white:#e3fffe,horizontal,30x45,canvas";"";"";"";"";"";"";"0";"0";"0";"0";"5";"1";"";"0";"0";"";"0000-00-00";"";"";"2";""
"";"";"68";"";"";"color,radio,color,radio";"frame,Shape,size,Type";"frame,shape,size,Type";"pine-wood:#a3afff,horizontal,30x45,canvas";"";"";"";"";"";"";"0";"0";"0";"0";"5";"1";"";"0";"0";"";"0000-00-00";"";"";"2";""
"";"";"68";"";"";"color,radio,color,radio";"frame,Shape,size,Type";"frame,shape,size,Type";"none:#62ff43,horizontal,15x10,fine-art-paper";"";"";"";"";"";"";"0";"0";"0";"0";"5";"1";"";"0";"0";"";"0000-00-00";"";"";"2";""
"";"";"68";"";"";"color,radio,color,radio";"frame,Shape,size,Type";"frame,shape,size,Type";"natural-wood:#ffd083,horizontal,15x10,fine-art-paper";"";"";"";"";"";"";"0";"0";"0";"0";"5";"1";"";"0";"0";"";"0000-00-00";"";"";"2";""
"";"";"68";"";"";"color,radio,color,radio";"frame,Shape,size,Type";"frame,shape,size,Type";"dark-wood:#ce6600,horizontal,15x10,fine-art-paper";"";"";"";"";"";"";"0";"0";"0";"0";"5";"1";"";"0";"0";"";"0000-00-00";"";"";"2";""
"";"";"68";"";"";"color,radio,color,radio";"frame,Shape,size,Type";"frame,shape,size,Type";"charcol-black:#3b1200,horizontal,15x10,fine-art-paper";"";"";"";"";"";"";"0";"0";"0";"0";"5";"1";"";"0";"0";"";"0000-00-00";"";"";"2";""
"";"";"68";"";"";"color,radio,color,radio";"frame,Shape,size,Type";"frame,shape,size,Type";"charcol-white:#e3fffe,horizontal,15x10,fine-art-paper";"";"";"";"";"";"";"0";"0";"0";"0";"5";"1";"";"0";"0";"";"0000-00-00";"";"";"2";""
"";"";"68";"";"";"color,radio,color,radio";"frame,Shape,size,Type";"frame,shape,size,Type";"pine-wood:#a3afff,horizontal,15x10,fine-art-paper";"";"";"";"";"";"";"0";"0";"0";"0";"5";"1";"";"0";"0";"";"0000-00-00";"";"";"2";""
"";"";"68";"";"";"color,radio,color,radio";"frame,Shape,size,Type";"frame,shape,size,Type";"none:#62ff43,horizontal,18x12,fine-art-paper";"";"";"";"";"";"";"0";"0";"0";"0";"5";"1";"";"0";"0";"";"0000-00-00";"";"";"2";""
"";"";"68";"";"";"color,radio,color,radio";"frame,Shape,size,Type";"frame,shape,size,Type";"natural-wood:#ffd083,horizontal,18x12,fine-art-paper";"";"";"";"";"";"";"0";"0";"0";"0";"5";"1";"";"0";"0";"";"0000-00-00";"";"";"2";""
"";"";"68";"";"";"color,radio,color,radio";"frame,Shape,size,Type";"frame,shape,size,Type";"dark-wood:#ce6600,horizontal,18x12,fine-art-paper";"";"";"";"";"";"";"0";"0";"0";"0";"5";"1";"";"0";"0";"";"0000-00-00";"";"";"2";""
"";"";"68";"";"";"color,radio,color,radio";"frame,Shape,size,Type";"frame,shape,size,Type";"charcol-black:#3b1200,horizontal,18x12,fine-art-paper";"";"";"";"";"";"";"0";"0";"0";"0";"5";"1";"";"0";"0";"";"0000-00-00";"";"";"2";""
"";"";"68";"";"";"color,radio,color,radio";"frame,Shape,size,Type";"frame,shape,size,Type";"charcol-white:#e3fffe,horizontal,18x12,fine-art-paper";"";"";"";"";"";"";"0";"0";"0";"0";"5";"1";"";"0";"0";"";"0000-00-00";"";"";"2";""
"";"";"68";"";"";"color,radio,color,radio";"frame,Shape,size,Type";"frame,shape,size,Type";"pine-wood:#a3afff,horizontal,18x12,fine-art-paper";"";"";"";"";"";"";"0";"0";"0";"0";"5";"1";"";"0";"0";"";"0000-00-00";"";"";"2";""
"";"";"68";"";"";"color,radio,color,radio";"frame,Shape,size,Type";"frame,shape,size,Type";"none:#62ff43,horizontal,24x16,fine-art-paper";"";"";"";"";"";"";"0";"0";"0";"0";"5";"1";"";"0";"0";"";"0000-00-00";"";"";"2";""
"";"";"68";"";"";"color,radio,color,radio";"frame,Shape,size,Type";"frame,shape,size,Type";"natural-wood:#ffd083,horizontal,24x16,fine-art-paper";"";"";"";"";"";"";"0";"0";"0";"0";"5";"1";"";"0";"0";"";"0000-00-00";"";"";"2";""
"";"";"68";"";"";"color,radio,color,radio";"frame,Shape,size,Type";"frame,shape,size,Type";"dark-wood:#ce6600,horizontal,24x16,fine-art-paper";"";"";"";"";"";"";"0";"0";"0";"0";"5";"1";"";"0";"0";"";"0000-00-00";"";"";"2";""
"";"";"68";"";"";"color,radio,color,radio";"frame,Shape,size,Type";"frame,shape,size,Type";"charcol-black:#3b1200,horizontal,24x16,fine-art-paper";"";"";"";"";"";"";"0";"0";"0";"0";"5";"1";"";"0";"0";"";"0000-00-00";"";"";"2";""
"";"";"68";"";"";"color,radio,color,radio";"frame,Shape,size,Type";"frame,shape,size,Type";"charcol-white:#e3fffe,horizontal,24x16,fine-art-paper";"";"";"";"";"";"";"0";"0";"0";"0";"5";"1";"";"0";"0";"";"0000-00-00";"";"";"2";""
"";"";"68";"";"";"color,radio,color,radio";"frame,Shape,size,Type";"frame,shape,size,Type";"pine-wood:#a3afff,horizontal,24x16,fine-art-paper";"";"";"";"";"";"";"0";"0";"0";"0";"5";"1";"";"0";"0";"";"0000-00-00";"";"";"2";""
"";"";"68";"";"";"color,radio,color,radio";"frame,Shape,size,Type";"frame,shape,size,Type";"none:#62ff43,horizontal,30x20,fine-art-paper";"";"";"";"";"";"";"0";"0";"0";"0";"5";"1";"";"0";"0";"";"0000-00-00";"";"";"2";""
"";"";"68";"";"";"color,radio,color,radio";"frame,Shape,size,Type";"frame,shape,size,Type";"natural-wood:#ffd083,horizontal,30x20,fine-art-paper";"";"";"";"";"";"";"0";"0";"0";"0";"5";"1";"";"0";"0";"";"0000-00-00";"";"";"2";""
"";"";"68";"";"";"color,radio,color,radio";"frame,Shape,size,Type";"frame,shape,size,Type";"dark-wood:#ce6600,horizontal,30x20,fine-art-paper";"";"";"";"";"";"";"0";"0";"0";"0";"5";"1";"";"0";"0";"";"0000-00-00";"";"";"2";""
"";"";"68";"";"";"color,radio,color,radio";"frame,Shape,size,Type";"frame,shape,size,Type";"charcol-black:#3b1200,horizontal,30x20,fine-art-paper";"";"";"";"";"";"";"0";"0";"0";"0";"5";"1";"";"0";"0";"";"0000-00-00";"";"";"2";""
"";"";"68";"";"";"color,radio,color,radio";"frame,Shape,size,Type";"frame,shape,size,Type";"charcol-white:#e3fffe,horizontal,30x20,fine-art-paper";"";"";"";"";"";"";"0";"0";"0";"0";"5";"1";"";"0";"0";"";"0000-00-00";"";"";"2";""
"";"";"68";"";"";"color,radio,color,radio";"frame,Shape,size,Type";"frame,shape,size,Type";"pine-wood:#a3afff,horizontal,30x20,fine-art-paper";"";"";"";"";"";"";"0";"0";"0";"0";"5";"1";"";"0";"0";"";"0000-00-00";"";"";"2";""
"";"";"68";"";"";"color,radio,color,radio";"frame,Shape,size,Type";"frame,shape,size,Type";"none:#62ff43,horizontal,36x24,fine-art-paper";"";"";"";"";"";"";"0";"0";"0";"0";"5";"1";"";"0";"0";"";"0000-00-00";"";"";"2";""
"";"";"68";"";"";"color,radio,color,radio";"frame,Shape,size,Type";"frame,shape,size,Type";"natural-wood:#ffd083,horizontal,36x24,fine-art-paper";"";"";"";"";"";"";"0";"0";"0";"0";"5";"1";"";"0";"0";"";"0000-00-00";"";"";"2";""
"";"";"68";"";"";"color,radio,color,radio";"frame,Shape,size,Type";"frame,shape,size,Type";"dark-wood:#ce6600,horizontal,36x24,fine-art-paper";"";"";"";"";"";"";"0";"0";"0";"0";"5";"1";"";"0";"0";"";"0000-00-00";"";"";"2";""
"";"";"68";"";"";"color,radio,color,radio";"frame,Shape,size,Type";"frame,shape,size,Type";"charcol-black:#3b1200,horizontal,36x24,fine-art-paper";"";"";"";"";"";"";"0";"0";"0";"0";"5";"1";"";"0";"0";"";"0000-00-00";"";"";"2";""
"";"";"68";"";"";"color,radio,color,radio";"frame,Shape,size,Type";"frame,shape,size,Type";"charcol-white:#e3fffe,horizontal,36x24,fine-art-paper";"";"";"";"";"";"";"0";"0";"0";"0";"5";"1";"";"0";"0";"";"0000-00-00";"";"";"2";""
"";"";"68";"";"";"color,radio,color,radio";"frame,Shape,size,Type";"frame,shape,size,Type";"pine-wood:#a3afff,horizontal,36x24,fine-art-paper";"";"";"";"";"";"";"0";"0";"0";"0";"5";"1";"";"0";"0";"";"0000-00-00";"";"";"2";""
"";"";"68";"";"";"color,radio,color,radio";"frame,Shape,size,Type";"frame,shape,size,Type";"none:#62ff43,horizontal,30x45,fine-art-paper";"";"";"";"";"";"";"0";"0";"0";"0";"5";"1";"";"0";"0";"";"0000-00-00";"";"";"2";""
"";"";"68";"";"";"color,radio,color,radio";"frame,Shape,size,Type";"frame,shape,size,Type";"natural-wood:#ffd083,horizontal,30x45,fine-art-paper";"";"";"";"";"";"";"0";"0";"0";"0";"5";"1";"";"0";"0";"";"0000-00-00";"";"";"2";""
"";"";"68";"";"";"color,radio,color,radio";"frame,Shape,size,Type";"frame,shape,size,Type";"dark-wood:#ce6600,horizontal,30x45,fine-art-paper";"";"";"";"";"";"";"0";"0";"0";"0";"5";"1";"";"0";"0";"";"0000-00-00";"";"";"2";""
"";"";"68";"";"";"color,radio,color,radio";"frame,Shape,size,Type";"frame,shape,size,Type";"charcol-black:#3b1200,horizontal,30x45,fine-art-paper";"";"";"";"";"";"";"0";"0";"0";"0";"5";"1";"";"0";"0";"";"0000-00-00";"";"";"2";""
"";"";"68";"";"";"color,radio,color,radio";"frame,Shape,size,Type";"frame,shape,size,Type";"charcol-white:#e3fffe,horizontal,30x45,fine-art-paper";"";"";"";"";"";"";"0";"0";"0";"0";"5";"1";"";"0";"0";"";"0000-00-00";"";"";"2";""
"";"";"68";"";"";"color,radio,color,radio";"frame,Shape,size,Type";"frame,shape,size,Type";"pine-wood:#a3afff,horizontal,30x45,fine-art-paper";"";"";"";"";"";"";"0";"0";"0";"0";"5";"1";"";"0";"0";"";"0000-00-00";"";"";"2";""
"";"";"71";"";"";"color,radio,color,radio";"frame,Shape,size,Type";"frame,shape,size,Type";"none:#62ff43,horizontal,15x10,canvas";"";"";"";"";"";"";"0";"0";"0";"0";"5";"1";"";"0";"0";"1";"0000-00-00";"";"";"2";""
"";"";"71";"";"";"color,radio,color,radio";"frame,Shape,size,Type";"frame,shape,size,Type";"natural-wood:#ffd083,horizontal,15x10,canvas";"";"";"";"";"";"";"0";"0";"0";"0";"5";"1";"";"0";"0";"";"0000-00-00";"";"";"2";""
"";"";"71";"";"";"color,radio,color,radio";"frame,Shape,size,Type";"frame,shape,size,Type";"dark-wood:#ce6600,horizontal,15x10,canvas";"";"";"";"";"";"";"0";"0";"0";"0";"5";"1";"";"0";"0";"";"0000-00-00";"";"";"2";""
"";"";"71";"";"";"color,radio,color,radio";"frame,Shape,size,Type";"frame,shape,size,Type";"charcol-black:#3b1200,horizontal,15x10,canvas";"";"";"";"";"";"";"0";"0";"0";"0";"5";"1";"";"0";"0";"";"0000-00-00";"";"";"2";""
"";"";"71";"";"";"color,radio,color,radio";"frame,Shape,size,Type";"frame,shape,size,Type";"charcol-white:#e3fffe,horizontal,15x10,canvas";"";"";"";"";"";"";"0";"0";"0";"0";"5";"1";"";"0";"0";"";"0000-00-00";"";"";"2";""
"";"";"71";"";"";"color,radio,color,radio";"frame,Shape,size,Type";"frame,shape,size,Type";"pine-wood:#a3afff,horizontal,15x10,canvas";"";"";"";"";"";"";"0";"0";"0";"0";"5";"1";"";"0";"0";"";"0000-00-00";"";"";"2";""
"";"";"71";"";"";"color,radio,color,radio";"frame,Shape,size,Type";"frame,shape,size,Type";"none:#62ff43,horizontal,18x12,canvas";"";"";"";"";"";"";"0";"0";"0";"0";"5";"1";"";"0";"0";"";"0000-00-00";"";"";"2";""
"";"";"71";"";"";"color,radio,color,radio";"frame,Shape,size,Type";"frame,shape,size,Type";"natural-wood:#ffd083,horizontal,18x12,canvas";"";"";"";"";"";"";"0";"0";"0";"0";"5";"1";"";"0";"0";"";"0000-00-00";"";"";"2";""
"";"";"71";"";"";"color,radio,color,radio";"frame,Shape,size,Type";"frame,shape,size,Type";"dark-wood:#ce6600,horizontal,18x12,canvas";"";"";"";"";"";"";"0";"0";"0";"0";"5";"1";"";"0";"0";"";"0000-00-00";"";"";"2";""
"";"";"71";"";"";"color,radio,color,radio";"frame,Shape,size,Type";"frame,shape,size,Type";"charcol-black:#3b1200,horizontal,18x12,canvas";"";"";"";"";"";"";"0";"0";"0";"0";"5";"1";"";"0";"0";"";"0000-00-00";"";"";"2";""
"";"";"71";"";"";"color,radio,color,radio";"frame,Shape,size,Type";"frame,shape,size,Type";"charcol-white:#e3fffe,horizontal,18x12,canvas";"";"";"";"";"";"";"0";"0";"0";"0";"5";"1";"";"0";"0";"";"0000-00-00";"";"";"2";""
"";"";"71";"";"";"color,radio,color,radio";"frame,Shape,size,Type";"frame,shape,size,Type";"pine-wood:#a3afff,horizontal,18x12,canvas";"";"";"";"";"";"";"0";"0";"0";"0";"5";"1";"";"0";"0";"";"0000-00-00";"";"";"2";""
"";"";"71";"";"";"color,radio,color,radio";"frame,Shape,size,Type";"frame,shape,size,Type";"none:#62ff43,horizontal,24x16,canvas";"";"";"";"";"";"";"0";"0";"0";"0";"5";"1";"";"0";"0";"";"0000-00-00";"";"";"2";""
"";"";"71";"";"";"color,radio,color,radio";"frame,Shape,size,Type";"frame,shape,size,Type";"natural-wood:#ffd083,horizontal,24x16,canvas";"";"";"";"";"";"";"0";"0";"0";"0";"5";"1";"";"0";"0";"";"0000-00-00";"";"";"2";""
"";"";"71";"";"";"color,radio,color,radio";"frame,Shape,size,Type";"frame,shape,size,Type";"dark-wood:#ce6600,horizontal,24x16,canvas";"";"";"";"";"";"";"0";"0";"0";"0";"5";"1";"";"0";"0";"";"0000-00-00";"";"";"2";""
"";"";"71";"";"";"color,radio,color,radio";"frame,Shape,size,Type";"frame,shape,size,Type";"charcol-black:#3b1200,horizontal,24x16,canvas";"";"";"";"";"";"";"0";"0";"0";"0";"5";"1";"";"0";"0";"";"0000-00-00";"";"";"2";""
"";"";"71";"";"";"color,radio,color,radio";"frame,Shape,size,Type";"frame,shape,size,Type";"charcol-white:#e3fffe,horizontal,24x16,canvas";"";"";"";"";"";"";"0";"0";"0";"0";"5";"1";"";"0";"0";"";"0000-00-00";"";"";"2";""
"";"";"71";"";"";"color,radio,color,radio";"frame,Shape,size,Type";"frame,shape,size,Type";"pine-wood:#a3afff,horizontal,24x16,canvas";"";"";"";"";"";"";"0";"0";"0";"0";"5";"1";"";"0";"0";"";"0000-00-00";"";"";"2";""
"";"";"71";"";"";"color,radio,color,radio";"frame,Shape,size,Type";"frame,shape,size,Type";"none:#62ff43,horizontal,30x20,canvas";"";"";"";"";"";"";"0";"0";"0";"0";"5";"1";"";"0";"0";"";"0000-00-00";"";"";"2";""
"";"";"71";"";"";"color,radio,color,radio";"frame,Shape,size,Type";"frame,shape,size,Type";"natural-wood:#ffd083,horizontal,30x20,canvas";"";"";"";"";"";"";"0";"0";"0";"0";"5";"1";"";"0";"0";"";"0000-00-00";"";"";"2";""
"";"";"71";"";"";"color,radio,color,radio";"frame,Shape,size,Type";"frame,shape,size,Type";"dark-wood:#ce6600,horizontal,30x20,canvas";"";"";"";"";"";"";"0";"0";"0";"0";"5";"1";"";"0";"0";"";"0000-00-00";"";"";"2";""
"";"";"71";"";"";"color,radio,color,radio";"frame,Shape,size,Type";"frame,shape,size,Type";"charcol-black:#3b1200,horizontal,30x20,canvas";"";"";"";"";"";"";"0";"0";"0";"0";"5";"1";"";"0";"0";"";"0000-00-00";"";"";"2";""
"";"";"71";"";"";"color,radio,color,radio";"frame,Shape,size,Type";"frame,shape,size,Type";"charcol-white:#e3fffe,horizontal,30x20,canvas";"";"";"";"";"";"";"0";"0";"0";"0";"5";"1";"";"0";"0";"";"0000-00-00";"";"";"2";""
"";"";"71";"";"";"color,radio,color,radio";"frame,Shape,size,Type";"frame,shape,size,Type";"pine-wood:#a3afff,horizontal,30x20,canvas";"";"";"";"";"";"";"0";"0";"0";"0";"5";"1";"";"0";"0";"";"0000-00-00";"";"";"2";""
"";"";"71";"";"";"color,radio,color,radio";"frame,Shape,size,Type";"frame,shape,size,Type";"none:#62ff43,horizontal,36x24,canvas";"";"";"";"";"";"";"0";"0";"0";"0";"5";"1";"";"0";"0";"";"0000-00-00";"";"";"2";""
"";"";"71";"";"";"color,radio,color,radio";"frame,Shape,size,Type";"frame,shape,size,Type";"natural-wood:#ffd083,horizontal,36x24,canvas";"";"";"";"";"";"";"0";"0";"0";"0";"5";"1";"";"0";"0";"";"0000-00-00";"";"";"2";""
"";"";"71";"";"";"color,radio,color,radio";"frame,Shape,size,Type";"frame,shape,size,Type";"dark-wood:#ce6600,horizontal,36x24,canvas";"";"";"";"";"";"";"0";"0";"0";"0";"5";"1";"";"0";"0";"";"0000-00-00";"";"";"2";""
"";"";"71";"";"";"color,radio,color,radio";"frame,Shape,size,Type";"frame,shape,size,Type";"charcol-black:#3b1200,horizontal,36x24,canvas";"";"";"";"";"";"";"0";"0";"0";"0";"5";"1";"";"0";"0";"";"0000-00-00";"";"";"2";""
"";"";"71";"";"";"color,radio,color,radio";"frame,Shape,size,Type";"frame,shape,size,Type";"charcol-white:#e3fffe,horizontal,36x24,canvas";"";"";"";"";"";"";"0";"0";"0";"0";"5";"1";"";"0";"0";"";"0000-00-00";"";"";"2";""
"";"";"71";"";"";"color,radio,color,radio";"frame,Shape,size,Type";"frame,shape,size,Type";"pine-wood:#a3afff,horizontal,36x24,canvas";"";"";"";"";"";"";"0";"0";"0";"0";"5";"1";"";"0";"0";"";"0000-00-00";"";"";"2";""
"";"";"71";"";"";"color,radio,color,radio";"frame,Shape,size,Type";"frame,shape,size,Type";"none:#62ff43,horizontal,30x45,canvas";"";"";"";"";"";"";"0";"0";"0";"0";"5";"1";"";"0";"0";"";"0000-00-00";"";"";"2";""
"";"";"71";"";"";"color,radio,color,radio";"frame,Shape,size,Type";"frame,shape,size,Type";"natural-wood:#ffd083,horizontal,30x45,canvas";"";"";"";"";"";"";"0";"0";"0";"0";"5";"1";"";"0";"0";"";"0000-00-00";"";"";"2";""
"";"";"71";"";"";"color,radio,color,radio";"frame,Shape,size,Type";"frame,shape,size,Type";"dark-wood:#ce6600,horizontal,30x45,canvas";"";"";"";"";"";"";"0";"0";"0";"0";"5";"1";"";"0";"0";"";"0000-00-00";"";"";"2";""
"";"";"71";"";"";"color,radio,color,radio";"frame,Shape,size,Type";"frame,shape,size,Type";"charcol-black:#3b1200,horizontal,30x45,canvas";"";"";"";"";"";"";"0";"0";"0";"0";"5";"1";"";"0";"0";"";"0000-00-00";"";"";"2";""
"";"";"71";"";"";"color,radio,color,radio";"frame,Shape,size,Type";"frame,shape,size,Type";"charcol-white:#e3fffe,horizontal,30x45,canvas";"";"";"";"";"";"";"0";"0";"0";"0";"5";"1";"";"0";"0";"";"0000-00-00";"";"";"2";""
"";"";"71";"";"";"color,radio,color,radio";"frame,Shape,size,Type";"frame,shape,size,Type";"pine-wood:#a3afff,horizontal,30x45,canvas";"";"";"";"";"";"";"0";"0";"0";"0";"5";"1";"";"0";"0";"";"0000-00-00";"";"";"2";""
"";"";"71";"";"";"color,radio,color,radio";"frame,Shape,size,Type";"frame,shape,size,Type";"none:#62ff43,horizontal,15x10,fine-art-paper";"";"";"";"";"";"";"0";"0";"0";"0";"5";"1";"";"0";"0";"";"0000-00-00";"";"";"2";""
"";"";"71";"";"";"color,radio,color,radio";"frame,Shape,size,Type";"frame,shape,size,Type";"natural-wood:#ffd083,horizontal,15x10,fine-art-paper";"";"";"";"";"";"";"0";"0";"0";"0";"5";"1";"";"0";"0";"";"0000-00-00";"";"";"2";""
"";"";"71";"";"";"color,radio,color,radio";"frame,Shape,size,Type";"frame,shape,size,Type";"dark-wood:#ce6600,horizontal,15x10,fine-art-paper";"";"";"";"";"";"";"0";"0";"0";"0";"5";"1";"";"0";"0";"";"0000-00-00";"";"";"2";""
"";"";"71";"";"";"color,radio,color,radio";"frame,Shape,size,Type";"frame,shape,size,Type";"charcol-black:#3b1200,horizontal,15x10,fine-art-paper";"";"";"";"";"";"";"0";"0";"0";"0";"5";"1";"";"0";"0";"";"0000-00-00";"";"";"2";""
"";"";"71";"";"";"color,radio,color,radio";"frame,Shape,size,Type";"frame,shape,size,Type";"charcol-white:#e3fffe,horizontal,15x10,fine-art-paper";"";"";"";"";"";"";"0";"0";"0";"0";"5";"1";"";"0";"0";"";"0000-00-00";"";"";"2";""
"";"";"71";"";"";"color,radio,color,radio";"frame,Shape,size,Type";"frame,shape,size,Type";"pine-wood:#a3afff,horizontal,15x10,fine-art-paper";"";"";"";"";"";"";"0";"0";"0";"0";"5";"1";"";"0";"0";"";"0000-00-00";"";"";"2";""
"";"";"71";"";"";"color,radio,color,radio";"frame,Shape,size,Type";"frame,shape,size,Type";"none:#62ff43,horizontal,18x12,fine-art-paper";"";"";"";"";"";"";"0";"0";"0";"0";"5";"1";"";"0";"0";"";"0000-00-00";"";"";"2";""
"";"";"71";"";"";"color,radio,color,radio";"frame,Shape,size,Type";"frame,shape,size,Type";"natural-wood:#ffd083,horizontal,18x12,fine-art-paper";"";"";"";"";"";"";"0";"0";"0";"0";"5";"1";"";"0";"0";"";"0000-00-00";"";"";"2";""
"";"";"71";"";"";"color,radio,color,radio";"frame,Shape,size,Type";"frame,shape,size,Type";"dark-wood:#ce6600,horizontal,18x12,fine-art-paper";"";"";"";"";"";"";"0";"0";"0";"0";"5";"1";"";"0";"0";"";"0000-00-00";"";"";"2";""
"";"";"71";"";"";"color,radio,color,radio";"frame,Shape,size,Type";"frame,shape,size,Type";"charcol-black:#3b1200,horizontal,18x12,fine-art-paper";"";"";"";"";"";"";"0";"0";"0";"0";"5";"1";"";"0";"0";"";"0000-00-00";"";"";"2";""
"";"";"71";"";"";"color,radio,color,radio";"frame,Shape,size,Type";"frame,shape,size,Type";"charcol-white:#e3fffe,horizontal,18x12,fine-art-paper";"";"";"";"";"";"";"0";"0";"0";"0";"5";"1";"";"0";"0";"";"0000-00-00";"";"";"2";""
"";"";"71";"";"";"color,radio,color,radio";"frame,Shape,size,Type";"frame,shape,size,Type";"pine-wood:#a3afff,horizontal,18x12,fine-art-paper";"";"";"";"";"";"";"0";"0";"0";"0";"5";"1";"";"0";"0";"";"0000-00-00";"";"";"2";""
"";"";"71";"";"";"color,radio,color,radio";"frame,Shape,size,Type";"frame,shape,size,Type";"none:#62ff43,horizontal,24x16,fine-art-paper";"";"";"";"";"";"";"0";"0";"0";"0";"5";"1";"";"0";"0";"";"0000-00-00";"";"";"2";""
"";"";"71";"";"";"color,radio,color,radio";"frame,Shape,size,Type";"frame,shape,size,Type";"natural-wood:#ffd083,horizontal,24x16,fine-art-paper";"";"";"";"";"";"";"0";"0";"0";"0";"5";"1";"";"0";"0";"";"0000-00-00";"";"";"2";""
"";"";"71";"";"";"color,radio,color,radio";"frame,Shape,size,Type";"frame,shape,size,Type";"dark-wood:#ce6600,horizontal,24x16,fine-art-paper";"";"";"";"";"";"";"0";"0";"0";"0";"5";"1";"";"0";"0";"";"0000-00-00";"";"";"2";""
"";"";"71";"";"";"color,radio,color,radio";"frame,Shape,size,Type";"frame,shape,size,Type";"charcol-black:#3b1200,horizontal,24x16,fine-art-paper";"";"";"";"";"";"";"0";"0";"0";"0";"5";"1";"";"0";"0";"";"0000-00-00";"";"";"2";""
"";"";"71";"";"";"color,radio,color,radio";"frame,Shape,size,Type";"frame,shape,size,Type";"charcol-white:#e3fffe,horizontal,24x16,fine-art-paper";"";"";"";"";"";"";"0";"0";"0";"0";"5";"1";"";"0";"0";"";"0000-00-00";"";"";"2";""
"";"";"71";"";"";"color,radio,color,radio";"frame,Shape,size,Type";"frame,shape,size,Type";"pine-wood:#a3afff,horizontal,24x16,fine-art-paper";"";"";"";"";"";"";"0";"0";"0";"0";"5";"1";"";"0";"0";"";"0000-00-00";"";"";"2";""
"";"";"71";"";"";"color,radio,color,radio";"frame,Shape,size,Type";"frame,shape,size,Type";"none:#62ff43,horizontal,30x20,fine-art-paper";"";"";"";"";"";"";"0";"0";"0";"0";"5";"1";"";"0";"0";"";"0000-00-00";"";"";"2";""
"";"";"71";"";"";"color,radio,color,radio";"frame,Shape,size,Type";"frame,shape,size,Type";"natural-wood:#ffd083,horizontal,30x20,fine-art-paper";"";"";"";"";"";"";"0";"0";"0";"0";"5";"1";"";"0";"0";"";"0000-00-00";"";"";"2";""
"";"";"71";"";"";"color,radio,color,radio";"frame,Shape,size,Type";"frame,shape,size,Type";"dark-wood:#ce6600,horizontal,30x20,fine-art-paper";"";"";"";"";"";"";"0";"0";"0";"0";"5";"1";"";"0";"0";"";"0000-00-00";"";"";"2";""
"";"";"71";"";"";"color,radio,color,radio";"frame,Shape,size,Type";"frame,shape,size,Type";"charcol-black:#3b1200,horizontal,30x20,fine-art-paper";"";"";"";"";"";"";"0";"0";"0";"0";"5";"1";"";"0";"0";"";"0000-00-00";"";"";"2";""
"";"";"71";"";"";"color,radio,color,radio";"frame,Shape,size,Type";"frame,shape,size,Type";"charcol-white:#e3fffe,horizontal,30x20,fine-art-paper";"";"";"";"";"";"";"0";"0";"0";"0";"5";"1";"";"0";"0";"";"0000-00-00";"";"";"2";""
"";"";"71";"";"";"color,radio,color,radio";"frame,Shape,size,Type";"frame,shape,size,Type";"pine-wood:#a3afff,horizontal,30x20,fine-art-paper";"";"";"";"";"";"";"0";"0";"0";"0";"5";"1";"";"0";"0";"";"0000-00-00";"";"";"2";""
"";"";"71";"";"";"color,radio,color,radio";"frame,Shape,size,Type";"frame,shape,size,Type";"none:#62ff43,horizontal,36x24,fine-art-paper";"";"";"";"";"";"";"0";"0";"0";"0";"5";"1";"";"0";"0";"";"0000-00-00";"";"";"2";""
"";"";"71";"";"";"color,radio,color,radio";"frame,Shape,size,Type";"frame,shape,size,Type";"natural-wood:#ffd083,horizontal,36x24,fine-art-paper";"";"";"";"";"";"";"0";"0";"0";"0";"5";"1";"";"0";"0";"";"0000-00-00";"";"";"2";""
"";"";"71";"";"";"color,radio,color,radio";"frame,Shape,size,Type";"frame,shape,size,Type";"dark-wood:#ce6600,horizontal,36x24,fine-art-paper";"";"";"";"";"";"";"0";"0";"0";"0";"5";"1";"";"0";"0";"";"0000-00-00";"";"";"2";""
"";"";"71";"";"";"color,radio,color,radio";"frame,Shape,size,Type";"frame,shape,size,Type";"charcol-black:#3b1200,horizontal,36x24,fine-art-paper";"";"";"";"";"";"";"0";"0";"0";"0";"5";"1";"";"0";"0";"";"0000-00-00";"";"";"2";""
"";"";"71";"";"";"color,radio,color,radio";"frame,Shape,size,Type";"frame,shape,size,Type";"charcol-white:#e3fffe,horizontal,36x24,fine-art-paper";"";"";"";"";"";"";"0";"0";"0";"0";"5";"1";"";"0";"0";"";"0000-00-00";"";"";"2";""
"";"";"71";"";"";"color,radio,color,radio";"frame,Shape,size,Type";"frame,shape,size,Type";"pine-wood:#a3afff,horizontal,36x24,fine-art-paper";"";"";"";"";"";"";"0";"0";"0";"0";"5";"1";"";"0";"0";"";"0000-00-00";"";"";"2";""
"";"";"71";"";"";"color,radio,color,radio";"frame,Shape,size,Type";"frame,shape,size,Type";"none:#62ff43,horizontal,30x45,fine-art-paper";"";"";"";"";"";"";"0";"0";"0";"0";"5";"1";"";"0";"0";"";"0000-00-00";"";"";"2";""
"";"";"71";"";"";"color,radio,color,radio";"frame,Shape,size,Type";"frame,shape,size,Type";"natural-wood:#ffd083,horizontal,30x45,fine-art-paper";"";"";"";"";"";"";"0";"0";"0";"0";"5";"1";"";"0";"0";"";"0000-00-00";"";"";"2";""
"";"";"71";"";"";"color,radio,color,radio";"frame,Shape,size,Type";"frame,shape,size,Type";"dark-wood:#ce6600,horizontal,30x45,fine-art-paper";"";"";"";"";"";"";"0";"0";"0";"0";"5";"1";"";"0";"0";"";"0000-00-00";"";"";"2";""
"";"";"71";"";"";"color,radio,color,radio";"frame,Shape,size,Type";"frame,shape,size,Type";"charcol-black:#3b1200,horizontal,30x45,fine-art-paper";"";"";"";"";"";"";"0";"0";"0";"0";"5";"1";"";"0";"0";"";"0000-00-00";"";"";"2";""
"";"";"71";"";"";"color,radio,color,radio";"frame,Shape,size,Type";"frame,shape,size,Type";"charcol-white:#e3fffe,horizontal,30x45,fine-art-paper";"";"";"";"";"";"";"0";"0";"0";"0";"5";"1";"";"0";"0";"";"0000-00-00";"";"";"2";""
"";"";"71";"";"";"color,radio,color,radio";"frame,Shape,size,Type";"frame,shape,size,Type";"pine-wood:#a3afff,horizontal,30x45,fine-art-paper";"";"";"";"";"";"";"0";"0";"0";"0";"5";"1";"";"0";"0";"";"0000-00-00";"";"";"2";""
"";"";"74";"";"";"color,radio,color,radio";"frame,Shape,size,Type";"frame,shape,size,Type";"none:#62ff43,horizontal,15x10,canvas";"";"";"";"";"";"";"0";"0";"0";"0";"5";"1";"";"0";"0";"1";"0000-00-00";"";"";"2";""
"";"";"74";"";"";"color,radio,color,radio";"frame,Shape,size,Type";"frame,shape,size,Type";"natural-wood:#ffd083,horizontal,15x10,canvas";"";"";"";"";"";"";"0";"0";"0";"0";"5";"1";"";"0";"0";"";"0000-00-00";"";"";"2";""
"";"";"74";"";"";"color,radio,color,radio";"frame,Shape,size,Type";"frame,shape,size,Type";"dark-wood:#ce6600,horizontal,15x10,canvas";"";"";"";"";"";"";"0";"0";"0";"0";"5";"1";"";"0";"0";"";"0000-00-00";"";"";"2";""
"";"";"74";"";"";"color,radio,color,radio";"frame,Shape,size,Type";"frame,shape,size,Type";"charcol-black:#3b1200,horizontal,15x10,canvas";"";"";"";"";"";"";"0";"0";"0";"0";"5";"1";"";"0";"0";"";"0000-00-00";"";"";"2";""
"";"";"74";"";"";"color,radio,color,radio";"frame,Shape,size,Type";"frame,shape,size,Type";"charcol-white:#e3fffe,horizontal,15x10,canvas";"";"";"";"";"";"";"0";"0";"0";"0";"5";"1";"";"0";"0";"";"0000-00-00";"";"";"2";""
"";"";"74";"";"";"color,radio,color,radio";"frame,Shape,size,Type";"frame,shape,size,Type";"pine-wood:#a3afff,horizontal,15x10,canvas";"";"";"";"";"";"";"0";"0";"0";"0";"5";"1";"";"0";"0";"";"0000-00-00";"";"";"2";""
"";"";"74";"";"";"color,radio,color,radio";"frame,Shape,size,Type";"frame,shape,size,Type";"none:#62ff43,horizontal,18x12,canvas";"";"";"";"";"";"";"0";"0";"0";"0";"5";"1";"";"0";"0";"";"0000-00-00";"";"";"2";""
"";"";"74";"";"";"color,radio,color,radio";"frame,Shape,size,Type";"frame,shape,size,Type";"natural-wood:#ffd083,horizontal,18x12,canvas";"";"";"";"";"";"";"0";"0";"0";"0";"5";"1";"";"0";"0";"";"0000-00-00";"";"";"2";""
"";"";"74";"";"";"color,radio,color,radio";"frame,Shape,size,Type";"frame,shape,size,Type";"dark-wood:#ce6600,horizontal,18x12,canvas";"";"";"";"";"";"";"0";"0";"0";"0";"5";"1";"";"0";"0";"";"0000-00-00";"";"";"2";""
"";"";"74";"";"";"color,radio,color,radio";"frame,Shape,size,Type";"frame,shape,size,Type";"charcol-black:#3b1200,horizontal,18x12,canvas";"";"";"";"";"";"";"0";"0";"0";"0";"5";"1";"";"0";"0";"";"0000-00-00";"";"";"2";""
"";"";"74";"";"";"color,radio,color,radio";"frame,Shape,size,Type";"frame,shape,size,Type";"charcol-white:#e3fffe,horizontal,18x12,canvas";"";"";"";"";"";"";"0";"0";"0";"0";"5";"1";"";"0";"0";"";"0000-00-00";"";"";"2";""
"";"";"74";"";"";"color,radio,color,radio";"frame,Shape,size,Type";"frame,shape,size,Type";"pine-wood:#a3afff,horizontal,18x12,canvas";"";"";"";"";"";"";"0";"0";"0";"0";"5";"1";"";"0";"0";"";"0000-00-00";"";"";"2";""
"";"";"74";"";"";"color,radio,color,radio";"frame,Shape,size,Type";"frame,shape,size,Type";"none:#62ff43,horizontal,24x16,canvas";"";"";"";"";"";"";"0";"0";"0";"0";"5";"1";"";"0";"0";"";"0000-00-00";"";"";"2";""
"";"";"74";"";"";"color,radio,color,radio";"frame,Shape,size,Type";"frame,shape,size,Type";"natural-wood:#ffd083,horizontal,24x16,canvas";"";"";"";"";"";"";"0";"0";"0";"0";"5";"1";"";"0";"0";"";"0000-00-00";"";"";"2";""
"";"";"74";"";"";"color,radio,color,radio";"frame,Shape,size,Type";"frame,shape,size,Type";"dark-wood:#ce6600,horizontal,24x16,canvas";"";"";"";"";"";"";"0";"0";"0";"0";"5";"1";"";"0";"0";"";"0000-00-00";"";"";"2";""
"";"";"74";"";"";"color,radio,color,radio";"frame,Shape,size,Type";"frame,shape,size,Type";"charcol-black:#3b1200,horizontal,24x16,canvas";"";"";"";"";"";"";"0";"0";"0";"0";"5";"1";"";"0";"0";"";"0000-00-00";"";"";"2";""
"";"";"74";"";"";"color,radio,color,radio";"frame,Shape,size,Type";"frame,shape,size,Type";"charcol-white:#e3fffe,horizontal,24x16,canvas";"";"";"";"";"";"";"0";"0";"0";"0";"5";"1";"";"0";"0";"";"0000-00-00";"";"";"2";""
"";"";"74";"";"";"color,radio,color,radio";"frame,Shape,size,Type";"frame,shape,size,Type";"pine-wood:#a3afff,horizontal,24x16,canvas";"";"";"";"";"";"";"0";"0";"0";"0";"5";"1";"";"0";"0";"";"0000-00-00";"";"";"2";""
"";"";"74";"";"";"color,radio,color,radio";"frame,Shape,size,Type";"frame,shape,size,Type";"none:#62ff43,horizontal,30x20,canvas";"";"";"";"";"";"";"0";"0";"0";"0";"5";"1";"";"0";"0";"";"0000-00-00";"";"";"2";""
"";"";"74";"";"";"color,radio,color,radio";"frame,Shape,size,Type";"frame,shape,size,Type";"natural-wood:#ffd083,horizontal,30x20,canvas";"";"";"";"";"";"";"0";"0";"0";"0";"5";"1";"";"0";"0";"";"0000-00-00";"";"";"2";""
"";"";"74";"";"";"color,radio,color,radio";"frame,Shape,size,Type";"frame,shape,size,Type";"dark-wood:#ce6600,horizontal,30x20,canvas";"";"";"";"";"";"";"0";"0";"0";"0";"5";"1";"";"0";"0";"";"0000-00-00";"";"";"2";""
"";"";"74";"";"";"color,radio,color,radio";"frame,Shape,size,Type";"frame,shape,size,Type";"charcol-black:#3b1200,horizontal,30x20,canvas";"";"";"";"";"";"";"0";"0";"0";"0";"5";"1";"";"0";"0";"";"0000-00-00";"";"";"2";""
"";"";"74";"";"";"color,radio,color,radio";"frame,Shape,size,Type";"frame,shape,size,Type";"charcol-white:#e3fffe,horizontal,30x20,canvas";"";"";"";"";"";"";"0";"0";"0";"0";"5";"1";"";"0";"0";"";"0000-00-00";"";"";"2";""
"";"";"74";"";"";"color,radio,color,radio";"frame,Shape,size,Type";"frame,shape,size,Type";"pine-wood:#a3afff,horizontal,30x20,canvas";"";"";"";"";"";"";"0";"0";"0";"0";"5";"1";"";"0";"0";"";"0000-00-00";"";"";"2";""
"";"";"74";"";"";"color,radio,color,radio";"frame,Shape,size,Type";"frame,shape,size,Type";"none:#62ff43,horizontal,36x24,canvas";"";"";"";"";"";"";"0";"0";"0";"0";"5";"1";"";"0";"0";"";"0000-00-00";"";"";"2";""
"";"";"74";"";"";"color,radio,color,radio";"frame,Shape,size,Type";"frame,shape,size,Type";"natural-wood:#ffd083,horizontal,36x24,canvas";"";"";"";"";"";"";"0";"0";"0";"0";"5";"1";"";"0";"0";"";"0000-00-00";"";"";"2";""
"";"";"74";"";"";"color,radio,color,radio";"frame,Shape,size,Type";"frame,shape,size,Type";"dark-wood:#ce6600,horizontal,36x24,canvas";"";"";"";"";"";"";"0";"0";"0";"0";"5";"1";"";"0";"0";"";"0000-00-00";"";"";"2";""
"";"";"74";"";"";"color,radio,color,radio";"frame,Shape,size,Type";"frame,shape,size,Type";"charcol-black:#3b1200,horizontal,36x24,canvas";"";"";"";"";"";"";"0";"0";"0";"0";"5";"1";"";"0";"0";"";"0000-00-00";"";"";"2";""
"";"";"74";"";"";"color,radio,color,radio";"frame,Shape,size,Type";"frame,shape,size,Type";"charcol-white:#e3fffe,horizontal,36x24,canvas";"";"";"";"";"";"";"0";"0";"0";"0";"5";"1";"";"0";"0";"";"0000-00-00";"";"";"2";""
"";"";"74";"";"";"color,radio,color,radio";"frame,Shape,size,Type";"frame,shape,size,Type";"pine-wood:#a3afff,horizontal,36x24,canvas";"";"";"";"";"";"";"0";"0";"0";"0";"5";"1";"";"0";"0";"";"0000-00-00";"";"";"2";""
"";"";"74";"";"";"color,radio,color,radio";"frame,Shape,size,Type";"frame,shape,size,Type";"none:#62ff43,horizontal,30x45,canvas";"";"";"";"";"";"";"0";"0";"0";"0";"5";"1";"";"0";"0";"";"0000-00-00";"";"";"2";""
"";"";"74";"";"";"color,radio,color,radio";"frame,Shape,size,Type";"frame,shape,size,Type";"natural-wood:#ffd083,horizontal,30x45,canvas";"";"";"";"";"";"";"0";"0";"0";"0";"5";"1";"";"0";"0";"";"0000-00-00";"";"";"2";""
"";"";"74";"";"";"color,radio,color,radio";"frame,Shape,size,Type";"frame,shape,size,Type";"dark-wood:#ce6600,horizontal,30x45,canvas";"";"";"";"";"";"";"0";"0";"0";"0";"5";"1";"";"0";"0";"";"0000-00-00";"";"";"2";""
"";"";"74";"";"";"color,radio,color,radio";"frame,Shape,size,Type";"frame,shape,size,Type";"charcol-black:#3b1200,horizontal,30x45,canvas";"";"";"";"";"";"";"0";"0";"0";"0";"5";"1";"";"0";"0";"";"0000-00-00";"";"";"2";""
"";"";"74";"";"";"color,radio,color,radio";"frame,Shape,size,Type";"frame,shape,size,Type";"charcol-white:#e3fffe,horizontal,30x45,canvas";"";"";"";"";"";"";"0";"0";"0";"0";"5";"1";"";"0";"0";"";"0000-00-00";"";"";"2";""
"";"";"74";"";"";"color,radio,color,radio";"frame,Shape,size,Type";"frame,shape,size,Type";"pine-wood:#a3afff,horizontal,30x45,canvas";"";"";"";"";"";"";"0";"0";"0";"0";"5";"1";"";"0";"0";"";"0000-00-00";"";"";"2";""
"";"";"74";"";"";"color,radio,color,radio";"frame,Shape,size,Type";"frame,shape,size,Type";"none:#62ff43,horizontal,15x10,fine-art-paper";"";"";"";"";"";"";"0";"0";"0";"0";"5";"1";"";"0";"0";"";"0000-00-00";"";"";"2";""
"";"";"74";"";"";"color,radio,color,radio";"frame,Shape,size,Type";"frame,shape,size,Type";"natural-wood:#ffd083,horizontal,15x10,fine-art-paper";"";"";"";"";"";"";"0";"0";"0";"0";"5";"1";"";"0";"0";"";"0000-00-00";"";"";"2";""
"";"";"74";"";"";"color,radio,color,radio";"frame,Shape,size,Type";"frame,shape,size,Type";"dark-wood:#ce6600,horizontal,15x10,fine-art-paper";"";"";"";"";"";"";"0";"0";"0";"0";"5";"1";"";"0";"0";"";"0000-00-00";"";"";"2";""
"";"";"74";"";"";"color,radio,color,radio";"frame,Shape,size,Type";"frame,shape,size,Type";"charcol-black:#3b1200,horizontal,15x10,fine-art-paper";"";"";"";"";"";"";"0";"0";"0";"0";"5";"1";"";"0";"0";"";"0000-00-00";"";"";"2";""
"";"";"74";"";"";"color,radio,color,radio";"frame,Shape,size,Type";"frame,shape,size,Type";"charcol-white:#e3fffe,horizontal,15x10,fine-art-paper";"";"";"";"";"";"";"0";"0";"0";"0";"5";"1";"";"0";"0";"";"0000-00-00";"";"";"2";""
"";"";"74";"";"";"color,radio,color,radio";"frame,Shape,size,Type";"frame,shape,size,Type";"pine-wood:#a3afff,horizontal,15x10,fine-art-paper";"";"";"";"";"";"";"0";"0";"0";"0";"5";"1";"";"0";"0";"";"0000-00-00";"";"";"2";""
"";"";"74";"";"";"color,radio,color,radio";"frame,Shape,size,Type";"frame,shape,size,Type";"none:#62ff43,horizontal,18x12,fine-art-paper";"";"";"";"";"";"";"0";"0";"0";"0";"5";"1";"";"0";"0";"";"0000-00-00";"";"";"2";""
"";"";"74";"";"";"color,radio,color,radio";"frame,Shape,size,Type";"frame,shape,size,Type";"natural-wood:#ffd083,horizontal,18x12,fine-art-paper";"";"";"";"";"";"";"0";"0";"0";"0";"5";"1";"";"0";"0";"";"0000-00-00";"";"";"2";""
"";"";"74";"";"";"color,radio,color,radio";"frame,Shape,size,Type";"frame,shape,size,Type";"dark-wood:#ce6600,horizontal,18x12,fine-art-paper";"";"";"";"";"";"";"0";"0";"0";"0";"5";"1";"";"0";"0";"";"0000-00-00";"";"";"2";""
"";"";"74";"";"";"color,radio,color,radio";"frame,Shape,size,Type";"frame,shape,size,Type";"charcol-black:#3b1200,horizontal,18x12,fine-art-paper";"";"";"";"";"";"";"0";"0";"0";"0";"5";"1";"";"0";"0";"";"0000-00-00";"";"";"2";""
"";"";"74";"";"";"color,radio,color,radio";"frame,Shape,size,Type";"frame,shape,size,Type";"charcol-white:#e3fffe,horizontal,18x12,fine-art-paper";"";"";"";"";"";"";"0";"0";"0";"0";"5";"1";"";"0";"0";"";"0000-00-00";"";"";"2";""
"";"";"74";"";"";"color,radio,color,radio";"frame,Shape,size,Type";"frame,shape,size,Type";"pine-wood:#a3afff,horizontal,18x12,fine-art-paper";"";"";"";"";"";"";"0";"0";"0";"0";"5";"1";"";"0";"0";"";"0000-00-00";"";"";"2";""
"";"";"74";"";"";"color,radio,color,radio";"frame,Shape,size,Type";"frame,shape,size,Type";"none:#62ff43,horizontal,24x16,fine-art-paper";"";"";"";"";"";"";"0";"0";"0";"0";"5";"1";"";"0";"0";"";"0000-00-00";"";"";"2";""
"";"";"74";"";"";"color,radio,color,radio";"frame,Shape,size,Type";"frame,shape,size,Type";"natural-wood:#ffd083,horizontal,24x16,fine-art-paper";"";"";"";"";"";"";"0";"0";"0";"0";"5";"1";"";"0";"0";"";"0000-00-00";"";"";"2";""
"";"";"74";"";"";"color,radio,color,radio";"frame,Shape,size,Type";"frame,shape,size,Type";"dark-wood:#ce6600,horizontal,24x16,fine-art-paper";"";"";"";"";"";"";"0";"0";"0";"0";"5";"1";"";"0";"0";"";"0000-00-00";"";"";"2";""
"";"";"74";"";"";"color,radio,color,radio";"frame,Shape,size,Type";"frame,shape,size,Type";"charcol-black:#3b1200,horizontal,24x16,fine-art-paper";"";"";"";"";"";"";"0";"0";"0";"0";"5";"1";"";"0";"0";"";"0000-00-00";"";"";"2";""
"";"";"74";"";"";"color,radio,color,radio";"frame,Shape,size,Type";"frame,shape,size,Type";"charcol-white:#e3fffe,horizontal,24x16,fine-art-paper";"";"";"";"";"";"";"0";"0";"0";"0";"5";"1";"";"0";"0";"";"0000-00-00";"";"";"2";""
"";"";"74";"";"";"color,radio,color,radio";"frame,Shape,size,Type";"frame,shape,size,Type";"pine-wood:#a3afff,horizontal,24x16,fine-art-paper";"";"";"";"";"";"";"0";"0";"0";"0";"5";"1";"";"0";"0";"";"0000-00-00";"";"";"2";""
"";"";"74";"";"";"color,radio,color,radio";"frame,Shape,size,Type";"frame,shape,size,Type";"none:#62ff43,horizontal,30x20,fine-art-paper";"";"";"";"";"";"";"0";"0";"0";"0";"5";"1";"";"0";"0";"";"0000-00-00";"";"";"2";""
"";"";"74";"";"";"color,radio,color,radio";"frame,Shape,size,Type";"frame,shape,size,Type";"natural-wood:#ffd083,horizontal,30x20,fine-art-paper";"";"";"";"";"";"";"0";"0";"0";"0";"5";"1";"";"0";"0";"";"0000-00-00";"";"";"2";""
"";"";"74";"";"";"color,radio,color,radio";"frame,Shape,size,Type";"frame,shape,size,Type";"dark-wood:#ce6600,horizontal,30x20,fine-art-paper";"";"";"";"";"";"";"0";"0";"0";"0";"5";"1";"";"0";"0";"";"0000-00-00";"";"";"2";""
"";"";"74";"";"";"color,radio,color,radio";"frame,Shape,size,Type";"frame,shape,size,Type";"charcol-black:#3b1200,horizontal,30x20,fine-art-paper";"";"";"";"";"";"";"0";"0";"0";"0";"5";"1";"";"0";"0";"";"0000-00-00";"";"";"2";""
"";"";"74";"";"";"color,radio,color,radio";"frame,Shape,size,Type";"frame,shape,size,Type";"charcol-white:#e3fffe,horizontal,30x20,fine-art-paper";"";"";"";"";"";"";"0";"0";"0";"0";"5";"1";"";"0";"0";"";"0000-00-00";"";"";"2";""
"";"";"74";"";"";"color,radio,color,radio";"frame,Shape,size,Type";"frame,shape,size,Type";"pine-wood:#a3afff,horizontal,30x20,fine-art-paper";"";"";"";"";"";"";"0";"0";"0";"0";"5";"1";"";"0";"0";"";"0000-00-00";"";"";"2";""
"";"";"74";"";"";"color,radio,color,radio";"frame,Shape,size,Type";"frame,shape,size,Type";"none:#62ff43,horizontal,36x24,fine-art-paper";"";"";"";"";"";"";"0";"0";"0";"0";"5";"1";"";"0";"0";"";"0000-00-00";"";"";"2";""
"";"";"74";"";"";"color,radio,color,radio";"frame,Shape,size,Type";"frame,shape,size,Type";"natural-wood:#ffd083,horizontal,36x24,fine-art-paper";"";"";"";"";"";"";"0";"0";"0";"0";"5";"1";"";"0";"0";"";"0000-00-00";"";"";"2";""
"";"";"74";"";"";"color,radio,color,radio";"frame,Shape,size,Type";"frame,shape,size,Type";"dark-wood:#ce6600,horizontal,36x24,fine-art-paper";"";"";"";"";"";"";"0";"0";"0";"0";"5";"1";"";"0";"0";"";"0000-00-00";"";"";"2";""
"";"";"74";"";"";"color,radio,color,radio";"frame,Shape,size,Type";"frame,shape,size,Type";"charcol-black:#3b1200,horizontal,36x24,fine-art-paper";"";"";"";"";"";"";"0";"0";"0";"0";"5";"1";"";"0";"0";"";"0000-00-00";"";"";"2";""
"";"";"74";"";"";"color,radio,color,radio";"frame,Shape,size,Type";"frame,shape,size,Type";"charcol-white:#e3fffe,horizontal,36x24,fine-art-paper";"";"";"";"";"";"";"0";"0";"0";"0";"5";"1";"";"0";"0";"";"0000-00-00";"";"";"2";""
"";"";"74";"";"";"color,radio,color,radio";"frame,Shape,size,Type";"frame,shape,size,Type";"pine-wood:#a3afff,horizontal,36x24,fine-art-paper";"";"";"";"";"";"";"0";"0";"0";"0";"5";"1";"";"0";"0";"";"0000-00-00";"";"";"2";""
"";"";"74";"";"";"color,radio,color,radio";"frame,Shape,size,Type";"frame,shape,size,Type";"none:#62ff43,horizontal,30x45,fine-art-paper";"";"";"";"";"";"";"0";"0";"0";"0";"5";"1";"";"0";"0";"";"0000-00-00";"";"";"2";""
"";"";"74";"";"";"color,radio,color,radio";"frame,Shape,size,Type";"frame,shape,size,Type";"natural-wood:#ffd083,horizontal,30x45,fine-art-paper";"";"";"";"";"";"";"0";"0";"0";"0";"5";"1";"";"0";"0";"";"0000-00-00";"";"";"2";""
"";"";"74";"";"";"color,radio,color,radio";"frame,Shape,size,Type";"frame,shape,size,Type";"dark-wood:#ce6600,horizontal,30x45,fine-art-paper";"";"";"";"";"";"";"0";"0";"0";"0";"5";"1";"";"0";"0";"";"0000-00-00";"";"";"2";""
"";"";"74";"";"";"color,radio,color,radio";"frame,Shape,size,Type";"frame,shape,size,Type";"charcol-black:#3b1200,horizontal,30x45,fine-art-paper";"";"";"";"";"";"";"0";"0";"0";"0";"5";"1";"";"0";"0";"";"0000-00-00";"";"";"2";""
"";"";"74";"";"";"color,radio,color,radio";"frame,Shape,size,Type";"frame,shape,size,Type";"charcol-white:#e3fffe,horizontal,30x45,fine-art-paper";"";"";"";"";"";"";"0";"0";"0";"0";"5";"1";"";"0";"0";"";"0000-00-00";"";"";"2";""
"";"";"74";"";"";"color,radio,color,radio";"frame,Shape,size,Type";"frame,shape,size,Type";"pine-wood:#a3afff,horizontal,30x45,fine-art-paper";"";"";"";"";"";"";"0";"0";"0";"0";"5";"1";"";"0";"0";"";"0000-00-00";"";"";"2";""
"";"";"77";"";"";"color,radio,color,radio";"frame,Shape,size,Type";"frame,shape,size,Type";"none:#62ff43,horizontal,15x10,canvas";"";"";"";"";"";"";"0";"0";"0";"0";"5";"1";"";"0";"0";"1";"0000-00-00";"";"";"2";""
"";"";"77";"";"";"color,radio,color,radio";"frame,Shape,size,Type";"frame,shape,size,Type";"natural-wood:#ffd083,horizontal,15x10,canvas";"";"";"";"";"";"";"0";"0";"0";"0";"5";"1";"";"0";"0";"";"0000-00-00";"";"";"2";""
"";"";"77";"";"";"color,radio,color,radio";"frame,Shape,size,Type";"frame,shape,size,Type";"dark-wood:#ce6600,horizontal,15x10,canvas";"";"";"";"";"";"";"0";"0";"0";"0";"5";"1";"";"0";"0";"";"0000-00-00";"";"";"2";""
"";"";"77";"";"";"color,radio,color,radio";"frame,Shape,size,Type";"frame,shape,size,Type";"charcol-black:#3b1200,horizontal,15x10,canvas";"";"";"";"";"";"";"0";"0";"0";"0";"5";"1";"";"0";"0";"";"0000-00-00";"";"";"2";""
"";"";"77";"";"";"color,radio,color,radio";"frame,Shape,size,Type";"frame,shape,size,Type";"charcol-white:#e3fffe,horizontal,15x10,canvas";"";"";"";"";"";"";"0";"0";"0";"0";"5";"1";"";"0";"0";"";"0000-00-00";"";"";"2";""
"";"";"77";"";"";"color,radio,color,radio";"frame,Shape,size,Type";"frame,shape,size,Type";"pine-wood:#a3afff,horizontal,15x10,canvas";"";"";"";"";"";"";"0";"0";"0";"0";"5";"1";"";"0";"0";"";"0000-00-00";"";"";"2";""
"";"";"77";"";"";"color,radio,color,radio";"frame,Shape,size,Type";"frame,shape,size,Type";"none:#62ff43,horizontal,18x12,canvas";"";"";"";"";"";"";"0";"0";"0";"0";"5";"1";"";"0";"0";"";"0000-00-00";"";"";"2";""
"";"";"77";"";"";"color,radio,color,radio";"frame,Shape,size,Type";"frame,shape,size,Type";"natural-wood:#ffd083,horizontal,18x12,canvas";"";"";"";"";"";"";"0";"0";"0";"0";"5";"1";"";"0";"0";"";"0000-00-00";"";"";"2";""
"";"";"77";"";"";"color,radio,color,radio";"frame,Shape,size,Type";"frame,shape,size,Type";"dark-wood:#ce6600,horizontal,18x12,canvas";"";"";"";"";"";"";"0";"0";"0";"0";"5";"1";"";"0";"0";"";"0000-00-00";"";"";"2";""
"";"";"77";"";"";"color,radio,color,radio";"frame,Shape,size,Type";"frame,shape,size,Type";"charcol-black:#3b1200,horizontal,18x12,canvas";"";"";"";"";"";"";"0";"0";"0";"0";"5";"1";"";"0";"0";"";"0000-00-00";"";"";"2";""
"";"";"77";"";"";"color,radio,color,radio";"frame,Shape,size,Type";"frame,shape,size,Type";"charcol-white:#e3fffe,horizontal,18x12,canvas";"";"";"";"";"";"";"0";"0";"0";"0";"5";"1";"";"0";"0";"";"0000-00-00";"";"";"2";""
"";"";"77";"";"";"color,radio,color,radio";"frame,Shape,size,Type";"frame,shape,size,Type";"pine-wood:#a3afff,horizontal,18x12,canvas";"";"";"";"";"";"";"0";"0";"0";"0";"5";"1";"";"0";"0";"";"0000-00-00";"";"";"2";""
"";"";"77";"";"";"color,radio,color,radio";"frame,Shape,size,Type";"frame,shape,size,Type";"none:#62ff43,horizontal,24x16,canvas";"";"";"";"";"";"";"0";"0";"0";"0";"5";"1";"";"0";"0";"";"0000-00-00";"";"";"2";""
"";"";"77";"";"";"color,radio,color,radio";"frame,Shape,size,Type";"frame,shape,size,Type";"natural-wood:#ffd083,horizontal,24x16,canvas";"";"";"";"";"";"";"0";"0";"0";"0";"5";"1";"";"0";"0";"";"0000-00-00";"";"";"2";""
"";"";"77";"";"";"color,radio,color,radio";"frame,Shape,size,Type";"frame,shape,size,Type";"dark-wood:#ce6600,horizontal,24x16,canvas";"";"";"";"";"";"";"0";"0";"0";"0";"5";"1";"";"0";"0";"";"0000-00-00";"";"";"2";""
"";"";"77";"";"";"color,radio,color,radio";"frame,Shape,size,Type";"frame,shape,size,Type";"charcol-black:#3b1200,horizontal,24x16,canvas";"";"";"";"";"";"";"0";"0";"0";"0";"5";"1";"";"0";"0";"";"0000-00-00";"";"";"2";""
"";"";"77";"";"";"color,radio,color,radio";"frame,Shape,size,Type";"frame,shape,size,Type";"charcol-white:#e3fffe,horizontal,24x16,canvas";"";"";"";"";"";"";"0";"0";"0";"0";"5";"1";"";"0";"0";"";"0000-00-00";"";"";"2";""
"";"";"77";"";"";"color,radio,color,radio";"frame,Shape,size,Type";"frame,shape,size,Type";"pine-wood:#a3afff,horizontal,24x16,canvas";"";"";"";"";"";"";"0";"0";"0";"0";"5";"1";"";"0";"0";"";"0000-00-00";"";"";"2";""
"";"";"77";"";"";"color,radio,color,radio";"frame,Shape,size,Type";"frame,shape,size,Type";"none:#62ff43,horizontal,30x20,canvas";"";"";"";"";"";"";"0";"0";"0";"0";"5";"1";"";"0";"0";"";"0000-00-00";"";"";"2";""
"";"";"77";"";"";"color,radio,color,radio";"frame,Shape,size,Type";"frame,shape,size,Type";"natural-wood:#ffd083,horizontal,30x20,canvas";"";"";"";"";"";"";"0";"0";"0";"0";"5";"1";"";"0";"0";"";"0000-00-00";"";"";"2";""
"";"";"77";"";"";"color,radio,color,radio";"frame,Shape,size,Type";"frame,shape,size,Type";"dark-wood:#ce6600,horizontal,30x20,canvas";"";"";"";"";"";"";"0";"0";"0";"0";"5";"1";"";"0";"0";"";"0000-00-00";"";"";"2";""
"";"";"77";"";"";"color,radio,color,radio";"frame,Shape,size,Type";"frame,shape,size,Type";"charcol-black:#3b1200,horizontal,30x20,canvas";"";"";"";"";"";"";"0";"0";"0";"0";"5";"1";"";"0";"0";"";"0000-00-00";"";"";"2";""
"";"";"77";"";"";"color,radio,color,radio";"frame,Shape,size,Type";"frame,shape,size,Type";"charcol-white:#e3fffe,horizontal,30x20,canvas";"";"";"";"";"";"";"0";"0";"0";"0";"5";"1";"";"0";"0";"";"0000-00-00";"";"";"2";""
"";"";"77";"";"";"color,radio,color,radio";"frame,Shape,size,Type";"frame,shape,size,Type";"pine-wood:#a3afff,horizontal,30x20,canvas";"";"";"";"";"";"";"0";"0";"0";"0";"5";"1";"";"0";"0";"";"0000-00-00";"";"";"2";""
"";"";"77";"";"";"color,radio,color,radio";"frame,Shape,size,Type";"frame,shape,size,Type";"none:#62ff43,horizontal,36x24,canvas";"";"";"";"";"";"";"0";"0";"0";"0";"5";"1";"";"0";"0";"";"0000-00-00";"";"";"2";""
"";"";"77";"";"";"color,radio,color,radio";"frame,Shape,size,Type";"frame,shape,size,Type";"natural-wood:#ffd083,horizontal,36x24,canvas";"";"";"";"";"";"";"0";"0";"0";"0";"5";"1";"";"0";"0";"";"0000-00-00";"";"";"2";""
"";"";"77";"";"";"color,radio,color,radio";"frame,Shape,size,Type";"frame,shape,size,Type";"dark-wood:#ce6600,horizontal,36x24,canvas";"";"";"";"";"";"";"0";"0";"0";"0";"5";"1";"";"0";"0";"";"0000-00-00";"";"";"2";""
"";"";"77";"";"";"color,radio,color,radio";"frame,Shape,size,Type";"frame,shape,size,Type";"charcol-black:#3b1200,horizontal,36x24,canvas";"";"";"";"";"";"";"0";"0";"0";"0";"5";"1";"";"0";"0";"";"0000-00-00";"";"";"2";""
"";"";"77";"";"";"color,radio,color,radio";"frame,Shape,size,Type";"frame,shape,size,Type";"charcol-white:#e3fffe,horizontal,36x24,canvas";"";"";"";"";"";"";"0";"0";"0";"0";"5";"1";"";"0";"0";"";"0000-00-00";"";"";"2";""
"";"";"77";"";"";"color,radio,color,radio";"frame,Shape,size,Type";"frame,shape,size,Type";"pine-wood:#a3afff,horizontal,36x24,canvas";"";"";"";"";"";"";"0";"0";"0";"0";"5";"1";"";"0";"0";"";"0000-00-00";"";"";"2";""
"";"";"77";"";"";"color,radio,color,radio";"frame,Shape,size,Type";"frame,shape,size,Type";"none:#62ff43,horizontal,30x45,canvas";"";"";"";"";"";"";"0";"0";"0";"0";"5";"1";"";"0";"0";"";"0000-00-00";"";"";"2";""
"";"";"77";"";"";"color,radio,color,radio";"frame,Shape,size,Type";"frame,shape,size,Type";"natural-wood:#ffd083,horizontal,30x45,canvas";"";"";"";"";"";"";"0";"0";"0";"0";"5";"1";"";"0";"0";"";"0000-00-00";"";"";"2";""
"";"";"77";"";"";"color,radio,color,radio";"frame,Shape,size,Type";"frame,shape,size,Type";"dark-wood:#ce6600,horizontal,30x45,canvas";"";"";"";"";"";"";"0";"0";"0";"0";"5";"1";"";"0";"0";"";"0000-00-00";"";"";"2";""
"";"";"77";"";"";"color,radio,color,radio";"frame,Shape,size,Type";"frame,shape,size,Type";"charcol-black:#3b1200,horizontal,30x45,canvas";"";"";"";"";"";"";"0";"0";"0";"0";"5";"1";"";"0";"0";"";"0000-00-00";"";"";"2";""
"";"";"77";"";"";"color,radio,color,radio";"frame,Shape,size,Type";"frame,shape,size,Type";"charcol-white:#e3fffe,horizontal,30x45,canvas";"";"";"";"";"";"";"0";"0";"0";"0";"5";"1";"";"0";"0";"";"0000-00-00";"";"";"2";""
"";"";"77";"";"";"color,radio,color,radio";"frame,Shape,size,Type";"frame,shape,size,Type";"pine-wood:#a3afff,horizontal,30x45,canvas";"";"";"";"";"";"";"0";"0";"0";"0";"5";"1";"";"0";"0";"";"0000-00-00";"";"";"2";""
"";"";"77";"";"";"color,radio,color,radio";"frame,Shape,size,Type";"frame,shape,size,Type";"none:#62ff43,horizontal,15x10,fine-art-paper";"";"";"";"";"";"";"0";"0";"0";"0";"5";"1";"";"0";"0";"";"0000-00-00";"";"";"2";""
"";"";"77";"";"";"color,radio,color,radio";"frame,Shape,size,Type";"frame,shape,size,Type";"natural-wood:#ffd083,horizontal,15x10,fine-art-paper";"";"";"";"";"";"";"0";"0";"0";"0";"5";"1";"";"0";"0";"";"0000-00-00";"";"";"2";""
"";"";"77";"";"";"color,radio,color,radio";"frame,Shape,size,Type";"frame,shape,size,Type";"dark-wood:#ce6600,horizontal,15x10,fine-art-paper";"";"";"";"";"";"";"0";"0";"0";"0";"5";"1";"";"0";"0";"";"0000-00-00";"";"";"2";""
"";"";"77";"";"";"color,radio,color,radio";"frame,Shape,size,Type";"frame,shape,size,Type";"charcol-black:#3b1200,horizontal,15x10,fine-art-paper";"";"";"";"";"";"";"0";"0";"0";"0";"5";"1";"";"0";"0";"";"0000-00-00";"";"";"2";""
"";"";"77";"";"";"color,radio,color,radio";"frame,Shape,size,Type";"frame,shape,size,Type";"charcol-white:#e3fffe,horizontal,15x10,fine-art-paper";"";"";"";"";"";"";"0";"0";"0";"0";"5";"1";"";"0";"0";"";"0000-00-00";"";"";"2";""
"";"";"77";"";"";"color,radio,color,radio";"frame,Shape,size,Type";"frame,shape,size,Type";"pine-wood:#a3afff,horizontal,15x10,fine-art-paper";"";"";"";"";"";"";"0";"0";"0";"0";"5";"1";"";"0";"0";"";"0000-00-00";"";"";"2";""
"";"";"77";"";"";"color,radio,color,radio";"frame,Shape,size,Type";"frame,shape,size,Type";"none:#62ff43,horizontal,18x12,fine-art-paper";"";"";"";"";"";"";"0";"0";"0";"0";"5";"1";"";"0";"0";"";"0000-00-00";"";"";"2";""
"";"";"77";"";"";"color,radio,color,radio";"frame,Shape,size,Type";"frame,shape,size,Type";"natural-wood:#ffd083,horizontal,18x12,fine-art-paper";"";"";"";"";"";"";"0";"0";"0";"0";"5";"1";"";"0";"0";"";"0000-00-00";"";"";"2";""
"";"";"77";"";"";"color,radio,color,radio";"frame,Shape,size,Type";"frame,shape,size,Type";"dark-wood:#ce6600,horizontal,18x12,fine-art-paper";"";"";"";"";"";"";"0";"0";"0";"0";"5";"1";"";"0";"0";"";"0000-00-00";"";"";"2";""
"";"";"77";"";"";"color,radio,color,radio";"frame,Shape,size,Type";"frame,shape,size,Type";"charcol-black:#3b1200,horizontal,18x12,fine-art-paper";"";"";"";"";"";"";"0";"0";"0";"0";"5";"1";"";"0";"0";"";"0000-00-00";"";"";"2";""
"";"";"77";"";"";"color,radio,color,radio";"frame,Shape,size,Type";"frame,shape,size,Type";"charcol-white:#e3fffe,horizontal,18x12,fine-art-paper";"";"";"";"";"";"";"0";"0";"0";"0";"5";"1";"";"0";"0";"";"0000-00-00";"";"";"2";""
"";"";"77";"";"";"color,radio,color,radio";"frame,Shape,size,Type";"frame,shape,size,Type";"pine-wood:#a3afff,horizontal,18x12,fine-art-paper";"";"";"";"";"";"";"0";"0";"0";"0";"5";"1";"";"0";"0";"";"0000-00-00";"";"";"2";""
"";"";"77";"";"";"color,radio,color,radio";"frame,Shape,size,Type";"frame,shape,size,Type";"none:#62ff43,horizontal,24x16,fine-art-paper";"";"";"";"";"";"";"0";"0";"0";"0";"5";"1";"";"0";"0";"";"0000-00-00";"";"";"2";""
"";"";"77";"";"";"color,radio,color,radio";"frame,Shape,size,Type";"frame,shape,size,Type";"natural-wood:#ffd083,horizontal,24x16,fine-art-paper";"";"";"";"";"";"";"0";"0";"0";"0";"5";"1";"";"0";"0";"";"0000-00-00";"";"";"2";""
"";"";"77";"";"";"color,radio,color,radio";"frame,Shape,size,Type";"frame,shape,size,Type";"dark-wood:#ce6600,horizontal,24x16,fine-art-paper";"";"";"";"";"";"";"0";"0";"0";"0";"5";"1";"";"0";"0";"";"0000-00-00";"";"";"2";""
"";"";"77";"";"";"color,radio,color,radio";"frame,Shape,size,Type";"frame,shape,size,Type";"charcol-black:#3b1200,horizontal,24x16,fine-art-paper";"";"";"";"";"";"";"0";"0";"0";"0";"5";"1";"";"0";"0";"";"0000-00-00";"";"";"2";""
"";"";"77";"";"";"color,radio,color,radio";"frame,Shape,size,Type";"frame,shape,size,Type";"charcol-white:#e3fffe,horizontal,24x16,fine-art-paper";"";"";"";"";"";"";"0";"0";"0";"0";"5";"1";"";"0";"0";"";"0000-00-00";"";"";"2";""
"";"";"77";"";"";"color,radio,color,radio";"frame,Shape,size,Type";"frame,shape,size,Type";"pine-wood:#a3afff,horizontal,24x16,fine-art-paper";"";"";"";"";"";"";"0";"0";"0";"0";"5";"1";"";"0";"0";"";"0000-00-00";"";"";"2";""
"";"";"77";"";"";"color,radio,color,radio";"frame,Shape,size,Type";"frame,shape,size,Type";"none:#62ff43,horizontal,30x20,fine-art-paper";"";"";"";"";"";"";"0";"0";"0";"0";"5";"1";"";"0";"0";"";"0000-00-00";"";"";"2";""
"";"";"77";"";"";"color,radio,color,radio";"frame,Shape,size,Type";"frame,shape,size,Type";"natural-wood:#ffd083,horizontal,30x20,fine-art-paper";"";"";"";"";"";"";"0";"0";"0";"0";"5";"1";"";"0";"0";"";"0000-00-00";"";"";"2";""
"";"";"77";"";"";"color,radio,color,radio";"frame,Shape,size,Type";"frame,shape,size,Type";"dark-wood:#ce6600,horizontal,30x20,fine-art-paper";"";"";"";"";"";"";"0";"0";"0";"0";"5";"1";"";"0";"0";"";"0000-00-00";"";"";"2";""
"";"";"77";"";"";"color,radio,color,radio";"frame,Shape,size,Type";"frame,shape,size,Type";"charcol-black:#3b1200,horizontal,30x20,fine-art-paper";"";"";"";"";"";"";"0";"0";"0";"0";"5";"1";"";"0";"0";"";"0000-00-00";"";"";"2";""
"";"";"77";"";"";"color,radio,color,radio";"frame,Shape,size,Type";"frame,shape,size,Type";"charcol-white:#e3fffe,horizontal,30x20,fine-art-paper";"";"";"";"";"";"";"0";"0";"0";"0";"5";"1";"";"0";"0";"";"0000-00-00";"";"";"2";""
"";"";"77";"";"";"color,radio,color,radio";"frame,Shape,size,Type";"frame,shape,size,Type";"pine-wood:#a3afff,horizontal,30x20,fine-art-paper";"";"";"";"";"";"";"0";"0";"0";"0";"5";"1";"";"0";"0";"";"0000-00-00";"";"";"2";""
"";"";"77";"";"";"color,radio,color,radio";"frame,Shape,size,Type";"frame,shape,size,Type";"none:#62ff43,horizontal,36x24,fine-art-paper";"";"";"";"";"";"";"0";"0";"0";"0";"5";"1";"";"0";"0";"";"0000-00-00";"";"";"2";""
"";"";"77";"";"";"color,radio,color,radio";"frame,Shape,size,Type";"frame,shape,size,Type";"natural-wood:#ffd083,horizontal,36x24,fine-art-paper";"";"";"";"";"";"";"0";"0";"0";"0";"5";"1";"";"0";"0";"";"0000-00-00";"";"";"2";""
"";"";"77";"";"";"color,radio,color,radio";"frame,Shape,size,Type";"frame,shape,size,Type";"dark-wood:#ce6600,horizontal,36x24,fine-art-paper";"";"";"";"";"";"";"0";"0";"0";"0";"5";"1";"";"0";"0";"";"0000-00-00";"";"";"2";""
"";"";"77";"";"";"color,radio,color,radio";"frame,Shape,size,Type";"frame,shape,size,Type";"charcol-black:#3b1200,horizontal,36x24,fine-art-paper";"";"";"";"";"";"";"0";"0";"0";"0";"5";"1";"";"0";"0";"";"0000-00-00";"";"";"2";""
"";"";"77";"";"";"color,radio,color,radio";"frame,Shape,size,Type";"frame,shape,size,Type";"charcol-white:#e3fffe,horizontal,36x24,fine-art-paper";"";"";"";"";"";"";"0";"0";"0";"0";"5";"1";"";"0";"0";"";"0000-00-00";"";"";"2";""
"";"";"77";"";"";"color,radio,color,radio";"frame,Shape,size,Type";"frame,shape,size,Type";"pine-wood:#a3afff,horizontal,36x24,fine-art-paper";"";"";"";"";"";"";"0";"0";"0";"0";"5";"1";"";"0";"0";"";"0000-00-00";"";"";"2";""
"";"";"77";"";"";"color,radio,color,radio";"frame,Shape,size,Type";"frame,shape,size,Type";"none:#62ff43,horizontal,30x45,fine-art-paper";"";"";"";"";"";"";"0";"0";"0";"0";"5";"1";"";"0";"0";"";"0000-00-00";"";"";"2";""
"";"";"77";"";"";"color,radio,color,radio";"frame,Shape,size,Type";"frame,shape,size,Type";"natural-wood:#ffd083,horizontal,30x45,fine-art-paper";"";"";"";"";"";"";"0";"0";"0";"0";"5";"1";"";"0";"0";"";"0000-00-00";"";"";"2";""
"";"";"77";"";"";"color,radio,color,radio";"frame,Shape,size,Type";"frame,shape,size,Type";"dark-wood:#ce6600,horizontal,30x45,fine-art-paper";"";"";"";"";"";"";"0";"0";"0";"0";"5";"1";"";"0";"0";"";"0000-00-00";"";"";"2";""
"";"";"77";"";"";"color,radio,color,radio";"frame,Shape,size,Type";"frame,shape,size,Type";"charcol-black:#3b1200,horizontal,30x45,fine-art-paper";"";"";"";"";"";"";"0";"0";"0";"0";"5";"1";"";"0";"0";"";"0000-00-00";"";"";"2";""
"";"";"77";"";"";"color,radio,color,radio";"frame,Shape,size,Type";"frame,shape,size,Type";"charcol-white:#e3fffe,horizontal,30x45,fine-art-paper";"";"";"";"";"";"";"0";"0";"0";"0";"5";"1";"";"0";"0";"";"0000-00-00";"";"";"2";""
"";"";"77";"";"";"color,radio,color,radio";"frame,Shape,size,Type";"frame,shape,size,Type";"pine-wood:#a3afff,horizontal,30x45,fine-art-paper";"";"";"";"";"";"";"0";"0";"0";"0";"5";"1";"";"0";"0";"";"0000-00-00";"";"";"2";""
"";"";"80";"";"";"color,radio,color,radio";"frame,Shape,size,Type";"frame,shape,size,Type";"none:#62ff43,horizontal,15x10,canvas";"";"";"";"";"";"";"0";"0";"0";"0";"5";"1";"";"0";"0";"1";"0000-00-00";"";"";"2";""
"";"";"80";"";"";"color,radio,color,radio";"frame,Shape,size,Type";"frame,shape,size,Type";"natural-wood:#ffd083,horizontal,15x10,canvas";"";"";"";"";"";"";"0";"0";"0";"0";"5";"1";"";"0";"0";"";"0000-00-00";"";"";"2";""
"";"";"80";"";"";"color,radio,color,radio";"frame,Shape,size,Type";"frame,shape,size,Type";"dark-wood:#ce6600,horizontal,15x10,canvas";"";"";"";"";"";"";"0";"0";"0";"0";"5";"1";"";"0";"0";"";"0000-00-00";"";"";"2";""
"";"";"80";"";"";"color,radio,color,radio";"frame,Shape,size,Type";"frame,shape,size,Type";"charcol-black:#3b1200,horizontal,15x10,canvas";"";"";"";"";"";"";"0";"0";"0";"0";"5";"1";"";"0";"0";"";"0000-00-00";"";"";"2";""
"";"";"80";"";"";"color,radio,color,radio";"frame,Shape,size,Type";"frame,shape,size,Type";"charcol-white:#e3fffe,horizontal,15x10,canvas";"";"";"";"";"";"";"0";"0";"0";"0";"5";"1";"";"0";"0";"";"0000-00-00";"";"";"2";""
"";"";"80";"";"";"color,radio,color,radio";"frame,Shape,size,Type";"frame,shape,size,Type";"pine-wood:#a3afff,horizontal,15x10,canvas";"";"";"";"";"";"";"0";"0";"0";"0";"5";"1";"";"0";"0";"";"0000-00-00";"";"";"2";""
"";"";"80";"";"";"color,radio,color,radio";"frame,Shape,size,Type";"frame,shape,size,Type";"none:#62ff43,horizontal,18x12,canvas";"";"";"";"";"";"";"0";"0";"0";"0";"5";"1";"";"0";"0";"";"0000-00-00";"";"";"2";""
"";"";"80";"";"";"color,radio,color,radio";"frame,Shape,size,Type";"frame,shape,size,Type";"natural-wood:#ffd083,horizontal,18x12,canvas";"";"";"";"";"";"";"0";"0";"0";"0";"5";"1";"";"0";"0";"";"0000-00-00";"";"";"2";""
"";"";"80";"";"";"color,radio,color,radio";"frame,Shape,size,Type";"frame,shape,size,Type";"dark-wood:#ce6600,horizontal,18x12,canvas";"";"";"";"";"";"";"0";"0";"0";"0";"5";"1";"";"0";"0";"";"0000-00-00";"";"";"2";""
"";"";"80";"";"";"color,radio,color,radio";"frame,Shape,size,Type";"frame,shape,size,Type";"charcol-black:#3b1200,horizontal,18x12,canvas";"";"";"";"";"";"";"0";"0";"0";"0";"5";"1";"";"0";"0";"";"0000-00-00";"";"";"2";""
"";"";"80";"";"";"color,radio,color,radio";"frame,Shape,size,Type";"frame,shape,size,Type";"charcol-white:#e3fffe,horizontal,18x12,canvas";"";"";"";"";"";"";"0";"0";"0";"0";"5";"1";"";"0";"0";"";"0000-00-00";"";"";"2";""
"";"";"80";"";"";"color,radio,color,radio";"frame,Shape,size,Type";"frame,shape,size,Type";"pine-wood:#a3afff,horizontal,18x12,canvas";"";"";"";"";"";"";"0";"0";"0";"0";"5";"1";"";"0";"0";"";"0000-00-00";"";"";"2";""
"";"";"80";"";"";"color,radio,color,radio";"frame,Shape,size,Type";"frame,shape,size,Type";"none:#62ff43,horizontal,24x16,canvas";"";"";"";"";"";"";"0";"0";"0";"0";"5";"1";"";"0";"0";"";"0000-00-00";"";"";"2";""
"";"";"80";"";"";"color,radio,color,radio";"frame,Shape,size,Type";"frame,shape,size,Type";"natural-wood:#ffd083,horizontal,24x16,canvas";"";"";"";"";"";"";"0";"0";"0";"0";"5";"1";"";"0";"0";"";"0000-00-00";"";"";"2";""
"";"";"80";"";"";"color,radio,color,radio";"frame,Shape,size,Type";"frame,shape,size,Type";"dark-wood:#ce6600,horizontal,24x16,canvas";"";"";"";"";"";"";"0";"0";"0";"0";"5";"1";"";"0";"0";"";"0000-00-00";"";"";"2";""
"";"";"80";"";"";"color,radio,color,radio";"frame,Shape,size,Type";"frame,shape,size,Type";"charcol-black:#3b1200,horizontal,24x16,canvas";"";"";"";"";"";"";"0";"0";"0";"0";"5";"1";"";"0";"0";"";"0000-00-00";"";"";"2";""
"";"";"80";"";"";"color,radio,color,radio";"frame,Shape,size,Type";"frame,shape,size,Type";"charcol-white:#e3fffe,horizontal,24x16,canvas";"";"";"";"";"";"";"0";"0";"0";"0";"5";"1";"";"0";"0";"";"0000-00-00";"";"";"2";""
"";"";"80";"";"";"color,radio,color,radio";"frame,Shape,size,Type";"frame,shape,size,Type";"pine-wood:#a3afff,horizontal,24x16,canvas";"";"";"";"";"";"";"0";"0";"0";"0";"5";"1";"";"0";"0";"";"0000-00-00";"";"";"2";""
"";"";"80";"";"";"color,radio,color,radio";"frame,Shape,size,Type";"frame,shape,size,Type";"none:#62ff43,horizontal,30x20,canvas";"";"";"";"";"";"";"0";"0";"0";"0";"5";"1";"";"0";"0";"";"0000-00-00";"";"";"2";""
"";"";"80";"";"";"color,radio,color,radio";"frame,Shape,size,Type";"frame,shape,size,Type";"natural-wood:#ffd083,horizontal,30x20,canvas";"";"";"";"";"";"";"0";"0";"0";"0";"5";"1";"";"0";"0";"";"0000-00-00";"";"";"2";""
"";"";"80";"";"";"color,radio,color,radio";"frame,Shape,size,Type";"frame,shape,size,Type";"dark-wood:#ce6600,horizontal,30x20,canvas";"";"";"";"";"";"";"0";"0";"0";"0";"5";"1";"";"0";"0";"";"0000-00-00";"";"";"2";""
"";"";"80";"";"";"color,radio,color,radio";"frame,Shape,size,Type";"frame,shape,size,Type";"charcol-black:#3b1200,horizontal,30x20,canvas";"";"";"";"";"";"";"0";"0";"0";"0";"5";"1";"";"0";"0";"";"0000-00-00";"";"";"2";""
"";"";"80";"";"";"color,radio,color,radio";"frame,Shape,size,Type";"frame,shape,size,Type";"charcol-white:#e3fffe,horizontal,30x20,canvas";"";"";"";"";"";"";"0";"0";"0";"0";"5";"1";"";"0";"0";"";"0000-00-00";"";"";"2";""
"";"";"80";"";"";"color,radio,color,radio";"frame,Shape,size,Type";"frame,shape,size,Type";"pine-wood:#a3afff,horizontal,30x20,canvas";"";"";"";"";"";"";"0";"0";"0";"0";"5";"1";"";"0";"0";"";"0000-00-00";"";"";"2";""
"";"";"80";"";"";"color,radio,color,radio";"frame,Shape,size,Type";"frame,shape,size,Type";"none:#62ff43,horizontal,36x24,canvas";"";"";"";"";"";"";"0";"0";"0";"0";"5";"1";"";"0";"0";"";"0000-00-00";"";"";"2";""
"";"";"80";"";"";"color,radio,color,radio";"frame,Shape,size,Type";"frame,shape,size,Type";"natural-wood:#ffd083,horizontal,36x24,canvas";"";"";"";"";"";"";"0";"0";"0";"0";"5";"1";"";"0";"0";"";"0000-00-00";"";"";"2";""
"";"";"80";"";"";"color,radio,color,radio";"frame,Shape,size,Type";"frame,shape,size,Type";"dark-wood:#ce6600,horizontal,36x24,canvas";"";"";"";"";"";"";"0";"0";"0";"0";"5";"1";"";"0";"0";"";"0000-00-00";"";"";"2";""
"";"";"80";"";"";"color,radio,color,radio";"frame,Shape,size,Type";"frame,shape,size,Type";"charcol-black:#3b1200,horizontal,36x24,canvas";"";"";"";"";"";"";"0";"0";"0";"0";"5";"1";"";"0";"0";"";"0000-00-00";"";"";"2";""
"";"";"80";"";"";"color,radio,color,radio";"frame,Shape,size,Type";"frame,shape,size,Type";"charcol-white:#e3fffe,horizontal,36x24,canvas";"";"";"";"";"";"";"0";"0";"0";"0";"5";"1";"";"0";"0";"";"0000-00-00";"";"";"2";""
"";"";"80";"";"";"color,radio,color,radio";"frame,Shape,size,Type";"frame,shape,size,Type";"pine-wood:#a3afff,horizontal,36x24,canvas";"";"";"";"";"";"";"0";"0";"0";"0";"5";"1";"";"0";"0";"";"0000-00-00";"";"";"2";""
"";"";"80";"";"";"color,radio,color,radio";"frame,Shape,size,Type";"frame,shape,size,Type";"none:#62ff43,horizontal,30x45,canvas";"";"";"";"";"";"";"0";"0";"0";"0";"5";"1";"";"0";"0";"";"0000-00-00";"";"";"2";""
"";"";"80";"";"";"color,radio,color,radio";"frame,Shape,size,Type";"frame,shape,size,Type";"natural-wood:#ffd083,horizontal,30x45,canvas";"";"";"";"";"";"";"0";"0";"0";"0";"5";"1";"";"0";"0";"";"0000-00-00";"";"";"2";""
"";"";"80";"";"";"color,radio,color,radio";"frame,Shape,size,Type";"frame,shape,size,Type";"dark-wood:#ce6600,horizontal,30x45,canvas";"";"";"";"";"";"";"0";"0";"0";"0";"5";"1";"";"0";"0";"";"0000-00-00";"";"";"2";""
"";"";"80";"";"";"color,radio,color,radio";"frame,Shape,size,Type";"frame,shape,size,Type";"charcol-black:#3b1200,horizontal,30x45,canvas";"";"";"";"";"";"";"0";"0";"0";"0";"5";"1";"";"0";"0";"";"0000-00-00";"";"";"2";""
"";"";"80";"";"";"color,radio,color,radio";"frame,Shape,size,Type";"frame,shape,size,Type";"charcol-white:#e3fffe,horizontal,30x45,canvas";"";"";"";"";"";"";"0";"0";"0";"0";"5";"1";"";"0";"0";"";"0000-00-00";"";"";"2";""
"";"";"80";"";"";"color,radio,color,radio";"frame,Shape,size,Type";"frame,shape,size,Type";"pine-wood:#a3afff,horizontal,30x45,canvas";"";"";"";"";"";"";"0";"0";"0";"0";"5";"1";"";"0";"0";"";"0000-00-00";"";"";"2";""
"";"";"80";"";"";"color,radio,color,radio";"frame,Shape,size,Type";"frame,shape,size,Type";"none:#62ff43,horizontal,15x10,fine-art-paper";"";"";"";"";"";"";"0";"0";"0";"0";"5";"1";"";"0";"0";"";"0000-00-00";"";"";"2";""
"";"";"80";"";"";"color,radio,color,radio";"frame,Shape,size,Type";"frame,shape,size,Type";"natural-wood:#ffd083,horizontal,15x10,fine-art-paper";"";"";"";"";"";"";"0";"0";"0";"0";"5";"1";"";"0";"0";"";"0000-00-00";"";"";"2";""
"";"";"80";"";"";"color,radio,color,radio";"frame,Shape,size,Type";"frame,shape,size,Type";"dark-wood:#ce6600,horizontal,15x10,fine-art-paper";"";"";"";"";"";"";"0";"0";"0";"0";"5";"1";"";"0";"0";"";"0000-00-00";"";"";"2";""
"";"";"80";"";"";"color,radio,color,radio";"frame,Shape,size,Type";"frame,shape,size,Type";"charcol-black:#3b1200,horizontal,15x10,fine-art-paper";"";"";"";"";"";"";"0";"0";"0";"0";"5";"1";"";"0";"0";"";"0000-00-00";"";"";"2";""
"";"";"80";"";"";"color,radio,color,radio";"frame,Shape,size,Type";"frame,shape,size,Type";"charcol-white:#e3fffe,horizontal,15x10,fine-art-paper";"";"";"";"";"";"";"0";"0";"0";"0";"5";"1";"";"0";"0";"";"0000-00-00";"";"";"2";""
"";"";"80";"";"";"color,radio,color,radio";"frame,Shape,size,Type";"frame,shape,size,Type";"pine-wood:#a3afff,horizontal,15x10,fine-art-paper";"";"";"";"";"";"";"0";"0";"0";"0";"5";"1";"";"0";"0";"";"0000-00-00";"";"";"2";""
"";"";"80";"";"";"color,radio,color,radio";"frame,Shape,size,Type";"frame,shape,size,Type";"none:#62ff43,horizontal,18x12,fine-art-paper";"";"";"";"";"";"";"0";"0";"0";"0";"5";"1";"";"0";"0";"";"0000-00-00";"";"";"2";""
"";"";"80";"";"";"color,radio,color,radio";"frame,Shape,size,Type";"frame,shape,size,Type";"natural-wood:#ffd083,horizontal,18x12,fine-art-paper";"";"";"";"";"";"";"0";"0";"0";"0";"5";"1";"";"0";"0";"";"0000-00-00";"";"";"2";""
"";"";"80";"";"";"color,radio,color,radio";"frame,Shape,size,Type";"frame,shape,size,Type";"dark-wood:#ce6600,horizontal,18x12,fine-art-paper";"";"";"";"";"";"";"0";"0";"0";"0";"5";"1";"";"0";"0";"";"0000-00-00";"";"";"2";""
"";"";"80";"";"";"color,radio,color,radio";"frame,Shape,size,Type";"frame,shape,size,Type";"charcol-black:#3b1200,horizontal,18x12,fine-art-paper";"";"";"";"";"";"";"0";"0";"0";"0";"5";"1";"";"0";"0";"";"0000-00-00";"";"";"2";""
"";"";"80";"";"";"color,radio,color,radio";"frame,Shape,size,Type";"frame,shape,size,Type";"charcol-white:#e3fffe,horizontal,18x12,fine-art-paper";"";"";"";"";"";"";"0";"0";"0";"0";"5";"1";"";"0";"0";"";"0000-00-00";"";"";"2";""
"";"";"80";"";"";"color,radio,color,radio";"frame,Shape,size,Type";"frame,shape,size,Type";"pine-wood:#a3afff,horizontal,18x12,fine-art-paper";"";"";"";"";"";"";"0";"0";"0";"0";"5";"1";"";"0";"0";"";"0000-00-00";"";"";"2";""
"";"";"80";"";"";"color,radio,color,radio";"frame,Shape,size,Type";"frame,shape,size,Type";"none:#62ff43,horizontal,24x16,fine-art-paper";"";"";"";"";"";"";"0";"0";"0";"0";"5";"1";"";"0";"0";"";"0000-00-00";"";"";"2";""
"";"";"80";"";"";"color,radio,color,radio";"frame,Shape,size,Type";"frame,shape,size,Type";"natural-wood:#ffd083,horizontal,24x16,fine-art-paper";"";"";"";"";"";"";"0";"0";"0";"0";"5";"1";"";"0";"0";"";"0000-00-00";"";"";"2";""
"";"";"80";"";"";"color,radio,color,radio";"frame,Shape,size,Type";"frame,shape,size,Type";"dark-wood:#ce6600,horizontal,24x16,fine-art-paper";"";"";"";"";"";"";"0";"0";"0";"0";"5";"1";"";"0";"0";"";"0000-00-00";"";"";"2";""
"";"";"80";"";"";"color,radio,color,radio";"frame,Shape,size,Type";"frame,shape,size,Type";"charcol-black:#3b1200,horizontal,24x16,fine-art-paper";"";"";"";"";"";"";"0";"0";"0";"0";"5";"1";"";"0";"0";"";"0000-00-00";"";"";"2";""
"";"";"80";"";"";"color,radio,color,radio";"frame,Shape,size,Type";"frame,shape,size,Type";"charcol-white:#e3fffe,horizontal,24x16,fine-art-paper";"";"";"";"";"";"";"0";"0";"0";"0";"5";"1";"";"0";"0";"";"0000-00-00";"";"";"2";""
"";"";"80";"";"";"color,radio,color,radio";"frame,Shape,size,Type";"frame,shape,size,Type";"pine-wood:#a3afff,horizontal,24x16,fine-art-paper";"";"";"";"";"";"";"0";"0";"0";"0";"5";"1";"";"0";"0";"";"0000-00-00";"";"";"2";""
"";"";"80";"";"";"color,radio,color,radio";"frame,Shape,size,Type";"frame,shape,size,Type";"none:#62ff43,horizontal,30x20,fine-art-paper";"";"";"";"";"";"";"0";"0";"0";"0";"5";"1";"";"0";"0";"";"0000-00-00";"";"";"2";""
"";"";"80";"";"";"color,radio,color,radio";"frame,Shape,size,Type";"frame,shape,size,Type";"natural-wood:#ffd083,horizontal,30x20,fine-art-paper";"";"";"";"";"";"";"0";"0";"0";"0";"5";"1";"";"0";"0";"";"0000-00-00";"";"";"2";""
"";"";"80";"";"";"color,radio,color,radio";"frame,Shape,size,Type";"frame,shape,size,Type";"dark-wood:#ce6600,horizontal,30x20,fine-art-paper";"";"";"";"";"";"";"0";"0";"0";"0";"5";"1";"";"0";"0";"";"0000-00-00";"";"";"2";""
"";"";"80";"";"";"color,radio,color,radio";"frame,Shape,size,Type";"frame,shape,size,Type";"charcol-black:#3b1200,horizontal,30x20,fine-art-paper";"";"";"";"";"";"";"0";"0";"0";"0";"5";"1";"";"0";"0";"";"0000-00-00";"";"";"2";""
"";"";"80";"";"";"color,radio,color,radio";"frame,Shape,size,Type";"frame,shape,size,Type";"charcol-white:#e3fffe,horizontal,30x20,fine-art-paper";"";"";"";"";"";"";"0";"0";"0";"0";"5";"1";"";"0";"0";"";"0000-00-00";"";"";"2";""
"";"";"80";"";"";"color,radio,color,radio";"frame,Shape,size,Type";"frame,shape,size,Type";"pine-wood:#a3afff,horizontal,30x20,fine-art-paper";"";"";"";"";"";"";"0";"0";"0";"0";"5";"1";"";"0";"0";"";"0000-00-00";"";"";"2";""
"";"";"80";"";"";"color,radio,color,radio";"frame,Shape,size,Type";"frame,shape,size,Type";"none:#62ff43,horizontal,36x24,fine-art-paper";"";"";"";"";"";"";"0";"0";"0";"0";"5";"1";"";"0";"0";"";"0000-00-00";"";"";"2";""
"";"";"80";"";"";"color,radio,color,radio";"frame,Shape,size,Type";"frame,shape,size,Type";"natural-wood:#ffd083,horizontal,36x24,fine-art-paper";"";"";"";"";"";"";"0";"0";"0";"0";"5";"1";"";"0";"0";"";"0000-00-00";"";"";"2";""
"";"";"80";"";"";"color,radio,color,radio";"frame,Shape,size,Type";"frame,shape,size,Type";"dark-wood:#ce6600,horizontal,36x24,fine-art-paper";"";"";"";"";"";"";"0";"0";"0";"0";"5";"1";"";"0";"0";"";"0000-00-00";"";"";"2";""
"";"";"80";"";"";"color,radio,color,radio";"frame,Shape,size,Type";"frame,shape,size,Type";"charcol-black:#3b1200,horizontal,36x24,fine-art-paper";"";"";"";"";"";"";"0";"0";"0";"0";"5";"1";"";"0";"0";"";"0000-00-00";"";"";"2";""
"";"";"80";"";"";"color,radio,color,radio";"frame,Shape,size,Type";"frame,shape,size,Type";"charcol-white:#e3fffe,horizontal,36x24,fine-art-paper";"";"";"";"";"";"";"0";"0";"0";"0";"5";"1";"";"0";"0";"";"0000-00-00";"";"";"2";""
"";"";"80";"";"";"color,radio,color,radio";"frame,Shape,size,Type";"frame,shape,size,Type";"pine-wood:#a3afff,horizontal,36x24,fine-art-paper";"";"";"";"";"";"";"0";"0";"0";"0";"5";"1";"";"0";"0";"";"0000-00-00";"";"";"2";""
"";"";"80";"";"";"color,radio,color,radio";"frame,Shape,size,Type";"frame,shape,size,Type";"none:#62ff43,horizontal,30x45,fine-art-paper";"";"";"";"";"";"";"0";"0";"0";"0";"5";"1";"";"0";"0";"";"0000-00-00";"";"";"2";""
"";"";"80";"";"";"color,radio,color,radio";"frame,Shape,size,Type";"frame,shape,size,Type";"natural-wood:#ffd083,horizontal,30x45,fine-art-paper";"";"";"";"";"";"";"0";"0";"0";"0";"5";"1";"";"0";"0";"";"0000-00-00";"";"";"2";""
"";"";"80";"";"";"color,radio,color,radio";"frame,Shape,size,Type";"frame,shape,size,Type";"dark-wood:#ce6600,horizontal,30x45,fine-art-paper";"";"";"";"";"";"";"0";"0";"0";"0";"5";"1";"";"0";"0";"";"0000-00-00";"";"";"2";""
"";"";"80";"";"";"color,radio,color,radio";"frame,Shape,size,Type";"frame,shape,size,Type";"charcol-black:#3b1200,horizontal,30x45,fine-art-paper";"";"";"";"";"";"";"0";"0";"0";"0";"5";"1";"";"0";"0";"";"0000-00-00";"";"";"2";""
"";"";"80";"";"";"color,radio,color,radio";"frame,Shape,size,Type";"frame,shape,size,Type";"charcol-white:#e3fffe,horizontal,30x45,fine-art-paper";"";"";"";"";"";"";"0";"0";"0";"0";"5";"1";"";"0";"0";"";"0000-00-00";"";"";"2";""
"";"";"80";"";"";"color,radio,color,radio";"frame,Shape,size,Type";"frame,shape,size,Type";"pine-wood:#a3afff,horizontal,30x45,fine-art-paper";"";"";"";"";"";"";"0";"0";"0";"0";"5";"1";"";"0";"0";"";"0000-00-00";"";"";"2";""
"";"";"83";"";"";"color,radio,color,radio";"frame,Shape,size,Type";"frame,shape,size,Type";"none:#62ff43,horizontal,15x10,canvas";"";"";"";"";"";"";"0";"0";"0";"0";"5";"1";"";"0";"0";"1";"0000-00-00";"";"";"2";""
"";"";"83";"";"";"color,radio,color,radio";"frame,Shape,size,Type";"frame,shape,size,Type";"natural-wood:#ffd083,horizontal,15x10,canvas";"";"";"";"";"";"";"0";"0";"0";"0";"5";"1";"";"0";"0";"";"0000-00-00";"";"";"2";""
"";"";"83";"";"";"color,radio,color,radio";"frame,Shape,size,Type";"frame,shape,size,Type";"dark-wood:#ce6600,horizontal,15x10,canvas";"";"";"";"";"";"";"0";"0";"0";"0";"5";"1";"";"0";"0";"";"0000-00-00";"";"";"2";""
"";"";"83";"";"";"color,radio,color,radio";"frame,Shape,size,Type";"frame,shape,size,Type";"charcol-black:#3b1200,horizontal,15x10,canvas";"";"";"";"";"";"";"0";"0";"0";"0";"5";"1";"";"0";"0";"";"0000-00-00";"";"";"2";""
"";"";"83";"";"";"color,radio,color,radio";"frame,Shape,size,Type";"frame,shape,size,Type";"charcol-white:#e3fffe,horizontal,15x10,canvas";"";"";"";"";"";"";"0";"0";"0";"0";"5";"1";"";"0";"0";"";"0000-00-00";"";"";"2";""
"";"";"83";"";"";"color,radio,color,radio";"frame,Shape,size,Type";"frame,shape,size,Type";"pine-wood:#a3afff,horizontal,15x10,canvas";"";"";"";"";"";"";"0";"0";"0";"0";"5";"1";"";"0";"0";"";"0000-00-00";"";"";"2";""
"";"";"83";"";"";"color,radio,color,radio";"frame,Shape,size,Type";"frame,shape,size,Type";"none:#62ff43,horizontal,18x12,canvas";"";"";"";"";"";"";"0";"0";"0";"0";"5";"1";"";"0";"0";"";"0000-00-00";"";"";"2";""
"";"";"83";"";"";"color,radio,color,radio";"frame,Shape,size,Type";"frame,shape,size,Type";"natural-wood:#ffd083,horizontal,18x12,canvas";"";"";"";"";"";"";"0";"0";"0";"0";"5";"1";"";"0";"0";"";"0000-00-00";"";"";"2";""
"";"";"83";"";"";"color,radio,color,radio";"frame,Shape,size,Type";"frame,shape,size,Type";"dark-wood:#ce6600,horizontal,18x12,canvas";"";"";"";"";"";"";"0";"0";"0";"0";"5";"1";"";"0";"0";"";"0000-00-00";"";"";"2";""
"";"";"83";"";"";"color,radio,color,radio";"frame,Shape,size,Type";"frame,shape,size,Type";"charcol-black:#3b1200,horizontal,18x12,canvas";"";"";"";"";"";"";"0";"0";"0";"0";"5";"1";"";"0";"0";"";"0000-00-00";"";"";"2";""
"";"";"83";"";"";"color,radio,color,radio";"frame,Shape,size,Type";"frame,shape,size,Type";"charcol-white:#e3fffe,horizontal,18x12,canvas";"";"";"";"";"";"";"0";"0";"0";"0";"5";"1";"";"0";"0";"";"0000-00-00";"";"";"2";""
"";"";"83";"";"";"color,radio,color,radio";"frame,Shape,size,Type";"frame,shape,size,Type";"pine-wood:#a3afff,horizontal,18x12,canvas";"";"";"";"";"";"";"0";"0";"0";"0";"5";"1";"";"0";"0";"";"0000-00-00";"";"";"2";""
"";"";"83";"";"";"color,radio,color,radio";"frame,Shape,size,Type";"frame,shape,size,Type";"none:#62ff43,horizontal,24x16,canvas";"";"";"";"";"";"";"0";"0";"0";"0";"5";"1";"";"0";"0";"";"0000-00-00";"";"";"2";""
"";"";"83";"";"";"color,radio,color,radio";"frame,Shape,size,Type";"frame,shape,size,Type";"natural-wood:#ffd083,horizontal,24x16,canvas";"";"";"";"";"";"";"0";"0";"0";"0";"5";"1";"";"0";"0";"";"0000-00-00";"";"";"2";""
"";"";"83";"";"";"color,radio,color,radio";"frame,Shape,size,Type";"frame,shape,size,Type";"dark-wood:#ce6600,horizontal,24x16,canvas";"";"";"";"";"";"";"0";"0";"0";"0";"5";"1";"";"0";"0";"";"0000-00-00";"";"";"2";""
"";"";"83";"";"";"color,radio,color,radio";"frame,Shape,size,Type";"frame,shape,size,Type";"charcol-black:#3b1200,horizontal,24x16,canvas";"";"";"";"";"";"";"0";"0";"0";"0";"5";"1";"";"0";"0";"";"0000-00-00";"";"";"2";""
"";"";"83";"";"";"color,radio,color,radio";"frame,Shape,size,Type";"frame,shape,size,Type";"charcol-white:#e3fffe,horizontal,24x16,canvas";"";"";"";"";"";"";"0";"0";"0";"0";"5";"1";"";"0";"0";"";"0000-00-00";"";"";"2";""
"";"";"83";"";"";"color,radio,color,radio";"frame,Shape,size,Type";"frame,shape,size,Type";"pine-wood:#a3afff,horizontal,24x16,canvas";"";"";"";"";"";"";"0";"0";"0";"0";"5";"1";"";"0";"0";"";"0000-00-00";"";"";"2";""
"";"";"83";"";"";"color,radio,color,radio";"frame,Shape,size,Type";"frame,shape,size,Type";"none:#62ff43,horizontal,30x20,canvas";"";"";"";"";"";"";"0";"0";"0";"0";"5";"1";"";"0";"0";"";"0000-00-00";"";"";"2";""
"";"";"83";"";"";"color,radio,color,radio";"frame,Shape,size,Type";"frame,shape,size,Type";"natural-wood:#ffd083,horizontal,30x20,canvas";"";"";"";"";"";"";"0";"0";"0";"0";"5";"1";"";"0";"0";"";"0000-00-00";"";"";"2";""
"";"";"83";"";"";"color,radio,color,radio";"frame,Shape,size,Type";"frame,shape,size,Type";"dark-wood:#ce6600,horizontal,30x20,canvas";"";"";"";"";"";"";"0";"0";"0";"0";"5";"1";"";"0";"0";"";"0000-00-00";"";"";"2";""
"";"";"83";"";"";"color,radio,color,radio";"frame,Shape,size,Type";"frame,shape,size,Type";"charcol-black:#3b1200,horizontal,30x20,canvas";"";"";"";"";"";"";"0";"0";"0";"0";"5";"1";"";"0";"0";"";"0000-00-00";"";"";"2";""
"";"";"83";"";"";"color,radio,color,radio";"frame,Shape,size,Type";"frame,shape,size,Type";"charcol-white:#e3fffe,horizontal,30x20,canvas";"";"";"";"";"";"";"0";"0";"0";"0";"5";"1";"";"0";"0";"";"0000-00-00";"";"";"2";""
"";"";"83";"";"";"color,radio,color,radio";"frame,Shape,size,Type";"frame,shape,size,Type";"pine-wood:#a3afff,horizontal,30x20,canvas";"";"";"";"";"";"";"0";"0";"0";"0";"5";"1";"";"0";"0";"";"0000-00-00";"";"";"2";""
"";"";"83";"";"";"color,radio,color,radio";"frame,Shape,size,Type";"frame,shape,size,Type";"none:#62ff43,horizontal,36x24,canvas";"";"";"";"";"";"";"0";"0";"0";"0";"5";"1";"";"0";"0";"";"0000-00-00";"";"";"2";""
"";"";"83";"";"";"color,radio,color,radio";"frame,Shape,size,Type";"frame,shape,size,Type";"natural-wood:#ffd083,horizontal,36x24,canvas";"";"";"";"";"";"";"0";"0";"0";"0";"5";"1";"";"0";"0";"";"0000-00-00";"";"";"2";""
"";"";"83";"";"";"color,radio,color,radio";"frame,Shape,size,Type";"frame,shape,size,Type";"dark-wood:#ce6600,horizontal,36x24,canvas";"";"";"";"";"";"";"0";"0";"0";"0";"5";"1";"";"0";"0";"";"0000-00-00";"";"";"2";""
"";"";"83";"";"";"color,radio,color,radio";"frame,Shape,size,Type";"frame,shape,size,Type";"charcol-black:#3b1200,horizontal,36x24,canvas";"";"";"";"";"";"";"0";"0";"0";"0";"5";"1";"";"0";"0";"";"0000-00-00";"";"";"2";""
"";"";"83";"";"";"color,radio,color,radio";"frame,Shape,size,Type";"frame,shape,size,Type";"charcol-white:#e3fffe,horizontal,36x24,canvas";"";"";"";"";"";"";"0";"0";"0";"0";"5";"1";"";"0";"0";"";"0000-00-00";"";"";"2";""
"";"";"83";"";"";"color,radio,color,radio";"frame,Shape,size,Type";"frame,shape,size,Type";"pine-wood:#a3afff,horizontal,36x24,canvas";"";"";"";"";"";"";"0";"0";"0";"0";"5";"1";"";"0";"0";"";"0000-00-00";"";"";"2";""
"";"";"83";"";"";"color,radio,color,radio";"frame,Shape,size,Type";"frame,shape,size,Type";"none:#62ff43,horizontal,30x45,canvas";"";"";"";"";"";"";"0";"0";"0";"0";"5";"1";"";"0";"0";"";"0000-00-00";"";"";"2";""
"";"";"83";"";"";"color,radio,color,radio";"frame,Shape,size,Type";"frame,shape,size,Type";"natural-wood:#ffd083,horizontal,30x45,canvas";"";"";"";"";"";"";"0";"0";"0";"0";"5";"1";"";"0";"0";"";"0000-00-00";"";"";"2";""
"";"";"83";"";"";"color,radio,color,radio";"frame,Shape,size,Type";"frame,shape,size,Type";"dark-wood:#ce6600,horizontal,30x45,canvas";"";"";"";"";"";"";"0";"0";"0";"0";"5";"1";"";"0";"0";"";"0000-00-00";"";"";"2";""
"";"";"83";"";"";"color,radio,color,radio";"frame,Shape,size,Type";"frame,shape,size,Type";"charcol-black:#3b1200,horizontal,30x45,canvas";"";"";"";"";"";"";"0";"0";"0";"0";"5";"1";"";"0";"0";"";"0000-00-00";"";"";"2";""
"";"";"83";"";"";"color,radio,color,radio";"frame,Shape,size,Type";"frame,shape,size,Type";"charcol-white:#e3fffe,horizontal,30x45,canvas";"";"";"";"";"";"";"0";"0";"0";"0";"5";"1";"";"0";"0";"";"0000-00-00";"";"";"2";""
"";"";"83";"";"";"color,radio,color,radio";"frame,Shape,size,Type";"frame,shape,size,Type";"pine-wood:#a3afff,horizontal,30x45,canvas";"";"";"";"";"";"";"0";"0";"0";"0";"5";"1";"";"0";"0";"";"0000-00-00";"";"";"2";""
"";"";"83";"";"";"color,radio,color,radio";"frame,Shape,size,Type";"frame,shape,size,Type";"none:#62ff43,horizontal,15x10,fine-art-paper";"";"";"";"";"";"";"0";"0";"0";"0";"5";"1";"";"0";"0";"";"0000-00-00";"";"";"2";""
"";"";"83";"";"";"color,radio,color,radio";"frame,Shape,size,Type";"frame,shape,size,Type";"natural-wood:#ffd083,horizontal,15x10,fine-art-paper";"";"";"";"";"";"";"0";"0";"0";"0";"5";"1";"";"0";"0";"";"0000-00-00";"";"";"2";""
"";"";"83";"";"";"color,radio,color,radio";"frame,Shape,size,Type";"frame,shape,size,Type";"dark-wood:#ce6600,horizontal,15x10,fine-art-paper";"";"";"";"";"";"";"0";"0";"0";"0";"5";"1";"";"0";"0";"";"0000-00-00";"";"";"2";""
"";"";"83";"";"";"color,radio,color,radio";"frame,Shape,size,Type";"frame,shape,size,Type";"charcol-black:#3b1200,horizontal,15x10,fine-art-paper";"";"";"";"";"";"";"0";"0";"0";"0";"5";"1";"";"0";"0";"";"0000-00-00";"";"";"2";""
"";"";"83";"";"";"color,radio,color,radio";"frame,Shape,size,Type";"frame,shape,size,Type";"charcol-white:#e3fffe,horizontal,15x10,fine-art-paper";"";"";"";"";"";"";"0";"0";"0";"0";"5";"1";"";"0";"0";"";"0000-00-00";"";"";"2";""
"";"";"83";"";"";"color,radio,color,radio";"frame,Shape,size,Type";"frame,shape,size,Type";"pine-wood:#a3afff,horizontal,15x10,fine-art-paper";"";"";"";"";"";"";"0";"0";"0";"0";"5";"1";"";"0";"0";"";"0000-00-00";"";"";"2";""
"";"";"83";"";"";"color,radio,color,radio";"frame,Shape,size,Type";"frame,shape,size,Type";"none:#62ff43,horizontal,18x12,fine-art-paper";"";"";"";"";"";"";"0";"0";"0";"0";"5";"1";"";"0";"0";"";"0000-00-00";"";"";"2";""
"";"";"83";"";"";"color,radio,color,radio";"frame,Shape,size,Type";"frame,shape,size,Type";"natural-wood:#ffd083,horizontal,18x12,fine-art-paper";"";"";"";"";"";"";"0";"0";"0";"0";"5";"1";"";"0";"0";"";"0000-00-00";"";"";"2";""
"";"";"83";"";"";"color,radio,color,radio";"frame,Shape,size,Type";"frame,shape,size,Type";"dark-wood:#ce6600,horizontal,18x12,fine-art-paper";"";"";"";"";"";"";"0";"0";"0";"0";"5";"1";"";"0";"0";"";"0000-00-00";"";"";"2";""
"";"";"83";"";"";"color,radio,color,radio";"frame,Shape,size,Type";"frame,shape,size,Type";"charcol-black:#3b1200,horizontal,18x12,fine-art-paper";"";"";"";"";"";"";"0";"0";"0";"0";"5";"1";"";"0";"0";"";"0000-00-00";"";"";"2";""
"";"";"83";"";"";"color,radio,color,radio";"frame,Shape,size,Type";"frame,shape,size,Type";"charcol-white:#e3fffe,horizontal,18x12,fine-art-paper";"";"";"";"";"";"";"0";"0";"0";"0";"5";"1";"";"0";"0";"";"0000-00-00";"";"";"2";""
"";"";"83";"";"";"color,radio,color,radio";"frame,Shape,size,Type";"frame,shape,size,Type";"pine-wood:#a3afff,horizontal,18x12,fine-art-paper";"";"";"";"";"";"";"0";"0";"0";"0";"5";"1";"";"0";"0";"";"0000-00-00";"";"";"2";""
"";"";"83";"";"";"color,radio,color,radio";"frame,Shape,size,Type";"frame,shape,size,Type";"none:#62ff43,horizontal,24x16,fine-art-paper";"";"";"";"";"";"";"0";"0";"0";"0";"5";"1";"";"0";"0";"";"0000-00-00";"";"";"2";""
"";"";"83";"";"";"color,radio,color,radio";"frame,Shape,size,Type";"frame,shape,size,Type";"natural-wood:#ffd083,horizontal,24x16,fine-art-paper";"";"";"";"";"";"";"0";"0";"0";"0";"5";"1";"";"0";"0";"";"0000-00-00";"";"";"2";""
"";"";"83";"";"";"color,radio,color,radio";"frame,Shape,size,Type";"frame,shape,size,Type";"dark-wood:#ce6600,horizontal,24x16,fine-art-paper";"";"";"";"";"";"";"0";"0";"0";"0";"5";"1";"";"0";"0";"";"0000-00-00";"";"";"2";""
"";"";"83";"";"";"color,radio,color,radio";"frame,Shape,size,Type";"frame,shape,size,Type";"charcol-black:#3b1200,horizontal,24x16,fine-art-paper";"";"";"";"";"";"";"0";"0";"0";"0";"5";"1";"";"0";"0";"";"0000-00-00";"";"";"2";""
"";"";"83";"";"";"color,radio,color,radio";"frame,Shape,size,Type";"frame,shape,size,Type";"charcol-white:#e3fffe,horizontal,24x16,fine-art-paper";"";"";"";"";"";"";"0";"0";"0";"0";"5";"1";"";"0";"0";"";"0000-00-00";"";"";"2";""
"";"";"83";"";"";"color,radio,color,radio";"frame,Shape,size,Type";"frame,shape,size,Type";"pine-wood:#a3afff,horizontal,24x16,fine-art-paper";"";"";"";"";"";"";"0";"0";"0";"0";"5";"1";"";"0";"0";"";"0000-00-00";"";"";"2";""
"";"";"83";"";"";"color,radio,color,radio";"frame,Shape,size,Type";"frame,shape,size,Type";"none:#62ff43,horizontal,30x20,fine-art-paper";"";"";"";"";"";"";"0";"0";"0";"0";"5";"1";"";"0";"0";"";"0000-00-00";"";"";"2";""
"";"";"83";"";"";"color,radio,color,radio";"frame,Shape,size,Type";"frame,shape,size,Type";"natural-wood:#ffd083,horizontal,30x20,fine-art-paper";"";"";"";"";"";"";"0";"0";"0";"0";"5";"1";"";"0";"0";"";"0000-00-00";"";"";"2";""
"";"";"83";"";"";"color,radio,color,radio";"frame,Shape,size,Type";"frame,shape,size,Type";"dark-wood:#ce6600,horizontal,30x20,fine-art-paper";"";"";"";"";"";"";"0";"0";"0";"0";"5";"1";"";"0";"0";"";"0000-00-00";"";"";"2";""
"";"";"83";"";"";"color,radio,color,radio";"frame,Shape,size,Type";"frame,shape,size,Type";"charcol-black:#3b1200,horizontal,30x20,fine-art-paper";"";"";"";"";"";"";"0";"0";"0";"0";"5";"1";"";"0";"0";"";"0000-00-00";"";"";"2";""
"";"";"83";"";"";"color,radio,color,radio";"frame,Shape,size,Type";"frame,shape,size,Type";"charcol-white:#e3fffe,horizontal,30x20,fine-art-paper";"";"";"";"";"";"";"0";"0";"0";"0";"5";"1";"";"0";"0";"";"0000-00-00";"";"";"2";""
"";"";"83";"";"";"color,radio,color,radio";"frame,Shape,size,Type";"frame,shape,size,Type";"pine-wood:#a3afff,horizontal,30x20,fine-art-paper";"";"";"";"";"";"";"0";"0";"0";"0";"5";"1";"";"0";"0";"";"0000-00-00";"";"";"2";""
"";"";"83";"";"";"color,radio,color,radio";"frame,Shape,size,Type";"frame,shape,size,Type";"none:#62ff43,horizontal,36x24,fine-art-paper";"";"";"";"";"";"";"0";"0";"0";"0";"5";"1";"";"0";"0";"";"0000-00-00";"";"";"2";""
"";"";"83";"";"";"color,radio,color,radio";"frame,Shape,size,Type";"frame,shape,size,Type";"natural-wood:#ffd083,horizontal,36x24,fine-art-paper";"";"";"";"";"";"";"0";"0";"0";"0";"5";"1";"";"0";"0";"";"0000-00-00";"";"";"2";""
"";"";"83";"";"";"color,radio,color,radio";"frame,Shape,size,Type";"frame,shape,size,Type";"dark-wood:#ce6600,horizontal,36x24,fine-art-paper";"";"";"";"";"";"";"0";"0";"0";"0";"5";"1";"";"0";"0";"";"0000-00-00";"";"";"2";""
"";"";"83";"";"";"color,radio,color,radio";"frame,Shape,size,Type";"frame,shape,size,Type";"charcol-black:#3b1200,horizontal,36x24,fine-art-paper";"";"";"";"";"";"";"0";"0";"0";"0";"5";"1";"";"0";"0";"";"0000-00-00";"";"";"2";""
"";"";"83";"";"";"color,radio,color,radio";"frame,Shape,size,Type";"frame,shape,size,Type";"charcol-white:#e3fffe,horizontal,36x24,fine-art-paper";"";"";"";"";"";"";"0";"0";"0";"0";"5";"1";"";"0";"0";"";"0000-00-00";"";"";"2";""
"";"";"83";"";"";"color,radio,color,radio";"frame,Shape,size,Type";"frame,shape,size,Type";"pine-wood:#a3afff,horizontal,36x24,fine-art-paper";"";"";"";"";"";"";"0";"0";"0";"0";"5";"1";"";"0";"0";"";"0000-00-00";"";"";"2";""
"";"";"83";"";"";"color,radio,color,radio";"frame,Shape,size,Type";"frame,shape,size,Type";"none:#62ff43,horizontal,30x45,fine-art-paper";"";"";"";"";"";"";"0";"0";"0";"0";"5";"1";"";"0";"0";"";"0000-00-00";"";"";"2";""
"";"";"83";"";"";"color,radio,color,radio";"frame,Shape,size,Type";"frame,shape,size,Type";"natural-wood:#ffd083,horizontal,30x45,fine-art-paper";"";"";"";"";"";"";"0";"0";"0";"0";"5";"1";"";"0";"0";"";"0000-00-00";"";"";"2";""
"";"";"83";"";"";"color,radio,color,radio";"frame,Shape,size,Type";"frame,shape,size,Type";"dark-wood:#ce6600,horizontal,30x45,fine-art-paper";"";"";"";"";"";"";"0";"0";"0";"0";"5";"1";"";"0";"0";"";"0000-00-00";"";"";"2";""
"";"";"83";"";"";"color,radio,color,radio";"frame,Shape,size,Type";"frame,shape,size,Type";"charcol-black:#3b1200,horizontal,30x45,fine-art-paper";"";"";"";"";"";"";"0";"0";"0";"0";"5";"1";"";"0";"0";"";"0000-00-00";"";"";"2";""
"";"";"83";"";"";"color,radio,color,radio";"frame,Shape,size,Type";"frame,shape,size,Type";"charcol-white:#e3fffe,horizontal,30x45,fine-art-paper";"";"";"";"";"";"";"0";"0";"0";"0";"5";"1";"";"0";"0";"";"0000-00-00";"";"";"2";""
"";"";"83";"";"";"color,radio,color,radio";"frame,Shape,size,Type";"frame,shape,size,Type";"pine-wood:#a3afff,horizontal,30x45,fine-art-paper";"";"";"";"";"";"";"0";"0";"0";"0";"5";"1";"";"0";"0";"";"0000-00-00";"";"";"2";""
"";"";"86";"";"";"color,radio,color,radio";"frame,Shape,size,Type";"frame,shape,size,Type";"none:#62ff43,horizontal,15x10,canvas";"";"";"";"";"";"";"0";"0";"0";"0";"5";"1";"";"0";"0";"1";"0000-00-00";"";"";"2";""
"";"";"86";"";"";"color,radio,color,radio";"frame,Shape,size,Type";"frame,shape,size,Type";"natural-wood:#ffd083,horizontal,15x10,canvas";"";"";"";"";"";"";"0";"0";"0";"0";"5";"1";"";"0";"0";"";"0000-00-00";"";"";"2";""
"";"";"86";"";"";"color,radio,color,radio";"frame,Shape,size,Type";"frame,shape,size,Type";"dark-wood:#ce6600,horizontal,15x10,canvas";"";"";"";"";"";"";"0";"0";"0";"0";"5";"1";"";"0";"0";"";"0000-00-00";"";"";"2";""
"";"";"86";"";"";"color,radio,color,radio";"frame,Shape,size,Type";"frame,shape,size,Type";"charcol-black:#3b1200,horizontal,15x10,canvas";"";"";"";"";"";"";"0";"0";"0";"0";"5";"1";"";"0";"0";"";"0000-00-00";"";"";"2";""
"";"";"86";"";"";"color,radio,color,radio";"frame,Shape,size,Type";"frame,shape,size,Type";"charcol-white:#e3fffe,horizontal,15x10,canvas";"";"";"";"";"";"";"0";"0";"0";"0";"5";"1";"";"0";"0";"";"0000-00-00";"";"";"2";""
"";"";"86";"";"";"color,radio,color,radio";"frame,Shape,size,Type";"frame,shape,size,Type";"pine-wood:#a3afff,horizontal,15x10,canvas";"";"";"";"";"";"";"0";"0";"0";"0";"5";"1";"";"0";"0";"";"0000-00-00";"";"";"2";""
"";"";"86";"";"";"color,radio,color,radio";"frame,Shape,size,Type";"frame,shape,size,Type";"none:#62ff43,horizontal,18x12,canvas";"";"";"";"";"";"";"0";"0";"0";"0";"5";"1";"";"0";"0";"";"0000-00-00";"";"";"2";""
"";"";"86";"";"";"color,radio,color,radio";"frame,Shape,size,Type";"frame,shape,size,Type";"natural-wood:#ffd083,horizontal,18x12,canvas";"";"";"";"";"";"";"0";"0";"0";"0";"5";"1";"";"0";"0";"";"0000-00-00";"";"";"2";""
"";"";"86";"";"";"color,radio,color,radio";"frame,Shape,size,Type";"frame,shape,size,Type";"dark-wood:#ce6600,horizontal,18x12,canvas";"";"";"";"";"";"";"0";"0";"0";"0";"5";"1";"";"0";"0";"";"0000-00-00";"";"";"2";""
"";"";"86";"";"";"color,radio,color,radio";"frame,Shape,size,Type";"frame,shape,size,Type";"charcol-black:#3b1200,horizontal,18x12,canvas";"";"";"";"";"";"";"0";"0";"0";"0";"5";"1";"";"0";"0";"";"0000-00-00";"";"";"2";""
"";"";"86";"";"";"color,radio,color,radio";"frame,Shape,size,Type";"frame,shape,size,Type";"charcol-white:#e3fffe,horizontal,18x12,canvas";"";"";"";"";"";"";"0";"0";"0";"0";"5";"1";"";"0";"0";"";"0000-00-00";"";"";"2";""
"";"";"86";"";"";"color,radio,color,radio";"frame,Shape,size,Type";"frame,shape,size,Type";"pine-wood:#a3afff,horizontal,18x12,canvas";"";"";"";"";"";"";"0";"0";"0";"0";"5";"1";"";"0";"0";"";"0000-00-00";"";"";"2";""
"";"";"86";"";"";"color,radio,color,radio";"frame,Shape,size,Type";"frame,shape,size,Type";"none:#62ff43,horizontal,24x16,canvas";"";"";"";"";"";"";"0";"0";"0";"0";"5";"1";"";"0";"0";"";"0000-00-00";"";"";"2";""
"";"";"86";"";"";"color,radio,color,radio";"frame,Shape,size,Type";"frame,shape,size,Type";"natural-wood:#ffd083,horizontal,24x16,canvas";"";"";"";"";"";"";"0";"0";"0";"0";"5";"1";"";"0";"0";"";"0000-00-00";"";"";"2";""
"";"";"86";"";"";"color,radio,color,radio";"frame,Shape,size,Type";"frame,shape,size,Type";"dark-wood:#ce6600,horizontal,24x16,canvas";"";"";"";"";"";"";"0";"0";"0";"0";"5";"1";"";"0";"0";"";"0000-00-00";"";"";"2";""
"";"";"86";"";"";"color,radio,color,radio";"frame,Shape,size,Type";"frame,shape,size,Type";"charcol-black:#3b1200,horizontal,24x16,canvas";"";"";"";"";"";"";"0";"0";"0";"0";"5";"1";"";"0";"0";"";"0000-00-00";"";"";"2";""
"";"";"86";"";"";"color,radio,color,radio";"frame,Shape,size,Type";"frame,shape,size,Type";"charcol-white:#e3fffe,horizontal,24x16,canvas";"";"";"";"";"";"";"0";"0";"0";"0";"5";"1";"";"0";"0";"";"0000-00-00";"";"";"2";""
"";"";"86";"";"";"color,radio,color,radio";"frame,Shape,size,Type";"frame,shape,size,Type";"pine-wood:#a3afff,horizontal,24x16,canvas";"";"";"";"";"";"";"0";"0";"0";"0";"5";"1";"";"0";"0";"";"0000-00-00";"";"";"2";""
"";"";"86";"";"";"color,radio,color,radio";"frame,Shape,size,Type";"frame,shape,size,Type";"none:#62ff43,horizontal,30x20,canvas";"";"";"";"";"";"";"0";"0";"0";"0";"5";"1";"";"0";"0";"";"0000-00-00";"";"";"2";""
"";"";"86";"";"";"color,radio,color,radio";"frame,Shape,size,Type";"frame,shape,size,Type";"natural-wood:#ffd083,horizontal,30x20,canvas";"";"";"";"";"";"";"0";"0";"0";"0";"5";"1";"";"0";"0";"";"0000-00-00";"";"";"2";""
"";"";"86";"";"";"color,radio,color,radio";"frame,Shape,size,Type";"frame,shape,size,Type";"dark-wood:#ce6600,horizontal,30x20,canvas";"";"";"";"";"";"";"0";"0";"0";"0";"5";"1";"";"0";"0";"";"0000-00-00";"";"";"2";""
"";"";"86";"";"";"color,radio,color,radio";"frame,Shape,size,Type";"frame,shape,size,Type";"charcol-black:#3b1200,horizontal,30x20,canvas";"";"";"";"";"";"";"0";"0";"0";"0";"5";"1";"";"0";"0";"";"0000-00-00";"";"";"2";""
"";"";"86";"";"";"color,radio,color,radio";"frame,Shape,size,Type";"frame,shape,size,Type";"charcol-white:#e3fffe,horizontal,30x20,canvas";"";"";"";"";"";"";"0";"0";"0";"0";"5";"1";"";"0";"0";"";"0000-00-00";"";"";"2";""
"";"";"86";"";"";"color,radio,color,radio";"frame,Shape,size,Type";"frame,shape,size,Type";"pine-wood:#a3afff,horizontal,30x20,canvas";"";"";"";"";"";"";"0";"0";"0";"0";"5";"1";"";"0";"0";"";"0000-00-00";"";"";"2";""
"";"";"86";"";"";"color,radio,color,radio";"frame,Shape,size,Type";"frame,shape,size,Type";"none:#62ff43,horizontal,36x24,canvas";"";"";"";"";"";"";"0";"0";"0";"0";"5";"1";"";"0";"0";"";"0000-00-00";"";"";"2";""
"";"";"86";"";"";"color,radio,color,radio";"frame,Shape,size,Type";"frame,shape,size,Type";"natural-wood:#ffd083,horizontal,36x24,canvas";"";"";"";"";"";"";"0";"0";"0";"0";"5";"1";"";"0";"0";"";"0000-00-00";"";"";"2";""
"";"";"86";"";"";"color,radio,color,radio";"frame,Shape,size,Type";"frame,shape,size,Type";"dark-wood:#ce6600,horizontal,36x24,canvas";"";"";"";"";"";"";"0";"0";"0";"0";"5";"1";"";"0";"0";"";"0000-00-00";"";"";"2";""
"";"";"86";"";"";"color,radio,color,radio";"frame,Shape,size,Type";"frame,shape,size,Type";"charcol-black:#3b1200,horizontal,36x24,canvas";"";"";"";"";"";"";"0";"0";"0";"0";"5";"1";"";"0";"0";"";"0000-00-00";"";"";"2";""
"";"";"86";"";"";"color,radio,color,radio";"frame,Shape,size,Type";"frame,shape,size,Type";"charcol-white:#e3fffe,horizontal,36x24,canvas";"";"";"";"";"";"";"0";"0";"0";"0";"5";"1";"";"0";"0";"";"0000-00-00";"";"";"2";""
"";"";"86";"";"";"color,radio,color,radio";"frame,Shape,size,Type";"frame,shape,size,Type";"pine-wood:#a3afff,horizontal,36x24,canvas";"";"";"";"";"";"";"0";"0";"0";"0";"5";"1";"";"0";"0";"";"0000-00-00";"";"";"2";""
"";"";"86";"";"";"color,radio,color,radio";"frame,Shape,size,Type";"frame,shape,size,Type";"none:#62ff43,horizontal,30x45,canvas";"";"";"";"";"";"";"0";"0";"0";"0";"5";"1";"";"0";"0";"";"0000-00-00";"";"";"2";""
"";"";"86";"";"";"color,radio,color,radio";"frame,Shape,size,Type";"frame,shape,size,Type";"natural-wood:#ffd083,horizontal,30x45,canvas";"";"";"";"";"";"";"0";"0";"0";"0";"5";"1";"";"0";"0";"";"0000-00-00";"";"";"2";""
"";"";"86";"";"";"color,radio,color,radio";"frame,Shape,size,Type";"frame,shape,size,Type";"dark-wood:#ce6600,horizontal,30x45,canvas";"";"";"";"";"";"";"0";"0";"0";"0";"5";"1";"";"0";"0";"";"0000-00-00";"";"";"2";""
"";"";"86";"";"";"color,radio,color,radio";"frame,Shape,size,Type";"frame,shape,size,Type";"charcol-black:#3b1200,horizontal,30x45,canvas";"";"";"";"";"";"";"0";"0";"0";"0";"5";"1";"";"0";"0";"";"0000-00-00";"";"";"2";""
"";"";"86";"";"";"color,radio,color,radio";"frame,Shape,size,Type";"frame,shape,size,Type";"charcol-white:#e3fffe,horizontal,30x45,canvas";"";"";"";"";"";"";"0";"0";"0";"0";"5";"1";"";"0";"0";"";"0000-00-00";"";"";"2";""
"";"";"86";"";"";"color,radio,color,radio";"frame,Shape,size,Type";"frame,shape,size,Type";"pine-wood:#a3afff,horizontal,30x45,canvas";"";"";"";"";"";"";"0";"0";"0";"0";"5";"1";"";"0";"0";"";"0000-00-00";"";"";"2";""
"";"";"86";"";"";"color,radio,color,radio";"frame,Shape,size,Type";"frame,shape,size,Type";"none:#62ff43,horizontal,15x10,fine-art-paper";"";"";"";"";"";"";"0";"0";"0";"0";"5";"1";"";"0";"0";"";"0000-00-00";"";"";"2";""
"";"";"86";"";"";"color,radio,color,radio";"frame,Shape,size,Type";"frame,shape,size,Type";"natural-wood:#ffd083,horizontal,15x10,fine-art-paper";"";"";"";"";"";"";"0";"0";"0";"0";"5";"1";"";"0";"0";"";"0000-00-00";"";"";"2";""
"";"";"86";"";"";"color,radio,color,radio";"frame,Shape,size,Type";"frame,shape,size,Type";"dark-wood:#ce6600,horizontal,15x10,fine-art-paper";"";"";"";"";"";"";"0";"0";"0";"0";"5";"1";"";"0";"0";"";"0000-00-00";"";"";"2";""
"";"";"86";"";"";"color,radio,color,radio";"frame,Shape,size,Type";"frame,shape,size,Type";"charcol-black:#3b1200,horizontal,15x10,fine-art-paper";"";"";"";"";"";"";"0";"0";"0";"0";"5";"1";"";"0";"0";"";"0000-00-00";"";"";"2";""
"";"";"86";"";"";"color,radio,color,radio";"frame,Shape,size,Type";"frame,shape,size,Type";"charcol-white:#e3fffe,horizontal,15x10,fine-art-paper";"";"";"";"";"";"";"0";"0";"0";"0";"5";"1";"";"0";"0";"";"0000-00-00";"";"";"2";""
"";"";"86";"";"";"color,radio,color,radio";"frame,Shape,size,Type";"frame,shape,size,Type";"pine-wood:#a3afff,horizontal,15x10,fine-art-paper";"";"";"";"";"";"";"0";"0";"0";"0";"5";"1";"";"0";"0";"";"0000-00-00";"";"";"2";""
"";"";"86";"";"";"color,radio,color,radio";"frame,Shape,size,Type";"frame,shape,size,Type";"none:#62ff43,horizontal,18x12,fine-art-paper";"";"";"";"";"";"";"0";"0";"0";"0";"5";"1";"";"0";"0";"";"0000-00-00";"";"";"2";""
"";"";"86";"";"";"color,radio,color,radio";"frame,Shape,size,Type";"frame,shape,size,Type";"natural-wood:#ffd083,horizontal,18x12,fine-art-paper";"";"";"";"";"";"";"0";"0";"0";"0";"5";"1";"";"0";"0";"";"0000-00-00";"";"";"2";""
"";"";"86";"";"";"color,radio,color,radio";"frame,Shape,size,Type";"frame,shape,size,Type";"dark-wood:#ce6600,horizontal,18x12,fine-art-paper";"";"";"";"";"";"";"0";"0";"0";"0";"5";"1";"";"0";"0";"";"0000-00-00";"";"";"2";""
"";"";"86";"";"";"color,radio,color,radio";"frame,Shape,size,Type";"frame,shape,size,Type";"charcol-black:#3b1200,horizontal,18x12,fine-art-paper";"";"";"";"";"";"";"0";"0";"0";"0";"5";"1";"";"0";"0";"";"0000-00-00";"";"";"2";""
"";"";"86";"";"";"color,radio,color,radio";"frame,Shape,size,Type";"frame,shape,size,Type";"charcol-white:#e3fffe,horizontal,18x12,fine-art-paper";"";"";"";"";"";"";"0";"0";"0";"0";"5";"1";"";"0";"0";"";"0000-00-00";"";"";"2";""
"";"";"86";"";"";"color,radio,color,radio";"frame,Shape,size,Type";"frame,shape,size,Type";"pine-wood:#a3afff,horizontal,18x12,fine-art-paper";"";"";"";"";"";"";"0";"0";"0";"0";"5";"1";"";"0";"0";"";"0000-00-00";"";"";"2";""
"";"";"86";"";"";"color,radio,color,radio";"frame,Shape,size,Type";"frame,shape,size,Type";"none:#62ff43,horizontal,24x16,fine-art-paper";"";"";"";"";"";"";"0";"0";"0";"0";"5";"1";"";"0";"0";"";"0000-00-00";"";"";"2";""
"";"";"86";"";"";"color,radio,color,radio";"frame,Shape,size,Type";"frame,shape,size,Type";"natural-wood:#ffd083,horizontal,24x16,fine-art-paper";"";"";"";"";"";"";"0";"0";"0";"0";"5";"1";"";"0";"0";"";"0000-00-00";"";"";"2";""
"";"";"86";"";"";"color,radio,color,radio";"frame,Shape,size,Type";"frame,shape,size,Type";"dark-wood:#ce6600,horizontal,24x16,fine-art-paper";"";"";"";"";"";"";"0";"0";"0";"0";"5";"1";"";"0";"0";"";"0000-00-00";"";"";"2";""
"";"";"86";"";"";"color,radio,color,radio";"frame,Shape,size,Type";"frame,shape,size,Type";"charcol-black:#3b1200,horizontal,24x16,fine-art-paper";"";"";"";"";"";"";"0";"0";"0";"0";"5";"1";"";"0";"0";"";"0000-00-00";"";"";"2";""
"";"";"86";"";"";"color,radio,color,radio";"frame,Shape,size,Type";"frame,shape,size,Type";"charcol-white:#e3fffe,horizontal,24x16,fine-art-paper";"";"";"";"";"";"";"0";"0";"0";"0";"5";"1";"";"0";"0";"";"0000-00-00";"";"";"2";""
"";"";"86";"";"";"color,radio,color,radio";"frame,Shape,size,Type";"frame,shape,size,Type";"pine-wood:#a3afff,horizontal,24x16,fine-art-paper";"";"";"";"";"";"";"0";"0";"0";"0";"5";"1";"";"0";"0";"";"0000-00-00";"";"";"2";""
"";"";"86";"";"";"color,radio,color,radio";"frame,Shape,size,Type";"frame,shape,size,Type";"none:#62ff43,horizontal,30x20,fine-art-paper";"";"";"";"";"";"";"0";"0";"0";"0";"5";"1";"";"0";"0";"";"0000-00-00";"";"";"2";""
"";"";"86";"";"";"color,radio,color,radio";"frame,Shape,size,Type";"frame,shape,size,Type";"natural-wood:#ffd083,horizontal,30x20,fine-art-paper";"";"";"";"";"";"";"0";"0";"0";"0";"5";"1";"";"0";"0";"";"0000-00-00";"";"";"2";""
"";"";"86";"";"";"color,radio,color,radio";"frame,Shape,size,Type";"frame,shape,size,Type";"dark-wood:#ce6600,horizontal,30x20,fine-art-paper";"";"";"";"";"";"";"0";"0";"0";"0";"5";"1";"";"0";"0";"";"0000-00-00";"";"";"2";""
"";"";"86";"";"";"color,radio,color,radio";"frame,Shape,size,Type";"frame,shape,size,Type";"charcol-black:#3b1200,horizontal,30x20,fine-art-paper";"";"";"";"";"";"";"0";"0";"0";"0";"5";"1";"";"0";"0";"";"0000-00-00";"";"";"2";""
"";"";"86";"";"";"color,radio,color,radio";"frame,Shape,size,Type";"frame,shape,size,Type";"charcol-white:#e3fffe,horizontal,30x20,fine-art-paper";"";"";"";"";"";"";"0";"0";"0";"0";"5";"1";"";"0";"0";"";"0000-00-00";"";"";"2";""
"";"";"86";"";"";"color,radio,color,radio";"frame,Shape,size,Type";"frame,shape,size,Type";"pine-wood:#a3afff,horizontal,30x20,fine-art-paper";"";"";"";"";"";"";"0";"0";"0";"0";"5";"1";"";"0";"0";"";"0000-00-00";"";"";"2";""
"";"";"86";"";"";"color,radio,color,radio";"frame,Shape,size,Type";"frame,shape,size,Type";"none:#62ff43,horizontal,36x24,fine-art-paper";"";"";"";"";"";"";"0";"0";"0";"0";"5";"1";"";"0";"0";"";"0000-00-00";"";"";"2";""
"";"";"86";"";"";"color,radio,color,radio";"frame,Shape,size,Type";"frame,shape,size,Type";"natural-wood:#ffd083,horizontal,36x24,fine-art-paper";"";"";"";"";"";"";"0";"0";"0";"0";"5";"1";"";"0";"0";"";"0000-00-00";"";"";"2";""
"";"";"86";"";"";"color,radio,color,radio";"frame,Shape,size,Type";"frame,shape,size,Type";"dark-wood:#ce6600,horizontal,36x24,fine-art-paper";"";"";"";"";"";"";"0";"0";"0";"0";"5";"1";"";"0";"0";"";"0000-00-00";"";"";"2";""
"";"";"86";"";"";"color,radio,color,radio";"frame,Shape,size,Type";"frame,shape,size,Type";"charcol-black:#3b1200,horizontal,36x24,fine-art-paper";"";"";"";"";"";"";"0";"0";"0";"0";"5";"1";"";"0";"0";"";"0000-00-00";"";"";"2";""
"";"";"86";"";"";"color,radio,color,radio";"frame,Shape,size,Type";"frame,shape,size,Type";"charcol-white:#e3fffe,horizontal,36x24,fine-art-paper";"";"";"";"";"";"";"0";"0";"0";"0";"5";"1";"";"0";"0";"";"0000-00-00";"";"";"2";""
"";"";"86";"";"";"color,radio,color,radio";"frame,Shape,size,Type";"frame,shape,size,Type";"pine-wood:#a3afff,horizontal,36x24,fine-art-paper";"";"";"";"";"";"";"0";"0";"0";"0";"5";"1";"";"0";"0";"";"0000-00-00";"";"";"2";""
"";"";"86";"";"";"color,radio,color,radio";"frame,Shape,size,Type";"frame,shape,size,Type";"none:#62ff43,horizontal,30x45,fine-art-paper";"";"";"";"";"";"";"0";"0";"0";"0";"5";"1";"";"0";"0";"";"0000-00-00";"";"";"2";""
"";"";"86";"";"";"color,radio,color,radio";"frame,Shape,size,Type";"frame,shape,size,Type";"natural-wood:#ffd083,horizontal,30x45,fine-art-paper";"";"";"";"";"";"";"0";"0";"0";"0";"5";"1";"";"0";"0";"";"0000-00-00";"";"";"2";""
"";"";"86";"";"";"color,radio,color,radio";"frame,Shape,size,Type";"frame,shape,size,Type";"dark-wood:#ce6600,horizontal,30x45,fine-art-paper";"";"";"";"";"";"";"0";"0";"0";"0";"5";"1";"";"0";"0";"";"0000-00-00";"";"";"2";""
"";"";"86";"";"";"color,radio,color,radio";"frame,Shape,size,Type";"frame,shape,size,Type";"charcol-black:#3b1200,horizontal,30x45,fine-art-paper";"";"";"";"";"";"";"0";"0";"0";"0";"5";"1";"";"0";"0";"";"0000-00-00";"";"";"2";""
"";"";"86";"";"";"color,radio,color,radio";"frame,Shape,size,Type";"frame,shape,size,Type";"charcol-white:#e3fffe,horizontal,30x45,fine-art-paper";"";"";"";"";"";"";"0";"0";"0";"0";"5";"1";"";"0";"0";"";"0000-00-00";"";"";"2";""
"";"";"86";"";"";"color,radio,color,radio";"frame,Shape,size,Type";"frame,shape,size,Type";"pine-wood:#a3afff,horizontal,30x45,fine-art-paper";"";"";"";"";"";"";"0";"0";"0";"0";"5";"1";"";"0";"0";"";"0000-00-00";"";"";"2";""
"";"";"89";"";"";"color,radio,color,radio";"frame,Shape,size,Type";"frame,shape,size,Type";"none:#62ff43,horizontal,15x10,canvas";"";"";"";"";"";"";"0";"0";"0";"0";"5";"1";"";"0";"0";"1";"0000-00-00";"";"";"2";""
"";"";"89";"";"";"color,radio,color,radio";"frame,Shape,size,Type";"frame,shape,size,Type";"natural-wood:#ffd083,horizontal,15x10,canvas";"";"";"";"";"";"";"0";"0";"0";"0";"5";"1";"";"0";"0";"";"0000-00-00";"";"";"2";""
"";"";"89";"";"";"color,radio,color,radio";"frame,Shape,size,Type";"frame,shape,size,Type";"dark-wood:#ce6600,horizontal,15x10,canvas";"";"";"";"";"";"";"0";"0";"0";"0";"5";"1";"";"0";"0";"";"0000-00-00";"";"";"2";""
"";"";"89";"";"";"color,radio,color,radio";"frame,Shape,size,Type";"frame,shape,size,Type";"charcol-black:#3b1200,horizontal,15x10,canvas";"";"";"";"";"";"";"0";"0";"0";"0";"5";"1";"";"0";"0";"";"0000-00-00";"";"";"2";""
"";"";"89";"";"";"color,radio,color,radio";"frame,Shape,size,Type";"frame,shape,size,Type";"charcol-white:#e3fffe,horizontal,15x10,canvas";"";"";"";"";"";"";"0";"0";"0";"0";"5";"1";"";"0";"0";"";"0000-00-00";"";"";"2";""
"";"";"89";"";"";"color,radio,color,radio";"frame,Shape,size,Type";"frame,shape,size,Type";"pine-wood:#a3afff,horizontal,15x10,canvas";"";"";"";"";"";"";"0";"0";"0";"0";"5";"1";"";"0";"0";"";"0000-00-00";"";"";"2";""
"";"";"89";"";"";"color,radio,color,radio";"frame,Shape,size,Type";"frame,shape,size,Type";"none:#62ff43,horizontal,18x12,canvas";"";"";"";"";"";"";"0";"0";"0";"0";"5";"1";"";"0";"0";"";"0000-00-00";"";"";"2";""
"";"";"89";"";"";"color,radio,color,radio";"frame,Shape,size,Type";"frame,shape,size,Type";"natural-wood:#ffd083,horizontal,18x12,canvas";"";"";"";"";"";"";"0";"0";"0";"0";"5";"1";"";"0";"0";"";"0000-00-00";"";"";"2";""
"";"";"89";"";"";"color,radio,color,radio";"frame,Shape,size,Type";"frame,shape,size,Type";"dark-wood:#ce6600,horizontal,18x12,canvas";"";"";"";"";"";"";"0";"0";"0";"0";"5";"1";"";"0";"0";"";"0000-00-00";"";"";"2";""
"";"";"89";"";"";"color,radio,color,radio";"frame,Shape,size,Type";"frame,shape,size,Type";"charcol-black:#3b1200,horizontal,18x12,canvas";"";"";"";"";"";"";"0";"0";"0";"0";"5";"1";"";"0";"0";"";"0000-00-00";"";"";"2";""
"";"";"89";"";"";"color,radio,color,radio";"frame,Shape,size,Type";"frame,shape,size,Type";"charcol-white:#e3fffe,horizontal,18x12,canvas";"";"";"";"";"";"";"0";"0";"0";"0";"5";"1";"";"0";"0";"";"0000-00-00";"";"";"2";""
"";"";"89";"";"";"color,radio,color,radio";"frame,Shape,size,Type";"frame,shape,size,Type";"pine-wood:#a3afff,horizontal,18x12,canvas";"";"";"";"";"";"";"0";"0";"0";"0";"5";"1";"";"0";"0";"";"0000-00-00";"";"";"2";""
"";"";"89";"";"";"color,radio,color,radio";"frame,Shape,size,Type";"frame,shape,size,Type";"none:#62ff43,horizontal,24x16,canvas";"";"";"";"";"";"";"0";"0";"0";"0";"5";"1";"";"0";"0";"";"0000-00-00";"";"";"2";""
"";"";"89";"";"";"color,radio,color,radio";"frame,Shape,size,Type";"frame,shape,size,Type";"natural-wood:#ffd083,horizontal,24x16,canvas";"";"";"";"";"";"";"0";"0";"0";"0";"5";"1";"";"0";"0";"";"0000-00-00";"";"";"2";""
"";"";"89";"";"";"color,radio,color,radio";"frame,Shape,size,Type";"frame,shape,size,Type";"dark-wood:#ce6600,horizontal,24x16,canvas";"";"";"";"";"";"";"0";"0";"0";"0";"5";"1";"";"0";"0";"";"0000-00-00";"";"";"2";""
"";"";"89";"";"";"color,radio,color,radio";"frame,Shape,size,Type";"frame,shape,size,Type";"charcol-black:#3b1200,horizontal,24x16,canvas";"";"";"";"";"";"";"0";"0";"0";"0";"5";"1";"";"0";"0";"";"0000-00-00";"";"";"2";""
"";"";"89";"";"";"color,radio,color,radio";"frame,Shape,size,Type";"frame,shape,size,Type";"charcol-white:#e3fffe,horizontal,24x16,canvas";"";"";"";"";"";"";"0";"0";"0";"0";"5";"1";"";"0";"0";"";"0000-00-00";"";"";"2";""
"";"";"89";"";"";"color,radio,color,radio";"frame,Shape,size,Type";"frame,shape,size,Type";"pine-wood:#a3afff,horizontal,24x16,canvas";"";"";"";"";"";"";"0";"0";"0";"0";"5";"1";"";"0";"0";"";"0000-00-00";"";"";"2";""
"";"";"89";"";"";"color,radio,color,radio";"frame,Shape,size,Type";"frame,shape,size,Type";"none:#62ff43,horizontal,30x20,canvas";"";"";"";"";"";"";"0";"0";"0";"0";"5";"1";"";"0";"0";"";"0000-00-00";"";"";"2";""
"";"";"89";"";"";"color,radio,color,radio";"frame,Shape,size,Type";"frame,shape,size,Type";"natural-wood:#ffd083,horizontal,30x20,canvas";"";"";"";"";"";"";"0";"0";"0";"0";"5";"1";"";"0";"0";"";"0000-00-00";"";"";"2";""
"";"";"89";"";"";"color,radio,color,radio";"frame,Shape,size,Type";"frame,shape,size,Type";"dark-wood:#ce6600,horizontal,30x20,canvas";"";"";"";"";"";"";"0";"0";"0";"0";"5";"1";"";"0";"0";"";"0000-00-00";"";"";"2";""
"";"";"89";"";"";"color,radio,color,radio";"frame,Shape,size,Type";"frame,shape,size,Type";"charcol-black:#3b1200,horizontal,30x20,canvas";"";"";"";"";"";"";"0";"0";"0";"0";"5";"1";"";"0";"0";"";"0000-00-00";"";"";"2";""
"";"";"89";"";"";"color,radio,color,radio";"frame,Shape,size,Type";"frame,shape,size,Type";"charcol-white:#e3fffe,horizontal,30x20,canvas";"";"";"";"";"";"";"0";"0";"0";"0";"5";"1";"";"0";"0";"";"0000-00-00";"";"";"2";""
"";"";"89";"";"";"color,radio,color,radio";"frame,Shape,size,Type";"frame,shape,size,Type";"pine-wood:#a3afff,horizontal,30x20,canvas";"";"";"";"";"";"";"0";"0";"0";"0";"5";"1";"";"0";"0";"";"0000-00-00";"";"";"2";""
"";"";"89";"";"";"color,radio,color,radio";"frame,Shape,size,Type";"frame,shape,size,Type";"none:#62ff43,horizontal,36x24,canvas";"";"";"";"";"";"";"0";"0";"0";"0";"5";"1";"";"0";"0";"";"0000-00-00";"";"";"2";""
"";"";"89";"";"";"color,radio,color,radio";"frame,Shape,size,Type";"frame,shape,size,Type";"natural-wood:#ffd083,horizontal,36x24,canvas";"";"";"";"";"";"";"0";"0";"0";"0";"5";"1";"";"0";"0";"";"0000-00-00";"";"";"2";""
"";"";"89";"";"";"color,radio,color,radio";"frame,Shape,size,Type";"frame,shape,size,Type";"dark-wood:#ce6600,horizontal,36x24,canvas";"";"";"";"";"";"";"0";"0";"0";"0";"5";"1";"";"0";"0";"";"0000-00-00";"";"";"2";""
"";"";"89";"";"";"color,radio,color,radio";"frame,Shape,size,Type";"frame,shape,size,Type";"charcol-black:#3b1200,horizontal,36x24,canvas";"";"";"";"";"";"";"0";"0";"0";"0";"5";"1";"";"0";"0";"";"0000-00-00";"";"";"2";""
"";"";"89";"";"";"color,radio,color,radio";"frame,Shape,size,Type";"frame,shape,size,Type";"charcol-white:#e3fffe,horizontal,36x24,canvas";"";"";"";"";"";"";"0";"0";"0";"0";"5";"1";"";"0";"0";"";"0000-00-00";"";"";"2";""
"";"";"89";"";"";"color,radio,color,radio";"frame,Shape,size,Type";"frame,shape,size,Type";"pine-wood:#a3afff,horizontal,36x24,canvas";"";"";"";"";"";"";"0";"0";"0";"0";"5";"1";"";"0";"0";"";"0000-00-00";"";"";"2";""
"";"";"89";"";"";"color,radio,color,radio";"frame,Shape,size,Type";"frame,shape,size,Type";"none:#62ff43,horizontal,30x45,canvas";"";"";"";"";"";"";"0";"0";"0";"0";"5";"1";"";"0";"0";"";"0000-00-00";"";"";"2";""
"";"";"89";"";"";"color,radio,color,radio";"frame,Shape,size,Type";"frame,shape,size,Type";"natural-wood:#ffd083,horizontal,30x45,canvas";"";"";"";"";"";"";"0";"0";"0";"0";"5";"1";"";"0";"0";"";"0000-00-00";"";"";"2";""
"";"";"89";"";"";"color,radio,color,radio";"frame,Shape,size,Type";"frame,shape,size,Type";"dark-wood:#ce6600,horizontal,30x45,canvas";"";"";"";"";"";"";"0";"0";"0";"0";"5";"1";"";"0";"0";"";"0000-00-00";"";"";"2";""
"";"";"89";"";"";"color,radio,color,radio";"frame,Shape,size,Type";"frame,shape,size,Type";"charcol-black:#3b1200,horizontal,30x45,canvas";"";"";"";"";"";"";"0";"0";"0";"0";"5";"1";"";"0";"0";"";"0000-00-00";"";"";"2";""
"";"";"89";"";"";"color,radio,color,radio";"frame,Shape,size,Type";"frame,shape,size,Type";"charcol-white:#e3fffe,horizontal,30x45,canvas";"";"";"";"";"";"";"0";"0";"0";"0";"5";"1";"";"0";"0";"";"0000-00-00";"";"";"2";""
"";"";"89";"";"";"color,radio,color,radio";"frame,Shape,size,Type";"frame,shape,size,Type";"pine-wood:#a3afff,horizontal,30x45,canvas";"";"";"";"";"";"";"0";"0";"0";"0";"5";"1";"";"0";"0";"";"0000-00-00";"";"";"2";""
"";"";"89";"";"";"color,radio,color,radio";"frame,Shape,size,Type";"frame,shape,size,Type";"none:#62ff43,horizontal,15x10,fine-art-paper";"";"";"";"";"";"";"0";"0";"0";"0";"5";"1";"";"0";"0";"";"0000-00-00";"";"";"2";""
"";"";"89";"";"";"color,radio,color,radio";"frame,Shape,size,Type";"frame,shape,size,Type";"natural-wood:#ffd083,horizontal,15x10,fine-art-paper";"";"";"";"";"";"";"0";"0";"0";"0";"5";"1";"";"0";"0";"";"0000-00-00";"";"";"2";""
"";"";"89";"";"";"color,radio,color,radio";"frame,Shape,size,Type";"frame,shape,size,Type";"dark-wood:#ce6600,horizontal,15x10,fine-art-paper";"";"";"";"";"";"";"0";"0";"0";"0";"5";"1";"";"0";"0";"";"0000-00-00";"";"";"2";""
"";"";"89";"";"";"color,radio,color,radio";"frame,Shape,size,Type";"frame,shape,size,Type";"charcol-black:#3b1200,horizontal,15x10,fine-art-paper";"";"";"";"";"";"";"0";"0";"0";"0";"5";"1";"";"0";"0";"";"0000-00-00";"";"";"2";""
"";"";"89";"";"";"color,radio,color,radio";"frame,Shape,size,Type";"frame,shape,size,Type";"charcol-white:#e3fffe,horizontal,15x10,fine-art-paper";"";"";"";"";"";"";"0";"0";"0";"0";"5";"1";"";"0";"0";"";"0000-00-00";"";"";"2";""
"";"";"89";"";"";"color,radio,color,radio";"frame,Shape,size,Type";"frame,shape,size,Type";"pine-wood:#a3afff,horizontal,15x10,fine-art-paper";"";"";"";"";"";"";"0";"0";"0";"0";"5";"1";"";"0";"0";"";"0000-00-00";"";"";"2";""
"";"";"89";"";"";"color,radio,color,radio";"frame,Shape,size,Type";"frame,shape,size,Type";"none:#62ff43,horizontal,18x12,fine-art-paper";"";"";"";"";"";"";"0";"0";"0";"0";"5";"1";"";"0";"0";"";"0000-00-00";"";"";"2";""
"";"";"89";"";"";"color,radio,color,radio";"frame,Shape,size,Type";"frame,shape,size,Type";"natural-wood:#ffd083,horizontal,18x12,fine-art-paper";"";"";"";"";"";"";"0";"0";"0";"0";"5";"1";"";"0";"0";"";"0000-00-00";"";"";"2";""
"";"";"89";"";"";"color,radio,color,radio";"frame,Shape,size,Type";"frame,shape,size,Type";"dark-wood:#ce6600,horizontal,18x12,fine-art-paper";"";"";"";"";"";"";"0";"0";"0";"0";"5";"1";"";"0";"0";"";"0000-00-00";"";"";"2";""
"";"";"89";"";"";"color,radio,color,radio";"frame,Shape,size,Type";"frame,shape,size,Type";"charcol-black:#3b1200,horizontal,18x12,fine-art-paper";"";"";"";"";"";"";"0";"0";"0";"0";"5";"1";"";"0";"0";"";"0000-00-00";"";"";"2";""
"";"";"89";"";"";"color,radio,color,radio";"frame,Shape,size,Type";"frame,shape,size,Type";"charcol-white:#e3fffe,horizontal,18x12,fine-art-paper";"";"";"";"";"";"";"0";"0";"0";"0";"5";"1";"";"0";"0";"";"0000-00-00";"";"";"2";""
"";"";"89";"";"";"color,radio,color,radio";"frame,Shape,size,Type";"frame,shape,size,Type";"pine-wood:#a3afff,horizontal,18x12,fine-art-paper";"";"";"";"";"";"";"0";"0";"0";"0";"5";"1";"";"0";"0";"";"0000-00-00";"";"";"2";""
"";"";"89";"";"";"color,radio,color,radio";"frame,Shape,size,Type";"frame,shape,size,Type";"none:#62ff43,horizontal,24x16,fine-art-paper";"";"";"";"";"";"";"0";"0";"0";"0";"5";"1";"";"0";"0";"";"0000-00-00";"";"";"2";""
"";"";"89";"";"";"color,radio,color,radio";"frame,Shape,size,Type";"frame,shape,size,Type";"natural-wood:#ffd083,horizontal,24x16,fine-art-paper";"";"";"";"";"";"";"0";"0";"0";"0";"5";"1";"";"0";"0";"";"0000-00-00";"";"";"2";""
"";"";"89";"";"";"color,radio,color,radio";"frame,Shape,size,Type";"frame,shape,size,Type";"dark-wood:#ce6600,horizontal,24x16,fine-art-paper";"";"";"";"";"";"";"0";"0";"0";"0";"5";"1";"";"0";"0";"";"0000-00-00";"";"";"2";""
"";"";"89";"";"";"color,radio,color,radio";"frame,Shape,size,Type";"frame,shape,size,Type";"charcol-black:#3b1200,horizontal,24x16,fine-art-paper";"";"";"";"";"";"";"0";"0";"0";"0";"5";"1";"";"0";"0";"";"0000-00-00";"";"";"2";""
"";"";"89";"";"";"color,radio,color,radio";"frame,Shape,size,Type";"frame,shape,size,Type";"charcol-white:#e3fffe,horizontal,24x16,fine-art-paper";"";"";"";"";"";"";"0";"0";"0";"0";"5";"1";"";"0";"0";"";"0000-00-00";"";"";"2";""
"";"";"89";"";"";"color,radio,color,radio";"frame,Shape,size,Type";"frame,shape,size,Type";"pine-wood:#a3afff,horizontal,24x16,fine-art-paper";"";"";"";"";"";"";"0";"0";"0";"0";"5";"1";"";"0";"0";"";"0000-00-00";"";"";"2";""
"";"";"89";"";"";"color,radio,color,radio";"frame,Shape,size,Type";"frame,shape,size,Type";"none:#62ff43,horizontal,30x20,fine-art-paper";"";"";"";"";"";"";"0";"0";"0";"0";"5";"1";"";"0";"0";"";"0000-00-00";"";"";"2";""
"";"";"89";"";"";"color,radio,color,radio";"frame,Shape,size,Type";"frame,shape,size,Type";"natural-wood:#ffd083,horizontal,30x20,fine-art-paper";"";"";"";"";"";"";"0";"0";"0";"0";"5";"1";"";"0";"0";"";"0000-00-00";"";"";"2";""
"";"";"89";"";"";"color,radio,color,radio";"frame,Shape,size,Type";"frame,shape,size,Type";"dark-wood:#ce6600,horizontal,30x20,fine-art-paper";"";"";"";"";"";"";"0";"0";"0";"0";"5";"1";"";"0";"0";"";"0000-00-00";"";"";"2";""
"";"";"89";"";"";"color,radio,color,radio";"frame,Shape,size,Type";"frame,shape,size,Type";"charcol-black:#3b1200,horizontal,30x20,fine-art-paper";"";"";"";"";"";"";"0";"0";"0";"0";"5";"1";"";"0";"0";"";"0000-00-00";"";"";"2";""
"";"";"89";"";"";"color,radio,color,radio";"frame,Shape,size,Type";"frame,shape,size,Type";"charcol-white:#e3fffe,horizontal,30x20,fine-art-paper";"";"";"";"";"";"";"0";"0";"0";"0";"5";"1";"";"0";"0";"";"0000-00-00";"";"";"2";""
"";"";"89";"";"";"color,radio,color,radio";"frame,Shape,size,Type";"frame,shape,size,Type";"pine-wood:#a3afff,horizontal,30x20,fine-art-paper";"";"";"";"";"";"";"0";"0";"0";"0";"5";"1";"";"0";"0";"";"0000-00-00";"";"";"2";""
"";"";"89";"";"";"color,radio,color,radio";"frame,Shape,size,Type";"frame,shape,size,Type";"none:#62ff43,horizontal,36x24,fine-art-paper";"";"";"";"";"";"";"0";"0";"0";"0";"5";"1";"";"0";"0";"";"0000-00-00";"";"";"2";""
"";"";"89";"";"";"color,radio,color,radio";"frame,Shape,size,Type";"frame,shape,size,Type";"natural-wood:#ffd083,horizontal,36x24,fine-art-paper";"";"";"";"";"";"";"0";"0";"0";"0";"5";"1";"";"0";"0";"";"0000-00-00";"";"";"2";""
"";"";"89";"";"";"color,radio,color,radio";"frame,Shape,size,Type";"frame,shape,size,Type";"dark-wood:#ce6600,horizontal,36x24,fine-art-paper";"";"";"";"";"";"";"0";"0";"0";"0";"5";"1";"";"0";"0";"";"0000-00-00";"";"";"2";""
"";"";"89";"";"";"color,radio,color,radio";"frame,Shape,size,Type";"frame,shape,size,Type";"charcol-black:#3b1200,horizontal,36x24,fine-art-paper";"";"";"";"";"";"";"0";"0";"0";"0";"5";"1";"";"0";"0";"";"0000-00-00";"";"";"2";""
"";"";"89";"";"";"color,radio,color,radio";"frame,Shape,size,Type";"frame,shape,size,Type";"charcol-white:#e3fffe,horizontal,36x24,fine-art-paper";"";"";"";"";"";"";"0";"0";"0";"0";"5";"1";"";"0";"0";"";"0000-00-00";"";"";"2";""
"";"";"89";"";"";"color,radio,color,radio";"frame,Shape,size,Type";"frame,shape,size,Type";"pine-wood:#a3afff,horizontal,36x24,fine-art-paper";"";"";"";"";"";"";"0";"0";"0";"0";"5";"1";"";"0";"0";"";"0000-00-00";"";"";"2";""
"";"";"89";"";"";"color,radio,color,radio";"frame,Shape,size,Type";"frame,shape,size,Type";"none:#62ff43,horizontal,30x45,fine-art-paper";"";"";"";"";"";"";"0";"0";"0";"0";"5";"1";"";"0";"0";"";"0000-00-00";"";"";"2";""
"";"";"89";"";"";"color,radio,color,radio";"frame,Shape,size,Type";"frame,shape,size,Type";"natural-wood:#ffd083,horizontal,30x45,fine-art-paper";"";"";"";"";"";"";"0";"0";"0";"0";"5";"1";"";"0";"0";"";"0000-00-00";"";"";"2";""
"";"";"89";"";"";"color,radio,color,radio";"frame,Shape,size,Type";"frame,shape,size,Type";"dark-wood:#ce6600,horizontal,30x45,fine-art-paper";"";"";"";"";"";"";"0";"0";"0";"0";"5";"1";"";"0";"0";"";"0000-00-00";"";"";"2";""
"";"";"89";"";"";"color,radio,color,radio";"frame,Shape,size,Type";"frame,shape,size,Type";"charcol-black:#3b1200,horizontal,30x45,fine-art-paper";"";"";"";"";"";"";"0";"0";"0";"0";"5";"1";"";"0";"0";"";"0000-00-00";"";"";"2";""
"";"";"89";"";"";"color,radio,color,radio";"frame,Shape,size,Type";"frame,shape,size,Type";"charcol-white:#e3fffe,horizontal,30x45,fine-art-paper";"";"";"";"";"";"";"0";"0";"0";"0";"5";"1";"";"0";"0";"";"0000-00-00";"";"";"2";""
"";"";"89";"";"";"color,radio,color,radio";"frame,Shape,size,Type";"frame,shape,size,Type";"pine-wood:#a3afff,horizontal,30x45,fine-art-paper";"";"";"";"";"";"";"0";"0";"0";"0";"5";"1";"";"0";"0";"";"0000-00-00";"";"";"2";""
"";"";"92";"";"";"color,radio,color,radio";"frame,Shape,size,Type";"frame,shape,size,Type";"none:#62ff43,horizontal,15x10,canvas";"";"";"";"";"";"";"0";"0";"0";"0";"5";"1";"";"0";"0";"1";"0000-00-00";"";"";"2";""
"";"";"92";"";"";"color,radio,color,radio";"frame,Shape,size,Type";"frame,shape,size,Type";"natural-wood:#ffd083,horizontal,15x10,canvas";"";"";"";"";"";"";"0";"0";"0";"0";"5";"1";"";"0";"0";"";"0000-00-00";"";"";"2";""
"";"";"92";"";"";"color,radio,color,radio";"frame,Shape,size,Type";"frame,shape,size,Type";"dark-wood:#ce6600,horizontal,15x10,canvas";"";"";"";"";"";"";"0";"0";"0";"0";"5";"1";"";"0";"0";"";"0000-00-00";"";"";"2";""
"";"";"92";"";"";"color,radio,color,radio";"frame,Shape,size,Type";"frame,shape,size,Type";"charcol-black:#3b1200,horizontal,15x10,canvas";"";"";"";"";"";"";"0";"0";"0";"0";"5";"1";"";"0";"0";"";"0000-00-00";"";"";"2";""
"";"";"92";"";"";"color,radio,color,radio";"frame,Shape,size,Type";"frame,shape,size,Type";"charcol-white:#e3fffe,horizontal,15x10,canvas";"";"";"";"";"";"";"0";"0";"0";"0";"5";"1";"";"0";"0";"";"0000-00-00";"";"";"2";""
"";"";"92";"";"";"color,radio,color,radio";"frame,Shape,size,Type";"frame,shape,size,Type";"pine-wood:#a3afff,horizontal,15x10,canvas";"";"";"";"";"";"";"0";"0";"0";"0";"5";"1";"";"0";"0";"";"0000-00-00";"";"";"2";""
"";"";"92";"";"";"color,radio,color,radio";"frame,Shape,size,Type";"frame,shape,size,Type";"none:#62ff43,horizontal,18x12,canvas";"";"";"";"";"";"";"0";"0";"0";"0";"5";"1";"";"0";"0";"";"0000-00-00";"";"";"2";""
"";"";"92";"";"";"color,radio,color,radio";"frame,Shape,size,Type";"frame,shape,size,Type";"natural-wood:#ffd083,horizontal,18x12,canvas";"";"";"";"";"";"";"0";"0";"0";"0";"5";"1";"";"0";"0";"";"0000-00-00";"";"";"2";""
"";"";"92";"";"";"color,radio,color,radio";"frame,Shape,size,Type";"frame,shape,size,Type";"dark-wood:#ce6600,horizontal,18x12,canvas";"";"";"";"";"";"";"0";"0";"0";"0";"5";"1";"";"0";"0";"";"0000-00-00";"";"";"2";""
"";"";"92";"";"";"color,radio,color,radio";"frame,Shape,size,Type";"frame,shape,size,Type";"charcol-black:#3b1200,horizontal,18x12,canvas";"";"";"";"";"";"";"0";"0";"0";"0";"5";"1";"";"0";"0";"";"0000-00-00";"";"";"2";""
"";"";"92";"";"";"color,radio,color,radio";"frame,Shape,size,Type";"frame,shape,size,Type";"charcol-white:#e3fffe,horizontal,18x12,canvas";"";"";"";"";"";"";"0";"0";"0";"0";"5";"1";"";"0";"0";"";"0000-00-00";"";"";"2";""
"";"";"92";"";"";"color,radio,color,radio";"frame,Shape,size,Type";"frame,shape,size,Type";"pine-wood:#a3afff,horizontal,18x12,canvas";"";"";"";"";"";"";"0";"0";"0";"0";"5";"1";"";"0";"0";"";"0000-00-00";"";"";"2";""
"";"";"92";"";"";"color,radio,color,radio";"frame,Shape,size,Type";"frame,shape,size,Type";"none:#62ff43,horizontal,24x16,canvas";"";"";"";"";"";"";"0";"0";"0";"0";"5";"1";"";"0";"0";"";"0000-00-00";"";"";"2";""
"";"";"92";"";"";"color,radio,color,radio";"frame,Shape,size,Type";"frame,shape,size,Type";"natural-wood:#ffd083,horizontal,24x16,canvas";"";"";"";"";"";"";"0";"0";"0";"0";"5";"1";"";"0";"0";"";"0000-00-00";"";"";"2";""
"";"";"92";"";"";"color,radio,color,radio";"frame,Shape,size,Type";"frame,shape,size,Type";"dark-wood:#ce6600,horizontal,24x16,canvas";"";"";"";"";"";"";"0";"0";"0";"0";"5";"1";"";"0";"0";"";"0000-00-00";"";"";"2";""
"";"";"92";"";"";"color,radio,color,radio";"frame,Shape,size,Type";"frame,shape,size,Type";"charcol-black:#3b1200,horizontal,24x16,canvas";"";"";"";"";"";"";"0";"0";"0";"0";"5";"1";"";"0";"0";"";"0000-00-00";"";"";"2";""
"";"";"92";"";"";"color,radio,color,radio";"frame,Shape,size,Type";"frame,shape,size,Type";"charcol-white:#e3fffe,horizontal,24x16,canvas";"";"";"";"";"";"";"0";"0";"0";"0";"5";"1";"";"0";"0";"";"0000-00-00";"";"";"2";""
"";"";"92";"";"";"color,radio,color,radio";"frame,Shape,size,Type";"frame,shape,size,Type";"pine-wood:#a3afff,horizontal,24x16,canvas";"";"";"";"";"";"";"0";"0";"0";"0";"5";"1";"";"0";"0";"";"0000-00-00";"";"";"2";""
"";"";"92";"";"";"color,radio,color,radio";"frame,Shape,size,Type";"frame,shape,size,Type";"none:#62ff43,horizontal,30x20,canvas";"";"";"";"";"";"";"0";"0";"0";"0";"5";"1";"";"0";"0";"";"0000-00-00";"";"";"2";""
"";"";"92";"";"";"color,radio,color,radio";"frame,Shape,size,Type";"frame,shape,size,Type";"natural-wood:#ffd083,horizontal,30x20,canvas";"";"";"";"";"";"";"0";"0";"0";"0";"5";"1";"";"0";"0";"";"0000-00-00";"";"";"2";""
"";"";"92";"";"";"color,radio,color,radio";"frame,Shape,size,Type";"frame,shape,size,Type";"dark-wood:#ce6600,horizontal,30x20,canvas";"";"";"";"";"";"";"0";"0";"0";"0";"5";"1";"";"0";"0";"";"0000-00-00";"";"";"2";""
"";"";"92";"";"";"color,radio,color,radio";"frame,Shape,size,Type";"frame,shape,size,Type";"charcol-black:#3b1200,horizontal,30x20,canvas";"";"";"";"";"";"";"0";"0";"0";"0";"5";"1";"";"0";"0";"";"0000-00-00";"";"";"2";""
"";"";"92";"";"";"color,radio,color,radio";"frame,Shape,size,Type";"frame,shape,size,Type";"charcol-white:#e3fffe,horizontal,30x20,canvas";"";"";"";"";"";"";"0";"0";"0";"0";"5";"1";"";"0";"0";"";"0000-00-00";"";"";"2";""
"";"";"92";"";"";"color,radio,color,radio";"frame,Shape,size,Type";"frame,shape,size,Type";"pine-wood:#a3afff,horizontal,30x20,canvas";"";"";"";"";"";"";"0";"0";"0";"0";"5";"1";"";"0";"0";"";"0000-00-00";"";"";"2";""
"";"";"92";"";"";"color,radio,color,radio";"frame,Shape,size,Type";"frame,shape,size,Type";"none:#62ff43,horizontal,36x24,canvas";"";"";"";"";"";"";"0";"0";"0";"0";"5";"1";"";"0";"0";"";"0000-00-00";"";"";"2";""
"";"";"92";"";"";"color,radio,color,radio";"frame,Shape,size,Type";"frame,shape,size,Type";"natural-wood:#ffd083,horizontal,36x24,canvas";"";"";"";"";"";"";"0";"0";"0";"0";"5";"1";"";"0";"0";"";"0000-00-00";"";"";"2";""
"";"";"92";"";"";"color,radio,color,radio";"frame,Shape,size,Type";"frame,shape,size,Type";"dark-wood:#ce6600,horizontal,36x24,canvas";"";"";"";"";"";"";"0";"0";"0";"0";"5";"1";"";"0";"0";"";"0000-00-00";"";"";"2";""
"";"";"92";"";"";"color,radio,color,radio";"frame,Shape,size,Type";"frame,shape,size,Type";"charcol-black:#3b1200,horizontal,36x24,canvas";"";"";"";"";"";"";"0";"0";"0";"0";"5";"1";"";"0";"0";"";"0000-00-00";"";"";"2";""
"";"";"92";"";"";"color,radio,color,radio";"frame,Shape,size,Type";"frame,shape,size,Type";"charcol-white:#e3fffe,horizontal,36x24,canvas";"";"";"";"";"";"";"0";"0";"0";"0";"5";"1";"";"0";"0";"";"0000-00-00";"";"";"2";""
"";"";"92";"";"";"color,radio,color,radio";"frame,Shape,size,Type";"frame,shape,size,Type";"pine-wood:#a3afff,horizontal,36x24,canvas";"";"";"";"";"";"";"0";"0";"0";"0";"5";"1";"";"0";"0";"";"0000-00-00";"";"";"2";""
"";"";"92";"";"";"color,radio,color,radio";"frame,Shape,size,Type";"frame,shape,size,Type";"none:#62ff43,horizontal,30x45,canvas";"";"";"";"";"";"";"0";"0";"0";"0";"5";"1";"";"0";"0";"";"0000-00-00";"";"";"2";""
"";"";"92";"";"";"color,radio,color,radio";"frame,Shape,size,Type";"frame,shape,size,Type";"natural-wood:#ffd083,horizontal,30x45,canvas";"";"";"";"";"";"";"0";"0";"0";"0";"5";"1";"";"0";"0";"";"0000-00-00";"";"";"2";""
"";"";"92";"";"";"color,radio,color,radio";"frame,Shape,size,Type";"frame,shape,size,Type";"dark-wood:#ce6600,horizontal,30x45,canvas";"";"";"";"";"";"";"0";"0";"0";"0";"5";"1";"";"0";"0";"";"0000-00-00";"";"";"2";""
"";"";"92";"";"";"color,radio,color,radio";"frame,Shape,size,Type";"frame,shape,size,Type";"charcol-black:#3b1200,horizontal,30x45,canvas";"";"";"";"";"";"";"0";"0";"0";"0";"5";"1";"";"0";"0";"";"0000-00-00";"";"";"2";""
"";"";"92";"";"";"color,radio,color,radio";"frame,Shape,size,Type";"frame,shape,size,Type";"charcol-white:#e3fffe,horizontal,30x45,canvas";"";"";"";"";"";"";"0";"0";"0";"0";"5";"1";"";"0";"0";"";"0000-00-00";"";"";"2";""
"";"";"92";"";"";"color,radio,color,radio";"frame,Shape,size,Type";"frame,shape,size,Type";"pine-wood:#a3afff,horizontal,30x45,canvas";"";"";"";"";"";"";"0";"0";"0";"0";"5";"1";"";"0";"0";"";"0000-00-00";"";"";"2";""
"";"";"92";"";"";"color,radio,color,radio";"frame,Shape,size,Type";"frame,shape,size,Type";"none:#62ff43,horizontal,15x10,fine-art-paper";"";"";"";"";"";"";"0";"0";"0";"0";"5";"1";"";"0";"0";"";"0000-00-00";"";"";"2";""
"";"";"92";"";"";"color,radio,color,radio";"frame,Shape,size,Type";"frame,shape,size,Type";"natural-wood:#ffd083,horizontal,15x10,fine-art-paper";"";"";"";"";"";"";"0";"0";"0";"0";"5";"1";"";"0";"0";"";"0000-00-00";"";"";"2";""
"";"";"92";"";"";"color,radio,color,radio";"frame,Shape,size,Type";"frame,shape,size,Type";"dark-wood:#ce6600,horizontal,15x10,fine-art-paper";"";"";"";"";"";"";"0";"0";"0";"0";"5";"1";"";"0";"0";"";"0000-00-00";"";"";"2";""
"";"";"92";"";"";"color,radio,color,radio";"frame,Shape,size,Type";"frame,shape,size,Type";"charcol-black:#3b1200,horizontal,15x10,fine-art-paper";"";"";"";"";"";"";"0";"0";"0";"0";"5";"1";"";"0";"0";"";"0000-00-00";"";"";"2";""
"";"";"92";"";"";"color,radio,color,radio";"frame,Shape,size,Type";"frame,shape,size,Type";"charcol-white:#e3fffe,horizontal,15x10,fine-art-paper";"";"";"";"";"";"";"0";"0";"0";"0";"5";"1";"";"0";"0";"";"0000-00-00";"";"";"2";""
"";"";"92";"";"";"color,radio,color,radio";"frame,Shape,size,Type";"frame,shape,size,Type";"pine-wood:#a3afff,horizontal,15x10,fine-art-paper";"";"";"";"";"";"";"0";"0";"0";"0";"5";"1";"";"0";"0";"";"0000-00-00";"";"";"2";""
"";"";"92";"";"";"color,radio,color,radio";"frame,Shape,size,Type";"frame,shape,size,Type";"none:#62ff43,horizontal,18x12,fine-art-paper";"";"";"";"";"";"";"0";"0";"0";"0";"5";"1";"";"0";"0";"";"0000-00-00";"";"";"2";""
"";"";"92";"";"";"color,radio,color,radio";"frame,Shape,size,Type";"frame,shape,size,Type";"natural-wood:#ffd083,horizontal,18x12,fine-art-paper";"";"";"";"";"";"";"0";"0";"0";"0";"5";"1";"";"0";"0";"";"0000-00-00";"";"";"2";""
"";"";"92";"";"";"color,radio,color,radio";"frame,Shape,size,Type";"frame,shape,size,Type";"dark-wood:#ce6600,horizontal,18x12,fine-art-paper";"";"";"";"";"";"";"0";"0";"0";"0";"5";"1";"";"0";"0";"";"0000-00-00";"";"";"2";""
"";"";"92";"";"";"color,radio,color,radio";"frame,Shape,size,Type";"frame,shape,size,Type";"charcol-black:#3b1200,horizontal,18x12,fine-art-paper";"";"";"";"";"";"";"0";"0";"0";"0";"5";"1";"";"0";"0";"";"0000-00-00";"";"";"2";""
"";"";"92";"";"";"color,radio,color,radio";"frame,Shape,size,Type";"frame,shape,size,Type";"charcol-white:#e3fffe,horizontal,18x12,fine-art-paper";"";"";"";"";"";"";"0";"0";"0";"0";"5";"1";"";"0";"0";"";"0000-00-00";"";"";"2";""
"";"";"92";"";"";"color,radio,color,radio";"frame,Shape,size,Type";"frame,shape,size,Type";"pine-wood:#a3afff,horizontal,18x12,fine-art-paper";"";"";"";"";"";"";"0";"0";"0";"0";"5";"1";"";"0";"0";"";"0000-00-00";"";"";"2";""
"";"";"92";"";"";"color,radio,color,radio";"frame,Shape,size,Type";"frame,shape,size,Type";"none:#62ff43,horizontal,24x16,fine-art-paper";"";"";"";"";"";"";"0";"0";"0";"0";"5";"1";"";"0";"0";"";"0000-00-00";"";"";"2";""
"";"";"92";"";"";"color,radio,color,radio";"frame,Shape,size,Type";"frame,shape,size,Type";"natural-wood:#ffd083,horizontal,24x16,fine-art-paper";"";"";"";"";"";"";"0";"0";"0";"0";"5";"1";"";"0";"0";"";"0000-00-00";"";"";"2";""
"";"";"92";"";"";"color,radio,color,radio";"frame,Shape,size,Type";"frame,shape,size,Type";"dark-wood:#ce6600,horizontal,24x16,fine-art-paper";"";"";"";"";"";"";"0";"0";"0";"0";"5";"1";"";"0";"0";"";"0000-00-00";"";"";"2";""
"";"";"92";"";"";"color,radio,color,radio";"frame,Shape,size,Type";"frame,shape,size,Type";"charcol-black:#3b1200,horizontal,24x16,fine-art-paper";"";"";"";"";"";"";"0";"0";"0";"0";"5";"1";"";"0";"0";"";"0000-00-00";"";"";"2";""
"";"";"92";"";"";"color,radio,color,radio";"frame,Shape,size,Type";"frame,shape,size,Type";"charcol-white:#e3fffe,horizontal,24x16,fine-art-paper";"";"";"";"";"";"";"0";"0";"0";"0";"5";"1";"";"0";"0";"";"0000-00-00";"";"";"2";""
"";"";"92";"";"";"color,radio,color,radio";"frame,Shape,size,Type";"frame,shape,size,Type";"pine-wood:#a3afff,horizontal,24x16,fine-art-paper";"";"";"";"";"";"";"0";"0";"0";"0";"5";"1";"";"0";"0";"";"0000-00-00";"";"";"2";""
"";"";"92";"";"";"color,radio,color,radio";"frame,Shape,size,Type";"frame,shape,size,Type";"none:#62ff43,horizontal,30x20,fine-art-paper";"";"";"";"";"";"";"0";"0";"0";"0";"5";"1";"";"0";"0";"";"0000-00-00";"";"";"2";""
"";"";"92";"";"";"color,radio,color,radio";"frame,Shape,size,Type";"frame,shape,size,Type";"natural-wood:#ffd083,horizontal,30x20,fine-art-paper";"";"";"";"";"";"";"0";"0";"0";"0";"5";"1";"";"0";"0";"";"0000-00-00";"";"";"2";""
"";"";"92";"";"";"color,radio,color,radio";"frame,Shape,size,Type";"frame,shape,size,Type";"dark-wood:#ce6600,horizontal,30x20,fine-art-paper";"";"";"";"";"";"";"0";"0";"0";"0";"5";"1";"";"0";"0";"";"0000-00-00";"";"";"2";""
"";"";"92";"";"";"color,radio,color,radio";"frame,Shape,size,Type";"frame,shape,size,Type";"charcol-black:#3b1200,horizontal,30x20,fine-art-paper";"";"";"";"";"";"";"0";"0";"0";"0";"5";"1";"";"0";"0";"";"0000-00-00";"";"";"2";""
"";"";"92";"";"";"color,radio,color,radio";"frame,Shape,size,Type";"frame,shape,size,Type";"charcol-white:#e3fffe,horizontal,30x20,fine-art-paper";"";"";"";"";"";"";"0";"0";"0";"0";"5";"1";"";"0";"0";"";"0000-00-00";"";"";"2";""
"";"";"92";"";"";"color,radio,color,radio";"frame,Shape,size,Type";"frame,shape,size,Type";"pine-wood:#a3afff,horizontal,30x20,fine-art-paper";"";"";"";"";"";"";"0";"0";"0";"0";"5";"1";"";"0";"0";"";"0000-00-00";"";"";"2";""
"";"";"92";"";"";"color,radio,color,radio";"frame,Shape,size,Type";"frame,shape,size,Type";"none:#62ff43,horizontal,36x24,fine-art-paper";"";"";"";"";"";"";"0";"0";"0";"0";"5";"1";"";"0";"0";"";"0000-00-00";"";"";"2";""
"";"";"92";"";"";"color,radio,color,radio";"frame,Shape,size,Type";"frame,shape,size,Type";"natural-wood:#ffd083,horizontal,36x24,fine-art-paper";"";"";"";"";"";"";"0";"0";"0";"0";"5";"1";"";"0";"0";"";"0000-00-00";"";"";"2";""
"";"";"92";"";"";"color,radio,color,radio";"frame,Shape,size,Type";"frame,shape,size,Type";"dark-wood:#ce6600,horizontal,36x24,fine-art-paper";"";"";"";"";"";"";"0";"0";"0";"0";"5";"1";"";"0";"0";"";"0000-00-00";"";"";"2";""
"";"";"92";"";"";"color,radio,color,radio";"frame,Shape,size,Type";"frame,shape,size,Type";"charcol-black:#3b1200,horizontal,36x24,fine-art-paper";"";"";"";"";"";"";"0";"0";"0";"0";"5";"1";"";"0";"0";"";"0000-00-00";"";"";"2";""
"";"";"92";"";"";"color,radio,color,radio";"frame,Shape,size,Type";"frame,shape,size,Type";"charcol-white:#e3fffe,horizontal,36x24,fine-art-paper";"";"";"";"";"";"";"0";"0";"0";"0";"5";"1";"";"0";"0";"";"0000-00-00";"";"";"2";""
"";"";"92";"";"";"color,radio,color,radio";"frame,Shape,size,Type";"frame,shape,size,Type";"pine-wood:#a3afff,horizontal,36x24,fine-art-paper";"";"";"";"";"";"";"0";"0";"0";"0";"5";"1";"";"0";"0";"";"0000-00-00";"";"";"2";""
"";"";"92";"";"";"color,radio,color,radio";"frame,Shape,size,Type";"frame,shape,size,Type";"none:#62ff43,horizontal,30x45,fine-art-paper";"";"";"";"";"";"";"0";"0";"0";"0";"5";"1";"";"0";"0";"";"0000-00-00";"";"";"2";""
"";"";"92";"";"";"color,radio,color,radio";"frame,Shape,size,Type";"frame,shape,size,Type";"natural-wood:#ffd083,horizontal,30x45,fine-art-paper";"";"";"";"";"";"";"0";"0";"0";"0";"5";"1";"";"0";"0";"";"0000-00-00";"";"";"2";""
"";"";"92";"";"";"color,radio,color,radio";"frame,Shape,size,Type";"frame,shape,size,Type";"dark-wood:#ce6600,horizontal,30x45,fine-art-paper";"";"";"";"";"";"";"0";"0";"0";"0";"5";"1";"";"0";"0";"";"0000-00-00";"";"";"2";""
"";"";"92";"";"";"color,radio,color,radio";"frame,Shape,size,Type";"frame,shape,size,Type";"charcol-black:#3b1200,horizontal,30x45,fine-art-paper";"";"";"";"";"";"";"0";"0";"0";"0";"5";"1";"";"0";"0";"";"0000-00-00";"";"";"2";""
"";"";"92";"";"";"color,radio,color,radio";"frame,Shape,size,Type";"frame,shape,size,Type";"charcol-white:#e3fffe,horizontal,30x45,fine-art-paper";"";"";"";"";"";"";"0";"0";"0";"0";"5";"1";"";"0";"0";"";"0000-00-00";"";"";"2";""
"";"";"92";"";"";"color,radio,color,radio";"frame,Shape,size,Type";"frame,shape,size,Type";"pine-wood:#a3afff,horizontal,30x45,fine-art-paper";"";"";"";"";"";"";"0";"0";"0";"0";"5";"1";"";"0";"0";"";"0000-00-00";"";"";"2";""
"";"";"95";"";"";"color,radio,color,radio";"frame,Shape,size,Type";"frame,shape,size,Type";"none:#62ff43,horizontal,15x10,canvas";"";"";"";"";"";"";"0";"0";"0";"0";"5";"1";"";"0";"0";"1";"0000-00-00";"";"";"2";""
"";"";"95";"";"";"color,radio,color,radio";"frame,Shape,size,Type";"frame,shape,size,Type";"natural-wood:#ffd083,horizontal,15x10,canvas";"";"";"";"";"";"";"0";"0";"0";"0";"5";"1";"";"0";"0";"";"0000-00-00";"";"";"2";""
"";"";"95";"";"";"color,radio,color,radio";"frame,Shape,size,Type";"frame,shape,size,Type";"dark-wood:#ce6600,horizontal,15x10,canvas";"";"";"";"";"";"";"0";"0";"0";"0";"5";"1";"";"0";"0";"";"0000-00-00";"";"";"2";""
"";"";"95";"";"";"color,radio,color,radio";"frame,Shape,size,Type";"frame,shape,size,Type";"charcol-black:#3b1200,horizontal,15x10,canvas";"";"";"";"";"";"";"0";"0";"0";"0";"5";"1";"";"0";"0";"";"0000-00-00";"";"";"2";""
"";"";"95";"";"";"color,radio,color,radio";"frame,Shape,size,Type";"frame,shape,size,Type";"charcol-white:#e3fffe,horizontal,15x10,canvas";"";"";"";"";"";"";"0";"0";"0";"0";"5";"1";"";"0";"0";"";"0000-00-00";"";"";"2";""
"";"";"95";"";"";"color,radio,color,radio";"frame,Shape,size,Type";"frame,shape,size,Type";"pine-wood:#a3afff,horizontal,15x10,canvas";"";"";"";"";"";"";"0";"0";"0";"0";"5";"1";"";"0";"0";"";"0000-00-00";"";"";"2";""
"";"";"95";"";"";"color,radio,color,radio";"frame,Shape,size,Type";"frame,shape,size,Type";"none:#62ff43,horizontal,18x12,canvas";"";"";"";"";"";"";"0";"0";"0";"0";"5";"1";"";"0";"0";"";"0000-00-00";"";"";"2";""
"";"";"95";"";"";"color,radio,color,radio";"frame,Shape,size,Type";"frame,shape,size,Type";"natural-wood:#ffd083,horizontal,18x12,canvas";"";"";"";"";"";"";"0";"0";"0";"0";"5";"1";"";"0";"0";"";"0000-00-00";"";"";"2";""
"";"";"95";"";"";"color,radio,color,radio";"frame,Shape,size,Type";"frame,shape,size,Type";"dark-wood:#ce6600,horizontal,18x12,canvas";"";"";"";"";"";"";"0";"0";"0";"0";"5";"1";"";"0";"0";"";"0000-00-00";"";"";"2";""
"";"";"95";"";"";"color,radio,color,radio";"frame,Shape,size,Type";"frame,shape,size,Type";"charcol-black:#3b1200,horizontal,18x12,canvas";"";"";"";"";"";"";"0";"0";"0";"0";"5";"1";"";"0";"0";"";"0000-00-00";"";"";"2";""
"";"";"95";"";"";"color,radio,color,radio";"frame,Shape,size,Type";"frame,shape,size,Type";"charcol-white:#e3fffe,horizontal,18x12,canvas";"";"";"";"";"";"";"0";"0";"0";"0";"5";"1";"";"0";"0";"";"0000-00-00";"";"";"2";""
"";"";"95";"";"";"color,radio,color,radio";"frame,Shape,size,Type";"frame,shape,size,Type";"pine-wood:#a3afff,horizontal,18x12,canvas";"";"";"";"";"";"";"0";"0";"0";"0";"5";"1";"";"0";"0";"";"0000-00-00";"";"";"2";""
"";"";"95";"";"";"color,radio,color,radio";"frame,Shape,size,Type";"frame,shape,size,Type";"none:#62ff43,horizontal,24x16,canvas";"";"";"";"";"";"";"0";"0";"0";"0";"5";"1";"";"0";"0";"";"0000-00-00";"";"";"2";""
"";"";"95";"";"";"color,radio,color,radio";"frame,Shape,size,Type";"frame,shape,size,Type";"natural-wood:#ffd083,horizontal,24x16,canvas";"";"";"";"";"";"";"0";"0";"0";"0";"5";"1";"";"0";"0";"";"0000-00-00";"";"";"2";""
"";"";"95";"";"";"color,radio,color,radio";"frame,Shape,size,Type";"frame,shape,size,Type";"dark-wood:#ce6600,horizontal,24x16,canvas";"";"";"";"";"";"";"0";"0";"0";"0";"5";"1";"";"0";"0";"";"0000-00-00";"";"";"2";""
"";"";"95";"";"";"color,radio,color,radio";"frame,Shape,size,Type";"frame,shape,size,Type";"charcol-black:#3b1200,horizontal,24x16,canvas";"";"";"";"";"";"";"0";"0";"0";"0";"5";"1";"";"0";"0";"";"0000-00-00";"";"";"2";""
"";"";"95";"";"";"color,radio,color,radio";"frame,Shape,size,Type";"frame,shape,size,Type";"charcol-white:#e3fffe,horizontal,24x16,canvas";"";"";"";"";"";"";"0";"0";"0";"0";"5";"1";"";"0";"0";"";"0000-00-00";"";"";"2";""
"";"";"95";"";"";"color,radio,color,radio";"frame,Shape,size,Type";"frame,shape,size,Type";"pine-wood:#a3afff,horizontal,24x16,canvas";"";"";"";"";"";"";"0";"0";"0";"0";"5";"1";"";"0";"0";"";"0000-00-00";"";"";"2";""
"";"";"95";"";"";"color,radio,color,radio";"frame,Shape,size,Type";"frame,shape,size,Type";"none:#62ff43,horizontal,30x20,canvas";"";"";"";"";"";"";"0";"0";"0";"0";"5";"1";"";"0";"0";"";"0000-00-00";"";"";"2";""
"";"";"95";"";"";"color,radio,color,radio";"frame,Shape,size,Type";"frame,shape,size,Type";"natural-wood:#ffd083,horizontal,30x20,canvas";"";"";"";"";"";"";"0";"0";"0";"0";"5";"1";"";"0";"0";"";"0000-00-00";"";"";"2";""
"";"";"95";"";"";"color,radio,color,radio";"frame,Shape,size,Type";"frame,shape,size,Type";"dark-wood:#ce6600,horizontal,30x20,canvas";"";"";"";"";"";"";"0";"0";"0";"0";"5";"1";"";"0";"0";"";"0000-00-00";"";"";"2";""
"";"";"95";"";"";"color,radio,color,radio";"frame,Shape,size,Type";"frame,shape,size,Type";"charcol-black:#3b1200,horizontal,30x20,canvas";"";"";"";"";"";"";"0";"0";"0";"0";"5";"1";"";"0";"0";"";"0000-00-00";"";"";"2";""
"";"";"95";"";"";"color,radio,color,radio";"frame,Shape,size,Type";"frame,shape,size,Type";"charcol-white:#e3fffe,horizontal,30x20,canvas";"";"";"";"";"";"";"0";"0";"0";"0";"5";"1";"";"0";"0";"";"0000-00-00";"";"";"2";""
"";"";"95";"";"";"color,radio,color,radio";"frame,Shape,size,Type";"frame,shape,size,Type";"pine-wood:#a3afff,horizontal,30x20,canvas";"";"";"";"";"";"";"0";"0";"0";"0";"5";"1";"";"0";"0";"";"0000-00-00";"";"";"2";""
"";"";"95";"";"";"color,radio,color,radio";"frame,Shape,size,Type";"frame,shape,size,Type";"none:#62ff43,horizontal,36x24,canvas";"";"";"";"";"";"";"0";"0";"0";"0";"5";"1";"";"0";"0";"";"0000-00-00";"";"";"2";""
"";"";"95";"";"";"color,radio,color,radio";"frame,Shape,size,Type";"frame,shape,size,Type";"natural-wood:#ffd083,horizontal,36x24,canvas";"";"";"";"";"";"";"0";"0";"0";"0";"5";"1";"";"0";"0";"";"0000-00-00";"";"";"2";""
"";"";"95";"";"";"color,radio,color,radio";"frame,Shape,size,Type";"frame,shape,size,Type";"dark-wood:#ce6600,horizontal,36x24,canvas";"";"";"";"";"";"";"0";"0";"0";"0";"5";"1";"";"0";"0";"";"0000-00-00";"";"";"2";""
"";"";"95";"";"";"color,radio,color,radio";"frame,Shape,size,Type";"frame,shape,size,Type";"charcol-black:#3b1200,horizontal,36x24,canvas";"";"";"";"";"";"";"0";"0";"0";"0";"5";"1";"";"0";"0";"";"0000-00-00";"";"";"2";""
"";"";"95";"";"";"color,radio,color,radio";"frame,Shape,size,Type";"frame,shape,size,Type";"charcol-white:#e3fffe,horizontal,36x24,canvas";"";"";"";"";"";"";"0";"0";"0";"0";"5";"1";"";"0";"0";"";"0000-00-00";"";"";"2";""
"";"";"95";"";"";"color,radio,color,radio";"frame,Shape,size,Type";"frame,shape,size,Type";"pine-wood:#a3afff,horizontal,36x24,canvas";"";"";"";"";"";"";"0";"0";"0";"0";"5";"1";"";"0";"0";"";"0000-00-00";"";"";"2";""
"";"";"95";"";"";"color,radio,color,radio";"frame,Shape,size,Type";"frame,shape,size,Type";"none:#62ff43,horizontal,30x45,canvas";"";"";"";"";"";"";"0";"0";"0";"0";"5";"1";"";"0";"0";"";"0000-00-00";"";"";"2";""
"";"";"95";"";"";"color,radio,color,radio";"frame,Shape,size,Type";"frame,shape,size,Type";"natural-wood:#ffd083,horizontal,30x45,canvas";"";"";"";"";"";"";"0";"0";"0";"0";"5";"1";"";"0";"0";"";"0000-00-00";"";"";"2";""
"";"";"95";"";"";"color,radio,color,radio";"frame,Shape,size,Type";"frame,shape,size,Type";"dark-wood:#ce6600,horizontal,30x45,canvas";"";"";"";"";"";"";"0";"0";"0";"0";"5";"1";"";"0";"0";"";"0000-00-00";"";"";"2";""
"";"";"95";"";"";"color,radio,color,radio";"frame,Shape,size,Type";"frame,shape,size,Type";"charcol-black:#3b1200,horizontal,30x45,canvas";"";"";"";"";"";"";"0";"0";"0";"0";"5";"1";"";"0";"0";"";"0000-00-00";"";"";"2";""
"";"";"95";"";"";"color,radio,color,radio";"frame,Shape,size,Type";"frame,shape,size,Type";"charcol-white:#e3fffe,horizontal,30x45,canvas";"";"";"";"";"";"";"0";"0";"0";"0";"5";"1";"";"0";"0";"";"0000-00-00";"";"";"2";""
"";"";"95";"";"";"color,radio,color,radio";"frame,Shape,size,Type";"frame,shape,size,Type";"pine-wood:#a3afff,horizontal,30x45,canvas";"";"";"";"";"";"";"0";"0";"0";"0";"5";"1";"";"0";"0";"";"0000-00-00";"";"";"2";""
"";"";"95";"";"";"color,radio,color,radio";"frame,Shape,size,Type";"frame,shape,size,Type";"none:#62ff43,horizontal,15x10,fine-art-paper";"";"";"";"";"";"";"0";"0";"0";"0";"5";"1";"";"0";"0";"";"0000-00-00";"";"";"2";""
"";"";"95";"";"";"color,radio,color,radio";"frame,Shape,size,Type";"frame,shape,size,Type";"natural-wood:#ffd083,horizontal,15x10,fine-art-paper";"";"";"";"";"";"";"0";"0";"0";"0";"5";"1";"";"0";"0";"";"0000-00-00";"";"";"2";""
"";"";"95";"";"";"color,radio,color,radio";"frame,Shape,size,Type";"frame,shape,size,Type";"dark-wood:#ce6600,horizontal,15x10,fine-art-paper";"";"";"";"";"";"";"0";"0";"0";"0";"5";"1";"";"0";"0";"";"0000-00-00";"";"";"2";""
"";"";"95";"";"";"color,radio,color,radio";"frame,Shape,size,Type";"frame,shape,size,Type";"charcol-black:#3b1200,horizontal,15x10,fine-art-paper";"";"";"";"";"";"";"0";"0";"0";"0";"5";"1";"";"0";"0";"";"0000-00-00";"";"";"2";""
"";"";"95";"";"";"color,radio,color,radio";"frame,Shape,size,Type";"frame,shape,size,Type";"charcol-white:#e3fffe,horizontal,15x10,fine-art-paper";"";"";"";"";"";"";"0";"0";"0";"0";"5";"1";"";"0";"0";"";"0000-00-00";"";"";"2";""
"";"";"95";"";"";"color,radio,color,radio";"frame,Shape,size,Type";"frame,shape,size,Type";"pine-wood:#a3afff,horizontal,15x10,fine-art-paper";"";"";"";"";"";"";"0";"0";"0";"0";"5";"1";"";"0";"0";"";"0000-00-00";"";"";"2";""
"";"";"95";"";"";"color,radio,color,radio";"frame,Shape,size,Type";"frame,shape,size,Type";"none:#62ff43,horizontal,18x12,fine-art-paper";"";"";"";"";"";"";"0";"0";"0";"0";"5";"1";"";"0";"0";"";"0000-00-00";"";"";"2";""
"";"";"95";"";"";"color,radio,color,radio";"frame,Shape,size,Type";"frame,shape,size,Type";"natural-wood:#ffd083,horizontal,18x12,fine-art-paper";"";"";"";"";"";"";"0";"0";"0";"0";"5";"1";"";"0";"0";"";"0000-00-00";"";"";"2";""
"";"";"95";"";"";"color,radio,color,radio";"frame,Shape,size,Type";"frame,shape,size,Type";"dark-wood:#ce6600,horizontal,18x12,fine-art-paper";"";"";"";"";"";"";"0";"0";"0";"0";"5";"1";"";"0";"0";"";"0000-00-00";"";"";"2";""
"";"";"95";"";"";"color,radio,color,radio";"frame,Shape,size,Type";"frame,shape,size,Type";"charcol-black:#3b1200,horizontal,18x12,fine-art-paper";"";"";"";"";"";"";"0";"0";"0";"0";"5";"1";"";"0";"0";"";"0000-00-00";"";"";"2";""
"";"";"95";"";"";"color,radio,color,radio";"frame,Shape,size,Type";"frame,shape,size,Type";"charcol-white:#e3fffe,horizontal,18x12,fine-art-paper";"";"";"";"";"";"";"0";"0";"0";"0";"5";"1";"";"0";"0";"";"0000-00-00";"";"";"2";""
"";"";"95";"";"";"color,radio,color,radio";"frame,Shape,size,Type";"frame,shape,size,Type";"pine-wood:#a3afff,horizontal,18x12,fine-art-paper";"";"";"";"";"";"";"0";"0";"0";"0";"5";"1";"";"0";"0";"";"0000-00-00";"";"";"2";""
"";"";"95";"";"";"color,radio,color,radio";"frame,Shape,size,Type";"frame,shape,size,Type";"none:#62ff43,horizontal,24x16,fine-art-paper";"";"";"";"";"";"";"0";"0";"0";"0";"5";"1";"";"0";"0";"";"0000-00-00";"";"";"2";""
"";"";"95";"";"";"color,radio,color,radio";"frame,Shape,size,Type";"frame,shape,size,Type";"natural-wood:#ffd083,horizontal,24x16,fine-art-paper";"";"";"";"";"";"";"0";"0";"0";"0";"5";"1";"";"0";"0";"";"0000-00-00";"";"";"2";""
"";"";"95";"";"";"color,radio,color,radio";"frame,Shape,size,Type";"frame,shape,size,Type";"dark-wood:#ce6600,horizontal,24x16,fine-art-paper";"";"";"";"";"";"";"0";"0";"0";"0";"5";"1";"";"0";"0";"";"0000-00-00";"";"";"2";""
"";"";"95";"";"";"color,radio,color,radio";"frame,Shape,size,Type";"frame,shape,size,Type";"charcol-black:#3b1200,horizontal,24x16,fine-art-paper";"";"";"";"";"";"";"0";"0";"0";"0";"5";"1";"";"0";"0";"";"0000-00-00";"";"";"2";""
"";"";"95";"";"";"color,radio,color,radio";"frame,Shape,size,Type";"frame,shape,size,Type";"charcol-white:#e3fffe,horizontal,24x16,fine-art-paper";"";"";"";"";"";"";"0";"0";"0";"0";"5";"1";"";"0";"0";"";"0000-00-00";"";"";"2";""
"";"";"95";"";"";"color,radio,color,radio";"frame,Shape,size,Type";"frame,shape,size,Type";"pine-wood:#a3afff,horizontal,24x16,fine-art-paper";"";"";"";"";"";"";"0";"0";"0";"0";"5";"1";"";"0";"0";"";"0000-00-00";"";"";"2";""
"";"";"95";"";"";"color,radio,color,radio";"frame,Shape,size,Type";"frame,shape,size,Type";"none:#62ff43,horizontal,30x20,fine-art-paper";"";"";"";"";"";"";"0";"0";"0";"0";"5";"1";"";"0";"0";"";"0000-00-00";"";"";"2";""
"";"";"95";"";"";"color,radio,color,radio";"frame,Shape,size,Type";"frame,shape,size,Type";"natural-wood:#ffd083,horizontal,30x20,fine-art-paper";"";"";"";"";"";"";"0";"0";"0";"0";"5";"1";"";"0";"0";"";"0000-00-00";"";"";"2";""
"";"";"95";"";"";"color,radio,color,radio";"frame,Shape,size,Type";"frame,shape,size,Type";"dark-wood:#ce6600,horizontal,30x20,fine-art-paper";"";"";"";"";"";"";"0";"0";"0";"0";"5";"1";"";"0";"0";"";"0000-00-00";"";"";"2";""
"";"";"95";"";"";"color,radio,color,radio";"frame,Shape,size,Type";"frame,shape,size,Type";"charcol-black:#3b1200,horizontal,30x20,fine-art-paper";"";"";"";"";"";"";"0";"0";"0";"0";"5";"1";"";"0";"0";"";"0000-00-00";"";"";"2";""
"";"";"95";"";"";"color,radio,color,radio";"frame,Shape,size,Type";"frame,shape,size,Type";"charcol-white:#e3fffe,horizontal,30x20,fine-art-paper";"";"";"";"";"";"";"0";"0";"0";"0";"5";"1";"";"0";"0";"";"0000-00-00";"";"";"2";""
"";"";"95";"";"";"color,radio,color,radio";"frame,Shape,size,Type";"frame,shape,size,Type";"pine-wood:#a3afff,horizontal,30x20,fine-art-paper";"";"";"";"";"";"";"0";"0";"0";"0";"5";"1";"";"0";"0";"";"0000-00-00";"";"";"2";""
"";"";"95";"";"";"color,radio,color,radio";"frame,Shape,size,Type";"frame,shape,size,Type";"none:#62ff43,horizontal,36x24,fine-art-paper";"";"";"";"";"";"";"0";"0";"0";"0";"5";"1";"";"0";"0";"";"0000-00-00";"";"";"2";""
"";"";"95";"";"";"color,radio,color,radio";"frame,Shape,size,Type";"frame,shape,size,Type";"natural-wood:#ffd083,horizontal,36x24,fine-art-paper";"";"";"";"";"";"";"0";"0";"0";"0";"5";"1";"";"0";"0";"";"0000-00-00";"";"";"2";""
"";"";"95";"";"";"color,radio,color,radio";"frame,Shape,size,Type";"frame,shape,size,Type";"dark-wood:#ce6600,horizontal,36x24,fine-art-paper";"";"";"";"";"";"";"0";"0";"0";"0";"5";"1";"";"0";"0";"";"0000-00-00";"";"";"2";""
"";"";"95";"";"";"color,radio,color,radio";"frame,Shape,size,Type";"frame,shape,size,Type";"charcol-black:#3b1200,horizontal,36x24,fine-art-paper";"";"";"";"";"";"";"0";"0";"0";"0";"5";"1";"";"0";"0";"";"0000-00-00";"";"";"2";""
"";"";"95";"";"";"color,radio,color,radio";"frame,Shape,size,Type";"frame,shape,size,Type";"charcol-white:#e3fffe,horizontal,36x24,fine-art-paper";"";"";"";"";"";"";"0";"0";"0";"0";"5";"1";"";"0";"0";"";"0000-00-00";"";"";"2";""
"";"";"95";"";"";"color,radio,color,radio";"frame,Shape,size,Type";"frame,shape,size,Type";"pine-wood:#a3afff,horizontal,36x24,fine-art-paper";"";"";"";"";"";"";"0";"0";"0";"0";"5";"1";"";"0";"0";"";"0000-00-00";"";"";"2";""
"";"";"95";"";"";"color,radio,color,radio";"frame,Shape,size,Type";"frame,shape,size,Type";"none:#62ff43,horizontal,30x45,fine-art-paper";"";"";"";"";"";"";"0";"0";"0";"0";"5";"1";"";"0";"0";"";"0000-00-00";"";"";"2";""
"";"";"95";"";"";"color,radio,color,radio";"frame,Shape,size,Type";"frame,shape,size,Type";"natural-wood:#ffd083,horizontal,30x45,fine-art-paper";"";"";"";"";"";"";"0";"0";"0";"0";"5";"1";"";"0";"0";"";"0000-00-00";"";"";"2";""
"";"";"95";"";"";"color,radio,color,radio";"frame,Shape,size,Type";"frame,shape,size,Type";"dark-wood:#ce6600,horizontal,30x45,fine-art-paper";"";"";"";"";"";"";"0";"0";"0";"0";"5";"1";"";"0";"0";"";"0000-00-00";"";"";"2";""
"";"";"95";"";"";"color,radio,color,radio";"frame,Shape,size,Type";"frame,shape,size,Type";"charcol-black:#3b1200,horizontal,30x45,fine-art-paper";"";"";"";"";"";"";"0";"0";"0";"0";"5";"1";"";"0";"0";"";"0000-00-00";"";"";"2";""
"";"";"95";"";"";"color,radio,color,radio";"frame,Shape,size,Type";"frame,shape,size,Type";"charcol-white:#e3fffe,horizontal,30x45,fine-art-paper";"";"";"";"";"";"";"0";"0";"0";"0";"5";"1";"";"0";"0";"";"0000-00-00";"";"";"2";""
"";"";"95";"";"";"color,radio,color,radio";"frame,Shape,size,Type";"frame,shape,size,Type";"pine-wood:#a3afff,horizontal,30x45,fine-art-paper";"";"";"";"";"";"";"0";"0";"0";"0";"5";"1";"";"0";"0";"";"0000-00-00";"";"";"2";""
"";"";"98";"";"";"color,radio,color,radio";"frame,Shape,size,Type";"frame,shape,size,Type";"none:#62ff43,horizontal,15x10,canvas";"";"";"";"";"";"";"0";"0";"0";"0";"5";"1";"";"0";"0";"1";"0000-00-00";"";"";"2";""
"";"";"98";"";"";"color,radio,color,radio";"frame,Shape,size,Type";"frame,shape,size,Type";"natural-wood:#ffd083,horizontal,15x10,canvas";"";"";"";"";"";"";"0";"0";"0";"0";"5";"1";"";"0";"0";"";"0000-00-00";"";"";"2";""
"";"";"98";"";"";"color,radio,color,radio";"frame,Shape,size,Type";"frame,shape,size,Type";"dark-wood:#ce6600,horizontal,15x10,canvas";"";"";"";"";"";"";"0";"0";"0";"0";"5";"1";"";"0";"0";"";"0000-00-00";"";"";"2";""
"";"";"98";"";"";"color,radio,color,radio";"frame,Shape,size,Type";"frame,shape,size,Type";"charcol-black:#3b1200,horizontal,15x10,canvas";"";"";"";"";"";"";"0";"0";"0";"0";"5";"1";"";"0";"0";"";"0000-00-00";"";"";"2";""
"";"";"98";"";"";"color,radio,color,radio";"frame,Shape,size,Type";"frame,shape,size,Type";"charcol-white:#e3fffe,horizontal,15x10,canvas";"";"";"";"";"";"";"0";"0";"0";"0";"5";"1";"";"0";"0";"";"0000-00-00";"";"";"2";""
"";"";"98";"";"";"color,radio,color,radio";"frame,Shape,size,Type";"frame,shape,size,Type";"pine-wood:#a3afff,horizontal,15x10,canvas";"";"";"";"";"";"";"0";"0";"0";"0";"5";"1";"";"0";"0";"";"0000-00-00";"";"";"2";""
"";"";"98";"";"";"color,radio,color,radio";"frame,Shape,size,Type";"frame,shape,size,Type";"none:#62ff43,horizontal,18x12,canvas";"";"";"";"";"";"";"0";"0";"0";"0";"5";"1";"";"0";"0";"";"0000-00-00";"";"";"2";""
"";"";"98";"";"";"color,radio,color,radio";"frame,Shape,size,Type";"frame,shape,size,Type";"natural-wood:#ffd083,horizontal,18x12,canvas";"";"";"";"";"";"";"0";"0";"0";"0";"5";"1";"";"0";"0";"";"0000-00-00";"";"";"2";""
"";"";"98";"";"";"color,radio,color,radio";"frame,Shape,size,Type";"frame,shape,size,Type";"dark-wood:#ce6600,horizontal,18x12,canvas";"";"";"";"";"";"";"0";"0";"0";"0";"5";"1";"";"0";"0";"";"0000-00-00";"";"";"2";""
"";"";"98";"";"";"color,radio,color,radio";"frame,Shape,size,Type";"frame,shape,size,Type";"charcol-black:#3b1200,horizontal,18x12,canvas";"";"";"";"";"";"";"0";"0";"0";"0";"5";"1";"";"0";"0";"";"0000-00-00";"";"";"2";""
"";"";"98";"";"";"color,radio,color,radio";"frame,Shape,size,Type";"frame,shape,size,Type";"charcol-white:#e3fffe,horizontal,18x12,canvas";"";"";"";"";"";"";"0";"0";"0";"0";"5";"1";"";"0";"0";"";"0000-00-00";"";"";"2";""
"";"";"98";"";"";"color,radio,color,radio";"frame,Shape,size,Type";"frame,shape,size,Type";"pine-wood:#a3afff,horizontal,18x12,canvas";"";"";"";"";"";"";"0";"0";"0";"0";"5";"1";"";"0";"0";"";"0000-00-00";"";"";"2";""
"";"";"98";"";"";"color,radio,color,radio";"frame,Shape,size,Type";"frame,shape,size,Type";"none:#62ff43,horizontal,24x16,canvas";"";"";"";"";"";"";"0";"0";"0";"0";"5";"1";"";"0";"0";"";"0000-00-00";"";"";"2";""
"";"";"98";"";"";"color,radio,color,radio";"frame,Shape,size,Type";"frame,shape,size,Type";"natural-wood:#ffd083,horizontal,24x16,canvas";"";"";"";"";"";"";"0";"0";"0";"0";"5";"1";"";"0";"0";"";"0000-00-00";"";"";"2";""
"";"";"98";"";"";"color,radio,color,radio";"frame,Shape,size,Type";"frame,shape,size,Type";"dark-wood:#ce6600,horizontal,24x16,canvas";"";"";"";"";"";"";"0";"0";"0";"0";"5";"1";"";"0";"0";"";"0000-00-00";"";"";"2";""
"";"";"98";"";"";"color,radio,color,radio";"frame,Shape,size,Type";"frame,shape,size,Type";"charcol-black:#3b1200,horizontal,24x16,canvas";"";"";"";"";"";"";"0";"0";"0";"0";"5";"1";"";"0";"0";"";"0000-00-00";"";"";"2";""
"";"";"98";"";"";"color,radio,color,radio";"frame,Shape,size,Type";"frame,shape,size,Type";"charcol-white:#e3fffe,horizontal,24x16,canvas";"";"";"";"";"";"";"0";"0";"0";"0";"5";"1";"";"0";"0";"";"0000-00-00";"";"";"2";""
"";"";"98";"";"";"color,radio,color,radio";"frame,Shape,size,Type";"frame,shape,size,Type";"pine-wood:#a3afff,horizontal,24x16,canvas";"";"";"";"";"";"";"0";"0";"0";"0";"5";"1";"";"0";"0";"";"0000-00-00";"";"";"2";""
"";"";"98";"";"";"color,radio,color,radio";"frame,Shape,size,Type";"frame,shape,size,Type";"none:#62ff43,horizontal,30x20,canvas";"";"";"";"";"";"";"0";"0";"0";"0";"5";"1";"";"0";"0";"";"0000-00-00";"";"";"2";""
"";"";"98";"";"";"color,radio,color,radio";"frame,Shape,size,Type";"frame,shape,size,Type";"natural-wood:#ffd083,horizontal,30x20,canvas";"";"";"";"";"";"";"0";"0";"0";"0";"5";"1";"";"0";"0";"";"0000-00-00";"";"";"2";""
"";"";"98";"";"";"color,radio,color,radio";"frame,Shape,size,Type";"frame,shape,size,Type";"dark-wood:#ce6600,horizontal,30x20,canvas";"";"";"";"";"";"";"0";"0";"0";"0";"5";"1";"";"0";"0";"";"0000-00-00";"";"";"2";""
"";"";"98";"";"";"color,radio,color,radio";"frame,Shape,size,Type";"frame,shape,size,Type";"charcol-black:#3b1200,horizontal,30x20,canvas";"";"";"";"";"";"";"0";"0";"0";"0";"5";"1";"";"0";"0";"";"0000-00-00";"";"";"2";""
"";"";"98";"";"";"color,radio,color,radio";"frame,Shape,size,Type";"frame,shape,size,Type";"charcol-white:#e3fffe,horizontal,30x20,canvas";"";"";"";"";"";"";"0";"0";"0";"0";"5";"1";"";"0";"0";"";"0000-00-00";"";"";"2";""
"";"";"98";"";"";"color,radio,color,radio";"frame,Shape,size,Type";"frame,shape,size,Type";"pine-wood:#a3afff,horizontal,30x20,canvas";"";"";"";"";"";"";"0";"0";"0";"0";"5";"1";"";"0";"0";"";"0000-00-00";"";"";"2";""
"";"";"98";"";"";"color,radio,color,radio";"frame,Shape,size,Type";"frame,shape,size,Type";"none:#62ff43,horizontal,36x24,canvas";"";"";"";"";"";"";"0";"0";"0";"0";"5";"1";"";"0";"0";"";"0000-00-00";"";"";"2";""
"";"";"98";"";"";"color,radio,color,radio";"frame,Shape,size,Type";"frame,shape,size,Type";"natural-wood:#ffd083,horizontal,36x24,canvas";"";"";"";"";"";"";"0";"0";"0";"0";"5";"1";"";"0";"0";"";"0000-00-00";"";"";"2";""
"";"";"98";"";"";"color,radio,color,radio";"frame,Shape,size,Type";"frame,shape,size,Type";"dark-wood:#ce6600,horizontal,36x24,canvas";"";"";"";"";"";"";"0";"0";"0";"0";"5";"1";"";"0";"0";"";"0000-00-00";"";"";"2";""
"";"";"98";"";"";"color,radio,color,radio";"frame,Shape,size,Type";"frame,shape,size,Type";"charcol-black:#3b1200,horizontal,36x24,canvas";"";"";"";"";"";"";"0";"0";"0";"0";"5";"1";"";"0";"0";"";"0000-00-00";"";"";"2";""
"";"";"98";"";"";"color,radio,color,radio";"frame,Shape,size,Type";"frame,shape,size,Type";"charcol-white:#e3fffe,horizontal,36x24,canvas";"";"";"";"";"";"";"0";"0";"0";"0";"5";"1";"";"0";"0";"";"0000-00-00";"";"";"2";""
"";"";"98";"";"";"color,radio,color,radio";"frame,Shape,size,Type";"frame,shape,size,Type";"pine-wood:#a3afff,horizontal,36x24,canvas";"";"";"";"";"";"";"0";"0";"0";"0";"5";"1";"";"0";"0";"";"0000-00-00";"";"";"2";""
"";"";"98";"";"";"color,radio,color,radio";"frame,Shape,size,Type";"frame,shape,size,Type";"none:#62ff43,horizontal,30x45,canvas";"";"";"";"";"";"";"0";"0";"0";"0";"5";"1";"";"0";"0";"";"0000-00-00";"";"";"2";""
"";"";"98";"";"";"color,radio,color,radio";"frame,Shape,size,Type";"frame,shape,size,Type";"natural-wood:#ffd083,horizontal,30x45,canvas";"";"";"";"";"";"";"0";"0";"0";"0";"5";"1";"";"0";"0";"";"0000-00-00";"";"";"2";""
"";"";"98";"";"";"color,radio,color,radio";"frame,Shape,size,Type";"frame,shape,size,Type";"dark-wood:#ce6600,horizontal,30x45,canvas";"";"";"";"";"";"";"0";"0";"0";"0";"5";"1";"";"0";"0";"";"0000-00-00";"";"";"2";""
"";"";"98";"";"";"color,radio,color,radio";"frame,Shape,size,Type";"frame,shape,size,Type";"charcol-black:#3b1200,horizontal,30x45,canvas";"";"";"";"";"";"";"0";"0";"0";"0";"5";"1";"";"0";"0";"";"0000-00-00";"";"";"2";""
"";"";"98";"";"";"color,radio,color,radio";"frame,Shape,size,Type";"frame,shape,size,Type";"charcol-white:#e3fffe,horizontal,30x45,canvas";"";"";"";"";"";"";"0";"0";"0";"0";"5";"1";"";"0";"0";"";"0000-00-00";"";"";"2";""
"";"";"98";"";"";"color,radio,color,radio";"frame,Shape,size,Type";"frame,shape,size,Type";"pine-wood:#a3afff,horizontal,30x45,canvas";"";"";"";"";"";"";"0";"0";"0";"0";"5";"1";"";"0";"0";"";"0000-00-00";"";"";"2";""
"";"";"98";"";"";"color,radio,color,radio";"frame,Shape,size,Type";"frame,shape,size,Type";"none:#62ff43,horizontal,15x10,fine-art-paper";"";"";"";"";"";"";"0";"0";"0";"0";"5";"1";"";"0";"0";"";"0000-00-00";"";"";"2";""
"";"";"98";"";"";"color,radio,color,radio";"frame,Shape,size,Type";"frame,shape,size,Type";"natural-wood:#ffd083,horizontal,15x10,fine-art-paper";"";"";"";"";"";"";"0";"0";"0";"0";"5";"1";"";"0";"0";"";"0000-00-00";"";"";"2";""
"";"";"98";"";"";"color,radio,color,radio";"frame,Shape,size,Type";"frame,shape,size,Type";"dark-wood:#ce6600,horizontal,15x10,fine-art-paper";"";"";"";"";"";"";"0";"0";"0";"0";"5";"1";"";"0";"0";"";"0000-00-00";"";"";"2";""
"";"";"98";"";"";"color,radio,color,radio";"frame,Shape,size,Type";"frame,shape,size,Type";"charcol-black:#3b1200,horizontal,15x10,fine-art-paper";"";"";"";"";"";"";"0";"0";"0";"0";"5";"1";"";"0";"0";"";"0000-00-00";"";"";"2";""
"";"";"98";"";"";"color,radio,color,radio";"frame,Shape,size,Type";"frame,shape,size,Type";"charcol-white:#e3fffe,horizontal,15x10,fine-art-paper";"";"";"";"";"";"";"0";"0";"0";"0";"5";"1";"";"0";"0";"";"0000-00-00";"";"";"2";""
"";"";"98";"";"";"color,radio,color,radio";"frame,Shape,size,Type";"frame,shape,size,Type";"pine-wood:#a3afff,horizontal,15x10,fine-art-paper";"";"";"";"";"";"";"0";"0";"0";"0";"5";"1";"";"0";"0";"";"0000-00-00";"";"";"2";""
"";"";"98";"";"";"color,radio,color,radio";"frame,Shape,size,Type";"frame,shape,size,Type";"none:#62ff43,horizontal,18x12,fine-art-paper";"";"";"";"";"";"";"0";"0";"0";"0";"5";"1";"";"0";"0";"";"0000-00-00";"";"";"2";""
"";"";"98";"";"";"color,radio,color,radio";"frame,Shape,size,Type";"frame,shape,size,Type";"natural-wood:#ffd083,horizontal,18x12,fine-art-paper";"";"";"";"";"";"";"0";"0";"0";"0";"5";"1";"";"0";"0";"";"0000-00-00";"";"";"2";""
"";"";"98";"";"";"color,radio,color,radio";"frame,Shape,size,Type";"frame,shape,size,Type";"dark-wood:#ce6600,horizontal,18x12,fine-art-paper";"";"";"";"";"";"";"0";"0";"0";"0";"5";"1";"";"0";"0";"";"0000-00-00";"";"";"2";""
"";"";"98";"";"";"color,radio,color,radio";"frame,Shape,size,Type";"frame,shape,size,Type";"charcol-black:#3b1200,horizontal,18x12,fine-art-paper";"";"";"";"";"";"";"0";"0";"0";"0";"5";"1";"";"0";"0";"";"0000-00-00";"";"";"2";""
"";"";"98";"";"";"color,radio,color,radio";"frame,Shape,size,Type";"frame,shape,size,Type";"charcol-white:#e3fffe,horizontal,18x12,fine-art-paper";"";"";"";"";"";"";"0";"0";"0";"0";"5";"1";"";"0";"0";"";"0000-00-00";"";"";"2";""
"";"";"98";"";"";"color,radio,color,radio";"frame,Shape,size,Type";"frame,shape,size,Type";"pine-wood:#a3afff,horizontal,18x12,fine-art-paper";"";"";"";"";"";"";"0";"0";"0";"0";"5";"1";"";"0";"0";"";"0000-00-00";"";"";"2";""
"";"";"98";"";"";"color,radio,color,radio";"frame,Shape,size,Type";"frame,shape,size,Type";"none:#62ff43,horizontal,24x16,fine-art-paper";"";"";"";"";"";"";"0";"0";"0";"0";"5";"1";"";"0";"0";"";"0000-00-00";"";"";"2";""
"";"";"98";"";"";"color,radio,color,radio";"frame,Shape,size,Type";"frame,shape,size,Type";"natural-wood:#ffd083,horizontal,24x16,fine-art-paper";"";"";"";"";"";"";"0";"0";"0";"0";"5";"1";"";"0";"0";"";"0000-00-00";"";"";"2";""
"";"";"98";"";"";"color,radio,color,radio";"frame,Shape,size,Type";"frame,shape,size,Type";"dark-wood:#ce6600,horizontal,24x16,fine-art-paper";"";"";"";"";"";"";"0";"0";"0";"0";"5";"1";"";"0";"0";"";"0000-00-00";"";"";"2";""
"";"";"98";"";"";"color,radio,color,radio";"frame,Shape,size,Type";"frame,shape,size,Type";"charcol-black:#3b1200,horizontal,24x16,fine-art-paper";"";"";"";"";"";"";"0";"0";"0";"0";"5";"1";"";"0";"0";"";"0000-00-00";"";"";"2";""
"";"";"98";"";"";"color,radio,color,radio";"frame,Shape,size,Type";"frame,shape,size,Type";"charcol-white:#e3fffe,horizontal,24x16,fine-art-paper";"";"";"";"";"";"";"0";"0";"0";"0";"5";"1";"";"0";"0";"";"0000-00-00";"";"";"2";""
"";"";"98";"";"";"color,radio,color,radio";"frame,Shape,size,Type";"frame,shape,size,Type";"pine-wood:#a3afff,horizontal,24x16,fine-art-paper";"";"";"";"";"";"";"0";"0";"0";"0";"5";"1";"";"0";"0";"";"0000-00-00";"";"";"2";""
"";"";"98";"";"";"color,radio,color,radio";"frame,Shape,size,Type";"frame,shape,size,Type";"none:#62ff43,horizontal,30x20,fine-art-paper";"";"";"";"";"";"";"0";"0";"0";"0";"5";"1";"";"0";"0";"";"0000-00-00";"";"";"2";""
"";"";"98";"";"";"color,radio,color,radio";"frame,Shape,size,Type";"frame,shape,size,Type";"natural-wood:#ffd083,horizontal,30x20,fine-art-paper";"";"";"";"";"";"";"0";"0";"0";"0";"5";"1";"";"0";"0";"";"0000-00-00";"";"";"2";""
"";"";"98";"";"";"color,radio,color,radio";"frame,Shape,size,Type";"frame,shape,size,Type";"dark-wood:#ce6600,horizontal,30x20,fine-art-paper";"";"";"";"";"";"";"0";"0";"0";"0";"5";"1";"";"0";"0";"";"0000-00-00";"";"";"2";""
"";"";"98";"";"";"color,radio,color,radio";"frame,Shape,size,Type";"frame,shape,size,Type";"charcol-black:#3b1200,horizontal,30x20,fine-art-paper";"";"";"";"";"";"";"0";"0";"0";"0";"5";"1";"";"0";"0";"";"0000-00-00";"";"";"2";""
"";"";"98";"";"";"color,radio,color,radio";"frame,Shape,size,Type";"frame,shape,size,Type";"charcol-white:#e3fffe,horizontal,30x20,fine-art-paper";"";"";"";"";"";"";"0";"0";"0";"0";"5";"1";"";"0";"0";"";"0000-00-00";"";"";"2";""
"";"";"98";"";"";"color,radio,color,radio";"frame,Shape,size,Type";"frame,shape,size,Type";"pine-wood:#a3afff,horizontal,30x20,fine-art-paper";"";"";"";"";"";"";"0";"0";"0";"0";"5";"1";"";"0";"0";"";"0000-00-00";"";"";"2";""
"";"";"98";"";"";"color,radio,color,radio";"frame,Shape,size,Type";"frame,shape,size,Type";"none:#62ff43,horizontal,36x24,fine-art-paper";"";"";"";"";"";"";"0";"0";"0";"0";"5";"1";"";"0";"0";"";"0000-00-00";"";"";"2";""
"";"";"98";"";"";"color,radio,color,radio";"frame,Shape,size,Type";"frame,shape,size,Type";"natural-wood:#ffd083,horizontal,36x24,fine-art-paper";"";"";"";"";"";"";"0";"0";"0";"0";"5";"1";"";"0";"0";"";"0000-00-00";"";"";"2";""
"";"";"98";"";"";"color,radio,color,radio";"frame,Shape,size,Type";"frame,shape,size,Type";"dark-wood:#ce6600,horizontal,36x24,fine-art-paper";"";"";"";"";"";"";"0";"0";"0";"0";"5";"1";"";"0";"0";"";"0000-00-00";"";"";"2";""
"";"";"98";"";"";"color,radio,color,radio";"frame,Shape,size,Type";"frame,shape,size,Type";"charcol-black:#3b1200,horizontal,36x24,fine-art-paper";"";"";"";"";"";"";"0";"0";"0";"0";"5";"1";"";"0";"0";"";"0000-00-00";"";"";"2";""
"";"";"98";"";"";"color,radio,color,radio";"frame,Shape,size,Type";"frame,shape,size,Type";"charcol-white:#e3fffe,horizontal,36x24,fine-art-paper";"";"";"";"";"";"";"0";"0";"0";"0";"5";"1";"";"0";"0";"";"0000-00-00";"";"";"2";""
"";"";"98";"";"";"color,radio,color,radio";"frame,Shape,size,Type";"frame,shape,size,Type";"pine-wood:#a3afff,horizontal,36x24,fine-art-paper";"";"";"";"";"";"";"0";"0";"0";"0";"5";"1";"";"0";"0";"";"0000-00-00";"";"";"2";""
"";"";"98";"";"";"color,radio,color,radio";"frame,Shape,size,Type";"frame,shape,size,Type";"none:#62ff43,horizontal,30x45,fine-art-paper";"";"";"";"";"";"";"0";"0";"0";"0";"5";"1";"";"0";"0";"";"0000-00-00";"";"";"2";""
"";"";"98";"";"";"color,radio,color,radio";"frame,Shape,size,Type";"frame,shape,size,Type";"natural-wood:#ffd083,horizontal,30x45,fine-art-paper";"";"";"";"";"";"";"0";"0";"0";"0";"5";"1";"";"0";"0";"";"0000-00-00";"";"";"2";""
"";"";"98";"";"";"color,radio,color,radio";"frame,Shape,size,Type";"frame,shape,size,Type";"dark-wood:#ce6600,horizontal,30x45,fine-art-paper";"";"";"";"";"";"";"0";"0";"0";"0";"5";"1";"";"0";"0";"";"0000-00-00";"";"";"2";""
"";"";"98";"";"";"color,radio,color,radio";"frame,Shape,size,Type";"frame,shape,size,Type";"charcol-black:#3b1200,horizontal,30x45,fine-art-paper";"";"";"";"";"";"";"0";"0";"0";"0";"5";"1";"";"0";"0";"";"0000-00-00";"";"";"2";""
"";"";"98";"";"";"color,radio,color,radio";"frame,Shape,size,Type";"frame,shape,size,Type";"charcol-white:#e3fffe,horizontal,30x45,fine-art-paper";"";"";"";"";"";"";"0";"0";"0";"0";"5";"1";"";"0";"0";"";"0000-00-00";"";"";"2";""
"";"";"98";"";"";"color,radio,color,radio";"frame,Shape,size,Type";"frame,shape,size,Type";"pine-wood:#a3afff,horizontal,30x45,fine-art-paper";"";"";"";"";"";"";"0";"0";"0";"0";"5";"1";"";"0";"0";"";"0000-00-00";"";"";"2";""
"";"";"101";"";"";"color,radio,color,radio";"frame,Shape,size,Type";"frame,shape,size,Type";"none:#62ff43,horizontal,15x10,canvas";"";"";"";"";"";"";"0";"0";"0";"0";"5";"1";"";"0";"0";"1";"0000-00-00";"";"";"2";""
"";"";"101";"";"";"color,radio,color,radio";"frame,Shape,size,Type";"frame,shape,size,Type";"natural-wood:#ffd083,horizontal,15x10,canvas";"";"";"";"";"";"";"0";"0";"0";"0";"5";"1";"";"0";"0";"";"0000-00-00";"";"";"2";""
"";"";"101";"";"";"color,radio,color,radio";"frame,Shape,size,Type";"frame,shape,size,Type";"dark-wood:#ce6600,horizontal,15x10,canvas";"";"";"";"";"";"";"0";"0";"0";"0";"5";"1";"";"0";"0";"";"0000-00-00";"";"";"2";""
"";"";"101";"";"";"color,radio,color,radio";"frame,Shape,size,Type";"frame,shape,size,Type";"charcol-black:#3b1200,horizontal,15x10,canvas";"";"";"";"";"";"";"0";"0";"0";"0";"5";"1";"";"0";"0";"";"0000-00-00";"";"";"2";""
"";"";"101";"";"";"color,radio,color,radio";"frame,Shape,size,Type";"frame,shape,size,Type";"charcol-white:#e3fffe,horizontal,15x10,canvas";"";"";"";"";"";"";"0";"0";"0";"0";"5";"1";"";"0";"0";"";"0000-00-00";"";"";"2";""
"";"";"101";"";"";"color,radio,color,radio";"frame,Shape,size,Type";"frame,shape,size,Type";"pine-wood:#a3afff,horizontal,15x10,canvas";"";"";"";"";"";"";"0";"0";"0";"0";"5";"1";"";"0";"0";"";"0000-00-00";"";"";"2";""
"";"";"101";"";"";"color,radio,color,radio";"frame,Shape,size,Type";"frame,shape,size,Type";"none:#62ff43,horizontal,18x12,canvas";"";"";"";"";"";"";"0";"0";"0";"0";"5";"1";"";"0";"0";"";"0000-00-00";"";"";"2";""
"";"";"101";"";"";"color,radio,color,radio";"frame,Shape,size,Type";"frame,shape,size,Type";"natural-wood:#ffd083,horizontal,18x12,canvas";"";"";"";"";"";"";"0";"0";"0";"0";"5";"1";"";"0";"0";"";"0000-00-00";"";"";"2";""
"";"";"101";"";"";"color,radio,color,radio";"frame,Shape,size,Type";"frame,shape,size,Type";"dark-wood:#ce6600,horizontal,18x12,canvas";"";"";"";"";"";"";"0";"0";"0";"0";"5";"1";"";"0";"0";"";"0000-00-00";"";"";"2";""
"";"";"101";"";"";"color,radio,color,radio";"frame,Shape,size,Type";"frame,shape,size,Type";"charcol-black:#3b1200,horizontal,18x12,canvas";"";"";"";"";"";"";"0";"0";"0";"0";"5";"1";"";"0";"0";"";"0000-00-00";"";"";"2";""
"";"";"101";"";"";"color,radio,color,radio";"frame,Shape,size,Type";"frame,shape,size,Type";"charcol-white:#e3fffe,horizontal,18x12,canvas";"";"";"";"";"";"";"0";"0";"0";"0";"5";"1";"";"0";"0";"";"0000-00-00";"";"";"2";""
"";"";"101";"";"";"color,radio,color,radio";"frame,Shape,size,Type";"frame,shape,size,Type";"pine-wood:#a3afff,horizontal,18x12,canvas";"";"";"";"";"";"";"0";"0";"0";"0";"5";"1";"";"0";"0";"";"0000-00-00";"";"";"2";""
"";"";"101";"";"";"color,radio,color,radio";"frame,Shape,size,Type";"frame,shape,size,Type";"none:#62ff43,horizontal,24x16,canvas";"";"";"";"";"";"";"0";"0";"0";"0";"5";"1";"";"0";"0";"";"0000-00-00";"";"";"2";""
"";"";"101";"";"";"color,radio,color,radio";"frame,Shape,size,Type";"frame,shape,size,Type";"natural-wood:#ffd083,horizontal,24x16,canvas";"";"";"";"";"";"";"0";"0";"0";"0";"5";"1";"";"0";"0";"";"0000-00-00";"";"";"2";""
"";"";"101";"";"";"color,radio,color,radio";"frame,Shape,size,Type";"frame,shape,size,Type";"dark-wood:#ce6600,horizontal,24x16,canvas";"";"";"";"";"";"";"0";"0";"0";"0";"5";"1";"";"0";"0";"";"0000-00-00";"";"";"2";""
"";"";"101";"";"";"color,radio,color,radio";"frame,Shape,size,Type";"frame,shape,size,Type";"charcol-black:#3b1200,horizontal,24x16,canvas";"";"";"";"";"";"";"0";"0";"0";"0";"5";"1";"";"0";"0";"";"0000-00-00";"";"";"2";""
"";"";"101";"";"";"color,radio,color,radio";"frame,Shape,size,Type";"frame,shape,size,Type";"charcol-white:#e3fffe,horizontal,24x16,canvas";"";"";"";"";"";"";"0";"0";"0";"0";"5";"1";"";"0";"0";"";"0000-00-00";"";"";"2";""
"";"";"101";"";"";"color,radio,color,radio";"frame,Shape,size,Type";"frame,shape,size,Type";"pine-wood:#a3afff,horizontal,24x16,canvas";"";"";"";"";"";"";"0";"0";"0";"0";"5";"1";"";"0";"0";"";"0000-00-00";"";"";"2";""
"";"";"101";"";"";"color,radio,color,radio";"frame,Shape,size,Type";"frame,shape,size,Type";"none:#62ff43,horizontal,30x20,canvas";"";"";"";"";"";"";"0";"0";"0";"0";"5";"1";"";"0";"0";"";"0000-00-00";"";"";"2";""
"";"";"101";"";"";"color,radio,color,radio";"frame,Shape,size,Type";"frame,shape,size,Type";"natural-wood:#ffd083,horizontal,30x20,canvas";"";"";"";"";"";"";"0";"0";"0";"0";"5";"1";"";"0";"0";"";"0000-00-00";"";"";"2";""
"";"";"101";"";"";"color,radio,color,radio";"frame,Shape,size,Type";"frame,shape,size,Type";"dark-wood:#ce6600,horizontal,30x20,canvas";"";"";"";"";"";"";"0";"0";"0";"0";"5";"1";"";"0";"0";"";"0000-00-00";"";"";"2";""
"";"";"101";"";"";"color,radio,color,radio";"frame,Shape,size,Type";"frame,shape,size,Type";"charcol-black:#3b1200,horizontal,30x20,canvas";"";"";"";"";"";"";"0";"0";"0";"0";"5";"1";"";"0";"0";"";"0000-00-00";"";"";"2";""
"";"";"101";"";"";"color,radio,color,radio";"frame,Shape,size,Type";"frame,shape,size,Type";"charcol-white:#e3fffe,horizontal,30x20,canvas";"";"";"";"";"";"";"0";"0";"0";"0";"5";"1";"";"0";"0";"";"0000-00-00";"";"";"2";""
"";"";"101";"";"";"color,radio,color,radio";"frame,Shape,size,Type";"frame,shape,size,Type";"pine-wood:#a3afff,horizontal,30x20,canvas";"";"";"";"";"";"";"0";"0";"0";"0";"5";"1";"";"0";"0";"";"0000-00-00";"";"";"2";""
"";"";"101";"";"";"color,radio,color,radio";"frame,Shape,size,Type";"frame,shape,size,Type";"none:#62ff43,horizontal,36x24,canvas";"";"";"";"";"";"";"0";"0";"0";"0";"5";"1";"";"0";"0";"";"0000-00-00";"";"";"2";""
"";"";"101";"";"";"color,radio,color,radio";"frame,Shape,size,Type";"frame,shape,size,Type";"natural-wood:#ffd083,horizontal,36x24,canvas";"";"";"";"";"";"";"0";"0";"0";"0";"5";"1";"";"0";"0";"";"0000-00-00";"";"";"2";""
"";"";"101";"";"";"color,radio,color,radio";"frame,Shape,size,Type";"frame,shape,size,Type";"dark-wood:#ce6600,horizontal,36x24,canvas";"";"";"";"";"";"";"0";"0";"0";"0";"5";"1";"";"0";"0";"";"0000-00-00";"";"";"2";""
"";"";"101";"";"";"color,radio,color,radio";"frame,Shape,size,Type";"frame,shape,size,Type";"charcol-black:#3b1200,horizontal,36x24,canvas";"";"";"";"";"";"";"0";"0";"0";"0";"5";"1";"";"0";"0";"";"0000-00-00";"";"";"2";""
"";"";"101";"";"";"color,radio,color,radio";"frame,Shape,size,Type";"frame,shape,size,Type";"charcol-white:#e3fffe,horizontal,36x24,canvas";"";"";"";"";"";"";"0";"0";"0";"0";"5";"1";"";"0";"0";"";"0000-00-00";"";"";"2";""
"";"";"101";"";"";"color,radio,color,radio";"frame,Shape,size,Type";"frame,shape,size,Type";"pine-wood:#a3afff,horizontal,36x24,canvas";"";"";"";"";"";"";"0";"0";"0";"0";"5";"1";"";"0";"0";"";"0000-00-00";"";"";"2";""
"";"";"101";"";"";"color,radio,color,radio";"frame,Shape,size,Type";"frame,shape,size,Type";"none:#62ff43,horizontal,30x45,canvas";"";"";"";"";"";"";"0";"0";"0";"0";"5";"1";"";"0";"0";"";"0000-00-00";"";"";"2";""
"";"";"101";"";"";"color,radio,color,radio";"frame,Shape,size,Type";"frame,shape,size,Type";"natural-wood:#ffd083,horizontal,30x45,canvas";"";"";"";"";"";"";"0";"0";"0";"0";"5";"1";"";"0";"0";"";"0000-00-00";"";"";"2";""
"";"";"101";"";"";"color,radio,color,radio";"frame,Shape,size,Type";"frame,shape,size,Type";"dark-wood:#ce6600,horizontal,30x45,canvas";"";"";"";"";"";"";"0";"0";"0";"0";"5";"1";"";"0";"0";"";"0000-00-00";"";"";"2";""
"";"";"101";"";"";"color,radio,color,radio";"frame,Shape,size,Type";"frame,shape,size,Type";"charcol-black:#3b1200,horizontal,30x45,canvas";"";"";"";"";"";"";"0";"0";"0";"0";"5";"1";"";"0";"0";"";"0000-00-00";"";"";"2";""
"";"";"101";"";"";"color,radio,color,radio";"frame,Shape,size,Type";"frame,shape,size,Type";"charcol-white:#e3fffe,horizontal,30x45,canvas";"";"";"";"";"";"";"0";"0";"0";"0";"5";"1";"";"0";"0";"";"0000-00-00";"";"";"2";""
"";"";"101";"";"";"color,radio,color,radio";"frame,Shape,size,Type";"frame,shape,size,Type";"pine-wood:#a3afff,horizontal,30x45,canvas";"";"";"";"";"";"";"0";"0";"0";"0";"5";"1";"";"0";"0";"";"0000-00-00";"";"";"2";""
"";"";"101";"";"";"color,radio,color,radio";"frame,Shape,size,Type";"frame,shape,size,Type";"none:#62ff43,horizontal,15x10,fine-art-paper";"";"";"";"";"";"";"0";"0";"0";"0";"5";"1";"";"0";"0";"";"0000-00-00";"";"";"2";""
"";"";"101";"";"";"color,radio,color,radio";"frame,Shape,size,Type";"frame,shape,size,Type";"natural-wood:#ffd083,horizontal,15x10,fine-art-paper";"";"";"";"";"";"";"0";"0";"0";"0";"5";"1";"";"0";"0";"";"0000-00-00";"";"";"2";""
"";"";"101";"";"";"color,radio,color,radio";"frame,Shape,size,Type";"frame,shape,size,Type";"dark-wood:#ce6600,horizontal,15x10,fine-art-paper";"";"";"";"";"";"";"0";"0";"0";"0";"5";"1";"";"0";"0";"";"0000-00-00";"";"";"2";""
"";"";"101";"";"";"color,radio,color,radio";"frame,Shape,size,Type";"frame,shape,size,Type";"charcol-black:#3b1200,horizontal,15x10,fine-art-paper";"";"";"";"";"";"";"0";"0";"0";"0";"5";"1";"";"0";"0";"";"0000-00-00";"";"";"2";""
"";"";"101";"";"";"color,radio,color,radio";"frame,Shape,size,Type";"frame,shape,size,Type";"charcol-white:#e3fffe,horizontal,15x10,fine-art-paper";"";"";"";"";"";"";"0";"0";"0";"0";"5";"1";"";"0";"0";"";"0000-00-00";"";"";"2";""
"";"";"101";"";"";"color,radio,color,radio";"frame,Shape,size,Type";"frame,shape,size,Type";"pine-wood:#a3afff,horizontal,15x10,fine-art-paper";"";"";"";"";"";"";"0";"0";"0";"0";"5";"1";"";"0";"0";"";"0000-00-00";"";"";"2";""
"";"";"101";"";"";"color,radio,color,radio";"frame,Shape,size,Type";"frame,shape,size,Type";"none:#62ff43,horizontal,18x12,fine-art-paper";"";"";"";"";"";"";"0";"0";"0";"0";"5";"1";"";"0";"0";"";"0000-00-00";"";"";"2";""
"";"";"101";"";"";"color,radio,color,radio";"frame,Shape,size,Type";"frame,shape,size,Type";"natural-wood:#ffd083,horizontal,18x12,fine-art-paper";"";"";"";"";"";"";"0";"0";"0";"0";"5";"1";"";"0";"0";"";"0000-00-00";"";"";"2";""
"";"";"101";"";"";"color,radio,color,radio";"frame,Shape,size,Type";"frame,shape,size,Type";"dark-wood:#ce6600,horizontal,18x12,fine-art-paper";"";"";"";"";"";"";"0";"0";"0";"0";"5";"1";"";"0";"0";"";"0000-00-00";"";"";"2";""
"";"";"101";"";"";"color,radio,color,radio";"frame,Shape,size,Type";"frame,shape,size,Type";"charcol-black:#3b1200,horizontal,18x12,fine-art-paper";"";"";"";"";"";"";"0";"0";"0";"0";"5";"1";"";"0";"0";"";"0000-00-00";"";"";"2";""
"";"";"101";"";"";"color,radio,color,radio";"frame,Shape,size,Type";"frame,shape,size,Type";"charcol-white:#e3fffe,horizontal,18x12,fine-art-paper";"";"";"";"";"";"";"0";"0";"0";"0";"5";"1";"";"0";"0";"";"0000-00-00";"";"";"2";""
"";"";"101";"";"";"color,radio,color,radio";"frame,Shape,size,Type";"frame,shape,size,Type";"pine-wood:#a3afff,horizontal,18x12,fine-art-paper";"";"";"";"";"";"";"0";"0";"0";"0";"5";"1";"";"0";"0";"";"0000-00-00";"";"";"2";""
"";"";"101";"";"";"color,radio,color,radio";"frame,Shape,size,Type";"frame,shape,size,Type";"none:#62ff43,horizontal,24x16,fine-art-paper";"";"";"";"";"";"";"0";"0";"0";"0";"5";"1";"";"0";"0";"";"0000-00-00";"";"";"2";""
"";"";"101";"";"";"color,radio,color,radio";"frame,Shape,size,Type";"frame,shape,size,Type";"natural-wood:#ffd083,horizontal,24x16,fine-art-paper";"";"";"";"";"";"";"0";"0";"0";"0";"5";"1";"";"0";"0";"";"0000-00-00";"";"";"2";""
"";"";"101";"";"";"color,radio,color,radio";"frame,Shape,size,Type";"frame,shape,size,Type";"dark-wood:#ce6600,horizontal,24x16,fine-art-paper";"";"";"";"";"";"";"0";"0";"0";"0";"5";"1";"";"0";"0";"";"0000-00-00";"";"";"2";""
"";"";"101";"";"";"color,radio,color,radio";"frame,Shape,size,Type";"frame,shape,size,Type";"charcol-black:#3b1200,horizontal,24x16,fine-art-paper";"";"";"";"";"";"";"0";"0";"0";"0";"5";"1";"";"0";"0";"";"0000-00-00";"";"";"2";""
"";"";"101";"";"";"color,radio,color,radio";"frame,Shape,size,Type";"frame,shape,size,Type";"charcol-white:#e3fffe,horizontal,24x16,fine-art-paper";"";"";"";"";"";"";"0";"0";"0";"0";"5";"1";"";"0";"0";"";"0000-00-00";"";"";"2";""
"";"";"101";"";"";"color,radio,color,radio";"frame,Shape,size,Type";"frame,shape,size,Type";"pine-wood:#a3afff,horizontal,24x16,fine-art-paper";"";"";"";"";"";"";"0";"0";"0";"0";"5";"1";"";"0";"0";"";"0000-00-00";"";"";"2";""
"";"";"101";"";"";"color,radio,color,radio";"frame,Shape,size,Type";"frame,shape,size,Type";"none:#62ff43,horizontal,30x20,fine-art-paper";"";"";"";"";"";"";"0";"0";"0";"0";"5";"1";"";"0";"0";"";"0000-00-00";"";"";"2";""
"";"";"101";"";"";"color,radio,color,radio";"frame,Shape,size,Type";"frame,shape,size,Type";"natural-wood:#ffd083,horizontal,30x20,fine-art-paper";"";"";"";"";"";"";"0";"0";"0";"0";"5";"1";"";"0";"0";"";"0000-00-00";"";"";"2";""
"";"";"101";"";"";"color,radio,color,radio";"frame,Shape,size,Type";"frame,shape,size,Type";"dark-wood:#ce6600,horizontal,30x20,fine-art-paper";"";"";"";"";"";"";"0";"0";"0";"0";"5";"1";"";"0";"0";"";"0000-00-00";"";"";"2";""
"";"";"101";"";"";"color,radio,color,radio";"frame,Shape,size,Type";"frame,shape,size,Type";"charcol-black:#3b1200,horizontal,30x20,fine-art-paper";"";"";"";"";"";"";"0";"0";"0";"0";"5";"1";"";"0";"0";"";"0000-00-00";"";"";"2";""
"";"";"101";"";"";"color,radio,color,radio";"frame,Shape,size,Type";"frame,shape,size,Type";"charcol-white:#e3fffe,horizontal,30x20,fine-art-paper";"";"";"";"";"";"";"0";"0";"0";"0";"5";"1";"";"0";"0";"";"0000-00-00";"";"";"2";""
"";"";"101";"";"";"color,radio,color,radio";"frame,Shape,size,Type";"frame,shape,size,Type";"pine-wood:#a3afff,horizontal,30x20,fine-art-paper";"";"";"";"";"";"";"0";"0";"0";"0";"5";"1";"";"0";"0";"";"0000-00-00";"";"";"2";""
"";"";"101";"";"";"color,radio,color,radio";"frame,Shape,size,Type";"frame,shape,size,Type";"none:#62ff43,horizontal,36x24,fine-art-paper";"";"";"";"";"";"";"0";"0";"0";"0";"5";"1";"";"0";"0";"";"0000-00-00";"";"";"2";""
"";"";"101";"";"";"color,radio,color,radio";"frame,Shape,size,Type";"frame,shape,size,Type";"natural-wood:#ffd083,horizontal,36x24,fine-art-paper";"";"";"";"";"";"";"0";"0";"0";"0";"5";"1";"";"0";"0";"";"0000-00-00";"";"";"2";""
"";"";"101";"";"";"color,radio,color,radio";"frame,Shape,size,Type";"frame,shape,size,Type";"dark-wood:#ce6600,horizontal,36x24,fine-art-paper";"";"";"";"";"";"";"0";"0";"0";"0";"5";"1";"";"0";"0";"";"0000-00-00";"";"";"2";""
"";"";"101";"";"";"color,radio,color,radio";"frame,Shape,size,Type";"frame,shape,size,Type";"charcol-black:#3b1200,horizontal,36x24,fine-art-paper";"";"";"";"";"";"";"0";"0";"0";"0";"5";"1";"";"0";"0";"";"0000-00-00";"";"";"2";""
"";"";"101";"";"";"color,radio,color,radio";"frame,Shape,size,Type";"frame,shape,size,Type";"charcol-white:#e3fffe,horizontal,36x24,fine-art-paper";"";"";"";"";"";"";"0";"0";"0";"0";"5";"1";"";"0";"0";"";"0000-00-00";"";"";"2";""
"";"";"101";"";"";"color,radio,color,radio";"frame,Shape,size,Type";"frame,shape,size,Type";"pine-wood:#a3afff,horizontal,36x24,fine-art-paper";"";"";"";"";"";"";"0";"0";"0";"0";"5";"1";"";"0";"0";"";"0000-00-00";"";"";"2";""
"";"";"101";"";"";"color,radio,color,radio";"frame,Shape,size,Type";"frame,shape,size,Type";"none:#62ff43,horizontal,30x45,fine-art-paper";"";"";"";"";"";"";"0";"0";"0";"0";"5";"1";"";"0";"0";"";"0000-00-00";"";"";"2";""
"";"";"101";"";"";"color,radio,color,radio";"frame,Shape,size,Type";"frame,shape,size,Type";"natural-wood:#ffd083,horizontal,30x45,fine-art-paper";"";"";"";"";"";"";"0";"0";"0";"0";"5";"1";"";"0";"0";"";"0000-00-00";"";"";"2";""
"";"";"101";"";"";"color,radio,color,radio";"frame,Shape,size,Type";"frame,shape,size,Type";"dark-wood:#ce6600,horizontal,30x45,fine-art-paper";"";"";"";"";"";"";"0";"0";"0";"0";"5";"1";"";"0";"0";"";"0000-00-00";"";"";"2";""
"";"";"101";"";"";"color,radio,color,radio";"frame,Shape,size,Type";"frame,shape,size,Type";"charcol-black:#3b1200,horizontal,30x45,fine-art-paper";"";"";"";"";"";"";"0";"0";"0";"0";"5";"1";"";"0";"0";"";"0000-00-00";"";"";"2";""
"";"";"101";"";"";"color,radio,color,radio";"frame,Shape,size,Type";"frame,shape,size,Type";"charcol-white:#e3fffe,horizontal,30x45,fine-art-paper";"";"";"";"";"";"";"0";"0";"0";"0";"5";"1";"";"0";"0";"";"0000-00-00";"";"";"2";""
"";"";"101";"";"";"color,radio,color,radio";"frame,Shape,size,Type";"frame,shape,size,Type";"pine-wood:#a3afff,horizontal,30x45,fine-art-paper";"";"";"";"";"";"";"0";"0";"0";"0";"5";"1";"";"0";"0";"";"0000-00-00";"";"";"2";""
"";"";"104";"";"";"color,radio,color,radio";"frame,Shape,size,Type";"frame,shape,size,Type";"none:#62ff43,horizontal,15x10,canvas";"";"";"";"";"";"";"0";"0";"0";"0";"5";"1";"";"0";"0";"1";"0000-00-00";"";"";"2";""
"";"";"104";"";"";"color,radio,color,radio";"frame,Shape,size,Type";"frame,shape,size,Type";"natural-wood:#ffd083,horizontal,15x10,canvas";"";"";"";"";"";"";"0";"0";"0";"0";"5";"1";"";"0";"0";"";"0000-00-00";"";"";"2";""
"";"";"104";"";"";"color,radio,color,radio";"frame,Shape,size,Type";"frame,shape,size,Type";"dark-wood:#ce6600,horizontal,15x10,canvas";"";"";"";"";"";"";"0";"0";"0";"0";"5";"1";"";"0";"0";"";"0000-00-00";"";"";"2";""
"";"";"104";"";"";"color,radio,color,radio";"frame,Shape,size,Type";"frame,shape,size,Type";"charcol-black:#3b1200,horizontal,15x10,canvas";"";"";"";"";"";"";"0";"0";"0";"0";"5";"1";"";"0";"0";"";"0000-00-00";"";"";"2";""
"";"";"104";"";"";"color,radio,color,radio";"frame,Shape,size,Type";"frame,shape,size,Type";"charcol-white:#e3fffe,horizontal,15x10,canvas";"";"";"";"";"";"";"0";"0";"0";"0";"5";"1";"";"0";"0";"";"0000-00-00";"";"";"2";""
"";"";"104";"";"";"color,radio,color,radio";"frame,Shape,size,Type";"frame,shape,size,Type";"pine-wood:#a3afff,horizontal,15x10,canvas";"";"";"";"";"";"";"0";"0";"0";"0";"5";"1";"";"0";"0";"";"0000-00-00";"";"";"2";""
"";"";"104";"";"";"color,radio,color,radio";"frame,Shape,size,Type";"frame,shape,size,Type";"none:#62ff43,horizontal,18x12,canvas";"";"";"";"";"";"";"0";"0";"0";"0";"5";"1";"";"0";"0";"";"0000-00-00";"";"";"2";""
"";"";"104";"";"";"color,radio,color,radio";"frame,Shape,size,Type";"frame,shape,size,Type";"natural-wood:#ffd083,horizontal,18x12,canvas";"";"";"";"";"";"";"0";"0";"0";"0";"5";"1";"";"0";"0";"";"0000-00-00";"";"";"2";""
"";"";"104";"";"";"color,radio,color,radio";"frame,Shape,size,Type";"frame,shape,size,Type";"dark-wood:#ce6600,horizontal,18x12,canvas";"";"";"";"";"";"";"0";"0";"0";"0";"5";"1";"";"0";"0";"";"0000-00-00";"";"";"2";""
"";"";"104";"";"";"color,radio,color,radio";"frame,Shape,size,Type";"frame,shape,size,Type";"charcol-black:#3b1200,horizontal,18x12,canvas";"";"";"";"";"";"";"0";"0";"0";"0";"5";"1";"";"0";"0";"";"0000-00-00";"";"";"2";""
"";"";"104";"";"";"color,radio,color,radio";"frame,Shape,size,Type";"frame,shape,size,Type";"charcol-white:#e3fffe,horizontal,18x12,canvas";"";"";"";"";"";"";"0";"0";"0";"0";"5";"1";"";"0";"0";"";"0000-00-00";"";"";"2";""
"";"";"104";"";"";"color,radio,color,radio";"frame,Shape,size,Type";"frame,shape,size,Type";"pine-wood:#a3afff,horizontal,18x12,canvas";"";"";"";"";"";"";"0";"0";"0";"0";"5";"1";"";"0";"0";"";"0000-00-00";"";"";"2";""
"";"";"104";"";"";"color,radio,color,radio";"frame,Shape,size,Type";"frame,shape,size,Type";"none:#62ff43,horizontal,24x16,canvas";"";"";"";"";"";"";"0";"0";"0";"0";"5";"1";"";"0";"0";"";"0000-00-00";"";"";"2";""
"";"";"104";"";"";"color,radio,color,radio";"frame,Shape,size,Type";"frame,shape,size,Type";"natural-wood:#ffd083,horizontal,24x16,canvas";"";"";"";"";"";"";"0";"0";"0";"0";"5";"1";"";"0";"0";"";"0000-00-00";"";"";"2";""
"";"";"104";"";"";"color,radio,color,radio";"frame,Shape,size,Type";"frame,shape,size,Type";"dark-wood:#ce6600,horizontal,24x16,canvas";"";"";"";"";"";"";"0";"0";"0";"0";"5";"1";"";"0";"0";"";"0000-00-00";"";"";"2";""
"";"";"104";"";"";"color,radio,color,radio";"frame,Shape,size,Type";"frame,shape,size,Type";"charcol-black:#3b1200,horizontal,24x16,canvas";"";"";"";"";"";"";"0";"0";"0";"0";"5";"1";"";"0";"0";"";"0000-00-00";"";"";"2";""
"";"";"104";"";"";"color,radio,color,radio";"frame,Shape,size,Type";"frame,shape,size,Type";"charcol-white:#e3fffe,horizontal,24x16,canvas";"";"";"";"";"";"";"0";"0";"0";"0";"5";"1";"";"0";"0";"";"0000-00-00";"";"";"2";""
"";"";"104";"";"";"color,radio,color,radio";"frame,Shape,size,Type";"frame,shape,size,Type";"pine-wood:#a3afff,horizontal,24x16,canvas";"";"";"";"";"";"";"0";"0";"0";"0";"5";"1";"";"0";"0";"";"0000-00-00";"";"";"2";""
"";"";"104";"";"";"color,radio,color,radio";"frame,Shape,size,Type";"frame,shape,size,Type";"none:#62ff43,horizontal,30x20,canvas";"";"";"";"";"";"";"0";"0";"0";"0";"5";"1";"";"0";"0";"";"0000-00-00";"";"";"2";""
"";"";"104";"";"";"color,radio,color,radio";"frame,Shape,size,Type";"frame,shape,size,Type";"natural-wood:#ffd083,horizontal,30x20,canvas";"";"";"";"";"";"";"0";"0";"0";"0";"5";"1";"";"0";"0";"";"0000-00-00";"";"";"2";""
"";"";"104";"";"";"color,radio,color,radio";"frame,Shape,size,Type";"frame,shape,size,Type";"dark-wood:#ce6600,horizontal,30x20,canvas";"";"";"";"";"";"";"0";"0";"0";"0";"5";"1";"";"0";"0";"";"0000-00-00";"";"";"2";""
"";"";"104";"";"";"color,radio,color,radio";"frame,Shape,size,Type";"frame,shape,size,Type";"charcol-black:#3b1200,horizontal,30x20,canvas";"";"";"";"";"";"";"0";"0";"0";"0";"5";"1";"";"0";"0";"";"0000-00-00";"";"";"2";""
"";"";"104";"";"";"color,radio,color,radio";"frame,Shape,size,Type";"frame,shape,size,Type";"charcol-white:#e3fffe,horizontal,30x20,canvas";"";"";"";"";"";"";"0";"0";"0";"0";"5";"1";"";"0";"0";"";"0000-00-00";"";"";"2";""
"";"";"104";"";"";"color,radio,color,radio";"frame,Shape,size,Type";"frame,shape,size,Type";"pine-wood:#a3afff,horizontal,30x20,canvas";"";"";"";"";"";"";"0";"0";"0";"0";"5";"1";"";"0";"0";"";"0000-00-00";"";"";"2";""
"";"";"104";"";"";"color,radio,color,radio";"frame,Shape,size,Type";"frame,shape,size,Type";"none:#62ff43,horizontal,36x24,canvas";"";"";"";"";"";"";"0";"0";"0";"0";"5";"1";"";"0";"0";"";"0000-00-00";"";"";"2";""
"";"";"104";"";"";"color,radio,color,radio";"frame,Shape,size,Type";"frame,shape,size,Type";"natural-wood:#ffd083,horizontal,36x24,canvas";"";"";"";"";"";"";"0";"0";"0";"0";"5";"1";"";"0";"0";"";"0000-00-00";"";"";"2";""
"";"";"104";"";"";"color,radio,color,radio";"frame,Shape,size,Type";"frame,shape,size,Type";"dark-wood:#ce6600,horizontal,36x24,canvas";"";"";"";"";"";"";"0";"0";"0";"0";"5";"1";"";"0";"0";"";"0000-00-00";"";"";"2";""
"";"";"104";"";"";"color,radio,color,radio";"frame,Shape,size,Type";"frame,shape,size,Type";"charcol-black:#3b1200,horizontal,36x24,canvas";"";"";"";"";"";"";"0";"0";"0";"0";"5";"1";"";"0";"0";"";"0000-00-00";"";"";"2";""
"";"";"104";"";"";"color,radio,color,radio";"frame,Shape,size,Type";"frame,shape,size,Type";"charcol-white:#e3fffe,horizontal,36x24,canvas";"";"";"";"";"";"";"0";"0";"0";"0";"5";"1";"";"0";"0";"";"0000-00-00";"";"";"2";""
"";"";"104";"";"";"color,radio,color,radio";"frame,Shape,size,Type";"frame,shape,size,Type";"pine-wood:#a3afff,horizontal,36x24,canvas";"";"";"";"";"";"";"0";"0";"0";"0";"5";"1";"";"0";"0";"";"0000-00-00";"";"";"2";""
"";"";"104";"";"";"color,radio,color,radio";"frame,Shape,size,Type";"frame,shape,size,Type";"none:#62ff43,horizontal,30x45,canvas";"";"";"";"";"";"";"0";"0";"0";"0";"5";"1";"";"0";"0";"";"0000-00-00";"";"";"2";""
"";"";"104";"";"";"color,radio,color,radio";"frame,Shape,size,Type";"frame,shape,size,Type";"natural-wood:#ffd083,horizontal,30x45,canvas";"";"";"";"";"";"";"0";"0";"0";"0";"5";"1";"";"0";"0";"";"0000-00-00";"";"";"2";""
"";"";"104";"";"";"color,radio,color,radio";"frame,Shape,size,Type";"frame,shape,size,Type";"dark-wood:#ce6600,horizontal,30x45,canvas";"";"";"";"";"";"";"0";"0";"0";"0";"5";"1";"";"0";"0";"";"0000-00-00";"";"";"2";""
"";"";"104";"";"";"color,radio,color,radio";"frame,Shape,size,Type";"frame,shape,size,Type";"charcol-black:#3b1200,horizontal,30x45,canvas";"";"";"";"";"";"";"0";"0";"0";"0";"5";"1";"";"0";"0";"";"0000-00-00";"";"";"2";""
"";"";"104";"";"";"color,radio,color,radio";"frame,Shape,size,Type";"frame,shape,size,Type";"charcol-white:#e3fffe,horizontal,30x45,canvas";"";"";"";"";"";"";"0";"0";"0";"0";"5";"1";"";"0";"0";"";"0000-00-00";"";"";"2";""
"";"";"104";"";"";"color,radio,color,radio";"frame,Shape,size,Type";"frame,shape,size,Type";"pine-wood:#a3afff,horizontal,30x45,canvas";"";"";"";"";"";"";"0";"0";"0";"0";"5";"1";"";"0";"0";"";"0000-00-00";"";"";"2";""
"";"";"104";"";"";"color,radio,color,radio";"frame,Shape,size,Type";"frame,shape,size,Type";"none:#62ff43,horizontal,15x10,fine-art-paper";"";"";"";"";"";"";"0";"0";"0";"0";"5";"1";"";"0";"0";"";"0000-00-00";"";"";"2";""
"";"";"104";"";"";"color,radio,color,radio";"frame,Shape,size,Type";"frame,shape,size,Type";"natural-wood:#ffd083,horizontal,15x10,fine-art-paper";"";"";"";"";"";"";"0";"0";"0";"0";"5";"1";"";"0";"0";"";"0000-00-00";"";"";"2";""
"";"";"104";"";"";"color,radio,color,radio";"frame,Shape,size,Type";"frame,shape,size,Type";"dark-wood:#ce6600,horizontal,15x10,fine-art-paper";"";"";"";"";"";"";"0";"0";"0";"0";"5";"1";"";"0";"0";"";"0000-00-00";"";"";"2";""
"";"";"104";"";"";"color,radio,color,radio";"frame,Shape,size,Type";"frame,shape,size,Type";"charcol-black:#3b1200,horizontal,15x10,fine-art-paper";"";"";"";"";"";"";"0";"0";"0";"0";"5";"1";"";"0";"0";"";"0000-00-00";"";"";"2";""
"";"";"104";"";"";"color,radio,color,radio";"frame,Shape,size,Type";"frame,shape,size,Type";"charcol-white:#e3fffe,horizontal,15x10,fine-art-paper";"";"";"";"";"";"";"0";"0";"0";"0";"5";"1";"";"0";"0";"";"0000-00-00";"";"";"2";""
"";"";"104";"";"";"color,radio,color,radio";"frame,Shape,size,Type";"frame,shape,size,Type";"pine-wood:#a3afff,horizontal,15x10,fine-art-paper";"";"";"";"";"";"";"0";"0";"0";"0";"5";"1";"";"0";"0";"";"0000-00-00";"";"";"2";""
"";"";"104";"";"";"color,radio,color,radio";"frame,Shape,size,Type";"frame,shape,size,Type";"none:#62ff43,horizontal,18x12,fine-art-paper";"";"";"";"";"";"";"0";"0";"0";"0";"5";"1";"";"0";"0";"";"0000-00-00";"";"";"2";""
"";"";"104";"";"";"color,radio,color,radio";"frame,Shape,size,Type";"frame,shape,size,Type";"natural-wood:#ffd083,horizontal,18x12,fine-art-paper";"";"";"";"";"";"";"0";"0";"0";"0";"5";"1";"";"0";"0";"";"0000-00-00";"";"";"2";""
"";"";"104";"";"";"color,radio,color,radio";"frame,Shape,size,Type";"frame,shape,size,Type";"dark-wood:#ce6600,horizontal,18x12,fine-art-paper";"";"";"";"";"";"";"0";"0";"0";"0";"5";"1";"";"0";"0";"";"0000-00-00";"";"";"2";""
"";"";"104";"";"";"color,radio,color,radio";"frame,Shape,size,Type";"frame,shape,size,Type";"charcol-black:#3b1200,horizontal,18x12,fine-art-paper";"";"";"";"";"";"";"0";"0";"0";"0";"5";"1";"";"0";"0";"";"0000-00-00";"";"";"2";""
"";"";"104";"";"";"color,radio,color,radio";"frame,Shape,size,Type";"frame,shape,size,Type";"charcol-white:#e3fffe,horizontal,18x12,fine-art-paper";"";"";"";"";"";"";"0";"0";"0";"0";"5";"1";"";"0";"0";"";"0000-00-00";"";"";"2";""
"";"";"104";"";"";"color,radio,color,radio";"frame,Shape,size,Type";"frame,shape,size,Type";"pine-wood:#a3afff,horizontal,18x12,fine-art-paper";"";"";"";"";"";"";"0";"0";"0";"0";"5";"1";"";"0";"0";"";"0000-00-00";"";"";"2";""
"";"";"104";"";"";"color,radio,color,radio";"frame,Shape,size,Type";"frame,shape,size,Type";"none:#62ff43,horizontal,24x16,fine-art-paper";"";"";"";"";"";"";"0";"0";"0";"0";"5";"1";"";"0";"0";"";"0000-00-00";"";"";"2";""
"";"";"104";"";"";"color,radio,color,radio";"frame,Shape,size,Type";"frame,shape,size,Type";"natural-wood:#ffd083,horizontal,24x16,fine-art-paper";"";"";"";"";"";"";"0";"0";"0";"0";"5";"1";"";"0";"0";"";"0000-00-00";"";"";"2";""
"";"";"104";"";"";"color,radio,color,radio";"frame,Shape,size,Type";"frame,shape,size,Type";"dark-wood:#ce6600,horizontal,24x16,fine-art-paper";"";"";"";"";"";"";"0";"0";"0";"0";"5";"1";"";"0";"0";"";"0000-00-00";"";"";"2";""
"";"";"104";"";"";"color,radio,color,radio";"frame,Shape,size,Type";"frame,shape,size,Type";"charcol-black:#3b1200,horizontal,24x16,fine-art-paper";"";"";"";"";"";"";"0";"0";"0";"0";"5";"1";"";"0";"0";"";"0000-00-00";"";"";"2";""
"";"";"104";"";"";"color,radio,color,radio";"frame,Shape,size,Type";"frame,shape,size,Type";"charcol-white:#e3fffe,horizontal,24x16,fine-art-paper";"";"";"";"";"";"";"0";"0";"0";"0";"5";"1";"";"0";"0";"";"0000-00-00";"";"";"2";""
"";"";"104";"";"";"color,radio,color,radio";"frame,Shape,size,Type";"frame,shape,size,Type";"pine-wood:#a3afff,horizontal,24x16,fine-art-paper";"";"";"";"";"";"";"0";"0";"0";"0";"5";"1";"";"0";"0";"";"0000-00-00";"";"";"2";""
"";"";"104";"";"";"color,radio,color,radio";"frame,Shape,size,Type";"frame,shape,size,Type";"none:#62ff43,horizontal,30x20,fine-art-paper";"";"";"";"";"";"";"0";"0";"0";"0";"5";"1";"";"0";"0";"";"0000-00-00";"";"";"2";""
"";"";"104";"";"";"color,radio,color,radio";"frame,Shape,size,Type";"frame,shape,size,Type";"natural-wood:#ffd083,horizontal,30x20,fine-art-paper";"";"";"";"";"";"";"0";"0";"0";"0";"5";"1";"";"0";"0";"";"0000-00-00";"";"";"2";""
"";"";"104";"";"";"color,radio,color,radio";"frame,Shape,size,Type";"frame,shape,size,Type";"dark-wood:#ce6600,horizontal,30x20,fine-art-paper";"";"";"";"";"";"";"0";"0";"0";"0";"5";"1";"";"0";"0";"";"0000-00-00";"";"";"2";""
"";"";"104";"";"";"color,radio,color,radio";"frame,Shape,size,Type";"frame,shape,size,Type";"charcol-black:#3b1200,horizontal,30x20,fine-art-paper";"";"";"";"";"";"";"0";"0";"0";"0";"5";"1";"";"0";"0";"";"0000-00-00";"";"";"2";""
"";"";"104";"";"";"color,radio,color,radio";"frame,Shape,size,Type";"frame,shape,size,Type";"charcol-white:#e3fffe,horizontal,30x20,fine-art-paper";"";"";"";"";"";"";"0";"0";"0";"0";"5";"1";"";"0";"0";"";"0000-00-00";"";"";"2";""
"";"";"104";"";"";"color,radio,color,radio";"frame,Shape,size,Type";"frame,shape,size,Type";"pine-wood:#a3afff,horizontal,30x20,fine-art-paper";"";"";"";"";"";"";"0";"0";"0";"0";"5";"1";"";"0";"0";"";"0000-00-00";"";"";"2";""
"";"";"104";"";"";"color,radio,color,radio";"frame,Shape,size,Type";"frame,shape,size,Type";"none:#62ff43,horizontal,36x24,fine-art-paper";"";"";"";"";"";"";"0";"0";"0";"0";"5";"1";"";"0";"0";"";"0000-00-00";"";"";"2";""
"";"";"104";"";"";"color,radio,color,radio";"frame,Shape,size,Type";"frame,shape,size,Type";"natural-wood:#ffd083,horizontal,36x24,fine-art-paper";"";"";"";"";"";"";"0";"0";"0";"0";"5";"1";"";"0";"0";"";"0000-00-00";"";"";"2";""
"";"";"104";"";"";"color,radio,color,radio";"frame,Shape,size,Type";"frame,shape,size,Type";"dark-wood:#ce6600,horizontal,36x24,fine-art-paper";"";"";"";"";"";"";"0";"0";"0";"0";"5";"1";"";"0";"0";"";"0000-00-00";"";"";"2";""
"";"";"104";"";"";"color,radio,color,radio";"frame,Shape,size,Type";"frame,shape,size,Type";"charcol-black:#3b1200,horizontal,36x24,fine-art-paper";"";"";"";"";"";"";"0";"0";"0";"0";"5";"1";"";"0";"0";"";"0000-00-00";"";"";"2";""
"";"";"104";"";"";"color,radio,color,radio";"frame,Shape,size,Type";"frame,shape,size,Type";"charcol-white:#e3fffe,horizontal,36x24,fine-art-paper";"";"";"";"";"";"";"0";"0";"0";"0";"5";"1";"";"0";"0";"";"0000-00-00";"";"";"2";""
"";"";"104";"";"";"color,radio,color,radio";"frame,Shape,size,Type";"frame,shape,size,Type";"pine-wood:#a3afff,horizontal,36x24,fine-art-paper";"";"";"";"";"";"";"0";"0";"0";"0";"5";"1";"";"0";"0";"";"0000-00-00";"";"";"2";""
"";"";"104";"";"";"color,radio,color,radio";"frame,Shape,size,Type";"frame,shape,size,Type";"none:#62ff43,horizontal,30x45,fine-art-paper";"";"";"";"";"";"";"0";"0";"0";"0";"5";"1";"";"0";"0";"";"0000-00-00";"";"";"2";""
"";"";"104";"";"";"color,radio,color,radio";"frame,Shape,size,Type";"frame,shape,size,Type";"natural-wood:#ffd083,horizontal,30x45,fine-art-paper";"";"";"";"";"";"";"0";"0";"0";"0";"5";"1";"";"0";"0";"";"0000-00-00";"";"";"2";""
"";"";"104";"";"";"color,radio,color,radio";"frame,Shape,size,Type";"frame,shape,size,Type";"dark-wood:#ce6600,horizontal,30x45,fine-art-paper";"";"";"";"";"";"";"0";"0";"0";"0";"5";"1";"";"0";"0";"";"0000-00-00";"";"";"2";""
"";"";"104";"";"";"color,radio,color,radio";"frame,Shape,size,Type";"frame,shape,size,Type";"charcol-black:#3b1200,horizontal,30x45,fine-art-paper";"";"";"";"";"";"";"0";"0";"0";"0";"5";"1";"";"0";"0";"";"0000-00-00";"";"";"2";""
"";"";"104";"";"";"color,radio,color,radio";"frame,Shape,size,Type";"frame,shape,size,Type";"charcol-white:#e3fffe,horizontal,30x45,fine-art-paper";"";"";"";"";"";"";"0";"0";"0";"0";"5";"1";"";"0";"0";"";"0000-00-00";"";"";"2";""
"";"";"104";"";"";"color,radio,color,radio";"frame,Shape,size,Type";"frame,shape,size,Type";"pine-wood:#a3afff,horizontal,30x45,fine-art-paper";"";"";"";"";"";"";"0";"0";"0";"0";"5";"1";"";"0";"0";"";"0000-00-00";"";"";"2";""
